@relation KDDTrain-20Percent-weka.filters.unsupervised.attribute.Remove-R20-weka.filters.supervised.instance.Resample-B0.0-S1-Z100.0-weka.filters.supervised.instance.Resample-B0.0-S1-Z30.0-no-replacement

@attribute duration numeric
@attribute protocol_type {tcp,udp,icmp}
@attribute service {aol,auth,bgp,courier,csnet_ns,ctf,daytime,discard,domain,domain_u,echo,eco_i,ecr_i,efs,exec,finger,ftp,ftp_data,gopher,harvest,hostnames,http,http_2784,http_443,http_8001,imap4,IRC,iso_tsap,klogin,kshell,ldap,link,login,mtp,name,netbios_dgm,netbios_ns,netbios_ssn,netstat,nnsp,nntp,ntp_u,other,pm_dump,pop_2,pop_3,printer,private,red_i,remote_job,rje,shell,smtp,sql_net,ssh,sunrpc,supdup,systat,telnet,tftp_u,tim_i,time,urh_i,urp_i,uucp,uucp_path,vmnet,whois,X11,Z39_50}
@attribute flag {OTH,REJ,RSTO,RSTOS0,RSTR,S0,S1,S2,S3,SF,SH}
@attribute src_bytes numeric
@attribute dst_bytes numeric
@attribute land {0,1}
@attribute wrong_fragment numeric
@attribute urgent numeric
@attribute hot numeric
@attribute num_failed_logins numeric
@attribute logged_in {0,1}
@attribute num_compromised numeric
@attribute root_shell numeric
@attribute su_attempted numeric
@attribute num_root numeric
@attribute num_file_creations numeric
@attribute num_shells numeric
@attribute num_access_files numeric
@attribute is_host_login {0,1}
@attribute is_guest_login {0,1}
@attribute count numeric
@attribute srv_count numeric
@attribute serror_rate numeric
@attribute srv_serror_rate numeric
@attribute rerror_rate numeric
@attribute srv_rerror_rate numeric
@attribute same_srv_rate numeric
@attribute diff_srv_rate numeric
@attribute srv_diff_host_rate numeric
@attribute dst_host_count numeric
@attribute dst_host_srv_count numeric
@attribute dst_host_same_srv_rate numeric
@attribute dst_host_diff_srv_rate numeric
@attribute dst_host_same_src_port_rate numeric
@attribute dst_host_srv_diff_host_rate numeric
@attribute dst_host_serror_rate numeric
@attribute dst_host_srv_serror_rate numeric
@attribute dst_host_rerror_rate numeric
@attribute dst_host_srv_rerror_rate numeric
@attribute class {normal,anomaly}

@data
0,tcp,http,SF,299,3200,0,0,0,0,0,1,0,0,0,0,0,0,0,0,0,21,21,0,0,0,0,1,0,0,255,255,1,0,0,0,0,0,0,0,normal
27,tcp,ftp,SF,944,2720,0,0,0,19,0,1,0,0,0,0,0,0,0,0,1,1,1,0,0,0,0,1,0,0,58,21,0.36,0.09,0.02,0,0,0,0,0,normal
0,tcp,http,SF,200,402,0,0,0,0,0,1,0,0,0,0,0,0,0,0,0,7,26,0,0,0,0,1,0,0.12,7,255,1,0,0.14,0.03,0,0,0,0,normal
0,udp,domain_u,SF,45,45,0,0,0,0,0,0,0,0,0,0,0,0,0,0,0,114,180,0,0,0,0,1,0,0.01,255,255,1,0,0.01,0,0,0,0,0,normal
0,tcp,http,S1,217,35040,0,0,0,0,0,1,0,0,0,0,0,0,0,0,0,1,2,1,0.5,0,0,1,0,1,3,254,1,0,0.33,0.02,0.33,0,0,0,normal
0,tcp,ftp_data,SF,7196,0,0,0,0,0,0,1,0,0,0,0,0,0,0,0,0,9,9,0,0,0,0,1,0,0,90,28,0.17,0.07,0.17,0.07,0,0,0,0,normal
0,udp,domain_u,SF,44,115,0,0,0,0,0,0,0,0,0,0,0,0,0,0,0,192,194,0,0,0,0,1,0,0.01,255,233,0.91,0.01,0,0,0,0,0,0,normal
0,tcp,http,SF,200,2596,0,0,0,0,0,1,0,0,0,0,0,0,0,0,0,23,23,0,0,0,0,1,0,0,255,255,1,0,0,0,0,0,0,0,normal
0,tcp,http,SF,258,406,0,0,0,0,0,1,0,0,0,0,0,0,0,0,0,11,41,0,0,0,0,1,0,0.05,255,255,1,0,0,0,0,0,0,0,normal
0,tcp,smtp,SF,4018,324,0,0,0,0,0,1,0,0,0,0,0,0,0,0,0,2,1,0,0,0,0,0.5,1,0,255,96,0.38,0.24,0,0,0,0,0,0,normal
0,udp,domain_u,SF,44,128,0,0,0,0,0,0,0,0,0,0,0,0,0,0,0,62,277,0,0,0,0,1,0,0.01,120,200,0.88,0.02,0.88,0.01,0,0,0.09,0,normal
0,tcp,smtp,SF,976,339,0,0,0,0,0,1,0,0,0,0,2,0,0,0,0,1,2,0,0,0,0,1,0,1,212,177,0.71,0.02,0,0.01,0,0,0,0,normal
0,tcp,http,SF,283,18037,0,0,0,0,0,1,0,0,0,0,0,0,0,0,0,1,1,0,0,0,0,1,0,0,255,255,1,0,0,0,0,0,0,0,normal
0,tcp,http,SF,241,1429,0,0,0,0,0,1,0,0,0,0,0,0,0,0,0,6,6,0,0,0,0,1,0,0,255,255,1,0,0,0,0,0,0,0,normal
0,icmp,ecr_i,SF,64,0,0,0,0,0,0,0,0,0,0,0,0,0,0,0,0,1,1,0,0,0,0,1,0,0,43,1,0.02,0.09,0.02,0,0,0,0,0,normal
0,tcp,http,SF,267,666,0,0,0,0,0,1,0,0,0,0,0,0,0,0,0,4,27,0,0,0,0,1,0,0.07,137,255,1,0,0.01,0.01,0,0,0,0,normal
0,tcp,http,SF,189,18004,0,0,0,0,0,1,0,0,0,0,0,0,0,0,0,9,9,0,0,0,0,1,0,0,70,255,1,0,0.01,0.04,0,0,0,0,normal
0,icmp,urp_i,SF,183,0,0,0,0,0,0,0,0,0,0,0,0,0,0,0,0,2,1,0,0,0,0,0.5,1,0,255,16,0.06,0.01,0.08,0,0,0,0,0,normal
0,tcp,IRC,S1,197,2276,0,0,0,0,0,1,0,0,0,0,0,0,0,0,0,2,1,0.5,1,0,0,0.5,1,0,24,9,0.38,0.08,0.04,0,0.12,0.33,0.17,0.44,normal
0,tcp,http,SF,204,952,0,0,0,0,0,1,0,0,0,0,0,0,0,0,0,19,19,0,0,0,0,1,0,0,179,255,1,0,0.01,0.04,0,0,0,0,normal
0,tcp,http,SF,234,710,0,0,0,0,0,1,0,0,0,0,0,0,0,0,0,6,6,0,0,0,0,1,0,0,255,255,1,0,0,0,0,0,0,0,normal
1,udp,private,SF,105,146,0,0,0,0,0,0,0,0,0,0,0,0,0,0,0,2,2,0,0,0,0,1,0,0,255,226,0.89,0.01,0.01,0,0,0,0,0,normal
0,tcp,http,SF,217,6763,0,0,0,0,0,1,0,0,0,0,0,0,0,0,0,3,3,0,0,0,0,1,0,0,255,255,1,0,0,0,0,0,0.01,0.01,normal
0,tcp,http,SF,204,254,0,0,0,0,0,1,0,0,0,0,0,0,0,0,0,14,15,0,0,0,0,1,0,0.13,14,255,1,0,0.07,0.06,0,0,0,0,normal
0,tcp,http,SF,320,520,0,0,0,0,0,1,0,0,0,0,0,0,0,0,0,23,43,0,0,0,0,1,0,0.12,255,255,1,0,0,0,0,0,0,0,normal
0,udp,domain_u,SF,44,44,0,0,0,0,0,0,0,0,0,0,0,0,0,0,0,229,229,0,0,0,0,1,0,0,255,255,1,0,0,0,0,0,0,0,normal
0,udp,domain_u,SF,40,40,0,0,0,0,0,0,0,0,0,0,0,0,0,0,0,3,6,0,0,0,0,1,0,0.33,255,255,1,0,0,0,0,0,0,0,normal
0,tcp,ftp_data,S1,456980,0,0,0,0,0,0,1,0,0,0,0,0,0,0,0,0,2,2,0.5,0.5,0,0,1,0,0,62,50,0.1,0.05,0.1,0.04,0.02,0.06,0,0,normal
0,tcp,http,SF,250,1800,0,0,0,0,0,1,0,0,0,0,0,0,0,0,0,7,7,0,0,0,0,1,0,0,255,244,0.96,0.02,0,0,0,0,0,0,normal
0,udp,domain_u,SF,45,111,0,0,0,0,0,0,0,0,0,0,0,0,0,0,0,189,188,0,0,0,0,0.99,0.01,0,78,45,0.58,0.03,0.01,0,0,0,0,0,normal
0,udp,private,SF,105,146,0,0,0,0,0,0,0,0,0,0,0,0,0,0,0,7,1,0,0,0,0,0.14,0.29,0,255,229,0.9,0.01,0,0,0,0,0,0,normal
0,udp,ntp_u,SF,48,48,0,0,0,0,0,0,0,0,0,0,0,0,0,0,0,4,1,0,0,0,0,0.25,0.5,0,255,201,0.79,0.01,0.79,0,0,0,0,0,normal
0,tcp,http,REJ,0,0,0,0,0,0,0,0,0,0,0,0,0,0,0,0,0,1,1,0,0,1,1,1,0,0,5,253,1,0,0.2,0.09,0,0,1,0.42,normal
0,tcp,ftp_data,SF,12,0,0,0,0,0,0,1,0,0,0,0,0,0,0,0,0,2,3,0,0,0,0,1,0,0.67,20,67,0.3,0.15,0.3,0.03,0,0,0,0,normal
0,tcp,http,SF,301,1565,0,0,0,0,0,1,0,0,0,0,0,0,0,0,0,11,12,0,0,0,0,1,0,0.17,11,255,1,0,0.09,0.03,0,0,0,0,normal
0,udp,domain_u,SF,31,0,0,0,0,0,0,0,0,0,0,0,0,0,0,0,0,1,11,0,0,0,0,1,0,0.36,255,37,0.15,0.08,0.15,0,0.01,0,0,0,normal
0,udp,domain_u,SF,44,133,0,0,0,0,0,0,0,0,0,0,0,0,0,0,0,125,205,0,0,0,0,1,0,0.01,255,255,1,0,0,0,0,0,0,0,normal
0,tcp,http,SF,376,642,0,0,0,0,0,1,0,0,0,0,0,0,0,0,0,6,6,0,0,0,0,1,0,0,78,255,1,0,0.01,0.02,0,0,0,0,normal
0,tcp,http,SF,301,960,0,0,0,0,0,1,0,0,0,0,0,0,0,0,0,37,37,0,0,0,0,1,0,0,82,255,1,0,0.01,0.05,0,0,0,0,normal
0,tcp,http,SF,253,269,0,0,0,0,0,1,0,0,0,0,0,0,0,0,0,18,18,0,0,0,0,1,0,0,255,255,1,0,0,0,0,0,0,0,normal
0,tcp,http,SF,211,1209,0,0,0,0,0,1,0,0,0,0,0,0,0,0,0,12,12,0,0,0,0,1,0,0,88,255,1,0,0.01,0.04,0,0,0,0,normal
0,tcp,smtp,SF,1375,332,0,0,0,0,0,1,0,0,0,0,0,0,0,0,0,1,1,0,0,0,0,1,0,0,88,142,0.53,0.06,0.01,0.01,0,0,0,0,normal
0,udp,domain_u,SF,45,82,0,0,0,0,0,0,0,0,0,0,0,0,0,0,0,243,243,0,0,0,0,1,0,0,255,254,1,0.01,0,0,0,0,0,0,normal
3447,udp,other,SF,145,105,0,0,0,0,0,0,0,0,0,0,0,0,0,0,0,2,2,0,0,0,0,1,0,0,255,2,0.01,0.59,0.95,0,0,0,0,0,normal
0,udp,domain_u,SF,43,128,0,0,0,0,0,0,0,0,0,0,0,0,0,0,0,73,153,0,0,0,0,1,0,0.01,255,239,0.94,0.01,0,0,0,0,0,0,normal
0,tcp,http,SF,285,9998,0,0,0,0,0,1,0,0,0,0,0,0,0,0,0,7,7,0,0,0,0,1,0,0,11,255,1,0,0.09,0.01,0,0,0,0,normal
32,tcp,ftp,SF,1460,4152,0,0,0,30,0,1,0,0,0,0,0,0,0,0,1,1,1,0,0,0,0,1,0,0,227,59,0.26,0.02,0,0,0,0,0,0,normal
0,tcp,http,REJ,0,0,0,0,0,0,0,0,0,0,0,0,0,0,0,0,0,1,1,0,0,1,1,1,0,0,66,255,1,0,0.02,0.11,0,0,1,1,normal
0,tcp,http,SF,220,619,0,0,0,0,0,1,0,0,0,0,0,0,0,0,0,6,7,0,0,0,0,1,0,0.29,255,255,1,0,0,0,0,0,0,0,normal
0,tcp,http,SF,200,2596,0,0,0,0,0,1,0,0,0,0,0,0,0,0,0,23,23,0,0,0,0,1,0,0,255,255,1,0,0,0,0,0,0,0,normal
0,tcp,http,SF,218,983,0,0,0,0,0,1,0,0,0,0,0,0,0,0,0,24,24,0,0,0.17,0.17,1,0,0,52,179,1,0,0.02,0.19,0,0,0.62,0.89,normal
0,tcp,http,SF,223,436,0,0,0,0,0,1,0,0,0,0,0,0,0,0,0,1,15,0,0,0,0,1,0,0.2,255,255,1,0,0,0,0,0,0,0,normal
28,udp,domain_u,SF,46,46,0,0,0,0,0,0,0,0,0,0,0,0,0,0,0,7,12,0,0,0,0,0.29,0.29,0.17,75,72,0.96,0.03,0.01,0,0,0,0,0,normal
0,tcp,http,SF,318,1342,0,0,0,0,0,1,0,0,0,0,0,0,0,0,0,23,23,0,0,0,0,1,0,0,255,255,1,0,0,0,0,0,0,0,normal
0,tcp,ftp_data,SF,26,0,0,0,0,0,0,1,0,0,0,0,0,0,0,0,0,1,1,0,0,0,0,1,0,0,195,41,0.21,0.02,0.21,0,0,0,0,0,normal
0,tcp,http,SF,340,283,0,0,0,0,0,1,0,0,0,0,0,0,0,0,0,8,8,0,0,0,0,1,0,0,255,244,0.96,0.01,0,0,0,0,0,0,normal
0,tcp,http,SF,313,297,0,0,0,0,0,1,0,0,0,0,0,0,0,0,0,1,1,0,0,0,0,1,0,0,3,255,1,0,0.33,0.07,0,0,0,0,normal
252,tcp,http,SF,222,238,0,0,0,0,0,1,0,0,0,0,0,0,0,0,0,1,1,0,0,0,0,1,0,0,79,255,1,0,0.01,0.07,0,0,0.03,0.02,normal
0,tcp,ftp_data,SF,12165,0,0,0,0,0,0,1,0,0,0,0,0,0,0,0,0,8,8,0,0,0,0,1,0,0,215,75,0.24,0.03,0.24,0.03,0,0,0,0,normal
0,tcp,http,SF,0,20256,0,0,0,0,0,0,0,0,0,0,0,0,0,0,0,7,7,0.14,0.14,0,0,1,0,0,7,255,1,0,0.14,0.05,0.14,0,0,0,normal
0,tcp,http,SF,345,884,0,0,0,0,0,1,0,0,0,0,0,0,0,0,0,8,17,0,0,0,0,1,0,0.12,255,255,1,0,0,0,0,0,0,0,normal
0,tcp,http,SF,246,692,0,0,0,0,0,1,0,0,0,0,0,0,0,0,0,6,6,0,0,0,0,1,0,0,6,255,1,0,0.17,0.06,0,0,0,0,normal
0,tcp,http,SF,325,403,0,0,0,0,0,1,0,0,0,0,0,0,0,0,0,19,22,0,0,0,0,1,0,0.14,55,255,1,0,0.02,0.03,0,0,0,0,normal
0,tcp,http,SF,288,12040,0,0,0,0,0,1,0,0,0,0,0,0,0,0,0,7,7,0,0,0,0,1,0,0,7,255,1,0,0.14,0.04,0,0,0,0,normal
0,tcp,http,SF,227,654,0,0,0,0,0,1,0,0,0,0,0,0,0,0,0,19,39,0,0,0,0,1,0,0.1,255,255,1,0,0,0,0,0,0,0,normal
0,tcp,http,SF,203,1792,0,0,0,0,0,1,0,0,0,0,0,0,0,0,0,5,6,0,0,0,0,1,0,0.33,255,255,1,0,0,0,0,0,0,0,normal
0,tcp,ftp_data,SF,1010,0,0,0,0,0,0,1,0,0,0,0,0,0,0,0,0,2,2,0,0,0,0,1,0,0,35,43,0.09,0.06,0.09,0.05,0,0,0,0,normal
0,tcp,http,SF,288,293,0,0,0,0,0,1,0,0,0,0,0,0,0,0,0,7,31,0,0,0.14,0.03,1,0,0.16,161,255,1,0,0.01,0.02,0,0,0.01,0,normal
0,udp,domain_u,SF,43,43,0,0,0,0,0,0,0,0,0,0,0,0,0,0,0,130,210,0,0,0,0,1,0,0.01,255,255,1,0,0.01,0,0,0,0,0,normal
0,tcp,http,REJ,0,0,0,0,0,0,0,0,0,0,0,0,0,0,0,0,0,1,1,0,0,1,1,1,0,0,12,255,1,0,0.08,0.04,0,0,0.08,0.02,normal
0,tcp,http,SF,229,1397,0,0,0,0,0,1,0,0,0,0,0,0,0,0,0,1,1,0,0,0,0,1,0,0,85,255,1,0,0.01,0.01,0,0,0,0,normal
0,tcp,http,SF,299,2698,0,0,0,0,0,1,0,0,0,0,0,0,1,0,0,3,3,0,0,0,0,1,0,0,255,254,1,0.01,0,0,0,0,0,0,normal
31,tcp,ftp,SF,1505,4152,0,0,0,30,0,1,0,0,0,0,0,0,0,0,1,1,1,0,0,0,0,1,0,0,255,43,0.17,0.02,0,0,0,0,0,0,normal
0,tcp,http,REJ,0,0,0,0,0,0,0,0,0,0,0,0,0,0,0,0,0,2,2,0,0,1,1,1,0,0,2,255,1,0,0.5,0.11,0,0,1,0.53,normal
0,tcp,http,SF,211,2530,0,0,0,0,0,1,0,0,0,0,0,0,0,0,0,36,36,0,0,0,0,1,0,0,128,255,1,0,0.01,0.03,0,0,0,0,normal
0,tcp,http,S0,0,0,0,0,0,0,0,0,0,0,0,0,0,0,0,0,0,2,3,0.5,0.33,0,0,1,0,0.67,3,12,1,0,0.67,0.33,0.33,0.08,0,0,normal
0,tcp,http,SF,254,1628,0,0,0,0,0,1,0,0,0,0,0,0,0,0,0,7,7,0,0,0,0,1,0,0,255,238,0.93,0.02,0,0,0,0,0,0,normal
0,tcp,http,SF,244,2295,0,0,0,0,0,1,0,0,0,0,0,0,0,0,0,5,8,0,0,0,0,1,0,0.25,148,148,1,0,0.01,0,0,0,0,0,normal
0,tcp,http,SF,464,10134,0,0,0,0,0,1,0,0,0,0,0,0,0,0,0,12,12,0,0,0,0,1,0,0,79,255,1,0,0.01,0.09,0,0,0.16,0.56,normal
0,tcp,http,SF,240,31639,0,0,0,0,0,1,0,0,0,0,0,0,0,0,0,2,6,0,0,0,0,1,0,0.33,52,255,1,0,0.02,0.03,0,0,0.02,0.01,normal
0,udp,private,SF,105,146,0,0,0,0,0,0,0,0,0,0,0,0,0,0,0,1,1,0,0,0,0,1,0,0,24,24,1,0,0.04,0,0,0,0,0,normal
0,tcp,ftp_data,SF,1874,0,0,0,0,0,0,1,0,0,0,0,0,0,0,0,0,8,8,0,0,0,0,1,0,0,255,102,0.4,0.02,0.4,0,0,0,0,0,normal
0,udp,domain_u,SF,42,42,0,0,0,0,0,0,0,0,0,0,0,0,0,0,0,7,13,0,0,0,0,1,0,0.15,95,95,1,0,0.01,0,0,0,0,0,normal
0,tcp,finger,SF,8,147,0,0,0,0,0,0,0,0,0,0,0,0,0,0,0,1,1,0,0,0,0,1,0,0,255,44,0.17,0.02,0,0,0.69,0.91,0,0,normal
0,tcp,http,SF,221,2174,0,0,0,0,0,1,0,0,0,0,0,0,0,0,0,10,10,0,0,0,0,1,0,0,61,255,1,0,0.02,0.03,0,0,0,0,normal
0,tcp,ftp_data,SF,37,0,0,0,0,0,0,0,0,0,0,0,0,0,0,0,0,2,2,0,0,0,0,1,0,0,255,35,0.14,0.56,0.14,0,0.56,0,0,0,normal
0,tcp,ftp_data,SF,567,0,0,0,0,0,0,1,0,0,0,6,0,0,0,0,0,1,1,0,0,0,0,1,0,0,35,93,0.89,0.09,0.89,0.02,0,0,0,0,normal
0,tcp,smtp,SF,1053,329,0,0,0,0,0,1,0,0,0,0,0,0,0,0,0,1,1,0,0,0,0,1,0,0,67,177,0.69,0.06,0.01,0.01,0,0,0,0,normal
0,tcp,smtp,SF,1438,385,0,0,0,0,0,1,0,0,0,0,0,0,0,0,0,1,3,0,0,0,0,1,0,1,255,88,0.35,0.05,0,0,0.29,0,0.02,0,normal
0,tcp,http,SF,176,426,0,0,0,0,0,1,0,0,0,0,0,0,0,0,0,6,6,0,0,0,0,1,0,0,255,255,1,0,0,0,0,0,0,0,normal
0,tcp,http,SF,345,1069,0,0,0,0,0,1,0,0,0,0,0,0,0,0,0,15,15,0,0,0,0,1,0,0,255,255,1,0,0,0,0,0,0,0,normal
1,tcp,smtp,SF,1287,366,0,0,0,0,0,1,0,0,0,0,0,0,0,0,0,1,1,0,0,0,0,1,0,0,8,239,1,0,0.12,0.02,0,0,0,0,normal
0,tcp,http,SF,382,3755,0,0,0,0,0,1,0,0,0,0,0,0,0,0,0,28,28,0,0,0,0,1,0,0,255,255,1,0,0,0,0,0,0,0,normal
0,tcp,http,SF,354,3540,0,0,0,0,0,1,0,0,0,0,0,0,0,0,0,5,6,0,0,0,0,1,0,0.33,29,255,1,0,0.03,0.07,0,0,0,0,normal
0,tcp,smtp,SF,727,327,0,0,0,0,0,1,0,0,0,0,0,0,0,0,0,1,1,0,0,0,0,1,0,0,222,126,0.5,0.03,0,0.02,0,0,0,0,normal
5,tcp,smtp,SF,911,357,0,0,0,0,0,1,0,0,0,0,0,0,0,0,0,2,1,0,0,0,0,0.5,1,0,90,51,0.57,0.06,0.01,0,0,0,0,0,normal
918,tcp,X11,SF,10468,334048,0,0,0,0,0,0,0,0,0,0,0,0,0,0,0,1,1,0,0,0,0,1,0,0,163,3,0.02,0.04,0.01,0,0,0,0,0,normal
0,tcp,http,SF,173,1737,0,0,0,0,0,1,0,0,0,0,0,0,0,0,0,1,1,0,0,0,0,1,0,0,8,255,1,0,0.12,0.02,0,0,0,0,normal
0,tcp,http,SF,360,9768,0,0,0,0,0,1,0,0,0,0,0,0,0,0,0,37,37,0,0,0,0,1,0,0,255,255,1,0,0,0,0,0,0,0,normal
0,tcp,http,SF,202,6527,0,0,0,0,0,1,0,0,0,0,0,0,0,0,0,8,8,0,0,0,0,1,0,0,24,255,1,0,0.04,0.02,0,0,0,0,normal
0,udp,domain_u,SF,31,0,0,0,0,0,0,0,0,0,0,0,0,0,0,0,0,1,11,0,0,0,0,1,0,0.36,255,37,0.15,0.08,0.15,0,0.01,0,0,0,normal
0,tcp,http,SF,336,1454,0,0,0,0,0,1,0,0,0,0,0,0,0,0,0,8,42,0,0,0,0,1,0,0.07,18,255,1,0,0.06,0.07,0,0.01,0,0,normal
11,tcp,smtp,SF,1477,335,0,0,0,0,0,1,0,0,0,0,0,0,0,0,0,1,3,0,0,0,0,1,0,1,126,88,0.7,0.02,0.01,0,0,0,0,0,normal
0,tcp,http,SF,301,291,0,0,0,0,0,1,0,0,0,0,0,0,0,0,0,2,2,0,0,0,0,1,0,0,30,255,1,0,0.03,0.03,0,0.02,0,0,normal
0,tcp,http,SF,238,311,0,0,0,0,0,1,0,0,0,0,0,0,0,0,0,52,52,0,0,0,0,1,0,0,220,255,1,0,0,0.02,0,0,0,0,normal
0,tcp,http,SF,249,285,0,0,0,0,0,1,0,0,0,0,0,0,0,0,0,14,14,0,0,0,0,1,0,0,255,255,1,0,0,0,0,0,0,0,normal
0,udp,domain_u,SF,44,134,0,0,0,0,0,0,0,0,0,0,0,0,0,0,0,117,197,0,0,0,0,1,0,0.01,255,255,1,0,0,0,0,0,0,0,normal
0,tcp,http,SF,160,193,0,0,0,0,0,1,0,0,0,0,0,0,0,0,0,1,11,0,0,0,0,1,0,0.18,12,255,1,0,0.08,0.03,0,0,0,0,normal
0,tcp,http,SF,237,374,0,0,0,0,0,1,0,0,0,0,0,0,0,0,0,29,29,0,0,0,0,1,0,0,113,255,1,0,0.01,0.02,0,0,0,0,normal
0,tcp,http,SF,220,434,0,0,0,0,0,1,0,0,0,0,0,0,0,0,0,10,17,0,0,0,0,1,0,0.24,255,255,1,0,0,0,0,0,0,0,normal
0,tcp,http,SF,281,17449,0,0,0,0,0,1,0,0,0,0,0,0,0,0,0,3,3,0,0,0,0,1,0,0,19,255,1,0,0.05,0.01,0,0,0,0,normal
0,tcp,http,SF,158,10144,0,0,0,0,0,1,0,0,0,0,0,0,0,0,0,3,3,0,0,0,0,1,0,0,75,255,1,0,0.01,0.04,0,0,0,0,normal
7,tcp,telnet,SF,105,2138,0,0,0,0,0,1,0,0,0,0,0,0,0,0,0,1,1,0,0,0,0,1,0,0,44,1,0.02,0.11,0.02,0,0,0,0,0,normal
0,tcp,http,SF,358,2085,0,0,0,0,0,1,0,0,0,0,0,0,0,0,0,10,12,0,0,0,0,1,0,0.17,255,255,1,0,0,0,0.01,0.01,0,0,normal
0,tcp,http,SF,219,1565,0,0,0,0,0,1,0,0,0,0,0,0,0,0,0,6,35,0,0,0,0,1,0,0.09,255,255,1,0,0,0,0,0,0,0,normal
0,tcp,smtp,SF,3248,328,0,0,0,0,0,1,0,0,0,0,0,0,0,0,0,1,1,0,0,0,0,1,0,0,107,137,0.82,0.04,0.01,0.01,0,0,0,0,normal
0,tcp,http,SF,300,1466,0,0,0,0,0,1,0,0,0,0,0,0,0,0,0,44,46,0.02,0.02,0,0,1,0,0.07,255,255,1,0,0,0,0,0,0,0,normal
0,tcp,time,S3,1,4,0,0,0,0,0,0,0,0,0,0,0,0,0,0,0,1,1,1,1,0,0,1,0,0,19,19,1,0,0.05,0,0.05,0.05,0,0,normal
0,tcp,http,SF,217,10384,0,0,0,0,0,1,0,0,0,0,0,0,0,0,0,3,3,0,0,0,0,1,0,0,255,255,1,0,0,0,0,0,0,0,normal
0,tcp,http,SF,325,2125,0,0,0,0,0,1,0,0,0,0,0,0,0,0,0,4,24,0,0,0,0,1,0,0.12,129,255,1,0,0.01,0.04,0.01,0,0,0,normal
0,udp,domain_u,SF,45,45,0,0,0,0,0,0,0,0,0,0,0,0,0,0,0,130,212,0,0,0,0,1,0,0.02,255,254,1,0.01,0.01,0,0,0,0,0,normal
1,tcp,smtp,SF,1574,400,0,0,0,0,0,1,0,0,0,0,0,0,0,0,0,1,1,0,0,0,0,1,0,0,4,4,1,0,0.25,0,0,0,0,0,normal
0,tcp,ftp_data,SF,88382,0,0,0,0,0,0,1,0,0,0,1,0,0,0,0,0,19,19,0,0,0,0,1,0,0,255,25,0.1,0.02,0.1,0,0,0,0.76,0,normal
0,tcp,http,SF,182,886,0,0,0,0,0,1,0,0,0,0,0,0,0,0,0,3,3,0,0,0,0,1,0,0,29,255,1,0,0.03,0.02,0,0,0,0,normal
0,udp,domain_u,SF,46,117,0,0,0,0,0,0,0,0,0,0,0,0,0,0,0,1,2,0,0,0,0,1,0,1,255,235,0.92,0.01,0.01,0,0,0,0.02,0,normal
0,tcp,http,SF,210,303,0,0,0,0,0,1,0,0,0,0,0,0,0,0,0,11,11,0,0,0,0,1,0,0,135,255,1,0,0.01,0.03,0,0,0,0,normal
1,tcp,time,SF,0,4,0,0,0,0,0,0,0,0,0,0,0,0,0,0,0,1,1,0,0,0,0,1,0,0,11,11,1,0,0.09,0,0,0,0,0,normal
0,udp,domain_u,SF,44,127,0,0,0,0,0,0,0,0,0,0,0,0,0,0,0,65,145,0,0,0,0,1,0,0.01,255,254,1,0.01,0,0,0,0,0,0,normal
0,tcp,http,SF,215,12884,0,0,0,0,0,1,0,0,0,0,0,0,0,0,0,1,1,0,0,0,0,1,0,0,147,224,1,0,0.01,0.01,0,0,0,0,normal
0,tcp,ftp_data,SF,495,0,0,0,0,0,0,1,0,0,0,5,0,0,0,0,0,1,1,0,0,0,0,1,0,0,1,52,1,0,1,0.04,0,0,0,0,normal
4,tcp,http,REJ,0,0,0,0,0,0,0,0,0,0,0,0,0,0,0,0,0,1,1,0,0,1,1,1,0,0,176,144,0.82,0.03,0.01,0,0,0,0.82,1,normal
0,tcp,http,SF,382,526,0,0,0,0,0,1,0,0,0,0,0,0,0,0,0,1,8,0,0,0,0,1,0,0.25,54,255,1,0,0.02,0.06,0,0,0,0,normal
0,tcp,http,SF,312,839,0,0,0,0,0,1,0,0,0,0,0,0,0,0,0,5,7,0,0,0,0,1,0,0.29,223,255,1,0,0,0.02,0,0,0.01,0.01,normal
0,tcp,http,SF,233,275,0,0,0,0,0,1,0,0,0,0,0,0,0,0,0,16,16,0,0,0,0,1,0,0,255,255,1,0,0,0,0,0,0,0,normal
0,tcp,ftp_data,SF,884,0,0,0,0,0,0,1,0,0,0,0,0,0,0,0,0,2,2,0,0,0,0,1,0,0,15,6,0.4,0.2,0.4,0,0,0,0,0,normal
0,tcp,http,SF,254,390,0,0,0,0,0,1,0,0,0,0,0,0,0,0,0,13,14,0,0,0,0,1,0,0.14,176,255,1,0,0.01,0.01,0,0,0,0,normal
0,tcp,http,SF,236,309,0,0,0,0,0,1,0,0,0,0,0,0,0,0,0,13,17,0,0,0,0,1,0,0.12,255,255,1,0,0,0,0.01,0.01,0,0,normal
4219,udp,other,SF,147,105,0,0,0,0,0,0,0,0,0,0,0,0,0,0,0,1,1,0,0,0,0,1,0,0,255,3,0.01,0.41,0.79,0,0,0,0,0,normal
119,udp,domain_u,SF,89,45,0,0,0,0,0,0,0,0,0,0,0,0,0,0,0,1,1,0,0,0,0,1,0,0,14,13,0.93,0.14,0.79,0,0,0,0,0,normal
0,tcp,smtp,SF,1436,433,0,0,0,0,0,1,0,0,0,0,0,0,0,0,0,1,1,0,0,0,0,1,0,0,22,199,0.77,0.18,0.05,0.01,0,0,0,0,normal
0,tcp,ftp_data,SF,8325,0,0,0,0,0,0,0,0,0,0,0,0,0,0,0,0,17,17,0,0,0,0,1,0,0,87,46,0.53,0.03,0.53,0,0,0,0,0,normal
0,tcp,http,REJ,0,0,0,0,0,0,0,0,0,0,0,0,0,0,0,0,0,1,2,0,0,1,1,1,0,1,46,255,1,0,0.02,0.2,0,0,0.91,0.93,normal
0,tcp,http,SF,224,2649,0,0,0,0,0,1,0,0,0,0,0,0,0,0,0,17,17,0,0,0,0,1,0,0,255,255,1,0,0.01,0,0,0,0,0,normal
0,tcp,http,SF,191,1938,0,0,0,0,0,1,0,0,0,0,0,0,0,0,0,2,7,0,0,0,0,1,0,0.29,17,255,1,0,0.06,0.07,0,0,0,0,normal
0,tcp,http,SF,276,345,0,0,0,0,0,1,0,0,0,0,0,0,0,0,0,1,1,0,0,0,0,1,0,0,18,255,1,0,0.06,0.01,0,0,0,0,normal
666,tcp,telnet,SF,634,20143,0,0,0,0,0,1,3,0,0,0,0,0,0,0,0,1,1,0,0,0,0,1,0,0,223,109,0.49,0.01,0,0,0.9,0.92,0,0,normal
0,tcp,http,SF,245,14884,0,0,0,0,0,1,0,0,0,0,0,0,0,0,0,1,1,0,0,0,0,1,0,0,1,255,1,0,1,0.03,0,0,0,0,normal
0,tcp,http,SF,222,5834,0,0,0,0,0,1,0,0,0,0,0,0,0,0,0,3,3,0,0,0,0,1,0,0,255,255,1,0,0,0,0,0,0,0,normal
0,tcp,http,SF,201,362,0,0,0,0,0,1,0,0,0,0,0,0,0,0,0,25,27,0,0,0,0,1,0,0.07,255,255,1,0,0,0,0,0,0,0,normal
0,udp,domain_u,SF,44,44,0,0,0,0,0,0,0,0,0,0,0,0,0,0,0,151,231,0,0,0,0,0.99,0.01,0.01,255,254,1,0.01,0.01,0,0,0,0,0,normal
0,tcp,finger,SF,8,224,0,0,0,0,0,0,0,0,0,0,0,0,0,0,0,1,1,0,0,0,0,1,0,0,145,5,0.03,0.02,0.01,0,0,0,0,0,normal
0,tcp,http,SF,332,749,0,0,0,0,0,1,0,0,0,0,0,0,0,0,0,21,22,0,0,0,0,1,0,0.09,255,255,1,0,0,0,0,0,0,0,normal
0,tcp,http,SF,254,4845,0,0,0,0,0,1,0,0,0,0,0,0,0,0,0,13,13,0,0,0,0,1,0,0,102,255,1,0,0.01,0.02,0,0,0,0,normal
0,tcp,http,SF,229,861,0,0,0,0,0,1,0,0,0,0,0,0,0,0,0,27,34,0,0,0,0,1,0,0.09,255,255,1,0,0,0,0,0,0,0,normal
0,tcp,http,SF,280,942,0,0,0,0,0,1,0,0,0,0,0,0,0,0,0,5,5,0,0,0,0,1,0,0,158,255,1,0,0.01,0.02,0,0,0,0,normal
0,tcp,http,SF,312,200,0,0,0,0,0,1,0,0,0,0,0,0,0,0,0,17,17,0,0,0,0,1,0,0,63,255,1,0,0.02,0.01,0,0,0,0,normal
0,udp,domain_u,SF,46,140,0,0,0,0,0,0,0,0,0,0,0,0,0,0,0,114,113,0,0,0,0,0.99,0.02,0,255,254,1,0.01,0,0,0,0,0,0,normal
1,tcp,smtp,SF,2901,332,0,0,0,0,0,1,0,0,0,0,0,0,0,0,0,1,3,0,0,0,0,1,0,1,4,119,0.75,0.5,0.25,0.02,0,0.34,0,0,normal
0,tcp,http,SF,303,29228,0,0,0,0,0,1,0,0,0,0,0,0,0,0,0,25,25,0,0,0,0,1,0,0,134,255,1,0,0.01,0.01,0,0,0,0,normal
0,icmp,urp_i,SF,78,0,0,0,0,0,0,0,0,0,0,0,0,0,0,0,0,31,1,0,0,0,0,0.03,0.06,0,255,14,0.05,0.01,0.05,0,0,0,0,0,normal
0,tcp,http,SF,236,2033,0,0,0,0,0,1,0,0,0,0,0,0,0,0,0,7,7,0,0,0,0,1,0,0,144,255,1,0,0.01,0.02,0,0,0,0,normal
0,udp,domain_u,SF,42,124,0,0,0,0,0,0,0,0,0,0,0,0,0,0,0,76,156,0,0,0,0,1,0,0.01,255,255,1,0,0,0,0,0,0,0,normal
0,tcp,http,SF,170,13603,0,0,0,0,0,1,0,0,0,0,0,0,0,0,0,1,1,0,0,0,0,1,0,0,34,255,1,0,0.03,0.05,0,0,0.94,0.97,normal
1,tcp,smtp,SF,648,334,0,0,0,0,0,1,0,0,0,0,0,0,0,0,0,1,3,0,0,0,0,1,0,1,58,239,0.97,0.03,0.02,0.01,0,0,0,0,normal
0,udp,domain_u,SF,46,132,0,0,0,0,0,0,0,0,0,0,0,0,0,0,0,181,180,0,0,0,0,0.99,0.01,0,212,179,0.84,0.01,0,0,0,0,0,0,normal
0,udp,domain_u,SF,43,79,0,0,0,0,0,0,0,0,0,0,0,0,0,0,0,232,231,0,0,0,0,1,0.01,0,255,246,0.96,0.01,0,0,0,0,0,0,normal
0,tcp,http,SF,300,1042,0,0,0,0,0,1,0,0,0,0,0,0,0,0,0,3,3,0,0,0,0,1,0,0,255,255,1,0,0,0,0,0,0,0,normal
0,tcp,http,SF,201,4364,0,0,0,0,0,1,0,0,0,0,0,0,0,0,0,8,8,0,0,0,0,1,0,0,77,255,1,0,0.01,0.02,0,0,0,0,normal
0,tcp,http,S1,295,8227,0,0,0,0,0,1,0,0,0,0,0,0,0,0,0,2,2,0.5,0.5,0,0,1,0,0,34,255,1,0,0.03,0.01,0.03,0,0,0,normal
58,tcp,telnet,SF,835,1639484,0,0,0,0,0,1,0,0,0,0,0,0,0,0,0,1,1,0,0,0,0,1,0,0,47,4,0.09,0.06,0.02,0,0,0,0,0,normal
0,tcp,http,SF,243,1493,0,0,0,0,0,1,0,0,0,0,0,0,0,0,0,3,3,0,0,0,0,1,0,0,255,255,1,0,0,0,0,0,0,0,normal
0,udp,domain_u,SF,45,138,0,0,0,0,0,0,0,0,0,0,0,0,0,0,0,326,325,0,0,0,0,1,0.01,0,255,251,0.98,0.01,0,0,0,0,0,0,normal
0,tcp,ftp_data,SF,5891,0,0,0,0,0,0,1,0,0,0,0,0,0,0,0,0,1,1,0,0,0,0,1,0,0,243,63,0.23,0.02,0.23,0.03,0,0,0.03,0,normal
0,udp,domain_u,SF,44,44,0,0,0,0,0,0,0,0,0,0,0,0,0,0,0,164,164,0,0,0,0,1,0,0,255,255,1,0,0,0,0,0,0,0,normal
27,tcp,ftp,SF,1481,4152,0,0,0,30,0,1,0,0,0,0,0,0,0,0,1,1,1,0,0,0,0,1,0,0,90,9,0.09,0.79,0.01,0.22,0,0,0.72,0.22,normal
23,udp,domain_u,SF,42,34,0,0,0,0,0,0,0,0,0,0,0,0,0,0,0,2,16,0,0,0,0,1,0,0.31,255,244,0.96,0.01,0.06,0,0,0,0,0,normal
0,tcp,http,REJ,0,0,0,0,0,0,0,0,0,0,0,0,0,0,0,0,0,1,2,0,0,1,1,1,0,1,13,255,1,0,0.08,0.11,0,0,1,0.72,normal
0,udp,other,SF,516,4,0,0,0,0,0,0,0,0,0,0,0,0,0,0,0,440,440,0,0,0,0,1,0,0,255,255,1,0,1,0,0,0,0,0,normal
0,tcp,http,SF,246,2195,0,0,0,0,0,1,0,0,0,0,0,0,0,0,0,39,48,0,0,0,0,1,0,0.08,255,255,1,0,0,0,0,0,0,0,normal
0,tcp,http,SF,210,738,0,0,0,0,0,1,0,0,0,0,0,0,0,0,0,3,3,0,0,0,0,1,0,0,255,255,1,0,0,0,0,0,0,0,normal
15,tcp,smtp,SF,1896,446,0,0,0,0,0,1,0,0,0,0,0,0,0,0,0,1,1,0,0,0,0,1,0,0,151,138,0.62,0.02,0.01,0.01,0,0,0,0,normal
0,tcp,http,SF,237,8892,0,0,0,0,0,1,0,0,0,0,0,0,0,0,0,4,4,0,0,0,0,1,0,0,23,199,1,0,0.04,0.06,0,0.01,0,0,normal
0,tcp,smtp,SF,12022,1430,0,0,0,0,0,1,0,0,0,0,0,0,0,0,0,1,1,0,0,0,0,1,0,0,203,191,0.7,0.01,0,0.01,0,0,0,0,normal
0,udp,domain_u,SF,44,133,0,0,0,0,0,0,0,0,0,0,0,0,0,0,0,182,262,0,0,0,0,1,0,0.01,255,253,0.99,0.01,0,0,0,0,0,0,normal
0,tcp,http,SF,244,27000,0,0,0,0,0,1,0,0,0,0,0,0,0,0,0,3,3,0,0,0,0,1,0,0,53,255,1,0,0.02,0.05,0,0,0,0,normal
0,tcp,http,SF,347,362,0,0,0,0,0,1,0,0,0,0,0,0,0,0,0,9,27,0,0,0,0,1,0,0.15,255,255,1,0,0,0,0,0,0,0,normal
0,tcp,http,SF,308,1899,0,0,0,0,0,1,0,0,0,0,0,0,0,0,0,7,7,0,0,0,0,1,0,0,65,255,1,0,0.02,0.02,0,0,0,0,normal
0,tcp,finger,SF,10,228,0,0,0,0,0,0,0,0,0,0,0,0,0,0,0,2,1,0,0,0,0,0.5,1,0,121,7,0.02,0.03,0.01,0.29,0,0,0.01,0,normal
0,tcp,http,SF,218,3089,0,0,0,0,0,1,0,0,0,0,0,0,0,0,0,14,14,0,0,0,0,1,0,0,53,255,1,0,0.02,0.05,0,0,0,0,normal
0,tcp,http,SF,308,1075,0,0,0,0,0,1,0,0,0,0,0,0,0,0,0,7,7,0,0,0,0,1,0,0,255,253,0.99,0.01,0,0,0,0,0,0,normal
0,tcp,http,SF,206,3731,0,0,0,0,0,1,0,0,0,0,0,0,0,0,0,7,9,0,0,0,0,1,0,0.22,134,255,1,0,0.01,0.03,0,0,0.01,0,normal
0,tcp,ftp_data,SF,37,0,0,0,0,0,0,1,0,0,0,0,0,0,0,0,0,2,2,0,0,0,0,1,0,0,255,63,0.25,0.02,0.01,0,0.87,0.95,0,0,normal
0,tcp,http,SF,201,458,0,0,0,0,0,1,0,0,0,0,0,0,0,0,0,35,37,0,0,0,0,1,0,0.08,103,215,1,0,0.01,0.03,0,0,0,0,normal
0,tcp,http,SF,223,5567,0,0,0,0,0,1,0,0,0,0,0,0,0,0,0,3,3,0,0,0,0,1,0,0,3,255,1,0,0.33,0.04,0,0,0,0,normal
0,tcp,http,SF,197,293,0,0,0,0,0,1,0,0,0,0,0,0,0,0,0,2,3,0,0,0,0,1,0,0.67,255,255,1,0,0,0,0,0,0,0,normal
0,tcp,smtp,SF,11600,1431,0,0,0,0,0,1,0,0,0,0,0,0,0,0,0,1,1,0,0,0,0,1,0,0,196,178,0.69,0.02,0.01,0.01,0,0,0,0,normal
0,tcp,ftp_data,SF,10389,0,0,0,0,0,0,1,0,0,0,0,0,0,0,0,0,6,6,0,0,0,0,1,0,0,87,25,0.14,0.07,0.14,0.08,0,0,0,0,normal
0,tcp,http,SF,306,389,0,0,0,0,0,1,0,0,0,0,0,0,0,0,0,15,32,0,0,0,0,1,0,0.12,255,255,1,0,0,0,0,0,0,0,normal
0,tcp,http,SF,316,3433,0,0,0,0,0,1,0,0,0,0,0,0,0,0,0,11,11,0,0,0,0,1,0,0,78,255,1,0,0.01,0.01,0,0,0,0,normal
0,tcp,ftp_data,SF,17,0,0,0,0,0,0,1,0,0,0,0,0,0,0,0,0,1,1,0,0,0,0,1,0,0,86,109,0.81,0.03,0.81,0.02,0,0,0,0,normal
0,tcp,http,SF,260,419,0,0,0,0,0,1,0,0,0,0,0,0,0,0,0,1,6,0,0,0,0,1,0,0.33,4,4,1,0,0.25,0,0,0,0,0,normal
0,udp,domain_u,SF,44,80,0,0,0,0,0,0,0,0,0,0,0,0,0,0,0,236,236,0,0,0,0,1,0,0,255,227,0.89,0.01,0,0,0,0,0,0,normal
0,tcp,http,SF,297,27928,0,0,0,1,0,1,0,1,0,0,0,0,0,0,0,1,1,0,0,0,0,1,0,0,69,255,1,0,0.01,0.04,0,0,0,0,normal
0,udp,domain_u,SF,29,29,0,0,0,0,0,0,0,0,0,0,0,0,0,0,0,4,6,0,0,0,0,1,0,0.5,255,254,1,0.01,0.01,0,0,0,0,0,normal
0,icmp,urp_i,SF,182,0,0,0,0,0,0,0,0,0,0,0,0,0,0,0,0,2,1,0,0,0,0,0.5,1,0,255,6,0.02,0.01,0.04,0,0,0,0,0,normal
0,udp,domain_u,SF,45,119,0,0,0,0,0,0,0,0,0,0,0,0,0,0,0,148,147,0,0,0,0,0.99,0.01,0,255,254,1,0.01,0,0,0,0,0,0,normal
0,tcp,http,SF,253,2802,0,0,0,0,0,1,0,0,0,0,0,0,0,0,0,1,36,0,0,0,0,1,0,0.08,5,255,1,0,0.2,0.07,0,0.01,0,0,normal
0,tcp,http,SF,333,1300,0,0,0,0,0,1,0,0,0,0,0,0,0,0,0,13,17,0,0,0,0,1,0,0.18,16,255,1,0,0.06,0.05,0,0,0,0,normal
0,tcp,http,SF,214,882,0,0,0,0,0,1,0,0,0,0,0,0,0,0,0,38,38,0,0,0,0,1,0,0,43,255,1,0,0.02,0.03,0,0,0,0,normal
0,tcp,http,SF,290,263,0,0,0,0,0,1,0,0,0,0,0,0,0,0,0,32,32,0,0,0,0,1,0,0,32,226,1,0,0.03,0.03,0,0,0,0,normal
0,tcp,http,SF,310,2251,0,0,0,0,0,1,0,0,0,0,0,0,0,0,0,45,67,0,0,0,0,1,0,0.06,255,255,1,0,0,0,0,0,0,0,normal
0,tcp,http,S1,286,21900,0,0,0,0,0,1,0,0,0,0,0,0,0,0,0,2,44,0.5,0.02,0,0,1,0,0.07,255,255,1,0,0,0,0,0,0,0,normal
0,tcp,http,SF,319,387,0,0,0,0,0,1,0,0,0,0,0,0,0,0,0,13,13,0,0,0,0,1,0,0,40,40,1,0,0.03,0,0,0,0,0,normal
0,tcp,http,SF,295,35949,0,0,0,0,0,1,0,0,0,0,0,0,0,0,0,2,2,0,0,0,0,1,0,0,5,255,1,0,0.2,0.01,0,0,0,0,normal
0,tcp,http,SF,211,564,0,0,0,0,0,1,0,0,0,0,0,0,0,0,0,27,33,0,0,0,0,1,0,0.12,255,255,1,0,0,0,0,0,0,0,normal
0,tcp,http,SF,228,31614,0,0,0,0,0,1,0,0,0,0,0,0,0,0,0,1,1,0,0,0,0,1,0,0,254,255,1,0,0,0.01,0,0,0,0,normal
0,udp,private,SF,105,0,0,0,0,0,0,0,0,0,0,0,0,0,0,0,0,2,2,0,0,0,0,1,0,0,255,253,0.99,0.01,0,0,0,0,0,0,normal
2580,udp,other,SF,146,105,0,0,0,0,0,0,0,0,0,0,0,0,0,0,0,4,2,0,0,0,0,0.5,0.5,0,255,2,0.01,0.87,0.98,0,0,0,0,0,normal
0,tcp,http,SF,232,960,0,0,0,0,0,1,0,0,0,0,0,0,0,0,0,12,17,0,0,0,0,1,0,0.24,255,255,1,0,0,0,0,0,0,0,normal
1,tcp,smtp,SF,1016,332,0,0,0,0,0,1,0,0,0,0,0,0,0,0,0,1,1,0,0,0,0,1,0,0,13,100,0.31,0.23,0.08,0.02,0,0,0,0,normal
0,tcp,http,SF,232,391,0,0,0,0,0,1,0,0,0,0,0,0,0,0,0,1,1,0,0,0,0,1,0,0,6,255,1,0,0.17,0.02,0,0,0.17,0.03,normal
0,tcp,http,SF,221,4096,0,0,0,0,0,1,0,0,0,0,0,0,0,0,0,13,13,0,0,0,0,1,0,0,34,255,1,0,0.03,0.01,0,0,0,0,normal
0,tcp,smtp,SF,1162,333,0,0,0,0,0,1,0,0,0,0,0,0,0,0,0,1,1,0,0,0,0,1,0,0,20,109,0.95,0.1,0.05,0.02,0,0,0,0,normal
0,tcp,http,SF,204,1487,0,0,0,0,0,1,0,0,0,0,0,0,0,0,0,13,13,0,0,0,0,1,0,0,13,255,1,0,0.08,0.02,0,0,0,0,normal
0,tcp,ftp_data,SF,2056,0,0,0,0,0,0,1,0,0,0,0,0,0,0,0,0,4,3,0,0,0,0,0.75,0.5,0,211,54,0.19,0.03,0.19,0.04,0,0,0,0,normal
0,tcp,http,SF,331,279,0,0,0,0,0,1,0,0,0,0,0,0,0,0,0,2,2,0,0,0,0,1,0,0,255,250,0.98,0.01,0,0,0,0,0.02,0.02,normal
0,udp,domain_u,SF,43,73,0,0,0,0,0,0,0,0,0,0,0,0,0,0,0,79,157,0,0,0,0,1,0,0.01,255,212,0.83,0.01,0,0,0,0,0,0,normal
0,tcp,http,SF,287,3880,0,0,0,0,0,1,0,0,0,0,0,0,0,0,0,16,16,0,0,0,0,1,0,0,72,255,1,0,0.01,0.03,0,0,0,0,normal
6,tcp,smtp,SF,1490,407,0,0,0,0,0,1,0,0,0,0,0,0,0,0,0,1,1,0,0,0,0,1,0,0,64,171,0.8,0.08,0.02,0.02,0,0,0,0,normal
7,tcp,telnet,SF,104,2328,0,0,0,0,0,1,0,0,0,0,0,0,0,0,0,1,1,0,0,0,0,1,0,0,25,6,0.08,0.2,0.04,0.33,0,0,0,0,normal
0,tcp,http,SF,240,664,0,0,0,0,0,1,0,0,0,0,0,0,0,0,0,11,23,0,0,0,0,1,0,0.13,255,255,1,0,0,0,0,0,0,0,normal
0,tcp,ftp_data,SF,63,0,0,0,0,0,0,1,0,0,0,0,0,0,0,0,0,2,2,0,0,0,0,1,0,0,255,61,0.24,0.02,0.04,0,0.73,0.82,0,0,normal
0,tcp,http,SF,225,3649,0,0,0,0,0,1,0,0,0,0,0,0,0,0,0,4,4,0,0,0,0,1,0,0,247,255,1,0,0,0.01,0,0,0,0,normal
0,tcp,smtp,SF,652,327,0,0,0,0,0,1,0,0,0,0,0,0,0,0,0,1,1,0,0,0,0,1,0,0,47,183,0.98,0.04,0.02,0.02,0,0,0,0,normal
0,tcp,http,REJ,0,0,0,0,0,0,0,0,0,0,0,0,0,0,0,0,0,1,1,0,0,1,1,1,0,0,9,255,1,0,0.11,0.05,0,0,0.11,0.03,normal
0,udp,domain_u,SF,46,83,0,0,0,0,0,0,0,0,0,0,0,0,0,0,0,264,264,0,0,0,0,1,0,0,255,202,0.79,0.01,0,0,0,0,0,0,normal
1,tcp,smtp,SF,2276,337,0,0,0,0,0,1,0,0,0,0,0,0,0,0,0,1,3,0,0,0,0,1,0,1,34,154,0.91,0.09,0.03,0.02,0,0,0,0,normal
28,tcp,ftp,SF,1453,4152,0,0,0,30,0,1,0,0,0,0,0,0,0,0,1,1,1,0,0,0,0,1,0,0,43,10,0.23,0.14,0.02,0,0,0,0,0,normal
16872,udp,other,SF,147,105,0,0,0,0,0,0,0,0,0,0,0,0,0,0,0,1,1,0,0,0,0,1,0,0,255,1,0,0.48,0.68,0,0,0,0,0,normal
0,tcp,http,SF,224,7775,0,0,0,0,0,1,0,0,0,0,0,0,0,0,0,24,24,0,0,0,0,1,0,0,24,255,1,0,0.04,0.04,0,0,0,0,normal
0,tcp,ftp_data,SF,1342,0,0,0,0,0,0,1,0,0,0,0,0,0,0,0,0,6,6,0,0,0,0,1,0,0,187,79,0.28,0.04,0.28,0.03,0,0,0,0,normal
0,tcp,http,SF,207,5971,0,0,0,0,0,1,0,0,0,0,0,0,0,0,0,16,17,0,0,0,0,1,0,0.12,255,255,1,0,0,0,0,0,0,0,normal
0,tcp,http,SF,249,5691,0,0,0,0,0,1,0,0,0,0,0,0,0,0,0,4,4,0,0,0,0,1,0,0,4,255,1,0,0.25,0.01,0,0,0,0,normal
0,tcp,http,SF,314,309,0,0,0,0,0,1,0,0,0,0,0,0,0,0,0,2,2,0,0,0,0,1,0,0,255,255,1,0,0,0,0,0,0,0,normal
0,tcp,http,SF,218,4741,0,0,0,0,0,1,0,0,0,0,0,0,0,0,0,2,8,0,0,0,0,1,0,0.25,255,255,1,0,0,0,0,0,0,0,normal
0,tcp,http,REJ,0,0,0,0,0,0,0,0,0,0,0,0,0,0,0,0,0,1,1,0,0,1,1,1,0,0,62,255,1,0,0.02,0.27,0,0,1,1,normal
0,tcp,http,SF,324,3461,0,0,0,0,0,1,0,0,0,0,0,0,0,0,0,3,19,0,0,0,0,1,0,0.16,101,255,1,0,0.01,0.04,0,0,0,0,normal
2,tcp,smtp,SF,2142,331,0,0,0,0,0,1,0,0,0,0,0,0,0,0,0,1,1,0,0,0,0,1,0,0,106,164,0.44,0.03,0.01,0.02,0,0,0,0,normal
0,tcp,http,SF,280,24971,0,0,0,0,0,1,0,0,0,0,0,0,0,0,0,9,10,0,0,0,0,1,0,0.2,23,232,1,0,0.04,0.06,0,0,0.57,0.62,normal
0,tcp,http,SF,200,293,0,0,0,0,0,1,0,0,0,0,0,0,0,0,0,10,12,0,0,0,0,1,0,0.17,152,255,1,0,0.01,0.02,0.01,0.01,0,0,normal
0,tcp,http,SF,189,9345,0,0,0,0,0,1,0,0,0,0,0,0,0,0,0,3,4,0,0,0,0,1,0,0.5,3,255,1,0,0.33,0.04,0,0,0,0,normal
0,tcp,http,SF,313,5790,0,0,0,0,0,1,0,0,0,0,0,0,0,0,0,4,12,0,0,0,0,1,0,0.25,161,255,1,0,0.01,0.01,0,0,0,0,normal
1985,udp,other,SF,147,105,0,0,0,0,0,0,0,0,0,0,0,0,0,0,0,1,1,0,0,0,0,1,0,0,255,2,0.01,0.55,0.92,0,0,0,0,0,normal
0,tcp,http,SF,232,1380,0,0,0,0,0,1,0,0,0,0,0,0,0,0,0,2,7,0,0,0,0,1,0,0.29,255,253,0.99,0.01,0,0,0,0,0,0,normal
0,tcp,smtp,SF,888,327,0,0,0,0,0,1,0,0,0,0,0,0,0,0,0,1,1,0,0,0,0,1,0,0,160,148,0.55,0.02,0.01,0.01,0,0,0,0,normal
0,tcp,other,SF,3468,0,0,0,0,0,0,1,0,0,0,0,0,0,0,0,0,15,1,0.07,0,0,0,0.07,0.13,0,56,1,0.02,0.11,0.38,0,0.02,0,0,0,normal
0,tcp,http,SF,224,4114,0,0,0,0,0,1,0,0,0,0,0,0,0,0,0,4,4,0,0,0,0,1,0,0,208,255,1,0,0,0.01,0,0,0.04,0.04,normal
0,tcp,ftp_data,SF,245,0,0,0,0,0,0,1,0,0,0,1,0,0,0,0,0,2,2,0,0,0,0,1,0,0,83,59,0.08,0.86,0.07,0.03,0,0,0.8,0.02,normal
0,tcp,ftp_data,SF,637,0,0,0,0,0,0,0,0,0,0,0,0,0,0,0,0,8,7,0,0,0,0,0.88,0.25,0,45,98,0.64,0.16,0.69,0.02,0,0,0,0,normal
0,tcp,ftp_data,SF,192,0,0,0,0,0,0,1,0,0,0,0,0,0,0,0,0,2,2,0,0,0,0,1,0,0,110,44,0.17,0.65,0.16,0.05,0,0,0.58,0.02,normal
0,tcp,http,SF,220,391,0,0,0,0,0,1,0,0,0,0,0,0,0,0,0,2,2,0,0,0,0,1,0,0,33,255,1,0,0.03,0.03,0,0,0,0,normal
1,tcp,time,SF,0,4,0,0,0,0,0,0,0,0,0,0,0,0,0,0,0,1,1,0,0,0,0,1,0,0,11,11,1,0,0.09,0,0,0,0,0,normal
0,tcp,http,SF,212,362,0,0,0,0,0,1,0,0,0,0,0,0,0,0,0,7,8,0,0,0,0,1,0,0.25,255,255,1,0,0,0,0,0,0,0,normal
0,tcp,http,SF,219,952,0,0,0,0,0,1,0,0,0,0,0,0,0,0,0,2,2,0,0,0,0,1,0,0,31,255,1,0,0.03,0.04,0,0,0,0,normal
0,tcp,http,SF,202,1320,0,0,0,0,0,1,0,0,0,0,0,0,0,0,0,33,33,0,0,0,0,1,0,0,56,255,1,0,0.02,0.02,0,0,0,0.01,normal
132,tcp,ftp,SF,225,756,0,0,0,0,0,1,0,0,0,0,0,0,0,0,1,1,1,0,0,0,0,1,0,0,163,44,0.27,0.04,0.01,0,0,0,0,0,normal
0,udp,domain_u,SF,44,78,0,0,0,0,0,0,0,0,0,0,0,0,0,0,0,319,318,0,0,0,0,1,0.01,0,255,251,0.98,0.01,0,0,0,0,0,0,normal
0,udp,domain_u,SF,43,116,0,0,0,0,0,0,0,0,0,0,0,0,0,0,0,116,118,0,0,0,0,1,0,0.02,255,227,0.89,0.01,0,0,0,0,0,0,normal
0,tcp,http,SF,303,1130,0,0,0,0,0,1,0,0,0,0,0,0,0,0,0,4,4,0,0,0,0,1,0,0,255,255,1,0,0,0,0,0,0,0,normal
0,tcp,http,SF,201,2630,0,0,0,0,0,1,0,0,0,0,0,0,0,0,0,7,7,0,0,0,0,1,0,0,81,255,1,0,0.01,0.03,0,0,0,0,normal
0,tcp,http,REJ,0,0,0,0,0,0,0,0,0,0,0,0,0,0,0,0,0,1,1,0,0,1,1,1,0,0,30,255,1,0,0.03,0.07,0,0,1,0.97,normal
28,tcp,ftp,SF,1538,4152,0,0,0,30,0,1,0,0,0,0,0,0,0,0,1,1,1,0,0,0,0,1,0,0,240,53,0.22,0.03,0,0,0,0,0,0,normal
0,tcp,http,SF,314,3445,0,0,0,0,0,1,0,0,0,0,0,0,0,0,0,48,48,0,0,0,0,1,0,0,141,255,1,0,0.01,0.02,0,0,0,0,normal
0,tcp,http,SF,320,3845,0,0,0,0,0,1,0,0,0,0,0,0,0,0,0,2,18,0,0,0,0.06,1,0,0.17,6,255,1,0,0.17,0.08,0,0,0,0,normal
0,udp,other,SF,146,0,0,0,0,0,0,0,0,0,0,0,0,0,0,0,0,3,1,0,0,0,0,0.33,1,0,255,1,0,0.53,0.88,0,0,0,0,0,normal
0,tcp,http,SF,293,1579,0,0,0,0,0,1,0,0,0,0,0,0,0,0,0,17,17,0,0,0,0,1,0,0,41,255,1,0,0.02,0.05,0,0,0,0,normal
0,tcp,smtp,SF,1111,331,0,0,0,0,0,1,0,0,0,0,0,0,1,0,0,1,1,0,0,0,0,1,0,0,211,129,0.61,0.02,0,0,0,0,0.05,0.08,normal
0,tcp,http,REJ,0,0,0,0,0,0,0,0,0,0,0,0,0,0,0,0,0,9,9,0,0,0.67,0.67,1,0,0,12,165,1,0,0.08,0.23,0,0,0.75,0.98,normal
0,tcp,smtp,SF,3235,281,0,0,0,0,0,1,0,0,0,0,0,0,0,0,0,1,1,0,0,0,0,1,0,0,255,118,0.46,0.03,0,0,0,0,0,0,normal
0,tcp,http,SF,218,5280,0,0,0,0,0,1,0,0,0,0,0,0,0,0,0,4,4,0,0,0,0,1,0,0,63,255,1,0,0.02,0.02,0,0,0,0,normal
0,tcp,ftp_data,SF,2890,0,0,0,0,0,0,1,0,0,0,0,0,0,0,0,0,13,13,0,0,0,0,1,0,0,112,60,0.54,0.03,0.54,0,0,0,0,0,normal
0,tcp,http,SF,195,280,0,0,0,0,0,1,0,0,0,0,0,0,0,0,0,42,44,0,0,0,0,1,0,0.07,43,255,1,0,0.02,0.02,0,0,0,0,normal
0,tcp,http,SF,217,1379,0,0,0,0,0,1,0,0,0,0,0,0,0,0,0,9,9,0,0,0,0,1,0,0,9,255,1,0,0.11,0.05,0,0,0,0,normal
0,tcp,http,SF,204,1651,0,0,0,0,0,1,0,0,0,0,0,0,0,0,0,11,11,0,0,0,0,1,0,0,252,255,1,0,0,0.01,0,0,0,0,normal
0,tcp,http,SF,326,1319,0,0,0,0,0,1,0,0,0,0,0,0,0,0,0,16,42,0,0,0,0,1,0,0.05,16,255,1,0,0.06,0.01,0,0,0,0,normal
0,tcp,http,SF,142,16627,0,0,0,0,0,1,0,0,0,0,0,0,0,0,0,1,1,0,0,0,0,1,0,0,108,255,1,0,0.01,0.02,0,0,0,0,normal
0,udp,domain_u,SF,45,135,0,0,0,0,0,0,0,0,0,0,0,0,0,0,0,32,112,0,0,0,0,0.97,0.06,0.02,255,239,0.94,0.01,0,0,0,0,0,0,normal
0,tcp,ftp_data,SF,491,0,0,0,0,0,0,1,0,0,0,5,0,0,0,0,0,2,2,0,0,0,0,1,0,0,13,84,0.15,0.15,0.15,0.02,0,0,0,0,normal
0,tcp,http,SF,217,5399,0,0,0,0,0,1,0,0,0,0,0,0,0,0,0,22,23,0,0,0,0,1,0,0.09,255,255,1,0,0,0,0,0,0,0,normal
0,tcp,http,SF,325,2109,0,0,0,0,0,1,0,0,0,0,0,0,0,0,0,17,20,0,0,0,0,1,0,0.15,17,255,1,0,0.06,0.05,0,0,0,0,normal
0,tcp,http,SF,236,1158,0,0,0,0,0,1,0,0,0,0,0,0,0,0,0,11,11,0,0,0,0,1,0,0,57,255,1,0,0.02,0.04,0,0,0,0,normal
0,tcp,http,SF,221,602,0,0,0,0,0,1,0,0,0,0,0,0,0,0,0,51,57,0,0,0,0,1,0,0.04,255,255,1,0,0,0,0,0,0,0,normal
0,udp,other,SF,147,0,0,0,0,0,0,0,0,0,0,0,0,0,0,0,0,3,1,0,0,0,0,0.33,0.67,0,255,1,0,0.67,0.95,0,0,0,0,0,normal
0,tcp,http,SF,172,1138,0,0,0,0,0,1,0,0,0,0,0,0,0,0,0,5,10,0,0.1,0,0,1,0,0.4,75,255,1,0,0.01,0.02,0,0,0,0,normal
0,tcp,http,SF,325,426,0,0,0,0,0,1,0,0,0,0,0,0,0,0,0,5,5,0,0,0,0,1,0,0,187,255,1,0,0.01,0.01,0,0,0,0,normal
0,udp,domain_u,SF,44,76,0,0,0,0,0,0,0,0,0,0,0,0,0,0,0,174,174,0,0,0,0,1,0,0,255,250,0.98,0.01,0.01,0,0,0,0,0,normal
0,tcp,http,SF,200,421,0,0,0,0,0,1,0,0,0,0,0,0,0,0,0,19,54,0,0,0,0,1,0,0.06,255,255,1,0,0,0,0,0,0,0,normal
0,tcp,http,SF,224,1783,0,0,0,0,0,1,0,0,0,0,0,0,0,0,0,2,2,0,0,0,0,1,0,0,22,255,1,0,0.05,0.05,0,0,0,0,normal
0,tcp,ftp_data,SF,965,0,0,0,0,0,0,1,0,0,0,0,0,0,0,0,0,20,20,0,0,0,0,1,0,0,109,48,0.28,0.03,0.28,0.04,0,0,0,0,normal
0,tcp,http,SF,226,1705,0,0,0,0,0,1,0,0,0,0,0,0,0,0,0,7,14,0,0,0,0,1,0,0.14,255,255,1,0,0,0,0,0,0,0,normal
0,tcp,http,SF,331,2512,0,0,0,0,0,1,0,0,0,0,0,0,0,0,0,4,4,0,0,0,0,1,0,0,48,255,1,0,0.02,0.1,0,0,0.92,0.8,normal
26,tcp,smtp,SF,2091,326,0,0,0,0,0,1,0,0,0,0,0,0,0,0,0,1,1,0,0,0,0,1,0,0,99,44,0.44,0.03,0.01,0,0,0,0,0,normal
0,tcp,http,SF,298,1691,0,0,0,0,0,1,0,0,0,0,0,0,0,0,0,29,30,0,0,0,0,1,0,0.07,255,255,1,0,0,0,0,0,0,0,normal
0,tcp,http,SF,178,437,0,0,0,0,0,1,0,0,0,0,0,0,0,0,0,1,1,0,0,0,0,1,0,0,123,255,1,0,0.01,0.01,0,0,0,0,normal
0,tcp,http,SF,255,488,0,0,0,0,0,1,0,0,0,0,0,0,0,0,0,4,7,0,0,0,0,1,0,0.57,113,255,1,0,0.01,0.03,0,0,0,0,normal
0,tcp,http,SF,234,11864,0,0,0,0,0,1,0,0,0,0,0,0,0,0,0,1,1,0,0,0,0,1,0,0,52,255,1,0,0.02,0.02,0,0,0,0,normal
0,tcp,ftp_data,SF,383,0,0,0,0,0,0,1,0,0,0,0,0,0,0,0,0,2,2,0,0,0,0,1,0,0,37,86,0.89,0.05,0.89,0.03,0,0,0,0,normal
0,tcp,smtp,SF,2361,328,0,0,0,0,0,1,0,0,0,0,0,0,0,0,0,1,2,0,0,0,0,1,0,1,103,119,0.31,0.05,0.01,0.03,0.03,0.01,0,0,normal
0,udp,other,SF,145,0,0,0,0,0,0,0,0,0,0,0,0,0,0,0,0,3,1,0,0,0,0,0.33,0.67,0,255,1,0,0.59,0.97,0,0,0,0,0,normal
3,tcp,smtp,SF,4998,416,0,0,0,0,0,1,0,0,0,0,0,0,0,0,0,1,2,0,0,0,0,1,0,1,59,164,0.58,0.07,0.02,0.01,0,0,0,0,normal
0,tcp,http,SF,233,581,0,0,0,0,0,1,0,0,0,0,0,0,0,0,0,13,26,0,0,0,0,1,0,0.08,255,255,1,0,0,0,0,0,0,0,normal
22,udp,domain_u,SF,42,42,0,0,0,0,0,0,0,0,0,0,0,0,0,0,0,4,6,0,0,0,0,1,0,0.33,255,250,0.98,0.01,0.01,0,0,0,0,0,normal
0,tcp,http,SF,333,1282,0,0,0,0,0,1,0,0,0,0,0,0,0,0,0,11,11,0,0,0,0,1,0,0,255,255,1,0,0,0,0,0,0,0,normal
0,tcp,smtp,SF,8812,372,0,0,0,0,0,1,0,0,0,0,0,0,0,0,0,2,1,0,0,0,0,0.5,1,0,22,132,0.73,0.14,0.05,0.02,0,0.3,0,0,normal
0,tcp,http,SF,221,1912,0,0,0,0,0,1,0,0,0,0,0,0,0,0,0,27,27,0,0,0,0,1,0,0,191,255,1,0,0.01,0.02,0.01,0.01,0,0,normal
0,tcp,http,SF,304,313,0,0,0,0,0,1,0,0,0,0,0,0,0,0,0,4,26,0,0,0,0,1,0,0.19,25,255,1,0,0.04,0.03,0,0,0,0,normal
0,tcp,http,SF,224,5024,0,0,0,0,0,1,0,0,0,0,0,0,0,0,0,9,18,0,0,0,0,1,0,0.11,9,255,1,0,0.11,0.06,0,0.01,0,0,normal
0,tcp,ftp_data,SF,192,0,0,0,0,0,0,1,0,0,0,0,0,0,0,0,0,1,1,0,0,0,0,1,0,0,255,117,0.46,0.04,0.47,0,0,0,0,0,normal
0,tcp,ftp_data,SF,373,0,0,0,0,0,0,1,0,0,0,0,0,0,0,0,0,21,21,0.05,0.05,0,0,1,0,0,255,107,0.42,0.02,0.42,0,0,0.01,0,0,normal
0,tcp,http,SF,186,14515,0,0,0,0,0,1,0,0,0,0,0,0,0,0,0,7,15,0,0,0,0.07,1,0,0.27,32,255,1,0,0.03,0.03,0,0,0,0,normal
0,tcp,http,REJ,0,0,0,0,0,0,0,0,0,0,0,0,0,0,0,0,0,1,1,0,0,1,1,1,0,0,2,20,1,0,0.5,0.25,0,0,1,0.95,normal
0,udp,domain_u,SF,43,135,0,0,0,0,0,0,0,0,0,0,0,0,0,0,0,79,159,0,0,0,0,1,0,0.01,255,245,0.96,0.01,0,0,0,0,0,0,normal
0,tcp,http,SF,325,185,0,0,0,0,0,1,0,0,0,0,0,0,0,0,0,6,8,0,0,0,0,1,0,0.25,235,255,1,0,0,0.01,0,0,0,0,normal
20,udp,domain_u,SF,111,44,0,0,0,0,0,0,0,0,0,0,0,0,0,0,0,1,1,0,0,0,0,1,0,0,255,237,0.93,0.01,0.21,0,0,0,0,0,normal
0,tcp,smtp,SF,1256,329,0,0,0,0,0,1,0,0,0,0,0,0,0,0,0,1,1,0,0,0,0,1,0,0,255,173,0.68,0.02,0,0,0,0,0,0,normal
0,tcp,http,SF,314,365,0,0,0,0,0,1,0,0,0,0,0,0,0,0,0,33,33,0,0,0,0,1,0,0,153,255,1,0,0.01,0.04,0,0,0,0,normal
0,tcp,http,SF,216,5864,0,0,0,0,0,1,0,0,0,0,0,0,0,0,0,1,1,0,0,0,0,1,0,0,14,210,1,0,0.07,0.09,0,0,0,0,normal
0,tcp,ftp_data,SF,491,0,0,0,0,0,0,0,0,0,0,0,0,0,0,0,0,1,1,0,0,0,0,1,0,0,58,8,0.14,0.07,0.14,0,0,0,0.02,0,normal
0,tcp,http,REJ,0,0,0,0,0,0,0,0,0,0,0,0,0,0,0,0,0,1,1,0,0,1,1,1,0,0,2,255,1,0,0.5,0.05,0,0,1,0.58,normal
0,udp,domain_u,SF,44,44,0,0,0,0,0,0,0,0,0,0,0,0,0,0,0,2,4,0,0,0,0,1,0,0.5,255,248,0.97,0.01,0.01,0,0,0,0,0,normal
0,tcp,ftp_data,SF,192,0,0,0,0,0,0,1,0,0,0,0,0,0,0,0,0,2,2,0,0,0,0,1,0,0,21,10,0.19,0.24,0.19,0.2,0,0,0,0,normal
0,tcp,http,REJ,0,0,0,0,0,0,0,0,0,0,0,0,0,0,0,0,0,1,2,0,0,1,1,1,0,1,22,255,1,0,0.05,0.1,0,0,1,0.8,normal
0,tcp,http,SF,213,2713,0,0,0,0,0,1,0,0,0,0,0,0,0,0,0,1,1,0,0,0,0,1,0,0,1,255,1,0,1,0.05,0,0,0,0,normal
0,tcp,ftp_data,SF,2278,0,0,0,0,0,0,1,0,0,0,0,0,0,0,0,0,1,1,0,0,0,0,1,0,0,58,10,0.17,0.07,0.17,0,0,0,0,0,normal
0,tcp,smtp,SF,906,408,0,0,0,0,0,1,0,0,0,0,1,0,0,0,0,1,1,0,0,0,0,1,0,0,22,215,0.32,0.09,0.05,0.01,0.68,0,0,0,normal
0,tcp,http,SF,312,8819,0,0,0,0,0,1,0,0,0,0,0,0,0,0,0,6,6,0,0,0,0,1,0,0,115,255,1,0,0.01,0.03,0,0,0,0,normal
0,tcp,http,SF,317,370,0,0,0,0,0,1,0,0,0,0,0,0,0,0,0,9,9,0,0,0,0,1,0,0,69,255,1,0,0.01,0.04,0,0,0,0,normal
0,tcp,http,SF,185,19807,0,0,0,0,0,1,0,0,0,0,0,0,0,0,0,1,1,0,0,0,0,1,0,0,255,255,1,0,0,0,0,0,0,0,normal
0,tcp,http,SF,224,4414,0,0,0,0,0,1,0,0,0,0,0,0,0,0,0,16,16,0,0,0,0,1,0,0,139,255,1,0,0.01,0.02,0,0,0,0,normal
0,tcp,http,SF,238,2101,0,0,0,0,0,1,0,0,0,0,0,0,0,0,0,4,4,0,0,0,0,1,0,0,66,255,1,0,0.02,0.04,0,0,0,0,normal
0,tcp,http,SF,353,418,0,0,0,0,0,1,0,0,0,0,0,0,0,0,0,11,13,0,0,0,0,1,0,0.15,102,255,1,0,0.01,0.04,0,0.01,0,0,normal
0,tcp,smtp,SF,204881,335,0,0,0,0,0,1,0,0,0,0,0,0,0,0,0,1,1,0,0,0,0,1,0,0,103,120,0.52,0.04,0.01,0.02,0,0,0,0,normal
0,tcp,http,SF,302,1588,0,0,0,0,0,1,0,0,0,0,0,0,0,0,0,10,10,0,0,0,0,1,0,0,255,255,1,0,0,0,0,0,0,0,normal
0,tcp,http,SF,335,630,0,0,0,0,0,1,0,0,0,0,0,0,0,0,0,9,28,0,0,0,0,1,0,0.07,9,255,1,0,0.11,0.06,0,0,0,0,normal
0,tcp,http,SF,302,734,0,0,0,0,0,1,0,0,0,0,0,0,0,0,0,12,13,0,0,0,0,1,0,0.15,69,255,1,0,0.01,0.03,0,0,0,0,normal
0,tcp,http,SF,287,811,0,0,0,0,0,1,0,0,0,0,0,0,0,0,0,13,13,0,0,0,0,1,0,0,255,255,1,0,0,0,0,0,0,0,normal
0,tcp,ftp_data,SF,1690,0,0,0,0,0,0,1,0,0,0,0,0,0,0,0,0,4,4,0,0,0,0,1,0,0,104,29,0.24,0.27,0.47,0.07,0,0,0,0,normal
0,tcp,http,SF,322,3327,0,0,0,0,0,1,0,0,0,0,0,0,0,0,0,2,15,0,0,0,0,1,0,0.13,19,255,1,0,0.05,0.04,0,0,0,0,normal
0,udp,domain_u,SF,44,76,0,0,0,0,0,0,0,0,0,0,0,0,0,0,0,216,221,0,0,0,0,1,0,0.01,255,254,1,0.01,0,0,0,0,0,0,normal
0,tcp,ftp_data,SF,8766,0,0,0,0,0,0,1,0,0,0,0,0,0,0,0,0,4,6,0,0,0,0,1,0,0.33,205,10,0.05,0.02,0.05,0,0,0,0,0,normal
0,tcp,http,SF,370,414,0,0,0,0,0,1,0,0,0,0,0,0,0,0,0,4,5,0,0,0,0,1,0,0.4,6,173,1,0,0.17,0.22,0,0,0.33,0.94,normal
0,tcp,ftp_data,SF,960,0,0,0,0,0,0,1,0,0,0,0,0,0,0,0,0,2,2,0,0,0,0,1,0,0,12,33,0.5,0.17,0.5,0.09,0,0,0,0,normal
0,udp,private,SF,105,146,0,0,0,0,0,0,0,0,0,0,0,0,0,0,0,1,1,0,0,0,0,1,0,0,10,8,0.8,0.3,0.1,0,0,0,0,0,normal
0,tcp,http,SF,298,947,0,0,0,0,0,1,0,0,0,0,0,0,0,0,0,6,6,0,0,0,0,1,0,0,17,255,1,0,0.06,0.09,0,0.01,0,0,normal
0,tcp,http,SF,254,386,0,0,0,0,0,1,0,0,0,0,0,0,0,0,0,5,5,0,0,0,0,1,0,0,255,255,1,0,0,0,0,0,0,0,normal
119,udp,domain_u,SF,89,45,0,0,0,0,0,0,0,0,0,0,0,0,0,0,0,1,1,0,0,0,0,1,0,0,14,13,0.93,0.14,0.79,0,0,0,0,0,normal
7,tcp,smtp,SF,1837,330,0,0,0,0,0,1,0,0,0,0,0,0,0,0,0,1,1,0,0,0,0,1,0,0,68,51,0.75,0.04,0.01,0,0,0,0,0,normal
0,tcp,domain,SF,48,486,0,0,0,0,0,1,0,0,0,0,0,0,0,0,0,55,1,0,0,0,0,0.02,0.04,0,255,1,0,0.01,0,0,0,0,0,0,normal
0,tcp,http,SF,181,128,0,0,0,0,0,1,0,0,0,0,0,0,0,0,0,1,1,0,0,0,0,1,0,0,54,255,1,0,0.02,0.04,0,0,0,0,normal
0,tcp,http,SF,189,314,0,0,0,0,0,1,0,0,0,0,0,0,0,0,0,33,34,0,0,0,0,1,0,0.06,154,255,1,0,0.01,0.02,0,0,0,0,normal
0,icmp,eco_i,SF,30,0,0,0,0,0,0,0,0,0,0,0,0,0,0,0,0,2,2,0,0,0,0,1,0,0,194,194,1,0,1,0,0,0,0,0,normal
407,tcp,telnet,SF,284,8734,0,0,0,0,0,1,3,0,0,0,0,0,0,0,0,1,1,0,0,0,0,1,0,0,255,19,0.07,0.07,0,0,0.66,0,0.01,0.11,normal
0,tcp,http,SF,307,673,0,0,0,0,0,1,0,0,0,0,0,0,0,0,0,9,12,0,0,0,0,1,0,0.17,188,237,1,0,0.01,0.04,0.01,0,0,0,normal
1,tcp,smtp,SF,1661,333,0,0,0,0,0,1,0,0,0,0,0,0,0,0,0,1,2,0,0,0,0,1,0,1,218,187,0.73,0.02,0,0.01,0,0,0,0,normal
0,tcp,http,SF,295,2966,0,0,0,0,0,1,0,0,0,0,0,0,0,0,0,6,8,0,0,0,0,1,0,0.38,255,255,1,0,0,0,0,0,0,0,normal
0,tcp,http,SF,161,5530,0,0,0,0,0,1,0,0,0,0,0,0,0,0,0,2,2,0,0,0,0,1,0,0,2,255,1,0,0.5,0.05,0,0,0,0,normal
0,tcp,http,SF,241,429,0,0,0,0,0,1,0,0,0,0,0,0,0,0,0,5,5,0,0,0,0,1,0,0,54,255,1,0,0.02,0.05,0,0,0,0,normal
0,tcp,http,SF,327,270,0,0,0,0,0,1,0,0,0,0,0,0,0,0,0,5,5,0,0,0,0,1,0,0,255,246,0.96,0.01,0,0,0,0,0,0,normal
0,tcp,http,SF,252,1483,0,0,0,0,0,1,0,0,0,0,0,0,0,0,0,8,13,0,0,0,0,1,0,0.15,255,255,1,0,0,0,0,0,0,0,normal
0,tcp,http,SF,217,1379,0,0,0,0,0,1,0,0,0,0,0,0,0,0,0,9,9,0,0,0,0,1,0,0,9,255,1,0,0.11,0.05,0,0,0,0,normal
0,tcp,http,SF,214,1651,0,0,0,0,0,1,0,0,0,0,0,0,0,0,0,3,4,0,0,0,0,1,0,0.5,255,255,1,0,0,0,0,0,0,0,normal
0,tcp,http,SF,339,1150,0,0,0,0,0,1,0,0,0,0,0,0,0,0,0,10,14,0,0,0,0,1,0,0.36,10,62,1,0,0.1,0.11,0,0,0,0.03,normal
0,tcp,http,SF,147,2447,0,0,0,0,0,1,0,0,0,0,0,0,0,0,0,1,1,0,0,0,0,1,0,0,13,255,1,0,0.08,0.03,0,0,0,0,normal
0,tcp,smtp,SF,970,388,0,0,0,0,0,1,0,0,0,0,0,0,0,0,0,1,1,0,0,0,0,1,0,0,255,65,0.25,0.05,0,0,0.55,0,0.01,0,normal
0,tcp,http,SF,235,32795,0,0,0,0,0,1,0,0,0,0,0,0,0,0,0,4,4,0,0,0,0,1,0,0,176,255,1,0,0.01,0.03,0,0,0,0,normal
0,tcp,http,REJ,0,0,0,0,0,0,0,0,0,0,0,0,0,0,0,0,0,1,1,0,0,1,1,1,0,0,43,255,1,0,0.02,0.12,0,0,1,0.79,normal
0,tcp,ftp_data,SF,383,0,0,0,0,0,0,0,0,0,0,0,0,0,0,0,0,2,2,0,0,0,0,1,0,0,151,26,0.17,0.03,0.17,0,0,0,0.05,0,normal
0,udp,domain_u,SF,42,126,0,0,0,0,0,0,0,0,0,0,0,0,0,0,0,319,319,0,0,0,0,1,0,0,255,254,1,0.01,0,0,0,0,0,0,normal
0,tcp,ftp_data,SF,1376,0,0,0,0,0,0,1,0,0,0,0,0,0,0,0,0,3,3,0,0,0,0,1,0,0,26,15,0.35,0.19,0.35,0.13,0,0,0,0,normal
1,tcp,smtp,SF,2146,332,0,0,0,0,0,1,0,0,0,0,0,0,0,0,0,1,2,0,0,0,0,1,0,1,210,212,0.85,0.02,0,0.01,0,0,0,0,normal
0,tcp,http,SF,250,2196,0,0,0,0,0,1,0,0,0,0,0,0,0,0,0,17,36,0,0,0,0,1,0,0.06,255,255,1,0,0,0,0.01,0.01,0,0,normal
0,tcp,http,SF,228,7333,0,0,0,0,0,1,0,0,0,0,0,0,0,0,0,1,29,0,0,0,0,1,0,0.07,1,255,1,0,1,0.02,0,0,0,0,normal
0,tcp,other,SF,10272,0,0,0,0,0,0,1,0,0,0,0,1,0,0,0,0,11,1,0.09,0,0,0,0.09,0.45,0,59,1,0.02,0.15,0.69,0,0.02,0,0,0,normal
0,tcp,http,SF,271,3315,0,0,0,0,0,1,0,0,0,0,0,0,0,0,0,7,7,0,0,0,0,1,0,0,255,255,1,0,0,0,0,0,0,0,normal
0,tcp,http,SF,236,7610,0,0,0,0,0,1,0,0,0,0,0,0,0,0,0,14,15,0,0,0,0,1,0,0.13,35,255,1,0,0.03,0.04,0,0,0,0.01,normal
0,tcp,http,SF,320,8263,0,0,0,0,0,1,0,0,0,0,0,0,0,0,0,23,32,0,0,0,0,1,0,0.09,23,255,1,0,0.04,0.05,0,0.01,0,0,normal
0,tcp,http,SF,323,1056,0,0,0,0,0,1,0,0,0,0,0,0,0,0,0,6,7,0,0,0,0,1,0,0.29,6,255,1,0,0.17,0.04,0,0,0,0,normal
0,tcp,http,SF,253,1054,0,0,0,0,0,1,0,0,0,0,0,0,0,0,0,9,12,0,0,0,0,1,0,0.17,47,255,1,0,0.02,0.02,0,0,0,0,normal
0,tcp,http,SF,325,186,0,0,0,0,0,1,0,0,0,0,0,0,0,0,0,21,23,0,0,0,0,1,0,0.09,255,255,1,0,0,0,0,0,0,0,normal
0,tcp,http,SF,154,38649,0,0,0,2,0,1,0,0,0,0,0,0,0,0,0,2,2,0,0,0,0,1,0,0,119,255,1,0,0.01,0.02,0,0,0,0,normal
0,tcp,http,SF,191,1938,0,0,0,0,0,1,0,0,0,0,0,0,0,0,0,2,7,0,0,0,0,1,0,0.29,17,255,1,0,0.06,0.07,0,0,0,0,normal
0,tcp,http,SF,317,1040,0,0,0,0,0,1,0,0,0,0,0,0,0,0,0,9,9,0,0,0,0,1,0,0,9,255,1,0,0.11,0.02,0,0,0,0,normal
0,tcp,http,SF,252,1483,0,0,0,0,0,1,0,0,0,0,0,0,0,0,0,8,13,0,0,0,0,1,0,0.15,255,255,1,0,0,0,0,0,0,0,normal
0,icmp,urh_i,SF,36,0,0,0,0,0,0,0,0,0,0,0,0,0,0,0,0,1,1,0,0,0,0,1,0,0,67,4,0.06,0.07,0.06,0,0,0,0,0,normal
0,udp,domain_u,SF,46,72,0,0,0,0,0,0,0,0,0,0,0,0,0,0,0,250,250,0,0,0,0,1,0.01,0.01,255,255,1,0,0,0,0,0,0,0,normal
0,tcp,http,SF,296,7956,0,0,0,0,0,1,0,0,0,0,0,0,0,0,0,39,39,0,0,0,0,1,0,0,255,255,1,0,0,0,0,0,0,0,normal
2035,udp,other,SF,147,105,0,0,0,0,0,0,0,0,0,0,0,0,0,0,0,1,1,0,0,0,0,1,0,0,255,2,0.01,0.62,0.87,0,0,0,0,0,normal
0,tcp,http,SF,220,1205,0,0,0,0,0,1,0,0,0,0,0,0,0,0,0,15,20,0,0,0,0,1,0,0.1,32,255,1,0,0.03,0.05,0,0,0,0,normal
0,tcp,http,SF,187,312,0,0,0,0,0,1,0,0,0,0,0,0,0,0,0,8,12,0,0,0,0,1,0,0.17,255,255,1,0,0,0,0,0,0,0,normal
16872,udp,other,SF,147,105,0,0,0,0,0,0,0,0,0,0,0,0,0,0,0,1,1,0,0,0,0,1,0,0,255,1,0,0.48,0.68,0,0,0,0,0,normal
0,tcp,http,SF,322,656,0,0,0,0,0,1,0,0,0,0,0,0,0,0,0,9,9,0,0,0,0,1,0,0,22,250,1,0,0.05,0.13,0,0,0.59,0.5,normal
0,udp,domain_u,SF,43,132,0,0,0,0,0,0,0,0,0,0,0,0,0,0,0,77,157,0,0,0,0,1,0,0.01,255,240,0.94,0.01,0,0,0,0,0,0,normal
0,tcp,ftp_data,SF,965,0,0,0,0,0,0,1,0,0,0,0,0,0,0,0,0,23,23,0,0,0,0,1,0,0,255,125,0.49,0.02,0.49,0,0,0,0,0,normal
0,tcp,http,SF,279,8936,0,0,0,0,0,1,0,0,0,0,0,0,0,0,0,9,9,0,0,0,0,1,0,0,61,255,1,0,0.02,0.05,0,0,0.02,0.01,normal
9033,udp,other,SF,146,105,0,0,0,0,0,0,0,0,0,0,0,0,0,0,0,1,1,0,0,0,0,1,0,0,255,1,0,0.73,0.96,0,0,0,0,0,normal
0,tcp,http,SF,264,3011,0,0,0,0,0,1,0,0,0,0,0,0,0,0,0,1,1,0,0,0,0,1,0,0,255,241,0.95,0.02,0,0,0,0,0,0,normal
0,tcp,http,SF,238,3862,0,0,0,0,0,1,0,0,0,0,0,0,0,0,0,3,5,0,0,0,0,1,0,0.4,43,255,1,0,0.02,0.01,0,0,0,0,normal
8,tcp,smtp,SF,1630,335,0,0,0,0,0,1,0,0,0,0,0,0,0,0,0,1,2,0,0,0,0,1,0,1,27,187,1,0,0.04,0.02,0,0,0,0,normal
2,tcp,smtp,SF,2140,332,0,0,0,0,0,1,0,0,0,0,0,0,0,0,0,1,1,0,0,0,0,1,0,0,157,101,0.57,0.04,0.01,0.02,0.01,0,0.01,0,normal
0,tcp,http,SF,233,2943,0,0,0,0,0,1,0,0,0,0,0,0,0,0,0,7,7,0,0,0,0,1,0,0,255,255,1,0,0,0,0.01,0.01,0,0,normal
0,tcp,http,SF,289,1719,0,0,0,0,0,1,0,0,0,0,0,0,0,0,0,26,28,0,0,0,0,1,0,0.11,255,255,1,0,0,0,0,0,0,0,normal
0,icmp,eco_i,SF,30,0,0,0,0,0,0,0,0,0,0,0,0,0,0,0,0,1,1,0,0,0,0,1,0,0,16,91,1,0,1,0.43,0,0,0,0,normal
0,tcp,http,SF,231,417,0,0,0,0,0,1,0,0,0,0,0,0,0,0,0,1,1,0,0,0,0,1,0,0,17,17,1,0,0.06,0,0,0,0,0,normal
5,udp,private,SF,105,145,0,0,0,0,0,0,0,0,0,0,0,0,0,0,0,2,2,0,0,0,0,1,0,0,255,234,0.92,0.01,0.02,0,0,0,0,0,normal
0,tcp,http,SF,303,369,0,0,0,0,0,1,0,0,0,0,0,0,0,0,0,17,17,0,0,0,0,1,0,0,17,255,1,0,0.06,0.03,0,0,0,0,normal
0,tcp,ftp_data,SF,4539,0,0,0,0,0,0,0,0,0,0,0,0,0,0,0,0,20,20,0,0,0,0,1,0,0,205,96,0.47,0.03,0.47,0,0,0,0,0,normal
0,tcp,http,SF,307,400,0,0,0,0,0,1,0,0,0,0,0,0,0,0,0,40,42,0,0,0,0,1,0,0.05,255,255,1,0,0,0,0,0,0,0,normal
0,tcp,http,SF,227,9703,0,0,0,0,0,1,0,0,0,0,0,0,0,0,0,17,17,0,0,0,0,1,0,0,255,255,1,0,0,0,0,0,0,0,normal
0,tcp,http,SF,329,2126,0,0,0,0,0,1,0,0,0,0,0,0,0,0,0,5,5,0,0,0,0,1,0,0,183,255,1,0,0.01,0.02,0.01,0,0,0,normal
0,tcp,ftp_data,SF,9178,0,0,0,0,0,0,1,0,0,0,0,0,0,0,0,0,8,10,0,0,0,0,1,0,0.2,255,96,0.38,0.02,0.38,0,0,0,0.02,0,normal
0,tcp,finger,SF,8,139,0,0,0,0,0,0,0,0,0,0,0,0,0,0,0,1,1,0,0,0,0,1,0,0,255,15,0.06,0.02,0,0,0,0.07,0,0,normal
0,udp,domain_u,SF,42,42,0,0,0,0,0,0,0,0,0,0,0,0,0,0,0,13,19,0,0,0,0,1,0,0.11,255,233,0.91,0.01,0.01,0,0,0,0,0,normal
0,tcp,http,SF,307,885,0,0,0,0,0,1,0,0,0,0,0,0,0,0,0,4,6,0,0,0,0,1,0,0.33,5,255,1,0,0.2,0.03,0,0,0,0,normal
0,tcp,http,SF,326,2431,0,0,0,0,0,1,0,0,0,0,0,0,0,0,0,5,13,0,0,0,0,1,0,0.23,246,255,1,0,0,0.01,0,0,0,0,normal
0,tcp,http,SF,313,940,0,0,0,0,0,1,0,0,0,0,0,0,0,0,0,4,29,0,0,0,0,1,0,0.07,255,255,1,0,0,0,0,0,0,0,normal
0,tcp,http,SF,323,608,0,0,0,0,0,1,0,0,0,0,0,0,0,0,0,26,26,0,0,0,0,1,0,0,255,255,1,0,0,0,0,0,0,0,normal
0,tcp,http,SF,206,1286,0,0,0,0,0,1,0,0,0,0,0,0,0,0,0,4,46,0,0,0,0.02,1,0,0.09,255,255,1,0,0,0,0,0,0,0,normal
0,tcp,http,SF,322,998,0,0,0,0,0,1,0,0,0,0,0,0,0,0,0,9,33,0,0,0,0,1,0,0.12,255,255,1,0,0,0,0,0,0,0,normal
0,tcp,http,SF,307,288,0,0,0,0,0,1,0,0,0,0,0,0,0,0,0,10,28,0,0,0.1,0.04,1,0,0.14,41,255,1,0,0.02,0.06,0,0,0.02,0,normal
0,tcp,http,SF,268,10333,0,0,0,0,0,1,0,0,0,0,0,0,0,0,0,5,5,0,0,0,0,1,0,0,12,255,1,0,0.08,0.03,0,0.01,0,0,normal
0,tcp,http,SF,196,7203,0,0,0,0,0,1,0,0,0,0,0,0,0,0,0,15,19,0,0,0,0,1,0,0.16,255,255,1,0,0,0,0,0,0,0,normal
0,tcp,http,SF,292,9001,0,0,0,0,0,1,0,0,0,0,0,0,0,0,0,2,2,0,0,0,0,1,0,0,26,70,1,0,0.04,0.1,0,0,0,0,normal
0,tcp,http,SF,199,986,0,0,0,0,0,1,0,0,0,0,0,0,0,0,0,5,10,0,0,0,0,1,0,0.2,14,255,1,0,0.07,0.05,0,0,0,0,normal
0,tcp,http,SF,193,28696,0,0,0,0,0,1,0,0,0,0,0,0,0,0,0,2,2,0,0,0,0,1,0,0,8,255,1,0,0.12,0.04,0,0,0,0,normal
0,tcp,http,SF,274,15342,0,0,0,0,0,1,0,0,0,0,0,0,0,0,0,6,6,0,0,0,0,1,0,0,255,255,1,0,0.01,0,0,0,0,0,normal
0,tcp,http,SF,248,2006,0,0,0,0,0,1,0,0,0,0,0,0,0,0,0,5,5,0,0,0,0,1,0,0,255,255,1,0,0,0,0,0,0,0,normal
0,tcp,http,SF,299,447,0,0,0,0,0,1,0,0,0,0,0,0,0,0,0,26,44,0,0,0,0,1,0,0.07,255,255,1,0,0,0,0,0,0,0,normal
0,udp,domain_u,SF,46,46,0,0,0,0,0,0,0,0,0,0,0,0,0,0,0,111,111,0,0,0,0,1,0,0,255,255,1,0,0,0,0,0,0,0,normal
0,udp,private,SF,105,147,0,0,0,0,0,0,0,0,0,0,0,0,0,0,0,1,1,0,0,0,0,1,0,0,96,95,0.99,0.02,0.01,0,0,0,0,0,normal
0,icmp,urp_i,SF,81,0,0,0,0,0,0,0,0,0,0,0,0,0,0,0,0,1,1,0,0,0,0,1,0,0,255,3,0.01,0.01,0.01,0,0,0,0,0,normal
0,tcp,http,SF,240,756,0,0,0,0,0,1,0,0,0,0,0,0,0,0,0,8,34,0,0,0,0,1,0,0.15,149,254,1,0,0.01,0.01,0.01,0,0,0,normal
0,tcp,http,SF,171,409,0,0,0,0,0,1,0,0,0,0,0,0,0,0,0,4,4,0.25,0.25,0,0,1,0,0,35,255,1,0,0.03,0.01,0.06,0.01,0,0,normal
2,tcp,ftp_data,SF,2194619,0,0,0,0,0,0,1,0,0,0,0,0,0,0,0,0,1,1,0,0,0,0,1,0,0,231,9,0.04,0.45,0.04,0,0,0,0,0,normal
0,udp,domain_u,SF,45,134,0,0,0,0,0,0,0,0,0,0,0,0,0,0,0,64,144,0,0,0,0,1,0,0.01,255,215,0.84,0.01,0,0,0,0,0,0,normal
14,udp,private,SF,105,147,0,0,0,0,0,0,0,0,0,0,0,0,0,0,0,2,2,0,0,0,0,1,0,0,89,83,0.93,0.03,0.03,0,0,0,0,0,normal
0,tcp,http,SF,248,501,0,0,0,0,0,1,0,0,0,0,0,0,0,0,0,7,7,0,0,0,0,1,0,0,63,133,1,0,0.02,0.03,0,0,0,0,normal
0,tcp,http,SF,299,392,0,0,0,0,0,1,0,0,0,0,0,0,0,0,0,9,18,0,0,0,0,1,0,0.11,255,255,1,0,0,0,0,0,0,0,normal
0,tcp,smtp,SF,2265,387,0,0,0,0,0,1,0,0,0,0,0,0,0,0,0,1,1,0,0,0,0,1,0,0,255,14,0.05,0.02,0,0,0.87,0,0,0,normal
0,tcp,http,REJ,0,0,0,0,0,0,0,0,0,0,0,0,0,0,0,0,0,1,2,0,0,1,1,1,0,1,13,95,1,0,0.08,0.23,0,0,1,1,normal
0,tcp,ftp_data,SF,252,0,0,0,0,0,0,1,0,0,0,0,0,0,0,0,0,1,1,0,0,0,0,1,0,0,56,62,0.12,0.07,0.12,0.05,0,0,0,0,normal
0,tcp,http,SF,309,390,0,0,0,0,0,1,0,0,0,0,0,0,0,0,0,1,2,0,0,0,0,1,0,1,7,255,1,0,0.14,0.04,0,0,0,0,normal
0,tcp,http,SF,289,16639,0,0,0,0,0,1,0,0,0,0,0,0,0,0,0,7,7,0,0,0,0,1,0,0,44,255,1,0,0.02,0.04,0,0,0,0,normal
0,tcp,http,SF,205,95839,0,0,0,0,0,1,0,0,0,0,0,0,0,0,0,4,4,0.25,0.25,0,0,1,0,0,88,255,1,0,0.01,0.04,0.01,0.01,0.01,0,normal
0,icmp,urp_i,SF,87,0,0,0,0,0,0,0,0,0,0,0,0,0,0,0,0,4,1,0,0,0,0,0.25,0.5,0,255,4,0.02,0.01,0.02,0,0,0,0,0,normal
0,tcp,http,SF,326,942,0,0,0,0,0,1,0,0,0,0,0,0,0,0,0,4,11,0,0,0,0,1,0,0.18,219,255,1,0,0,0.01,0,0,0,0,normal
0,icmp,urp_i,SF,183,0,0,0,0,0,0,0,0,0,0,0,0,0,0,0,0,2,1,0,0,0,0,0.5,1,0,255,22,0.09,0.01,0.1,0,0,0,0,0,normal
0,tcp,http,SF,284,170,0,0,0,0,0,1,0,0,0,0,0,0,0,0,0,1,1,0,0,0,0,1,0,0,13,255,1,0,0.08,0.06,0,0,0,0,normal
0,tcp,http,SF,191,1528,0,0,0,0,0,1,0,0,0,0,0,0,0,0,0,8,20,0,0,0,0,1,0,0.2,8,255,1,0,0.12,0.01,0,0,0,0,normal
0,tcp,http,REJ,0,0,0,0,0,0,0,0,0,0,0,0,0,0,0,0,0,1,1,0,0,1,1,1,0,0,169,118,0.7,0.02,0.01,0,0,0,0.7,1,normal
0,tcp,ftp_data,SF,192,0,0,0,0,0,0,0,0,0,0,0,0,0,0,0,0,2,2,0,0,0,0,1,0,0,5,49,0.8,0.4,0.8,0.06,0,0,0,0,normal
0,tcp,http,SF,196,14123,0,0,0,0,0,1,0,0,0,0,0,0,0,0,0,8,8,0,0,0,0,1,0,0,87,255,1,0,0.01,0.04,0,0,0,0,normal
0,tcp,http,SF,222,1295,0,0,0,0,0,1,0,0,0,0,0,0,0,0,0,1,1,0,0,0,0,1,0,0,22,22,1,0,0.05,0,0,0,0,0,normal
0,tcp,http,SF,240,1469,0,0,0,0,0,1,0,0,0,0,0,0,0,0,0,3,3,0,0,0,0,1,0,0,66,255,1,0,0.02,0.02,0,0,0,0,normal
0,tcp,http,SF,334,279,0,0,0,0,0,1,0,0,0,0,0,0,0,0,0,4,8,0,0,0,0,1,0,0.25,255,248,0.97,0.01,0,0,0,0,0,0,normal
4,tcp,smtp,SF,886,326,0,0,0,0,0,1,0,0,0,0,0,0,0,0,0,1,1,0,0,0,0,1,0,0,135,60,0.44,0.02,0.01,0,0,0,0,0,normal
0,udp,domain_u,SF,42,42,0,0,0,0,0,0,0,0,0,0,0,0,0,0,0,12,20,0,0,0,0,1,0,0.2,255,243,0.95,0.01,0,0,0,0,0,0,normal
0,udp,domain_u,SF,46,46,0,0,0,0,0,0,0,0,0,0,0,0,0,0,0,113,113,0,0,0,0,1,0,0,255,245,0.96,0.01,0,0,0,0,0,0,normal
9094,udp,other,SF,145,105,0,0,0,0,0,0,0,0,0,0,0,0,0,0,0,1,1,0,0,0,0,1,0,0,255,1,0,0.54,0.84,0,0,0,0,0,normal
0,tcp,http,SF,316,3605,0,0,0,0,0,1,0,0,0,0,0,0,0,0,0,24,24,0,0,0,0,1,0,0,49,255,1,0,0.02,0.03,0,0,0,0,normal
0,tcp,http,SF,234,927,0,0,0,0,0,1,0,0,0,0,0,0,0,0,0,3,4,0,0,0,0,1,0,0.5,3,255,1,0,0.33,0.06,0,0,0,0,normal
0,tcp,http,SF,257,418,0,0,0,0,0,1,0,0,0,0,0,0,0,0,0,1,1,0,0,0,0,1,0,0,207,255,1,0,0,0.02,0,0,0,0,normal
0,tcp,http,SF,242,669,0,0,0,0,0,1,0,0,0,0,0,0,0,0,0,8,8,0,0,0,0,1,0,0,255,255,1,0,0,0,0,0,0,0,normal
11460,tcp,telnet,SF,3227,36853,0,0,0,1,0,1,0,0,0,0,17,0,0,0,0,1,1,0,0,0,0,1,0,0,132,13,0.1,0.04,0.01,0,0.02,0.23,0,0,normal
2,tcp,smtp,SF,1258,359,0,0,0,0,0,1,0,0,0,0,0,0,0,0,0,1,1,0,0,0,0,1,0,0,214,192,0.72,0.02,0,0.01,0,0,0,0,normal
0,tcp,http,SF,373,1575,0,0,0,0,0,1,0,0,0,0,0,0,0,0,0,7,7,0,0,0,0,1,0,0,72,255,1,0,0.01,0.03,0.01,0,0,0,normal
0,tcp,http,SF,322,16407,0,0,0,0,0,1,0,0,0,0,0,0,0,0,0,4,4,0,0,0,0,1,0,0,9,200,1,0,0.11,0.05,0,0,0,0,normal
0,tcp,ftp_data,SF,884,0,0,0,0,0,0,1,0,0,0,0,0,0,0,0,0,2,2,0,0,0,0,1,0,0,15,6,0.4,0.2,0.4,0,0,0,0,0,normal
0,tcp,http,SF,357,841,0,0,0,0,0,1,0,0,0,0,0,0,0,0,0,23,27,0,0,0,0,1,0,0.07,255,255,1,0,0,0,0,0,0,0,normal
0,icmp,ecr_i,SF,30,0,0,0,0,0,0,0,0,0,0,0,0,0,0,0,0,1,1,0,0,0,0,1,0,0,163,163,1,0,1,0,0,0,0,0,normal
0,tcp,http,SF,208,424,0,0,0,0,0,1,0,0,0,0,0,0,0,0,0,7,12,0,0,0,0,1,0,0.17,7,255,1,0,0.14,0.02,0,0,0,0,normal
0,udp,domain_u,SF,44,76,0,0,0,0,0,0,0,0,0,0,0,0,0,0,0,116,116,0,0,0,0,1,0,0,255,255,1,0,0,0,0,0,0,0,normal
0,tcp,ftp_data,SF,276,0,0,0,0,0,0,0,0,0,0,0,0,0,0,0,0,2,2,0,0,0,0,1,0,0,177,45,0.25,0.03,0.25,0,0,0,0.05,0,normal
0,tcp,auth,SF,10,35,0,0,0,0,0,1,0,0,0,0,0,0,0,0,0,2,1,0,0,0,0,0.5,1,0,93,19,0.14,0.04,0.01,0.16,0,0,0,0,normal
0,tcp,http,SF,236,1215,0,0,0,0,0,1,0,0,0,0,0,0,0,0,0,14,25,0,0,0.07,0.04,1,0,0.08,164,255,1,0,0.01,0.03,0,0,0.01,0,normal
0,udp,private,SF,105,146,0,0,0,0,0,0,0,0,0,0,0,0,0,0,0,1,1,0,0,0,0,1,0,0,234,224,0.96,0.01,0,0,0,0,0,0,normal
0,tcp,http,SF,229,1003,0,0,0,0,0,1,0,0,0,0,0,0,0,0,0,32,45,0,0,0,0,1,0,0.04,110,255,1,0,0.01,0.02,0,0,0,0,normal
0,udp,ntp_u,SF,48,48,0,0,0,0,0,0,0,0,0,0,0,0,0,0,0,1,1,0,0,0,0,1,0,0,45,24,0.53,0.07,0.53,0,0,0,0,0,normal
0,tcp,http,REJ,0,0,0,0,0,0,0,0,0,0,0,0,0,0,0,0,0,1,5,0,0,1,1,1,0,1,8,255,1,0,0.12,0.21,0,0.01,1,0.99,normal
0,tcp,http,SF,288,555,0,0,0,0,0,1,0,0,0,0,0,0,0,0,0,7,21,0,0,0,0,1,0,0.19,42,231,1,0,0.02,0.04,0,0,0,0,normal
102,tcp,ftp,SF,1466,4152,0,0,0,30,0,1,0,0,0,0,0,0,0,0,1,1,1,0,0,0,0,1,0,0,133,33,0.25,0.03,0.01,0,0,0,0,0,normal
0,icmp,urh_i,SF,36,0,0,0,0,0,0,0,0,0,0,0,0,0,0,0,0,2,1,0,0,0,0,0.5,1,0,195,81,0.25,0.04,0.25,0.02,0,0,0,0,normal
1,tcp,smtp,SF,942,374,0,0,0,0,0,1,0,0,0,0,0,0,0,0,0,1,2,0,0,0,0,1,0,1,214,106,0.39,0.02,0,0.02,0,0,0,0,normal
3,tcp,smtp,SF,2491,366,0,0,0,0,0,1,0,0,0,0,0,0,0,0,0,1,3,0,0,0,0,1,0,1,107,171,0.45,0.03,0.01,0.02,0.01,0,0,0,normal
0,udp,domain_u,SF,42,42,0,0,0,0,0,0,0,0,0,0,0,0,0,0,0,19,30,0,0,0,0,1,0,0.1,255,254,1,0.01,0.01,0,0,0,0,0,normal
0,tcp,ftp_data,SF,4753,0,0,0,0,0,0,0,0,0,0,0,0,0,0,0,0,18,18,0,0,0,0,1,0,0,255,24,0.09,0.58,0.09,0,0,0,0,0,normal
15,tcp,smtp,SF,12715,1459,0,0,0,0,0,1,0,0,0,0,0,0,0,0,0,1,1,0,0,0,0,1,0,0,67,129,0.55,0.06,0.01,0.02,0,0.12,0,0,normal
0,udp,domain_u,SF,43,125,0,0,0,0,0,0,0,0,0,0,0,0,0,0,0,171,248,0,0,0,0,0.99,0.01,0.01,173,134,0.77,0.02,0.01,0,0,0,0,0,normal
0,tcp,http,SF,212,6134,0,0,0,0,0,1,0,0,0,0,0,0,0,0,0,6,6,0,0,0,0,1,0,0,6,255,1,0,0.17,0.02,0,0,0,0,normal
0,tcp,http,SF,210,1863,0,0,0,0,0,1,0,0,0,0,0,0,0,0,0,7,7,0,0,0,0,1,0,0,255,255,1,0,0.01,0,0,0,0,0,normal
0,tcp,http,SF,245,1761,0,0,0,0,0,1,0,0,0,0,0,0,0,0,0,3,4,0,0,0,0,1,0,0.5,42,255,1,0,0.02,0.02,0,0,0,0,normal
0,tcp,http,SF,281,3816,0,0,0,0,0,1,0,0,0,0,0,0,0,0,0,8,37,0,0,0,0,1,0,0.14,29,255,1,0,0.03,0.05,0,0,0,0,normal
0,tcp,http,REJ,0,0,0,0,0,0,0,0,0,0,0,0,0,0,0,0,0,1,1,0,0,1,1,1,0,0,44,255,1,0,0.02,0.09,0,0,1,0.99,normal
0,tcp,ftp_data,SF,95,0,0,0,0,0,0,1,0,0,0,0,0,0,0,0,0,4,4,0,0,0,0,1,0,0,32,79,0.47,0.06,0.47,0.04,0.03,0.01,0,0,normal
0,icmp,urp_i,SF,78,0,0,0,0,0,0,0,0,0,0,0,0,0,0,0,0,10,1,0,0,0,0,0.1,0.2,0,255,4,0.02,0.01,0.02,0,0,0,0,0,normal
0,tcp,http,SF,233,13807,0,0,0,0,0,1,0,0,0,0,0,0,0,0,0,20,34,0,0,0,0,1,0,0.12,255,255,1,0,0,0,0,0,0,0,normal
0,tcp,http,SF,309,755,0,0,0,0,0,1,0,0,0,0,0,0,0,0,0,3,12,0,0,0,0,1,0,0.17,71,255,1,0,0.01,0.02,0.01,0.01,0,0,normal
0,udp,domain_u,SF,44,134,0,0,0,0,0,0,0,0,0,0,0,0,0,0,0,65,145,0,0,0,0,1,0,0.01,255,255,1,0,0,0,0,0,0,0,normal
0,udp,domain_u,SF,46,80,0,0,0,0,0,0,0,0,0,0,0,0,0,0,0,61,141,0,0,0,0,1,0,0.01,255,217,0.85,0.01,0,0,0,0,0,0,normal
0,udp,domain_u,SF,44,44,0,0,0,0,0,0,0,0,0,0,0,0,0,0,0,129,131,0,0,0,0,1,0,0.02,255,228,0.89,0.01,0.01,0,0,0,0,0,normal
0,udp,private,SF,105,145,0,0,0,0,0,0,0,0,0,0,0,0,0,0,0,1,1,0,0,0,0,1,0,0,21,13,0.62,0.14,0.1,0,0,0,0,0,normal
0,udp,domain_u,SF,43,134,0,0,0,0,0,0,0,0,0,0,0,0,0,0,0,76,156,0,0,0,0,1,0,0.01,255,254,1,0.01,0,0,0,0,0,0,normal
0,tcp,finger,SF,7,221,0,0,0,0,0,0,0,0,0,0,0,0,0,0,0,1,1,0,0,0,0,1,0,0,234,10,0.04,0.02,0,0,0,0,0,0,normal
0,tcp,ftp_data,SF,2890,0,0,0,0,0,0,1,0,0,0,0,0,0,0,0,0,7,7,0,0,0,0,1,0,0,19,47,0.68,0.11,0.68,0.04,0,0,0,0,normal
0,tcp,http,SF,190,244,0,0,0,0,0,1,0,0,0,0,0,0,0,0,0,27,28,0,0,0,0,1,0,0.07,255,255,1,0,0,0,0,0,0.01,0.01,normal
0,tcp,http,SF,350,590,0,0,0,0,0,1,0,0,0,0,0,0,0,0,0,1,3,0,0,0,0,1,0,0.67,2,255,1,0,0.5,0.01,0,0,0,0,normal
0,tcp,http,SF,291,2669,0,0,0,0,0,1,0,0,0,0,0,0,0,0,0,29,29,0,0,0,0,1,0,0,255,255,1,0,0,0,0,0,0,0,normal
0,udp,domain_u,SF,46,128,0,0,0,0,0,0,0,0,0,0,0,0,0,0,0,19,79,0,0,0,0,1,0,0.03,255,238,0.93,0.01,0,0,0,0,0,0,normal
0,tcp,http,SF,212,984,0,0,0,0,0,1,0,0,0,0,0,0,0,0,0,36,36,0,0,0,0,1,0,0,255,255,1,0,0,0,0,0,0,0,normal
23,tcp,ftp,SF,284,903,0,0,0,5,0,1,0,0,0,0,0,0,0,0,1,1,1,0,0,0,0,1,0,0,25,2,0.08,0.16,0.04,0,0,0,0,0,normal
0,tcp,smtp,SF,906,408,0,0,0,0,0,1,0,0,0,0,1,0,0,0,0,1,1,0,0,0,0,1,0,0,22,215,0.32,0.09,0.05,0.01,0.68,0,0,0,normal
0,tcp,smtp,SF,696,333,0,0,0,0,0,1,0,0,0,0,0,0,0,0,0,1,1,0,0,0,0,1,0,0,109,133,0.39,0.04,0.01,0.02,0,0,0,0,normal
0,icmp,ecr_i,SF,30,0,0,0,0,0,0,0,0,0,0,0,0,0,0,0,0,1,1,0,0,0,0,1,0,0,96,96,1,0,1,0,0,0,0,0,normal
0,tcp,http,SF,210,806,0,0,0,0,0,1,0,0,0,0,0,0,0,0,0,7,7,0,0,0,0,1,0,0,7,255,1,0,0.14,0.02,0,0,0,0,normal
0,icmp,urp_i,SF,65,0,0,0,0,0,0,0,0,0,0,0,0,0,0,0,0,9,2,0,0,0,0,0.22,0.22,0,255,16,0.06,0.01,0.06,0,0,0,0,0,normal
0,tcp,smtp,SF,2615,326,0,0,0,0,0,1,0,0,0,0,0,0,0,0,0,2,2,0,0,0,0,0.5,1,1,255,14,0.05,0.68,0,0,0,0,0,0,normal
0,tcp,http,SF,338,1228,0,0,0,0,0,1,0,0,0,0,0,0,0,0,0,13,16,0,0,0,0,1,0,0.25,255,255,1,0,0,0,0,0,0,0,normal
2629,udp,other,SF,145,105,0,0,0,0,0,0,0,0,0,0,0,0,0,0,0,1,1,0,0,0,0,1,0,0,255,1,0,0.84,1,0,0,0,0,0,normal
0,tcp,smtp,S1,125,235,0,0,0,0,0,1,0,0,0,0,0,0,0,0,0,1,1,1,1,0,0,1,0,0,145,171,0.76,0.03,0.01,0.02,0.01,0.01,0,0,normal
0,tcp,http,SF,209,577,0,0,0,0,0,1,0,0,0,0,0,0,0,0,0,10,10,0,0,0,0,1,0,0,10,255,1,0,0.1,0.03,0,0,0,0,normal
4685,udp,other,SF,145,105,0,0,0,0,0,0,0,0,0,0,0,0,0,0,0,2,2,0,0,0,0,1,0,0,255,2,0.01,0.66,0.96,0,0,0,0,0,normal
0,tcp,http,SF,241,2324,0,0,0,0,0,1,0,0,0,0,0,0,0,0,0,18,18,0,0,0,0,1,0,0,179,255,1,0,0.01,0.02,0,0,0,0,normal
0,tcp,smtp,S0,0,0,0,0,0,0,0,0,0,0,0,0,0,0,0,0,0,2,3,0.5,0.33,0,0,1,0,0.67,204,152,0.58,0.02,0.01,0.01,0,0.02,0,0,normal
0,udp,domain_u,SF,44,44,0,0,0,0,0,0,0,0,0,0,0,0,0,0,0,86,166,0,0,0,0,1,0,0.01,255,255,1,0,0.01,0,0,0,0,0,normal
0,tcp,http,SF,318,3016,0,0,0,0,0,1,0,0,0,0,0,0,0,0,0,24,24,0,0,0,0,1,0,0,255,255,1,0,0,0,0,0,0,0,normal
10946,tcp,telnet,SF,109,3245,0,0,0,0,0,1,0,0,0,0,0,0,0,0,0,1,1,0,0,0,0,1,0,0,27,8,0.3,0.15,0.04,0,0.04,0.12,0,0,normal
0,tcp,http,SF,307,635,0,0,0,0,0,1,0,0,0,0,0,0,0,0,0,35,35,0,0,0,0,1,0,0,255,255,1,0,0,0,0,0,0,0,normal
0,tcp,http,SF,345,713,0,0,0,0,0,1,0,0,0,0,0,0,0,0,0,2,2,0,0,0,0,1,0,0,34,205,1,0,0.03,0.08,0,0,0,0,normal
0,tcp,http,SF,292,6669,0,0,0,0,0,1,0,0,0,0,0,0,0,0,0,10,17,0,0,0,0,1,0,0.18,46,255,1,0,0.02,0.01,0,0.01,0.02,0,normal
0,tcp,ftp_data,SF,6601,0,0,0,0,0,0,1,0,0,0,0,0,0,0,0,0,18,18,0,0,0,0,1,0,0,178,87,0.35,0.03,0.35,0.02,0,0,0.02,0,normal
0,tcp,http,SF,320,8263,0,0,0,0,0,1,0,0,0,0,0,0,0,0,0,23,32,0,0,0,0,1,0,0.09,23,255,1,0,0.04,0.05,0,0.01,0,0,normal
0,icmp,urp_i,SF,181,0,0,0,0,0,0,0,0,0,0,0,0,0,0,0,0,2,1,0,0,0,0,0.5,1,0,255,65,0.25,0.01,0.32,0,0,0,0,0,normal
0,udp,domain_u,SF,43,126,0,0,0,0,0,0,0,0,0,0,0,0,0,0,0,198,275,0,0,0,0,0.99,0.01,0.01,200,161,0.81,0.01,0,0,0,0,0,0,normal
0,tcp,http,SF,316,505,0,0,0,0,0,1,0,0,0,0,0,0,0,0,0,19,19,0,0,0,0,1,0,0,19,255,1,0,0.05,0.03,0,0.01,0,0,normal
0,tcp,ftp_data,SF,12286,0,0,0,0,0,0,1,0,0,0,0,0,0,0,0,0,3,4,0,0,0,0,1,0,0.5,9,54,1,0,1,0.04,0,0,0,0,normal
0,tcp,http,SF,211,861,0,0,0,0,0,1,0,0,0,0,0,0,0,0,0,16,16,0,0,0,0,1,0,0,151,204,1,0,0.01,0.05,0,0,0,0,normal
0,tcp,http,SF,301,3654,0,0,0,0,0,1,0,0,0,0,0,0,0,0,0,15,29,0,0,0,0,1,0,0.07,15,255,1,0,0.07,0.03,0,0,0,0,normal
0,udp,private,SF,105,145,0,0,0,0,0,0,0,0,0,0,0,0,0,0,0,1,1,0,0,0,0,1,0,0,78,78,1,0,0.01,0,0,0,0,0,normal
0,tcp,smtp,SF,3081,334,0,0,0,0,0,1,0,0,0,0,0,0,0,0,0,1,1,0,0,0,0,1,0,0,4,174,0.75,0.5,0.25,0.01,0,0,0,0,normal
0,udp,domain_u,SF,46,75,0,0,0,0,0,0,0,0,0,0,0,0,0,0,0,105,105,0,0,0,0,1,0,0,255,254,1,0.01,0,0,0,0,0,0,normal
0,udp,domain_u,SF,43,125,0,0,0,0,0,0,0,0,0,0,0,0,0,0,0,70,150,0,0,0,0,1,0,0.01,255,254,1,0.01,0,0,0,0,0,0,normal
0,tcp,smtp,SF,3064,336,0,0,0,0,0,1,0,0,0,0,0,0,0,0,0,1,1,0,0,0,0,1,0,0,255,64,0.25,0.35,0,0,0,0,0,0,normal
0,tcp,http,SF,337,10541,0,0,0,0,0,1,0,0,0,0,0,0,0,0,0,14,14,0,0,0,0,1,0,0,35,255,1,0,0.03,0.04,0,0,0,0,normal
0,udp,domain_u,SF,45,45,0,0,0,0,0,0,0,0,0,0,0,0,0,0,0,80,160,0,0,0,0,0.99,0.03,0.01,255,249,0.98,0.01,0,0,0,0,0,0,normal
0,udp,domain_u,SF,44,76,0,0,0,0,0,0,0,0,0,0,0,0,0,0,0,49,49,0,0,0,0,1,0,0,118,99,0.84,0.02,0.01,0,0,0,0,0,normal
0,tcp,ftp_data,SF,1363,0,0,0,0,0,0,1,0,0,0,0,0,0,0,0,0,11,12,0,0,0,0,1,0,0.17,31,56,0.55,0.1,0.55,0.05,0,0,0,0,normal
0,tcp,http,SF,164,9785,0,0,0,0,0,1,0,0,0,0,0,0,0,0,0,1,1,0,0,0,0,1,0,0,83,255,1,0,0.01,0.05,0,0,0,0,normal
0,udp,domain_u,SF,22,75,0,0,0,0,0,0,0,0,0,0,0,0,0,0,0,2,1,0,0,0,0,0.5,1,0,94,89,0.95,0.02,0.01,0,0,0,0,0,normal
0,tcp,ftp_data,SF,383,0,0,0,0,0,0,0,0,0,0,0,0,0,0,0,0,2,2,0,0,0,0,1,0,0,166,18,0.05,0.02,0.05,0.11,0.01,0,0,0,normal
0,tcp,http,SF,305,3819,0,0,0,0,0,1,0,0,0,0,0,0,0,0,0,2,2,0,0,0,0,1,0,0,8,255,1,0,0.12,0.03,0,0,0,0,normal
0,tcp,http,REJ,0,0,0,0,0,0,0,0,0,0,0,0,0,0,0,0,0,1,1,0,0,1,1,1,0,0,7,255,1,0,0.14,0.22,0,0,0.57,0.99,normal
21,tcp,ftp,SF,225,767,0,0,0,4,0,1,0,0,0,0,0,0,0,0,1,1,1,0,0,0,0,1,0,0,255,70,0.27,0.02,0,0,0,0,0,0,normal
0,tcp,http,SF,317,2491,0,0,0,0,0,1,0,0,0,0,0,0,0,0,0,4,4,0,0,0,0,1,0,0,4,255,1,0,0.25,0.02,0,0,0,0,normal
1,tcp,telnet,SF,24,36,0,0,0,0,0,0,0,0,0,0,0,0,0,0,0,1,1,0,0,0,0,1,0,0,61,2,0.02,0.08,0.02,1,0,0.5,0,0,normal
0,tcp,http,SF,193,929,0,0,0,0,0,1,0,0,0,0,0,0,0,0,0,6,6,0,0,0,0,1,0,0,6,255,1,0,0.17,0.03,0,0.01,0,0.01,normal
0,tcp,http,SF,319,3432,0,0,0,0,0,1,0,0,0,0,0,0,0,0,0,9,9,0,0,0,0,1,0,0,9,255,1,0,0.11,0.01,0,0,0,0,normal
0,tcp,http,SF,353,2251,0,0,0,0,0,1,0,0,0,0,0,0,0,0,0,2,2,0,0,0,0,1,0,0,255,255,1,0,0,0,0,0,0,0,normal
0,tcp,http,SF,284,1444,0,0,0,0,0,1,0,0,0,0,0,0,0,0,0,18,18,0,0,0,0,1,0,0,62,172,1,0,0.02,0.03,0,0,0,0,normal
31,tcp,ftp,SF,1513,4152,0,0,0,30,0,1,0,0,0,0,0,0,0,0,1,1,1,0,0,0,0,1,0,0,1,1,1,0,1,0,0,0,0,0,normal
0,udp,domain_u,SF,45,77,0,0,0,0,0,0,0,0,0,0,0,0,0,0,0,95,95,0,0,0,0,1,0,0,255,223,0.87,0.01,0,0,0,0,0,0,normal
0,tcp,http,SF,206,576,0,0,0,0,0,1,0,0,0,0,0,0,0,0,0,14,14,0,0,0,0,1,0,0,147,255,1,0,0.01,0.01,0,0,0,0,normal
0,tcp,http,SF,251,272,0,0,0,0,0,1,0,0,0,0,0,0,0,0,0,2,2,0,0,0,0,1,0,0,255,249,0.98,0.01,0,0,0,0,0,0,normal
1,tcp,smtp,SF,1250,327,0,0,0,0,0,1,0,0,0,0,0,0,0,0,0,1,2,0,0,0,0,1,0,1,103,142,0.61,0.06,0.01,0.01,0,0,0,0,normal
1,udp,private,SF,105,147,0,0,0,0,0,0,0,0,0,0,0,0,0,0,0,2,2,0,0,0,0,1,0,0,41,5,0.12,0.05,0.05,0,0,0,0,0,normal
0,udp,domain_u,SF,44,138,0,0,0,0,0,0,0,0,0,0,0,0,0,0,0,291,291,0,0,0,0,1,0,0,255,253,0.99,0.01,0,0,0,0,0,0,normal
55,tcp,http,SF,243,238,0,0,0,0,0,1,0,0,0,0,0,0,0,0,0,1,3,0,0,0,0,1,0,1,4,255,1,0,0.25,0.02,0,0,0,0,normal
0,tcp,http,SF,218,2839,0,0,0,0,0,1,0,0,0,0,0,0,0,0,0,8,8,0,0,0,0,1,0,0,255,255,1,0,0,0,0,0,0,0,normal
0,tcp,http,SF,227,3898,0,0,0,0,0,1,0,0,0,0,0,0,0,0,0,4,14,0,0,0,0,1,0,0.14,34,255,1,0,0.03,0.02,0,0,0,0,normal
0,tcp,http,SF,213,1108,0,0,0,0,0,1,0,0,0,0,0,0,0,0,0,4,9,0.25,0.22,0,0,1,0,0.33,255,255,1,0,0,0,0.01,0.01,0,0,normal
0,udp,domain_u,SF,42,42,0,0,0,0,0,0,0,0,0,0,0,0,0,0,0,5,10,0,0,0,0,1,0,0.4,255,235,0.92,0.01,0,0,0,0,0,0,normal
0,tcp,http,SF,313,313,0,0,0,0,0,1,0,0,0,0,0,0,0,0,0,10,12,0,0,0,0,1,0,0.25,255,255,1,0,0,0,0,0,0,0,normal
0,tcp,http,SF,192,762,0,0,0,0,0,1,0,0,0,0,0,0,0,0,0,1,9,0,0,0,0,1,0,0.22,42,255,1,0,0.02,0.01,0,0,0,0,normal
0,tcp,http,SF,324,456,0,0,0,0,0,1,0,0,0,0,0,0,0,0,0,4,4,0,0,0,0,1,0,0,224,255,1,0,0,0.02,0,0,0,0,normal
0,tcp,smtp,SF,12338,918,0,0,0,0,0,1,0,0,0,0,0,0,0,0,0,1,1,0,0,0,0,1,0,0,255,7,0.03,0.01,0,0,0,0,0,0,normal
0,tcp,ftp_data,SF,4316,0,0,0,0,0,0,1,0,0,0,0,0,1,0,0,0,8,8,0,0,0,0,1,0,0,92,38,0.41,0.04,0.41,0,0,0,0,0,normal
0,tcp,http,SF,213,2713,0,0,0,0,0,1,0,0,0,0,0,0,0,0,0,1,1,0,0,0,0,1,0,0,1,255,1,0,1,0.05,0,0,0,0,normal
0,udp,other,SF,145,0,0,0,0,0,0,0,0,0,0,0,0,0,0,0,0,1,1,0,0,0,0,1,0,0,255,2,0.01,0.64,0.95,0,0,0,0,0,normal
0,tcp,http,SF,231,5417,0,0,0,0,0,1,0,0,0,0,0,0,0,0,0,11,21,0,0,0,0,1,0,0.1,45,255,1,0,0.02,0.01,0,0,0,0,normal
11,tcp,smtp,SF,2119,332,0,0,0,0,0,1,0,0,0,0,0,0,0,0,0,1,1,0,0,0,0,1,0,0,8,6,0.75,0.25,0.12,0,0,0,0,0,normal
0,tcp,ftp_data,SF,6601,0,0,0,0,0,0,1,0,0,0,0,0,0,0,0,0,18,18,0,0,0,0,1,0,0,178,87,0.35,0.03,0.35,0.02,0,0,0.02,0,normal
0,tcp,http,SF,269,2117,0,0,0,0,0,1,0,0,0,0,0,0,0,0,0,13,13,0,0,0,0,1,0,0,119,255,1,0,0.01,0.02,0,0,0,0,normal
0,tcp,http,SF,313,11759,0,0,0,0,0,1,0,0,0,0,0,0,0,0,0,3,3,0,0,0,0,1,0,0,6,255,1,0,0.17,0.02,0,0,0,0,normal
0,icmp,ecr_i,SF,20,0,0,0,0,0,0,0,0,0,0,0,0,0,0,0,0,1,1,0,0,0,0,1,0,0,1,1,1,0,1,0,0,0,0,0,normal
0,tcp,http,SF,418,9927,0,0,0,0,0,1,0,0,0,0,0,0,0,0,0,9,9,0,0,0,0,1,0,0,77,245,1,0,0.01,0.18,0,0,0.16,0.73,normal
0,udp,other,SF,145,0,0,0,0,0,0,0,0,0,0,0,0,0,0,0,0,3,1,0,0,0,0,0.33,0.67,0,255,1,0,0.51,0.88,0,0,0,0,0,normal
0,udp,domain_u,SF,44,92,0,0,0,0,0,0,0,0,0,0,0,0,0,0,0,174,174,0,0,0,0,1,0,0,255,255,1,0,0,0,0,0,0,0,normal
0,icmp,eco_i,SF,30,0,0,0,0,0,0,0,0,0,0,0,0,0,0,0,0,6,2,0,0,0,0,0.33,0.33,0,255,2,0.01,0.01,0.05,0,0,0,0,0,normal
0,tcp,http,SF,260,1596,0,0,0,0,0,1,0,0,0,0,0,0,0,0,0,2,3,0,0,0,0,1,0,0.67,43,240,1,0,0.02,0.03,0,0.01,0,0,normal
0,tcp,http,SF,223,2137,0,0,0,0,0,1,0,0,0,0,0,0,0,0,0,18,23,0,0,0.06,0.04,1,0,0.09,51,255,1,0,0.02,0.01,0,0,0.02,0,normal
0,tcp,http,REJ,0,0,0,0,0,0,0,0,0,0,0,0,0,0,0,0,0,1,1,0,0,1,1,1,0,0,12,255,1,0,0.08,0.18,0,0,1,0.99,normal
0,tcp,http,SF,285,25519,0,0,0,0,0,1,0,0,0,0,0,0,0,0,0,2,27,0,0,0,0,1,0,0.19,49,255,1,0,0.02,0.04,0,0,0,0,normal
0,tcp,http,SF,317,23209,0,0,0,0,0,1,0,0,0,0,0,0,0,0,0,1,2,0,0,0,0,1,0,1,255,255,1,0,0,0,0,0,0,0,normal
0,tcp,http,SF,209,1080,0,0,0,0,0,1,0,0,0,0,0,0,0,0,0,16,16,0,0,0,0,1,0,0,255,255,1,0,0,0,0,0,0,0,normal
0,tcp,IRC,S1,44788,48103,0,0,0,0,0,1,0,0,0,0,0,0,0,0,0,1,1,1,1,0,0,1,0,0,5,4,0.8,0.4,0.2,0,0.4,0.5,0,0,normal
0,udp,private,SF,105,146,0,0,0,0,0,0,0,0,0,0,0,0,0,0,0,1,1,0,0,0,0,1,0,0,97,84,0.87,0.02,0.01,0,0,0,0,0,normal
0,tcp,http,SF,307,1212,0,0,0,0,0,1,0,0,0,0,0,0,0,0,0,10,10,0,0,0,0,1,0,0,255,255,1,0,0,0,0,0,0,0,normal
264,tcp,telnet,SF,174,4267,0,0,0,0,0,1,2,0,0,0,0,0,0,0,0,1,1,0,0,0,0,1,0,0,45,17,0.38,0.09,0.02,0,0,0,0.04,0.12,normal
0,tcp,http,SF,200,6529,0,0,0,0,0,1,0,0,0,0,0,0,0,0,0,23,23,0,0,0,0,1,0,0,149,255,1,0,0.01,0.02,0,0,0,0,normal
0,tcp,ftp_data,SF,71,0,0,0,0,0,0,0,0,0,0,0,0,0,0,0,0,1,1,0,0,0,0,1,0,0,255,1,0,1,0,0,0.99,0,0,0,normal
0,tcp,http,SF,182,1953,0,0,0,0,0,1,0,0,0,0,0,0,0,0,0,1,1,0,0,0,0,1,0,0,43,175,1,0,0.02,0.02,0,0,0,0,normal
0,udp,domain_u,SF,39,39,0,0,0,0,0,0,0,0,0,0,0,0,0,0,0,2,13,0,0,0,0,0.5,1,0.15,255,235,0.92,0.01,0.01,0,0,0,0,0,normal
0,udp,domain_u,SF,43,128,0,0,0,0,0,0,0,0,0,0,0,0,0,0,0,195,275,0,0,0,0,1,0,0.01,255,253,0.99,0.01,0,0,0,0,0,0,normal
0,tcp,http,SF,415,235,0,0,0,0,0,1,0,0,0,0,0,0,0,0,0,1,13,0,0,0,0,1,0,0.15,14,255,1,0,0.07,0.04,0,0,0,0,normal
1,tcp,smtp,SF,602,333,0,0,0,0,0,1,0,0,0,0,0,0,0,0,0,1,2,0,0,0,0,1,0,1,4,113,1,0,0.25,0.02,0,0.01,0,0,normal
0,tcp,other,SF,5891,0,0,0,0,0,0,1,0,0,0,0,0,0,0,0,0,13,1,0,0,0,0,0.08,0.31,0,83,1,0.01,0.08,0.23,0,0,0,0,0,normal
0,tcp,ftp_data,SF,12324,0,0,0,0,0,0,1,0,0,0,0,0,0,1,0,0,2,2,0,0,0,0,1,0,0,61,75,0.1,0.05,0.1,0.04,0.03,0,0.8,0,normal
0,icmp,eco_i,SF,30,0,0,0,0,0,0,0,0,0,0,0,0,0,0,0,0,1,1,0,0,0,0,1,0,0,10,91,1,0,1,0.46,0,0,0,0,normal
0,tcp,http,SF,324,258,0,0,0,0,0,1,0,0,0,0,0,0,0,0,0,26,30,0,0,0,0,1,0,0.1,255,255,1,0,0,0,0,0,0,0,normal
687,udp,other,SF,146,105,0,0,0,0,0,0,0,0,0,0,0,0,0,0,0,4,2,0,0,0,0,0.5,0.5,0,255,2,0.01,0.56,0.89,0,0,0,0,0,normal
0,tcp,http,SF,224,1228,0,0,0,0,0,1,0,0,0,0,0,0,0,0,0,16,23,0,0,0,0,1,0,0.13,67,255,1,0,0.01,0.04,0,0,0,0,normal
3030,udp,domain_u,SF,17,17,0,0,0,0,0,0,0,0,0,0,0,0,0,0,0,2,2,0,0,0,0,1,0,0,255,171,0.67,0.01,0.11,0,0,0,0,0,normal
0,tcp,http,SF,234,1244,0,0,0,0,0,1,0,0,0,0,0,0,0,0,0,19,19,0,0,0,0,1,0,0,106,255,1,0,0.01,0.05,0,0,0,0,normal
0,tcp,http,SF,214,9673,0,0,0,0,0,1,0,0,0,0,0,0,0,0,0,10,10,0,0,0,0,1,0,0,255,255,1,0,0,0,0,0,0,0,normal
6522,udp,other,SF,146,105,0,0,0,0,0,0,0,0,0,0,0,0,0,0,0,2,2,0,0,0,0,1,0,0,255,2,0.01,0.44,0.72,0,0,0,0,0,normal
0,tcp,http,SF,418,6726,0,0,0,0,0,1,0,0,0,0,0,0,0,0,0,5,5,0,0,0,0,1,0,0,89,245,1,0,0.01,0.17,0,0,0.13,0.69,normal
0,tcp,http,SF,215,6367,0,0,0,0,0,1,0,0,0,0,0,0,0,0,0,9,9,0,0,0,0,1,0,0,255,255,1,0,0,0,0,0,0,0,normal
0,tcp,http,REJ,0,0,0,0,0,0,0,0,0,0,0,0,0,0,0,0,0,1,1,0,0,1,1,1,0,0,50,255,1,0,0.02,0.13,0,0,0.7,0.67,normal
0,tcp,http,SF,241,1400,0,0,0,0,0,1,0,0,0,0,0,0,0,0,0,33,33,0,0,0.03,0.03,1,0,0,255,255,1,0,0,0,0,0,0,0,normal
0,tcp,smtp,SF,652,327,0,0,0,0,0,1,0,0,0,0,0,0,0,0,0,1,1,0,0,0,0,1,0,0,47,183,0.98,0.04,0.02,0.02,0,0,0,0,normal
0,tcp,smtp,SF,1201,330,0,0,0,0,0,1,0,0,0,0,0,0,0,0,0,1,1,0,0,0,0,1,0,0,124,201,0.74,0.02,0.01,0.01,0,0,0,0,normal
0,tcp,smtp,SF,1132,279,0,0,0,0,0,1,0,0,0,0,0,0,0,0,0,1,1,0,0,0,0,1,0,0,119,141,0.54,0.06,0.01,0.01,0,0,0,0,normal
0,tcp,http,SF,216,2658,0,0,0,0,0,1,0,0,0,0,0,0,0,0,0,23,23,0,0,0,0,1,0,0,255,255,1,0,0,0,0,0,0,0,normal
0,tcp,http,SF,230,465,0,0,0,0,0,1,0,0,0,0,0,0,0,0,0,6,6,0,0,0,0,1,0,0,255,249,0.98,0.01,0,0,0,0,0,0,normal
0,tcp,http,SF,237,34513,0,0,0,0,0,1,0,0,0,0,0,0,0,0,0,3,3,0,0,0,0,1,0,0,29,255,1,0,0.03,0.02,0,0,0,0,normal
0,tcp,http,SF,196,1337,0,0,0,0,0,1,0,0,0,0,0,0,0,0,0,35,35,0,0,0,0,1,0,0,255,255,1,0,0,0,0,0,0,0,normal
12,tcp,smtp,SF,1100,330,0,0,0,0,0,1,0,0,0,0,0,0,0,0,0,1,1,0,0,0,0,1,0,0,123,95,0.77,0.03,0.01,0,0,0,0,0,normal
0,tcp,http,REJ,0,0,0,0,0,0,0,0,0,0,0,0,0,0,0,0,0,1,1,0,0,1,1,1,0,0,4,253,1,0,0.25,0.06,0,0,1,0.55,normal
0,tcp,http,SF,301,18376,0,0,0,0,0,1,0,0,0,0,0,0,0,0,0,8,8,0,0,0,0,1,0,0,8,255,1,0,0.12,0.05,0,0,0,0,normal
0,tcp,http,REJ,0,0,0,0,0,0,0,0,0,0,0,0,0,0,0,0,0,1,1,0,0,1,1,1,0,0,11,121,1,0,0.09,0.07,0,0,1,0.6,normal
0,tcp,ftp_data,SF,245,0,0,0,0,0,0,0,0,0,0,0,0,0,0,0,0,2,2,0,0,0,0,1,0,0,8,87,0.25,0.38,0.25,0.02,0,0,0,0,normal
0,tcp,http,SF,323,3805,0,0,0,0,0,1,0,0,0,0,0,0,0,0,0,8,8,0,0,0,0,1,0,0,8,255,1,0,0.12,0.05,0,0,0,0,normal
0,tcp,http,SF,350,719,0,0,0,0,0,1,0,0,0,0,0,0,0,0,0,41,41,0,0,0,0,1,0,0,255,255,1,0,0,0,0,0,0,0,normal
0,tcp,http,SF,193,2969,0,0,0,0,0,1,0,0,0,0,0,0,0,0,0,12,12,0,0,0,0,1,0,0,24,255,1,0,0.04,0.03,0,0,0,0,normal
0,tcp,ftp_data,SF,12,0,0,0,0,0,0,1,0,0,0,0,0,0,0,0,0,1,3,0,0,0,0,1,0,0.67,74,37,0.18,0.08,0.18,0.05,0,0,0,0,normal
0,tcp,http,SF,387,349,0,0,0,0,0,1,0,0,0,0,0,0,0,0,0,10,17,0,0,0,0,1,0,0.24,30,231,1,0,0.03,0.21,0,0,0.1,0.78,normal
0,tcp,ftp_data,SF,26,0,0,0,0,0,0,1,0,0,0,0,0,0,0,0,0,1,1,0,0,0,0,1,0,0,255,65,0.25,0.02,0.02,0,0.86,0.92,0,0,normal
0,tcp,http,SF,291,1792,0,0,0,0,0,1,0,0,0,0,0,0,0,0,0,24,24,0,0,0,0,1,0,0,24,255,1,0,0.04,0.07,0,0.01,0,0,normal
0,tcp,ftp_data,SF,4753,0,0,0,0,0,0,0,0,0,0,0,0,0,0,0,0,18,18,0,0,0,0,1,0,0,255,24,0.09,0.58,0.09,0,0,0,0,0,normal
0,tcp,ftp_data,SF,35195,0,0,0,0,0,0,1,0,0,0,0,0,0,0,0,0,22,22,0,0,0,0,1,0,0,255,28,0.11,0.02,0.11,0,0,0,0.76,0,normal
0,tcp,http,SF,207,306,0,0,0,0,0,1,0,0,0,0,0,0,0,0,0,5,6,0,0,0,0,1,0,0.33,255,255,1,0,0,0,0,0,0,0,normal
0,udp,domain_u,SF,44,112,0,0,0,0,0,0,0,0,0,0,0,0,0,0,0,204,205,0,0,0,0,1,0,0.01,255,166,0.65,0.01,0,0,0,0,0,0,normal
0,tcp,ftp_data,SF,252,0,0,0,0,0,0,1,0,0,0,0,0,0,0,0,0,1,1,0,0,0,0,1,0,0,18,95,0.61,0.11,0.61,0.02,0,0,0,0,normal
0,tcp,http,SF,239,1423,0,0,0,0,0,1,0,0,0,0,0,0,0,0,0,13,13,0,0,0,0,1,0,0,255,255,1,0,0,0,0,0,0,0,normal
0,udp,domain_u,SF,44,126,0,0,0,0,0,0,0,0,0,0,0,0,0,0,0,83,163,0,0,0,0,1,0,0.01,255,255,1,0,0,0,0,0,0,0,normal
0,tcp,http,REJ,0,0,0,0,0,0,0,0,0,0,0,0,0,0,0,0,0,1,1,0,0,1,1,1,0,0,1,223,1,0,1,0.13,0,0,1,1,normal
0,tcp,http,SF,343,2445,0,0,0,0,0,1,0,0,0,0,0,0,0,0,0,6,6,0,0,0,0,1,0,0,32,255,1,0,0.03,0.02,0,0,0,0,normal
0,tcp,http,SF,275,337,0,0,0,0,0,1,0,0,0,0,0,0,0,0,0,1,4,0,0.25,0,0,1,0,0.75,255,255,1,0,0,0,0,0,0,0,normal
4219,udp,other,SF,147,105,0,0,0,0,0,0,0,0,0,0,0,0,0,0,0,1,1,0,0,0,0,1,0,0,255,3,0.01,0.41,0.79,0,0,0,0,0,normal
0,tcp,http,SF,381,1139,0,0,0,0,0,1,0,0,0,0,0,0,0,0,0,15,15,0,0,0,0,1,0,0,140,255,1,0,0.01,0.01,0,0,0,0,normal
0,tcp,http,SF,209,1817,0,0,0,0,0,1,0,0,0,0,0,0,0,0,0,24,24,0,0,0,0,1,0,0,115,255,1,0,0.01,0.03,0.01,0,0,0,normal
0,tcp,smtp,SF,859,325,0,0,0,0,0,1,0,0,0,0,0,0,0,0,0,1,1,0,0,0,0,1,0,0,161,248,0.97,0.01,0.01,0.01,0,0,0,0,normal
0,icmp,eco_i,SF,30,0,0,0,0,0,0,0,0,0,0,0,0,0,0,0,0,1,1,0,0,0,0,1,0,0,39,90,0.97,0.05,0.97,0.3,0,0,0,0,normal
0,udp,domain_u,SF,45,111,0,0,0,0,0,0,0,0,0,0,0,0,0,0,0,155,221,0,0,0,0,0.99,0.01,0.01,255,230,0.9,0.02,0,0,0,0,0,0,normal
0,tcp,http,SF,215,1761,0,0,0,0,0,1,0,0,0,0,0,0,0,0,0,30,32,0,0,0,0,1,0,0.06,255,255,1,0,0,0,0,0,0,0,normal
0,tcp,http,SF,329,12471,0,0,0,0,0,1,0,0,0,0,0,0,0,0,0,9,9,0,0,0,0,1,0,0,255,255,1,0,0,0,0,0,0,0,normal
0,tcp,http,SF,313,2698,0,0,0,0,0,1,0,0,0,0,0,0,1,0,0,3,3,0,0,0,0,1,0,0,255,240,0.94,0.01,0,0,0,0,0,0,normal
0,tcp,http,SF,161,257,0,0,0,0,0,1,0,0,0,0,0,0,0,0,0,1,2,0,0,0,0,1,0,1,4,255,1,0,0.25,0.08,0,0.01,0,0,normal
0,tcp,http,SF,223,1139,0,0,0,0,0,1,0,0,0,0,0,0,0,0,0,28,28,0,0,0,0,1,0,0,63,255,1,0,0.02,0.07,0,0,0,0,normal
1185,udp,other,SF,145,105,0,0,0,0,0,0,0,0,0,0,0,0,0,0,0,1,1,0,0,0,0,1,0,0,255,1,0,0.63,0.9,0,0,0,0,0,normal
0,tcp,http,SF,285,12884,0,0,0,0,0,1,0,0,0,0,0,0,0,0,0,3,5,0,0,0,0,1,0,0.6,219,219,1,0,0,0,0,0,0,0,normal
0,tcp,http,SF,313,9458,0,0,0,0,0,1,0,0,0,0,0,0,0,0,0,1,2,0,0,0,0,1,0,1,9,255,1,0,0.11,0.03,0,0,0,0,normal
0,tcp,http,SF,339,1035,0,0,0,0,0,1,0,0,0,0,0,0,0,0,0,24,39,0,0,0,0,1,0,0.1,255,255,1,0,0,0,0,0,0,0,normal
0,tcp,smtp,SF,700,325,0,0,0,0,0,1,0,0,0,0,0,0,0,0,0,1,2,0,0,0,0,1,0,1,110,129,0.58,0.04,0.01,0.02,0,0,0,0,normal
0,tcp,smtp,SF,1635,333,0,0,0,0,0,1,0,0,0,0,0,0,0,0,0,2,1,0,0,0,0,0.5,1,0,255,79,0.31,0.03,0,0,0,0,0,0,normal
0,tcp,http,SF,208,281,0,0,0,0,0,1,0,0,0,0,0,0,0,0,0,15,15,0,0,0,0,1,0,0,15,255,1,0,0.07,0.03,0,0,0,0,normal
0,tcp,http,SF,216,1302,0,0,0,0,0,1,0,0,0,0,0,0,0,0,0,3,3,0,0,0,0,1,0,0,3,255,1,0,0.33,0.05,0,0,0,0,normal
0,tcp,http,REJ,0,0,0,0,0,0,0,0,0,0,0,0,0,0,0,0,0,1,1,0,0,1,1,1,0,0,1,237,1,0,1,0.19,0,0,1,1,normal
0,udp,domain_u,SF,43,129,0,0,0,0,0,0,0,0,0,0,0,0,0,0,0,78,158,0,0,0,0,1,0,0.01,255,249,0.98,0.01,0,0,0,0,0,0,normal
0,tcp,http,SF,347,483,0,0,0,0,0,1,0,0,0,0,0,0,0,0,0,27,27,0,0,0,0,1,0,0,147,255,1,0,0.01,0.02,0,0,0,0,normal
842,tcp,telnet,SF,691,24668,0,0,0,0,0,1,4,0,0,1,0,0,0,0,0,1,1,0,0,0,0,1,0,0,255,99,0.39,0.01,0,0,0.63,0.81,0,0.01,normal
0,tcp,http,SF,325,682,0,0,0,0,0,1,0,0,0,0,0,0,0,0,0,13,13,0,0,0,0,1,0,0,255,255,1,0,0,0,0,0,0,0,normal
23,tcp,ftp,SF,306,1043,0,0,0,6,0,1,0,0,0,0,0,0,0,0,1,1,1,0,0,0,0,1,0,0,113,15,0.13,0.06,0.01,0,0.01,0,0,0,normal
0,tcp,http,SF,268,9518,0,0,0,0,0,1,0,0,0,0,0,0,0,0,0,1,2,0,0,0,0,1,0,1,148,255,1,0,0.01,0.05,0,0,0,0,normal
0,tcp,http,SF,213,414,0,0,0,0,0,1,0,0,0,0,0,0,0,0,0,23,24,0,0,0,0,1,0,0.08,23,255,1,0,0.04,0.03,0,0,0,0,normal
0,tcp,pop_3,SF,38,130,0,0,0,0,0,1,0,0,0,0,0,0,0,0,0,1,1,0,0,0,0,1,0,0,1,8,1,0,1,0.38,0,0,0,0,normal
0,udp,domain_u,SF,102,0,0,0,0,0,0,0,0,0,0,0,0,0,0,0,0,11,18,0,0,0,0,1,0,0.17,11,10,0.91,0.18,0.18,0,0,0,0,0,normal
0,tcp,http,SF,216,4080,0,0,0,0,0,1,0,0,0,0,0,0,0,0,0,6,25,0,0,0,0,1,0,0.08,211,255,1,0,0,0.02,0,0,0,0,normal
0,tcp,http,SF,307,727,0,0,0,0,0,1,0,0,0,0,0,0,0,0,0,8,9,0,0,0,0,1,0,0.22,127,255,1,0,0.01,0.02,0,0,0,0,normal
4,tcp,pop_3,SF,150,13042,0,0,0,0,0,1,0,0,0,0,0,0,0,0,0,1,1,0,0,0,0,1,0,0,255,7,0.03,0.02,0,0,0,0,0,0,normal
0,tcp,ftp_data,SF,11376,0,0,0,0,0,0,1,0,0,0,0,0,0,0,0,0,9,9,0,0,0,0,1,0,0,238,68,0.29,0.03,0.3,0,0.01,0.03,0,0,normal
0,udp,domain_u,SF,41,70,0,0,0,0,0,0,0,0,0,0,0,0,0,0,0,267,267,0,0,0,0,1,0,0,255,203,0.8,0.01,0,0,0,0,0,0,normal
0,tcp,http,SF,319,1338,0,0,0,0,0,1,0,0,0,0,0,0,0,0,0,8,8,0,0,0,0,1,0,0,83,255,1,0,0.01,0.04,0,0,0,0,normal
0,tcp,http,SF,236,770,0,0,0,0,0,1,0,0,0,0,0,0,0,0,0,13,13,0,0,0,0,1,0,0,255,255,1,0,0,0,0,0,0,0,normal
0,tcp,smtp,SF,1125,386,0,0,0,0,0,1,0,0,0,0,0,0,0,0,0,2,3,0,0,0,0,1,0,0.67,255,102,0.4,0.04,0,0,0.18,0,0.02,0,normal
0,udp,domain_u,SF,45,133,0,0,0,0,0,0,0,0,0,0,0,0,0,0,0,73,153,0,0,0,0,1,0,0.01,255,255,1,0,0,0,0,0,0,0,normal
0,tcp,http,SF,254,390,0,0,0,0,0,1,0,0,0,0,0,0,0,0,0,13,14,0,0,0,0,1,0,0.14,176,255,1,0,0.01,0.01,0,0,0,0,normal
0,tcp,smtp,SF,841,325,0,0,0,0,0,1,0,0,0,0,0,0,0,0,0,1,1,0,0,0,0,1,0,0,30,119,0.53,0.17,0.07,0.02,0,0,0,0,normal
0,tcp,http,SF,220,12250,0,0,0,0,0,1,0,0,0,0,0,0,0,0,0,6,6,0,0,0,0,1,0,0,6,255,1,0,0.17,0.01,0,0,0,0,normal
29,udp,domain_u,SF,110,33,0,0,0,0,0,0,0,0,0,0,0,0,0,0,0,1,1,0,0,0,0,1,0,0,24,19,0.79,0.08,0.79,0,0,0,0,0,normal
0,udp,domain_u,SF,45,129,0,0,0,0,0,0,0,0,0,0,0,0,0,0,0,69,147,0,0,0,0,1,0,0.01,255,255,1,0,0,0,0,0,0,0,normal
0,icmp,urp_i,SF,182,0,0,0,0,0,0,0,0,0,0,0,0,0,0,0,0,2,1,0,0,0,0,0.5,1,0,255,9,0.04,0.01,0.05,0,0,0,0,0,normal
0,udp,domain_u,SF,44,115,0,0,0,0,0,0,0,0,0,0,0,0,0,0,0,1,8,0,0,0,0,1,0,0.38,255,248,0.97,0.01,0,0,0,0,0,0,normal
0,tcp,http,SF,252,1483,0,0,0,0,0,1,0,0,0,0,0,0,0,0,0,8,13,0,0,0,0,1,0,0.15,255,255,1,0,0,0,0,0,0,0,normal
0,udp,domain_u,SF,44,69,0,0,0,0,0,0,0,0,0,0,0,0,0,0,0,149,149,0,0,0,0,1,0,0,255,224,0.88,0.01,0,0,0,0,0,0,normal
0,tcp,http,SF,219,607,0,0,0,0,0,1,0,0,0,0,0,0,0,0,0,11,11,0,0,0,0,1,0,0,246,255,1,0,0,0.01,0,0,0,0,normal
0,tcp,http,SF,216,1077,0,0,0,0,0,1,0,0,0,0,0,0,0,0,0,4,4,0,0,0,0,1,0,0,4,255,1,0,0.25,0.06,0,0,0,0,normal
0,tcp,http,SF,293,5915,0,0,0,0,0,1,0,0,0,0,0,0,0,0,0,13,13,0,0,0,0,1,0,0,34,255,1,0,0.03,0.04,0,0,0,0,normal
0,tcp,http,SF,244,198,0,0,0,0,0,1,0,0,0,0,0,0,0,0,0,5,5,0,0,0,0,1,0,0,255,255,1,0,0,0,0,0,0.01,0.01,normal
0,tcp,http,SF,295,2996,0,0,0,0,0,1,0,0,0,0,0,0,0,0,0,12,12,0,0,0,0,1,0,0,255,255,1,0,0,0,0,0,0,0,normal
0,tcp,http,SF,212,362,0,0,0,0,0,1,0,0,0,0,0,0,0,0,0,7,8,0,0,0,0,1,0,0.25,255,255,1,0,0,0,0,0,0,0,normal
0,tcp,http,SF,340,780,0,0,0,0,0,1,0,0,0,0,0,0,0,0,0,2,2,0,0,0,0,1,0,0,57,255,1,0,0.02,0.03,0,0,0,0,normal
0,tcp,http,SF,233,891,0,0,0,0,0,1,0,0,0,0,0,0,0,0,0,7,19,0,0,0,0,1,0,0.26,255,255,1,0,0,0,0,0,0,0,normal
12041,tcp,IRC,RSTR,1318,9761,0,0,0,0,0,0,0,0,0,0,0,0,0,0,0,3,1,0,0,0.33,1,0.33,0.67,0,27,6,0.22,0.07,0.04,0,0,0,0.15,0.67,normal
0,tcp,http,SF,317,2989,0,0,0,0,0,1,0,0,0,0,0,0,0,0,0,14,14,0,0,0,0,1,0,0,255,255,1,0,0,0,0,0,0,0,normal
0,tcp,ftp_data,SF,11,0,0,0,0,0,0,1,0,0,0,0,0,0,0,0,0,2,2,0,0,0,0,1,0,0,23,44,0.17,0.09,0.17,0.05,0,0,0,0,normal
0,tcp,http,SF,354,449,0,0,0,0,0,1,0,0,0,0,0,0,0,0,0,19,19,0,0,0,0,1,0,0,255,255,1,0,0,0,0,0,0,0,normal
0,tcp,http,SF,314,575,0,0,0,0,0,1,0,0,0,0,0,0,0,0,0,28,32,0,0,0,0,1,0,0.09,255,255,1,0,0,0,0,0,0,0,normal
0,tcp,http,SF,330,772,0,0,0,0,0,1,0,0,0,0,0,0,0,0,0,16,16,0,0,0,0,1,0,0,255,255,1,0,0,0,0,0,0,0,normal
0,udp,domain_u,SF,45,114,0,0,0,0,0,0,0,0,0,0,0,0,0,0,0,2,4,0,0,0,0,1,0,0.5,248,233,0.94,0.01,0,0,0,0,0,0,normal
2,tcp,smtp,SF,643,330,0,0,0,0,0,1,0,0,0,0,0,0,0,0,0,1,1,0,0,0,0,1,0,0,161,131,0.67,0.04,0.01,0.02,0,0,0,0,normal
0,tcp,http,SF,216,2100,0,0,0,0,0,1,0,0,0,0,0,0,0,0,0,4,29,0,0,0,0,1,0,0.21,4,252,1,0,0.25,0.05,0,0,0,0,normal
0,udp,domain_u,SF,46,72,0,0,0,0,0,0,0,0,0,0,0,0,0,0,0,21,21,0,0,0,0,1,0,0,84,66,0.79,0.02,0.01,0,0,0,0,0,normal
0,udp,domain_u,SF,36,0,0,0,0,0,0,0,0,0,0,0,0,0,0,0,0,1,11,0,0,0,0,1,0,0.55,98,78,0.33,0.05,0.33,0.04,0,0,0,0,normal
29,udp,domain_u,SF,46,46,0,0,0,0,0,0,0,0,0,0,0,0,0,0,0,2,5,0,0,0,0,0.5,1,0.4,125,120,0.96,0.02,0.01,0,0,0,0,0,normal
0,tcp,http,REJ,0,0,0,0,0,0,0,0,0,0,0,0,0,0,0,0,0,1,1,0,0,1,1,1,0,0,24,255,1,0,0.04,0.15,0,0,0.96,1,normal
0,tcp,ftp_data,SF,15,0,0,0,0,0,0,1,0,0,0,0,0,0,0,0,0,1,1,0,0,0,0,1,0,0,22,63,0.41,0.14,0.41,0.03,0,0,0,0,normal
7,tcp,smtp,SF,1837,330,0,0,0,0,0,1,0,0,0,0,0,0,0,0,0,1,1,0,0,0,0,1,0,0,68,51,0.75,0.04,0.01,0,0,0,0,0,normal
0,tcp,http,SF,346,1943,0,0,0,0,0,1,0,0,0,0,0,0,0,0,0,36,36,0,0,0,0,1,0,0,255,255,1,0,0,0,0,0,0,0,normal
0,tcp,http,REJ,0,0,0,0,0,0,0,0,0,0,0,0,0,0,0,0,0,1,1,0,0,1,1,1,0,0,30,255,1,0,0.03,0.13,0,0,0.5,0.65,normal
0,tcp,http,SF,298,1075,0,0,0,0,0,1,0,0,0,0,0,0,0,0,0,1,2,0,0,0,0,1,0,1,255,248,0.97,0.01,0,0,0,0,0,0,normal
0,tcp,http,SF,305,3819,0,0,0,0,0,1,0,0,0,0,0,0,0,0,0,2,2,0,0,0,0,1,0,0,8,255,1,0,0.12,0.03,0,0,0,0,normal
0,tcp,http,SF,335,480,0,0,0,0,0,1,0,0,0,0,0,0,0,0,0,5,6,0,0,0,0,1,0,0.33,5,255,1,0,0.2,0.02,0,0,0,0,normal
0,udp,domain_u,SF,43,43,0,0,0,0,0,0,0,0,0,0,0,0,0,0,0,171,171,0,0,0,0,1,0,0,255,254,1,0.01,0,0,0,0,0,0,normal
0,tcp,http,SF,201,1026,0,0,0,0,0,1,0,0,0,0,0,0,0,0,0,10,11,0,0,0,0,1,0,0.18,23,255,1,0,0.04,0.09,0,0,0,0,normal
1130,tcp,IRC,RSTR,92,1204,0,0,0,0,0,0,0,0,0,0,0,0,0,0,0,2,2,0,0,1,1,1,0,0,68,23,0.34,0.03,0.01,0,0.01,0.04,0.26,0.78,normal
0,tcp,ftp_data,SF,383,0,0,0,0,0,0,1,0,0,0,0,0,0,0,0,0,2,2,0,0,0,0,1,0,0,188,87,0.29,0.02,0.28,0.02,0,0,0,0,normal
0,icmp,eco_i,SF,30,0,0,0,0,0,0,0,0,0,0,0,0,0,0,0,0,6,2,0,0,0,0,0.33,0.33,0,255,2,0.01,0.01,0.05,0,0,0,0,0,normal
10,tcp,pop_3,SF,2326,231052,0,0,0,0,0,1,0,0,0,0,0,0,0,0,0,1,1,0,0,0,0,1,0,0,1,1,1,0,1,0,0,0,0,0,normal
0,tcp,http,SF,224,1270,0,0,0,0,0,1,0,0,0,0,0,0,0,0,0,6,18,0,0,0,0,1,0,0.17,255,255,1,0,0,0,0,0,0,0,normal
0,tcp,http,SF,211,304,0,0,0,0,0,1,0,0,0,0,0,0,0,0,0,15,19,0,0,0,0.05,1,0,0.11,255,255,1,0,0,0,0,0,0,0,normal
4545,udp,other,SF,147,105,0,0,0,0,0,0,0,0,0,0,0,0,0,0,0,1,1,0,0,0,0,1,0,0,255,3,0.01,0.57,0.92,0,0,0,0,0,normal
23,udp,domain_u,SF,42,34,0,0,0,0,0,0,0,0,0,0,0,0,0,0,0,2,16,0,0,0,0,1,0,0.31,255,244,0.96,0.01,0.06,0,0,0,0,0,normal
0,tcp,http,SF,352,788,0,0,0,0,0,1,0,0,0,0,0,0,0,0,0,6,6,0,0,0,0,1,0,0,255,255,1,0,0,0,0,0,0,0,normal
0,tcp,http,SF,266,529,0,0,0,0,0,1,0,0,0,0,0,0,0,0,0,1,6,0,0,0,0,1,0,0.67,94,255,1,0,0.01,0.02,0,0,0,0,normal
0,tcp,http,SF,201,3142,0,0,0,0,0,1,0,0,0,0,0,0,0,0,0,42,42,0,0,0,0,1,0,0,255,255,1,0,0,0,0,0,0,0,normal
0,tcp,http,SF,223,2137,0,0,0,0,0,1,0,0,0,0,0,0,0,0,0,18,23,0,0,0.06,0.04,1,0,0.09,51,255,1,0,0.02,0.01,0,0,0.02,0,normal
0,tcp,http,SF,272,361,0,0,0,0,0,1,0,0,0,0,0,0,0,0,0,4,10,0,0,0,0,1,0,0.2,94,255,1,0,0.01,0.02,0,0,0.01,0.01,normal
0,tcp,http,SF,216,8970,0,0,0,0,0,1,0,0,0,0,0,0,0,0,0,14,15,0,0,0,0,1,0,0.13,90,255,1,0,0.01,0.04,0,0,0,0,normal
0,tcp,http,SF,219,935,0,0,0,0,0,1,0,0,0,0,0,0,0,0,0,4,4,0,0,0,0,1,0,0,82,255,1,0,0.01,0.03,0,0,0,0,normal
0,tcp,smtp,SF,2455,333,0,0,0,0,0,1,0,0,0,0,0,0,0,0,0,1,1,0,0,0,0,1,0,0,247,154,0.62,0.09,0,0,0,0,0,0,normal
0,tcp,ftp_data,SF,383,0,0,0,0,0,0,1,0,0,0,0,0,0,0,0,0,2,2,0,0,0,0,1,0,0,21,76,0.33,0.14,0.33,0.03,0,0,0,0,normal
0,tcp,http,SF,316,2239,0,0,0,0,0,1,0,0,0,0,0,0,0,0,0,31,31,0,0,0,0,1,0,0,33,34,1,0,0.03,0.06,0,0,0,0,normal
0,tcp,http,SF,303,458,0,0,0,0,0,1,0,0,0,0,0,0,0,0,0,1,1,0,0,0,0,1,0,0,3,255,1,0,0.33,0.06,0,0,0,0,normal
0,tcp,http,SF,297,2107,0,0,0,0,0,1,0,0,0,0,0,0,0,0,0,5,7,0,0,0,0,1,0,0.29,226,255,1,0,0,0.01,0,0,0,0,normal
2,tcp,smtp,SF,1452,330,0,0,0,0,0,1,0,0,0,0,0,0,0,0,0,1,2,0,0,0,0,1,0,1,115,78,0.68,0.03,0.01,0,0.01,0.01,0,0,normal
0,tcp,http,SF,327,1921,0,0,0,0,0,1,0,0,0,0,0,0,0,0,0,3,3,0,0,0,0,1,0,0,57,255,1,0,0.02,0.18,0,0,0.26,0.76,normal
0,tcp,http,SF,385,361,0,0,0,0,0,1,0,0,0,0,0,0,0,0,0,2,7,0,0,0,0,1,0,0.43,22,231,1,0,0.05,0.22,0,0,0.14,0.81,normal
0,tcp,http,SF,287,1728,0,0,0,0,0,1,0,0,0,0,0,0,0,0,0,10,10,0,0,0,0,1,0,0,94,255,1,0,0.01,0.02,0,0.01,0,0,normal
0,tcp,smtp,SF,771,374,0,0,0,0,0,1,0,0,0,0,0,0,0,0,0,1,2,0,0,0,0,1,0,1,112,172,0.88,0.04,0.01,0.01,0,0,0,0,normal
0,tcp,http,SF,302,241,0,0,0,0,0,1,0,0,0,0,0,0,0,0,0,6,10,0,0.1,0.17,0.1,1,0,0.2,15,255,1,0,0.07,0.03,0,0,0.07,0,normal
0,tcp,http,SF,198,256,0,0,0,0,0,1,0,0,0,0,0,0,0,0,0,9,9,0,0,0,0,1,0,0,9,255,1,0,0.11,0.06,0,0,0,0,normal
0,udp,domain_u,SF,45,131,0,0,0,0,0,0,0,0,0,0,0,0,0,0,0,68,148,0,0,0,0,1,0,0.01,255,254,1,0.01,0,0,0,0,0,0,normal
0,tcp,auth,SF,10,39,0,0,0,0,0,1,0,0,0,0,0,0,0,0,0,1,1,0,0,0,0,1,0,0,1,12,1,0,1,0.25,0,0,0,0,normal
0,tcp,ftp_data,SF,641,0,0,0,0,0,0,1,0,0,0,0,0,0,0,0,0,2,2,0,0,0,0,1,0,0,255,118,0.46,0.04,0.47,0,0,0,0,0,normal
0,udp,domain_u,SF,43,109,0,0,0,0,0,0,0,0,0,0,0,0,0,0,0,73,151,0,0,0,0,1,0,0.01,255,237,0.93,0.01,0,0,0,0,0,0,normal
0,udp,domain_u,SF,45,76,0,0,0,0,0,0,0,0,0,0,0,0,0,0,0,140,140,0,0,0,0,0.99,0.01,0.01,255,255,1,0,0,0,0,0,0,0,normal
0,tcp,http,SF,231,375,0,0,0,0,0,1,0,0,0,0,0,0,0,0,0,9,11,0,0,0,0,1,0,0.27,255,255,1,0,0,0,0,0,0,0,normal
0,udp,domain_u,SF,44,73,0,0,0,0,0,0,0,0,0,0,0,0,0,0,0,267,267,0,0,0,0,1,0,0,255,239,0.94,0.01,0,0,0,0,0,0,normal
0,tcp,http,SF,340,805,0,0,0,0,0,1,0,0,0,0,0,0,0,0,0,22,22,0,0,0,0,1,0,0,218,255,1,0,0,0.01,0,0,0,0,normal
0,tcp,http,SF,232,2507,0,0,0,0,0,1,0,0,0,0,0,0,0,0,0,1,33,0,0,0,0,1,0,0.06,255,242,0.95,0.01,0,0,0,0,0,0,normal
0,tcp,http,SF,292,23238,0,0,0,0,0,1,0,0,0,0,0,0,0,0,0,11,12,0,0,0,0,1,0,0.17,241,255,1,0,0,0.02,0,0,0,0,normal
1900,udp,other,SF,145,105,0,0,0,0,0,0,0,0,0,0,0,0,0,0,0,3,2,0,0,0,0,0.67,0.67,0,72,2,0.03,0.67,0.83,0,0,0,0,0,normal
0,tcp,http,REJ,0,0,0,0,0,0,0,0,0,0,0,0,0,0,0,0,0,1,1,0,0,1,1,1,0,0,16,47,1,0,0.06,0.21,0,0,1,1,normal
0,tcp,smtp,SF,851,479,0,0,0,0,0,1,0,0,0,0,0,0,0,0,0,1,1,0,0,0,0,1,0,0,255,37,0.15,0.02,0.01,0,0,0,0.83,0,normal
29,tcp,ftp,SF,1458,4152,0,0,0,30,0,1,0,0,0,0,0,0,0,0,1,1,1,0,0,0,0,1,0,0,144,40,0.28,0.04,0.01,0,0,0,0,0,normal
1,tcp,smtp,SF,1232,333,0,0,0,0,0,1,0,0,0,0,0,0,1,0,0,1,1,0,0,0,0,1,0,0,228,148,0.58,0.02,0,0.01,0,0,0,0,normal
0,tcp,http,SF,205,13831,0,0,0,0,0,1,0,0,0,0,0,0,0,0,0,2,6,0,0,0,0,1,0,0.5,3,255,1,0,0.33,0.04,0,0,0,0,normal
0,tcp,ftp_data,SF,15377,0,0,0,0,0,0,0,0,0,0,0,0,0,0,0,0,23,23,0,0,0,0,1,0,0,251,127,0.51,0.02,0.51,0,0,0,0,0,normal
0,tcp,http,SF,212,529,0,0,0,0,0,1,0,0,0,0,0,0,0,0,0,21,21,0,0,0,0,1,0,0,71,255,1,0,0.01,0.02,0,0,0,0,normal
0,tcp,http,S0,0,0,0,0,0,0,0,0,0,0,0,0,0,0,0,0,0,2,10,0.5,0.1,0,0,1,0,0.3,59,59,1,0,0.03,0,0.02,0.02,0,0,normal
1,tcp,smtp,SF,3334,332,0,0,0,0,0,1,0,0,0,0,0,0,0,0,0,1,2,0,0,0,0,1,0,1,108,200,0.7,0.03,0.01,0.01,0,0,0,0,normal
0,tcp,http,SF,244,2316,0,0,0,0,0,1,0,0,0,0,0,0,0,0,0,4,4,0,0,0,0,1,0,0,26,255,1,0,0.04,0.04,0,0,0,0,normal
0,tcp,ftp_data,SF,641,0,0,0,0,0,0,1,0,0,0,0,0,0,0,0,0,1,1,0,0,0,0,1,0,0,255,112,0.44,0.05,0.47,0,0.01,0.02,0,0,normal
0,tcp,http,REJ,0,0,0,0,0,0,0,0,0,0,0,0,0,0,0,0,0,1,1,0,0,1,1,1,0,0,55,255,1,0,0.02,0.11,0,0,1,0.79,normal
2,tcp,smtp,SF,1419,367,0,0,0,0,0,1,0,0,0,0,0,0,0,0,0,1,2,0,0,0,0,1,0,1,160,127,0.79,0.03,0.01,0,0,0,0,0,normal
10,tcp,smtp,SF,2376,329,0,0,0,0,0,1,0,0,0,0,0,0,0,0,0,1,1,0,0,0,0,1,0,0,149,166,0.55,0.03,0.01,0.01,0,0,0,0,normal
0,tcp,http,REJ,0,0,0,0,0,0,0,0,0,0,0,0,0,0,0,0,0,8,8,0,0,0.62,0.62,1,0,0,29,115,1,0,0.03,0.17,0,0.01,0.9,0.85,normal
0,tcp,smtp,SF,1012,331,0,0,0,0,0,1,0,0,0,0,0,0,0,0,0,1,1,0,0,0,0,1,0,0,23,21,0.91,0.13,0.04,0,0,0,0,0,normal
687,udp,other,SF,146,105,0,0,0,0,0,0,0,0,0,0,0,0,0,0,0,4,2,0,0,0,0,0.5,0.5,0,255,2,0.01,0.56,0.89,0,0,0,0,0,normal
0,tcp,ftp_data,SF,12,0,0,0,0,0,0,1,0,0,0,0,0,0,0,0,0,2,2,0,0,0,0,1,0,0,53,21,0.19,0.06,0.19,0.1,0,0,0,0,normal
0,udp,domain_u,SF,45,72,0,0,0,0,0,0,0,0,0,0,0,0,0,0,0,150,150,0,0,0,0,1,0,0,255,226,0.89,0.01,0,0,0,0,0,0,normal
0,tcp,http,SF,218,259,0,0,0,0,0,1,0,0,0,0,0,0,0,0,0,17,22,0,0,0,0,1,0,0.18,155,255,1,0,0.01,0.05,0,0,0,0,normal
0,tcp,http,SF,260,190,0,0,0,0,0,1,0,0,0,0,0,0,0,0,0,17,17,0,0,0,0,1,0,0,121,121,1,0,0.01,0,0,0,0,0,normal
0,tcp,http,SF,297,1423,0,0,0,0,0,1,0,0,0,0,0,0,0,0,0,22,22,0,0,0,0,1,0,0,22,255,1,0,0.05,0.02,0,0,0,0,normal
0,tcp,http,SF,308,299,0,0,0,0,0,1,0,0,0,0,0,0,0,0,0,8,8,0,0,0,0,1,0,0,255,255,1,0,0,0,0.01,0.01,0,0,normal
14,tcp,smtp,SF,1570,332,0,0,0,0,0,1,0,0,0,0,0,0,0,0,0,1,1,0,0,0,0,1,0,0,191,83,0.39,0.02,0.01,0.02,0.01,0,0,0,normal
0,tcp,other,SF,3909,0,0,0,0,0,0,1,0,0,0,0,0,0,0,0,0,5,1,0.2,0,0,0,0.2,0.6,0,99,1,0.01,0.06,0.41,0,0.01,0,0.01,0,normal
0,udp,domain_u,SF,45,45,0,0,0,0,0,0,0,0,0,0,0,0,0,0,0,139,139,0,0,0,0,1,0,0,255,255,1,0,0.01,0,0,0,0,0,normal
0,tcp,http,SF,214,4954,0,0,0,0,0,1,0,0,0,0,0,0,0,0,0,20,20,0,0,0,0,1,0,0,255,255,1,0,0,0,0,0,0,0,normal
0,tcp,http,SF,196,467,0,0,0,0,0,1,0,0,0,0,0,0,0,0,0,6,7,0,0,0,0,1,0,0.29,20,255,1,0,0.05,0.01,0,0,0,0,normal
0,tcp,http,SF,241,389,0,0,0,0,0,1,0,0,0,0,0,0,0,0,0,2,2,0,0,0,0,1,0,0,123,255,1,0,0.01,0.01,0,0,0,0,normal
0,tcp,http,SF,285,812,0,0,0,0,0,1,0,0,0,0,0,0,0,0,0,5,5,0.2,0.2,0,0,1,0,0,255,255,1,0,0,0,0,0,0,0,normal
0,tcp,http,SF,337,255,0,0,0,0,0,1,0,0,0,0,0,0,0,0,0,29,29,0,0,0,0,1,0,0,141,255,1,0,0.01,0.03,0,0,0,0,normal
0,tcp,ftp_data,SF,748,0,0,0,0,0,0,0,0,0,0,0,0,0,0,0,0,1,1,0,0,0,0,1,0,0,140,35,0.18,0.03,0.18,0.06,0,0,0,0,normal
0,tcp,smtp,SF,805,328,0,0,0,0,0,1,0,0,0,0,0,0,1,0,0,1,1,0,0,0,0,1,0,0,227,159,0.7,0.02,0,0,0,0,0,0,normal
0,tcp,http,SF,231,15618,0,0,0,0,0,1,0,0,0,0,0,0,0,0,0,7,24,0,0,0,0,1,0,0.17,255,255,1,0,0,0,0,0,0,0,normal
0,tcp,http,SF,300,1473,0,0,0,0,0,1,0,0,0,0,0,0,0,0,0,14,29,0,0,0,0,1,0,0.1,68,255,1,0,0.01,0.05,0,0,0,0,normal
0,udp,domain_u,SF,46,78,0,0,0,0,0,0,0,0,0,0,0,0,0,0,0,139,139,0,0,0,0,1,0,0,255,254,1,0.01,0,0,0,0,0,0,normal
0,tcp,http,SF,294,616,0,0,0,0,0,1,0,0,0,0,0,0,0,0,0,3,5,0,0,0,0,1,0,0.4,255,255,1,0,0,0,0.01,0.01,0,0,normal
0,tcp,http,SF,246,4686,0,0,0,0,0,1,0,0,0,0,0,0,0,0,0,20,21,0,0,0,0,1,0,0.1,208,255,1,0,0,0.01,0,0,0,0,normal
0,tcp,smtp,SF,1546,336,0,0,0,0,0,1,0,0,0,0,0,0,0,0,0,2,3,0,0,0,0,1,0,0.67,255,6,0.02,0.73,0,0,0,0,0,0,normal
0,tcp,http,SF,312,2507,0,0,0,0,0,1,0,0,0,0,0,0,0,0,0,6,9,0,0,0,0.33,1,0,0.44,84,75,0.89,0.02,0.01,0,0.01,0.01,0,0,normal
0,tcp,http,REJ,0,0,0,0,0,0,0,0,0,0,0,0,0,0,0,0,0,1,1,0,0,1,1,1,0,0,28,255,1,0,0.04,0.23,0,0,1,1,normal
0,tcp,http,SF,279,3731,0,0,0,0,0,1,0,0,0,0,0,0,0,0,0,5,13,0,0,0,0,1,0,0.15,220,255,1,0,0,0.02,0,0,0,0,normal
0,tcp,http,S1,236,29200,0,0,0,0,0,1,0,0,0,0,0,0,0,0,0,1,1,1,1,0,0,1,0,0,1,255,1,0,1,0.04,1,0,0,0,normal
0,tcp,ftp_data,SF,748,0,0,0,0,0,0,1,0,0,0,9,0,0,0,0,0,1,1,0,0,0,0,1,0,0,2,97,0.5,1,0.5,0.02,0,0,0,0,normal
0,tcp,http,SF,259,398,0,0,0,0,0,1,0,0,0,0,0,0,0,0,0,4,4,0,0,0,0,1,0,0,255,255,1,0,0,0,0,0,0,0,normal
15,tcp,smtp,SF,1362,327,0,0,0,0,0,1,0,0,0,0,0,0,0,0,0,1,1,0,0,0,0,1,0,0,51,25,0.49,0.08,0.02,0,0,0,0,0,normal
0,tcp,http,SF,333,5726,0,0,0,0,0,1,0,0,0,0,0,0,0,0,0,5,5,0,0,0,0,1,0,0,99,255,1,0,0.01,0.01,0,0,0,0,normal
0,udp,private,SF,105,0,0,0,0,0,0,0,0,0,0,0,0,0,0,0,0,2,2,0,0,0,0,1,0,0,255,253,0.99,0.01,0,0,0,0,0,0,normal
0,udp,domain_u,SF,32,48,0,0,0,0,0,0,0,0,0,0,0,0,0,0,0,5,11,0,0,0,0,1,0,0.27,32,234,1,0,1,0.01,0,0,0,0,normal
0,tcp,smtp,SF,1504,338,0,0,0,0,0,1,0,0,0,0,0,0,0,0,0,1,9,0,0,0,0,1,0,1,255,152,0.6,0.03,0,0,0,0,0,0,normal
0,tcp,http,SF,331,9207,0,0,0,0,0,1,0,0,0,0,0,0,0,0,0,1,1,0,0,0,0,1,0,0,25,85,1,0,0.04,0.05,0,0,0,0,normal
0,tcp,http,SF,212,5044,0,0,0,0,0,1,0,0,0,0,0,0,0,0,0,1,1,0,0,0,0,1,0,0,1,255,1,0,1,0.01,0,0,0,0,normal
0,icmp,ecr_i,SF,30,0,0,0,0,0,0,0,0,0,0,0,0,0,0,0,0,1,1,0,0,0,0,1,0,0,204,204,1,0,1,0,0,0,0,0,normal
3,tcp,smtp,SF,911,332,0,0,0,0,0,1,0,0,0,0,0,0,0,0,0,1,1,0,0,0,0,1,0,0,255,156,0.61,0.06,0,0,0,0,0,0,normal
0,udp,domain_u,SF,43,130,0,0,0,0,0,0,0,0,0,0,0,0,0,0,0,80,161,0,0,0,0,1,0,0.01,255,218,0.85,0.02,0,0,0,0,0,0,normal
0,tcp,http,SF,339,5320,0,0,0,0,0,1,0,0,0,0,0,0,0,0,0,7,7,0,0,0,0,1,0,0,85,255,1,0,0.01,0.04,0,0,0,0,normal
0,tcp,http,SF,210,498,0,0,0,0,0,1,0,0,0,0,0,0,0,0,0,10,10,0,0,0,0,1,0,0,32,255,1,0,0.03,0.03,0,0,0,0,normal
0,tcp,http,SF,247,1638,0,0,0,0,0,1,0,0,0,0,0,0,0,0,0,10,10,0,0,0,0,1,0,0,255,255,1,0,0,0,0,0,0,0,normal
7130,udp,other,SF,146,105,0,0,0,0,0,0,0,0,0,0,0,0,0,0,0,1,1,0,0,0,0,1,0,0,255,1,0,0.55,0.75,0,0,0,0,0,normal
1,tcp,smtp,SF,937,373,0,0,0,0,0,1,0,0,0,0,0,0,0,0,0,1,2,0,0,0,0,1,0,1,67,240,0.88,0.06,0.01,0.01,0,0,0,0,normal
0,icmp,eco_i,SF,30,0,0,0,0,0,0,0,0,0,0,0,0,0,0,0,0,2,2,0,0,0,0,1,0,0,255,4,0.02,0.01,0.07,0,0,0,0,0,normal
0,udp,domain_u,SF,44,134,0,0,0,0,0,0,0,0,0,0,0,0,0,0,0,66,144,0,0,0,0,1,0,0.01,242,122,0.5,0.02,0,0,0,0,0,0,normal
0,udp,domain_u,SF,46,141,0,0,0,0,0,0,0,0,0,0,0,0,0,0,0,166,166,0,0,0,0,1,0,0,91,52,0.57,0.03,0.01,0,0,0,0,0,normal
0,tcp,ftp_data,SF,59,0,0,0,0,0,0,1,0,0,0,0,0,0,0,0,0,12,12,0,0,0,0,1,0,0,87,44,0.51,0.03,0.51,0,0,0,0,0,normal
29,tcp,ftp,SF,1504,4152,0,0,0,30,0,1,0,0,0,0,0,0,0,0,1,1,1,0,0,0,0,1,0,0,181,20,0.11,0.04,0.01,0,0.01,0,0,0,normal
0,tcp,http,SF,252,2125,0,0,0,0,0,1,0,0,0,0,0,0,0,0,0,6,7,0,0,0,0,1,0,0.29,88,255,1,0,0.01,0.02,0,0,0,0,normal
0,tcp,http,SF,236,26817,0,0,0,0,0,1,0,0,0,0,0,0,0,0,0,9,9,0,0,0,0,1,0,0,255,255,1,0,0,0,0,0,0,0,normal
0,tcp,http,SF,247,589,0,0,0,0,0,1,0,0,0,0,0,0,0,0,0,7,31,0,0,0,0,1,0,0.06,255,255,1,0,0,0,0,0,0,0,normal
0,tcp,http,SF,204,1368,0,0,0,0,0,1,0,0,0,0,0,0,0,0,0,6,6,0,0,0,0,1,0,0,6,255,1,0,0.17,0.02,0,0,0,0,normal
0,tcp,http,SF,205,465,0,0,0,0,0,1,0,0,0,0,0,0,0,0,0,3,4,0,0,0,0,1,0,0.5,3,255,1,0,0.33,0.03,0,0,0,0,normal
22,tcp,ftp,SF,235,769,0,0,0,4,0,1,0,0,0,0,0,0,0,0,1,1,1,0,0,0,0,1,0,0,231,43,0.19,0.03,0,0,0,0,0.01,0.05,normal
0,udp,domain_u,SF,46,128,0,0,0,0,0,0,0,0,0,0,0,0,0,0,0,222,302,0,0,0,0,1,0,0.01,255,253,0.99,0.01,0,0,0,0,0,0,normal
0,udp,domain_u,SF,45,45,0,0,0,0,0,0,0,0,0,0,0,0,0,0,0,144,146,0,0,0,0,1,0,0.02,255,195,0.76,0.01,0.01,0,0,0,0,0,normal
0,tcp,smtp,SF,2766,476,0,0,0,0,0,1,0,0,0,0,0,0,0,0,0,1,2,0,0,0,0,1,0,1,255,12,0.05,0.02,0,0,0,0,0.04,0,normal
0,tcp,http,SF,298,1515,0,0,0,0,0,1,0,0,0,0,0,0,0,0,0,8,8,0,0,0,0,1,0,0,35,255,1,0,0.03,0.03,0,0,0,0,normal
0,tcp,http,SF,244,1026,0,0,0,0,0,1,0,0,0,0,0,0,0,0,0,25,25,0,0,0,0,1,0,0,255,255,1,0,0,0,0,0,0,0,normal
24,tcp,ftp,SF,220,767,0,0,0,4,0,1,0,0,0,0,0,0,0,0,1,1,1,0,0,0,0,1,0,0,70,27,0.39,0.06,0.01,0,0,0,0,0,normal
3983,tcp,IRC,S3,390,7872,0,0,0,0,0,1,0,0,0,0,0,0,0,0,0,2,1,0.5,1,0,0,0.5,1,0,9,5,0.56,0.22,0.11,0,0.11,0.2,0.44,0.8,normal
0,tcp,http,SF,316,334,0,0,0,0,0,1,0,0,0,0,0,0,0,0,0,11,13,0,0,0,0,1,0,0.23,255,255,1,0,0,0,0,0,0,0,normal
0,udp,domain_u,SF,44,129,0,0,0,0,0,0,0,0,0,0,0,0,0,0,0,131,213,0,0,0,0,1,0,0.02,255,254,1,0.01,0,0,0,0,0,0,normal
0,udp,domain_u,SF,45,135,0,0,0,0,0,0,0,0,0,0,0,0,0,0,0,103,185,0,0,0,0,1,0,0.02,255,254,1,0.01,0,0,0,0,0,0,normal
0,tcp,ftp_data,SF,884,0,0,0,0,0,0,1,0,0,0,0,0,0,0,0,0,3,3,0,0,0,0,1,0,0,255,110,0.43,0.02,0.44,0,0,0.01,0,0,normal
0,tcp,http,SF,336,12265,0,0,0,0,0,1,0,0,0,0,0,0,0,0,0,1,1,0,0,0,0,1,0,0,2,255,1,0,0.5,0.04,0,0.01,0,0,normal
0,tcp,http,SF,210,746,0,0,0,0,0,1,0,0,0,0,0,0,0,0,0,3,3,0,0,0,0,1,0,0,167,255,1,0,0.01,0.02,0,0,0,0,normal
0,tcp,http,SF,221,1789,0,0,0,0,0,1,0,0,0,0,0,0,0,0,0,2,10,0.5,0.1,0,0.1,1,0,0.4,73,255,1,0,0.01,0.02,0.01,0,0,0,normal
0,udp,domain_u,SF,44,113,0,0,0,0,0,0,0,0,0,0,0,0,0,0,0,121,126,0,0,0,0,1,0,0.02,255,255,1,0,0,0,0,0,0,0,normal
0,tcp,ftp_data,SF,192,0,0,0,0,0,0,1,0,0,0,0,0,0,0,0,0,1,1,0,0,0,0,1,0,0,62,124,0.35,0.06,0.35,0.02,0,0,0,0,normal
575,udp,other,SF,145,105,0,0,0,0,0,0,0,0,0,0,0,0,0,0,0,5,1,0,0,0,0,0.2,0.6,0,14,1,0.07,0.71,0.93,0,0,0,0,0,normal
0,udp,domain_u,SF,46,134,0,0,0,0,0,0,0,0,0,0,0,0,0,0,0,145,225,0,0,0,0,1,0,0.01,255,255,1,0,0,0,0,0,0,0,normal
0,tcp,http,SF,153,9267,0,0,0,0,0,1,0,0,0,0,0,0,0,0,0,2,14,0,0,0,0,1,0,0.21,71,255,1,0,0.01,0.03,0,0,0,0,normal
31,tcp,ftp,SF,848,2586,0,0,0,18,0,1,0,0,0,0,0,0,0,0,1,1,1,0,0,0,0,1,0,0,255,37,0.15,0.02,0,0,0,0,0,0,normal
0,icmp,ecr_i,SF,30,0,0,0,0,0,0,0,0,0,0,0,0,0,0,0,0,1,1,0,0,0,0,1,0,0,204,204,1,0,1,0,0,0,0,0,normal
0,tcp,http,SF,186,690,0,0,0,0,0,1,0,0,0,0,0,0,0,0,0,9,9,0,0,0,0,1,0,0,9,255,1,0,0.11,0.01,0,0,0,0,normal
0,tcp,smtp,SF,1713,336,0,0,0,0,0,1,0,0,0,0,0,0,0,0,0,1,1,0,0,0,0,1,0,0,31,167,0.77,0.13,0.03,0.01,0,0.01,0,0,normal
0,tcp,ftp_data,SF,37,0,0,0,0,0,0,1,0,0,0,0,0,0,0,0,0,151,1,0.99,0,0,0,0.01,0.07,0,255,3,0.01,0.06,0.01,0,0.99,0,0,0,normal
0,tcp,http,SF,221,602,0,0,0,0,0,1,0,0,0,0,0,0,0,0,0,51,57,0,0,0,0,1,0,0.04,255,255,1,0,0,0,0,0,0,0,normal
0,tcp,ftp_data,SF,5891,0,0,0,0,0,0,0,0,0,0,0,0,0,0,0,0,17,17,0,0,0,0,1,0,0,255,92,0.36,0.03,0.36,0,0,0,0,0,normal
0,udp,domain_u,SF,44,76,0,0,0,0,0,0,0,0,0,0,0,0,0,0,0,209,209,0,0,0,0,1,0,0,255,254,1,0.01,0,0,0,0,0,0,normal
0,udp,domain_u,SF,44,72,0,0,0,0,0,0,0,0,0,0,0,0,0,0,0,140,140,0,0,0,0,1,0,0,255,255,1,0,0.01,0,0,0,0,0,normal
0,tcp,http,SF,226,1270,0,0,0,0,0,1,0,0,0,0,0,0,0,0,0,8,20,0,0,0,0,1,0,0.2,255,255,1,0,0,0,0,0,0,0,normal
0,tcp,http,REJ,0,0,0,0,0,0,0,0,0,0,0,0,0,0,0,0,0,19,19,0,0,0.79,0.79,1,0,0,38,118,1,0,0.03,0.17,0,0,0.89,0.97,normal
0,udp,domain_u,SF,36,0,0,0,0,0,0,0,0,0,0,0,0,0,0,0,0,7,9,0,0,0,0,1,0,0.33,46,149,1,0,1,0.01,0,0,0,0,normal
0,tcp,finger,SF,6,269,0,0,0,0,0,0,0,0,0,0,0,0,0,0,0,1,1,0,0,0,0,1,0,0,230,2,0.01,0.02,0,0,0,0,0.83,0,normal
0,udp,domain_u,SF,42,42,0,0,0,0,0,0,0,0,0,0,0,0,0,0,0,4,7,0,0,0,0,1,0,0.29,255,244,0.96,0.01,0,0,0,0,0,0,normal
0,tcp,http,SF,312,10010,0,0,0,0,0,1,0,0,0,0,0,0,0,0,0,2,19,0,0,0,0,1,0,0.11,4,255,1,0,0.25,0.04,0,0,0,0,normal
0,tcp,http,SF,332,10351,0,0,0,0,0,1,0,0,0,0,0,0,0,0,0,1,2,0,0,0,0,1,0,1,255,255,1,0,0,0,0,0,0,0,normal
1,udp,private,SF,105,147,0,0,0,0,0,0,0,0,0,0,0,0,0,0,0,2,2,0,0,0,0,1,0,0,64,26,0.41,0.05,0.05,0,0,0,0,0,normal
0,tcp,http,SF,199,2055,0,0,0,0,0,1,0,0,0,0,0,0,0,0,0,4,4,0,0,0,0,1,0,0,144,255,1,0,0.01,0.02,0,0,0,0,normal
0,tcp,http,SF,210,1313,0,0,0,0,0,1,0,0,0,0,0,0,0,0,0,9,9,0,0,0,0,1,0,0,9,255,1,0,0.11,0.05,0,0,0,0,normal
0,tcp,http,SF,289,3780,0,0,0,0,0,1,0,0,0,0,0,0,0,0,0,7,7,0,0,0,0,1,0,0,54,63,1,0,0.02,0.08,0,0,0.02,0.02,normal
0,udp,domain_u,SF,40,40,0,0,0,0,0,0,0,0,0,0,0,0,0,0,0,3,6,0,0,0,0,1,0,0.33,255,255,1,0,0,0,0,0,0,0,normal
0,udp,private,SF,105,145,0,0,0,0,0,0,0,0,0,0,0,0,0,0,0,1,1,0,0,0,0,1,0,0,78,78,1,0,0.01,0,0,0,0,0,normal
0,tcp,http,SF,347,1417,0,0,0,0,0,1,0,0,0,0,0,0,0,0,0,23,23,0,0,0,0,1,0,0,255,255,1,0,0,0,0,0,0,0,normal
0,tcp,ftp_data,SF,7196,0,0,0,0,0,0,1,0,0,0,0,0,0,0,0,0,9,9,0,0,0,0,1,0,0,111,55,0.33,0.05,0.33,0.04,0,0,0,0,normal
0,tcp,http,SF,294,3327,0,0,0,0,0,1,0,0,0,0,0,0,0,0,0,1,19,0,0,0,0,1,0,0.16,57,255,1,0,0.02,0.04,0,0,0,0,normal
0,udp,domain_u,SF,42,42,0,0,0,0,0,0,0,0,0,0,0,0,0,0,0,1,4,0,0,0,0,1,0,0.5,255,247,0.97,0.01,0,0,0,0,0,0,normal
0,tcp,http,SF,309,398,0,0,0,0,0,1,0,0,0,0,0,0,0,0,0,7,7,0,0,0,0,1,0,0,255,255,1,0,0,0,0,0,0,0,normal
0,tcp,http,SF,311,1473,0,0,0,0,0,1,0,0,0,0,0,0,0,0,0,3,6,0,0,0,0,1,0,0.33,24,255,1,0,0.04,0.02,0,0,0,0,normal
0,tcp,ftp_data,SF,637,0,0,0,0,0,0,1,0,0,0,0,0,0,0,0,0,6,20,0,0,0,0,1,0,0.1,122,56,0.3,0.02,0.3,0.04,0,0,0,0,normal
0,tcp,http,SF,257,125015,0,0,0,0,0,1,0,0,0,0,0,0,0,0,0,10,11,0,0,0,0,1,0,0.18,179,255,1,0,0.01,0.02,0.01,0.01,0,0,normal
0,tcp,http,SF,243,398,0,0,0,0,0,1,0,0,0,0,0,0,0,0,0,6,7,0,0,0,0,1,0,0.29,255,255,1,0,0.01,0,0,0,0,0,normal
2130,udp,other,SF,145,105,0,0,0,0,0,0,0,0,0,0,0,0,0,0,0,6,2,0,0,0,0,0.33,0.5,0,255,2,0.01,0.69,0.97,0,0,0,0,0,normal
0,tcp,http,SF,304,1680,0,0,0,0,0,1,0,0,0,0,0,0,0,0,0,10,10,0,0,0,0,1,0,0,255,255,1,0,0,0,0.01,0.01,0,0,normal
0,tcp,http,REJ,0,0,0,0,0,0,0,0,0,0,0,0,0,0,0,0,0,1,1,0,0,1,1,1,0,0,72,255,1,0,0.01,0.15,0,0,1,1,normal
0,udp,domain_u,SF,46,72,0,0,0,0,0,0,0,0,0,0,0,0,0,0,0,145,145,0,0,0,0,1,0,0,255,202,0.79,0.01,0,0,0,0,0,0,normal
0,tcp,ftp_data,SF,12241,0,0,0,0,0,0,1,0,0,0,0,0,0,0,0,0,11,11,0,0,0,0,1,0,0,255,56,0.22,0.05,0.22,0,0.36,0,0.02,0,normal
0,tcp,ftp_data,SF,425,0,0,0,0,0,0,0,0,0,0,0,0,0,0,0,0,1,1,0,0,0,0,1,0,0,227,38,0.14,0.01,0.14,0.05,0,0,0,0,normal
0,tcp,http,SF,224,449,0,0,0,0,0,1,0,0,0,0,0,0,0,0,0,10,11,0.1,0.09,0,0,1,0,0.18,39,255,1,0,0.03,0.04,0.03,0,0,0,normal
0,tcp,http,SF,205,1042,0,0,0,0,0,1,0,0,0,0,0,0,0,0,0,5,5,0,0,0,0,1,0,0,249,255,1,0,0,0.01,0,0,0,0,normal
0,tcp,http,SF,289,183,0,0,0,0,0,1,0,0,0,0,0,0,0,0,0,1,4,0,0,0,0,1,0,0.5,255,255,1,0,0,0,0,0,0,0,normal
0,tcp,http,SF,348,2870,0,0,0,0,0,1,0,0,0,0,0,0,0,0,0,6,6,0,0,0,0,1,0,0,255,255,1,0,0.01,0,0,0,0,0,normal
0,tcp,http,SF,272,2042,0,0,0,0,0,1,0,0,0,0,0,0,0,0,0,2,2,0,0,0,0,1,0,0,80,255,1,0,0.01,0.03,0,0,0,0,normal
0,tcp,http,REJ,0,0,0,0,0,0,0,0,0,0,0,0,0,0,0,0,0,1,1,0,0,1,1,1,0,0,66,255,1,0,0.02,0.15,0,0,0.58,0.85,normal
0,tcp,http,SF,325,1817,0,0,0,0,0,1,0,0,0,0,0,0,0,0,0,14,14,0,0,0,0,1,0,0,98,255,1,0,0.01,0.03,0,0,0,0,normal
0,tcp,http,SF,221,1425,0,0,0,0,0,1,0,0,0,0,0,0,0,0,0,2,3,0,0,0,0,1,0,0.67,85,217,1,0,0.01,0.01,0,0,0,0,normal
0,udp,domain_u,SF,46,46,0,0,0,0,0,0,0,0,0,0,0,0,0,0,0,76,76,0,0,0,0,1,0,0,255,252,0.99,0.01,0.01,0,0,0,0,0,normal
0,tcp,http,SF,214,306,0,0,0,0,0,1,0,0,0,0,0,0,0,0,0,17,19,0,0,0,0,1,0,0.16,255,255,1,0,0,0,0,0,0,0,normal
0,tcp,smtp,SF,601,286,0,0,0,0,0,1,0,0,0,0,0,0,0,0,0,1,1,0,0,0,0,1,0,0,255,64,0.25,0.02,0,0,0,0,0,0,normal
0,tcp,http,SF,167,2770,0,0,0,0,0,1,0,0,0,0,0,0,0,0,0,2,2,0,0,0,0,1,0,0,52,235,1,0,0.02,0.01,0,0,0,0,normal
10,tcp,smtp,SF,2376,329,0,0,0,0,0,1,0,0,0,0,0,0,0,0,0,1,1,0,0,0,0,1,0,0,149,166,0.55,0.03,0.01,0.01,0,0,0,0,normal
1,tcp,smtp,SF,1084,327,0,0,0,0,0,1,0,0,0,0,0,0,0,0,0,1,3,0,0,0,0,1,0,1,255,132,0.52,0.05,0,0,0.01,0,0,0,normal
0,tcp,http,SF,358,1329,0,0,0,0,0,1,0,0,0,0,0,0,0,0,0,28,34,0,0,0,0,1,0,0.06,255,255,1,0,0.01,0,0,0,0,0,normal
0,tcp,http,SF,342,2263,0,0,0,0,0,1,0,0,0,0,0,0,0,0,0,2,2,0,0,0,0,1,0,0,27,255,1,0,0.04,0.03,0,0,0,0,normal
0,tcp,http,SF,240,2698,0,0,0,0,0,1,0,0,0,0,0,0,1,0,0,2,4,0,0,0,0.5,1,0,0.75,53,53,1,0,0.02,0,0,0,0,0,normal
0,udp,domain_u,SF,31,0,0,0,0,0,0,0,0,0,0,0,0,0,0,0,0,1,2,0,0,0,0,1,0,1,6,24,0.33,0.33,0.33,0.08,0,0,0,0,normal
0,tcp,http,SF,230,15121,0,0,0,0,0,1,0,0,0,0,0,0,0,0,0,5,32,0,0,0,0,1,0,0.06,26,255,1,0,0.04,0.07,0,0,0,0,normal
0,tcp,smtp,SF,651,480,0,0,0,0,0,1,0,0,0,0,0,0,0,0,0,1,1,0,0,0,0,1,0,0,255,36,0.14,0.02,0,0,0,0,0.81,0,normal
0,tcp,http,SF,313,248,0,0,0,0,0,1,0,0,0,0,0,0,0,0,0,6,7,0,0,0,0,1,0,0.29,149,185,1,0,0.01,0.02,0,0.01,0,0,normal
0,tcp,http,SF,208,2668,0,0,0,0,0,1,0,0,0,0,0,0,0,0,0,12,12,0,0,0,0,1,0,0,12,255,1,0,0.08,0.04,0,0,0,0,normal
0,tcp,http,SF,251,388,0,0,0,0,0,1,0,0,0,0,0,0,0,0,0,16,27,0,0,0,0,1,0,0.07,255,255,1,0,0,0,0,0,0,0,normal
0,tcp,http,SF,266,691,0,0,0,0,0,1,0,0,0,0,0,0,0,0,0,6,6,0,0,0,0,1,0,0,255,255,1,0,0,0,0,0,0,0,normal
0,tcp,http,SF,360,1738,0,0,0,0,0,1,0,0,0,0,0,0,0,0,0,19,19,0,0,0,0,1,0,0,255,255,1,0,0,0,0,0,0,0,normal
0,tcp,http,SF,314,1053,0,0,0,0,0,1,0,0,0,0,0,0,0,0,0,1,1,0,0,0,0,1,0,0,1,255,1,0,1,0.04,0,0,0,0,normal
0,tcp,http,SF,330,837,0,0,0,0,0,1,0,0,0,0,0,0,0,0,0,16,16,0,0,0,0,1,0,0,255,255,1,0,0,0,0,0,0,0,normal
0,tcp,http,SF,328,24786,0,0,0,0,0,1,0,0,0,0,0,0,0,0,0,18,18,0,0,0,0,1,0,0,255,255,1,0,0,0,0,0,0,0,normal
0,tcp,http,SF,209,1820,0,0,0,0,0,1,0,0,0,0,0,0,0,0,0,2,12,0,0,0,0,1,0,0.25,85,255,1,0,0.01,0.04,0,0,0,0,normal
0,tcp,http,SF,224,832,0,0,0,0,0,1,0,0,0,0,0,0,0,0,0,34,34,0,0,0,0,1,0,0,255,255,1,0,0,0,0,0,0,0,normal
0,tcp,http,SF,222,1447,0,0,0,0,0,1,0,0,0,0,0,0,0,0,0,4,5,0,0,0,0,1,0,0.4,114,255,1,0,0.01,0.02,0,0,0,0,normal
159,tcp,http,SF,205,308,0,0,0,0,0,1,0,0,0,0,0,0,0,0,0,1,17,0,0,0,0,1,0,0.29,3,255,1,0,0.33,0.04,0,0,0,0,normal
0,tcp,smtp,S0,0,0,0,0,0,0,0,0,0,0,0,0,0,0,0,0,0,4,2,0.25,0.5,0,0,0.5,0.5,0,49,131,0.29,0.08,0.04,0.02,0.02,0.02,0,0,normal
0,tcp,ftp_data,SF,748,0,0,0,0,0,0,1,0,0,0,9,0,0,0,0,0,1,1,0,0,0,0,1,0,0,118,45,0.11,0.03,0.11,0.04,0.01,0.02,0,0,normal
0,udp,domain_u,SF,46,76,0,0,0,0,0,0,0,0,0,0,0,0,0,0,0,179,179,0,0,0,0,1,0,0,255,255,1,0,0,0,0,0,0,0,normal
0,udp,domain_u,SF,33,0,0,0,0,0,0,0,0,0,0,0,0,0,0,0,0,1,2,0,0,0,0,1,0,1,223,24,0.11,0.04,0.11,0,0,0,0,0,normal
0,tcp,http,SF,258,7333,0,0,0,0,0,1,0,0,0,0,0,0,0,0,0,13,13,0,0,0,0,1,0,0,255,255,1,0,0,0,0,0,0,0,normal
0,tcp,http,SF,311,248,0,0,0,0,0,1,0,0,0,0,0,0,0,0,0,7,7,0,0,0,0,1,0,0,159,195,1,0,0.01,0.02,0,0.01,0,0,normal
0,tcp,http,SF,294,1719,0,0,0,0,0,1,0,0,0,0,0,0,0,0,0,8,8,0,0,0,0,1,0,0,108,255,1,0,0.01,0.01,0,0,0,0,normal
0,tcp,http,SF,254,1419,0,0,0,0,0,1,0,0,0,0,0,0,0,0,0,1,6,0,0,0,0,1,0,0.5,94,255,1,0,0.01,0.03,0,0,0,0,normal
1,tcp,smtp,SF,1080,327,0,0,0,0,0,1,0,0,0,0,0,0,0,0,0,1,2,0,0,0,0,1,0,1,202,154,0.58,0.02,0,0.01,0,0,0,0,normal
0,tcp,http,SF,334,10383,0,0,0,0,0,1,0,0,0,0,0,0,0,0,0,1,1,0,0,0,0,1,0,0,1,255,1,0,1,0.02,0,0,0,0,normal
0,tcp,http,SF,187,15157,0,0,0,0,0,1,0,0,0,0,0,0,0,0,0,3,13,0,0.08,0,0,1,0,0.23,4,255,1,0,0.25,0.03,0,0,0,0,normal
0,tcp,http,SF,230,10828,0,0,0,0,0,1,0,0,0,0,0,0,0,0,0,4,43,0,0,0,0,1,0,0.14,18,255,1,0,0.06,0.06,0,0,0,0,normal
0,tcp,http,SF,253,607,0,0,0,0,0,1,0,0,0,0,0,0,0,0,0,9,9,0,0,0,0,1,0,0,255,255,1,0,0,0,0.01,0.01,0,0,normal
5,tcp,http,SF,268,279,0,0,0,1,0,1,0,0,0,0,0,0,0,0,0,1,3,0,0,0,0,1,0,0.67,106,102,0.96,0.02,0.01,0,0,0,0,0,normal
0,tcp,http,SF,326,12944,0,0,0,0,0,1,0,0,0,0,0,0,0,0,0,22,34,0,0,0,0,1,0,0.12,255,255,1,0,0.01,0,0,0,0,0,normal
0,tcp,http,SF,225,758,0,0,0,0,0,1,0,0,0,0,0,0,0,0,0,1,1,0,0,0,0,1,0,0,2,255,1,0,0.5,0.01,0,0,0,0,normal
0,tcp,smtp,SF,512,307,0,0,0,0,0,1,0,0,0,0,0,0,0,0,0,1,1,0,0,0,0,1,0,0,240,67,0.24,0.3,0.01,0.03,0,0,0.27,0,normal
0,tcp,http,SF,172,15119,0,0,0,0,0,1,0,0,0,0,0,0,0,0,0,1,1,0,0,0,0,1,0,0,159,255,1,0,0.01,0.02,0,0,0.02,0.01,normal
0,tcp,http,SF,213,6418,0,0,0,0,0,1,0,0,0,0,0,0,0,0,0,4,4,0,0,0,0,1,0,0,4,255,1,0,0.25,0.06,0,0,0,0,normal
0,tcp,http,SF,244,1026,0,0,0,0,0,1,0,0,0,0,0,0,0,0,0,25,25,0,0,0,0,1,0,0,255,255,1,0,0,0,0,0,0,0,normal
0,tcp,http,REJ,0,0,0,0,0,0,0,0,0,0,0,0,0,0,0,0,0,2,2,0,0,1,1,1,0,0,44,53,1,0,0.02,0.04,0,0,0.39,0.49,normal
0,tcp,http,SF,248,3200,0,0,0,0,0,1,0,0,0,0,0,0,0,0,0,7,7,0,0,0,0,1,0,0,60,255,1,0,0.02,0.01,0,0,0,0,normal
0,udp,domain_u,SF,46,132,0,0,0,0,0,0,0,0,0,0,0,0,0,0,0,77,157,0,0,0,0,1,0,0.01,255,239,0.94,0.01,0,0,0,0,0,0,normal
0,tcp,smtp,SF,2099,368,0,0,0,0,0,1,0,0,0,0,0,0,0,0,0,1,1,0,0,0,0,1,0,0,200,117,0.43,0.03,0,0.02,0,0,0,0,normal
0,tcp,ftp_data,SF,1153,0,0,0,0,0,0,1,0,0,0,0,0,0,0,0,0,2,2,0,0,0,0,1,0,0,48,27,0.12,0.08,0.12,0.07,0,0,0,0,normal
0,udp,other,SF,147,0,0,0,0,0,0,0,0,0,0,0,0,0,0,0,0,5,1,0,0,0,0,0.2,0.6,0,255,1,0,0.28,0.58,0,0,0,0,0,normal
0,tcp,http,SF,214,283,0,0,0,0,0,1,0,0,0,0,0,0,0,0,0,2,2,0,0,0,0,1,0,0,27,255,1,0,0.04,0.05,0,0.01,0,0,normal
0,tcp,smtp,S1,82,206,0,0,0,0,0,1,0,0,0,0,0,0,0,0,0,1,1,1,1,0,0,1,0,0,119,202,0.83,0.03,0.01,0.01,0.01,0,0,0,normal
0,tcp,ftp_data,S1,456980,0,0,0,0,0,0,1,0,0,0,0,0,0,0,0,0,2,2,0.5,0.5,0,0,1,0,0,62,50,0.1,0.05,0.1,0.04,0.02,0.06,0,0,normal
0,tcp,ftp_data,SF,1030,0,0,0,0,0,0,1,0,0,0,0,0,0,0,0,0,6,6,0,0,0,0,1,0,0,140,12,0.09,0.04,0.09,0,0,0,0,0,normal
0,tcp,ftp_data,SF,245,0,0,0,0,0,0,1,0,0,0,1,0,0,0,0,0,2,2,0,0,0,0,1,0,0,133,76,0.29,0.03,0.29,0.03,0,0,0,0,normal
0,tcp,http,SF,198,2406,0,0,0,0,0,1,0,0,0,0,0,0,0,0,0,1,35,0,0,0,0,1,0,0.09,127,255,1,0,0.01,0.03,0,0.01,0.01,0,normal
0,tcp,http,SF,309,10929,0,0,0,0,0,1,0,0,0,0,0,0,0,0,0,1,1,0,0,0,0,1,0,0,40,255,1,0,0.03,0.03,0,0,0,0.01,normal
0,tcp,http,SF,345,607,0,0,0,0,0,1,0,0,0,0,0,0,0,0,0,15,15,0,0,0,0,1,0,0,255,255,1,0,0,0,0,0,0,0,normal
0,tcp,http,SF,303,312,0,0,0,0,0,1,0,0,0,0,0,0,0,0,0,11,15,0,0,0,0,1,0,0.13,67,255,1,0,0.01,0.02,0,0,0,0,normal
0,tcp,http,SF,271,3315,0,0,0,0,0,1,0,0,0,0,0,0,0,0,0,7,7,0,0,0,0,1,0,0,255,255,1,0,0,0,0,0,0,0,normal
0,tcp,http,SF,294,1600,0,0,0,0,0,1,0,0,0,0,0,0,0,0,0,9,9,0,0,0,0,1,0,0,96,255,1,0,0.01,0.01,0,0,0,0,normal
0,icmp,ecr_i,SF,30,0,0,0,0,0,0,0,0,0,0,0,0,0,0,0,0,1,1,0,0,0,0,1,0,0,11,12,1,0,1,0.17,0,0,0,0,normal
0,tcp,ftp_data,SF,194,0,0,0,0,0,0,0,0,0,0,0,0,0,0,0,0,2,2,0,0,0,0,1,0,0,255,102,0.4,0.02,0.4,0,0,0,0,0,normal
0,tcp,http,SF,207,337,0,0,0,0,0,1,0,0,0,0,0,0,0,0,0,47,47,0,0,0,0,1,0,0,48,255,1,0,0.02,0.03,0,0,0,0,normal
0,udp,domain_u,SF,43,109,0,0,0,0,0,0,0,0,0,0,0,0,0,0,0,239,315,0,0,0,0,1,0,0.01,255,253,0.99,0.01,0,0,0,0,0,0,normal
0,tcp,http,SF,202,1382,0,0,0,0,0,1,0,0,0,0,0,0,0,0,0,13,15,0,0,0,0,1,0,0.13,123,255,1,0,0.01,0.01,0,0,0,0,normal
0,udp,domain_u,SF,42,122,0,0,0,0,0,0,0,0,0,0,0,0,0,0,0,70,150,0,0,0,0,1,0,0.01,255,206,0.81,0.02,0,0,0,0,0,0,normal
0,tcp,http,SF,327,607,0,0,0,0,0,1,0,0,0,0,0,0,0,0,0,10,10,0,0,0,0,1,0,0,255,255,1,0,0,0,0,0,0,0,normal
0,tcp,smtp,SF,1133,329,0,0,0,0,0,1,0,0,0,0,0,0,0,0,0,1,1,0,0,0,0,1,0,0,155,157,0.65,0.03,0.01,0.01,0,0,0,0,normal
0,udp,domain_u,SF,44,76,0,0,0,0,0,0,0,0,0,0,0,0,0,0,0,170,170,0,0,0,0,1,0,0,255,255,1,0,0.01,0,0,0,0,0,normal
0,udp,domain_u,SF,75,46,0,0,0,0,0,0,0,0,0,0,0,0,0,0,0,126,126,0,0,0,0,1,0,0,255,166,0.65,0.01,0.25,0,0,0,0,0,normal
0,tcp,http,REJ,0,0,0,0,0,0,0,0,0,0,0,0,0,0,0,0,0,1,2,0,0,1,1,1,0,1,1,255,1,0,1,0.09,0,0,1,0.87,normal
0,udp,domain_u,SF,44,120,0,0,0,0,0,0,0,0,0,0,0,0,0,0,0,191,191,0,0,0,0,1,0,0,255,255,1,0,0,0,0,0,0,0,normal
0,tcp,http,SF,312,6775,0,0,0,0,0,1,0,0,0,0,0,0,0,0,0,1,1,0,0,0,0,1,0,0,252,255,1,0,0,0.01,0,0,0,0,normal
0,tcp,http,SF,204,3881,0,0,0,0,0,1,0,0,0,0,0,0,0,0,0,13,13,0,0,0,0,1,0,0,29,255,1,0,0.03,0.02,0,0,0,0,normal
0,tcp,http,SF,147,11633,0,0,0,0,0,1,0,0,0,0,0,0,0,0,0,4,4,0,0,0,0,1,0,0,66,255,1,0,0.02,0.02,0,0,0,0.01,normal
0,tcp,smtp,SF,840,336,0,0,0,0,0,1,0,0,0,0,0,0,0,0,0,1,1,0,0,0,0,1,0,0,21,163,0.48,0.19,0.05,0.02,0,0,0,0,normal
0,udp,other,SF,147,0,0,0,0,0,0,0,0,0,0,0,0,0,0,0,0,5,1,0,0,0,0,0.2,0.6,0,255,1,0,0.2,0.37,0,0,0,0,0,normal
0,tcp,http,SF,194,365,0,0,0,0,0,1,0,0,0,0,0,0,0,0,0,18,18,0,0,0,0,1,0,0,255,255,1,0,0,0,0,0,0,0,normal
10,tcp,smtp,SF,1330,282,0,0,0,0,0,1,0,0,0,0,0,0,0,0,0,1,1,0,0,0,0,1,0,0,255,142,0.56,0.03,0,0,0,0,0,0,normal
0,tcp,http,SF,208,1645,0,0,0,0,0,1,0,0,0,0,0,0,0,0,0,2,2,0,0,0,0,1,0,0,6,255,1,0,0.17,0.03,0,0,0,0,normal
0,tcp,http,SF,345,9146,0,0,0,0,0,1,0,0,0,0,0,0,0,0,0,6,13,0,0.08,0.17,0.08,1,0,0.15,255,255,1,0,0,0,0,0,0,0,normal
0,tcp,ftp_data,SF,26408,0,0,0,0,0,0,0,0,0,0,0,0,0,0,0,0,9,9,0,0,0,0,1,0,0,49,15,0.31,0.06,0.31,0,0,0,0,0,normal
0,tcp,http,SF,200,354,0,0,0,0,0,1,0,0,0,0,0,0,0,0,0,38,38,0,0,0,0,1,0,0,255,255,1,0,0,0,0,0,0,0,normal
0,tcp,http,SF,215,337,0,0,0,0,0,1,0,0,0,0,0,0,0,0,0,17,17,0,0,0,0,1,0,0,83,255,1,0,0.01,0.02,0,0,0,0,normal
0,tcp,http,SF,246,602,0,0,0,0,0,1,0,0,0,0,0,0,0,0,0,22,31,0,0,0,0,1,0,0.16,255,255,1,0,0,0,0,0,0,0,normal
0,udp,private,SF,105,146,0,0,0,0,0,0,0,0,0,0,0,0,0,0,0,1,1,0,0,0,0,1,0,0,22,19,0.86,0.14,0.05,0,0,0,0,0,normal
0,tcp,http,SF,246,11889,0,0,0,0,0,1,0,0,0,0,0,0,0,0,0,6,6,0,0,0,0,1,0,0,226,226,1,0,0,0,0,0,0,0,normal
0,tcp,http,SF,147,376,0,0,0,0,0,1,0,0,0,0,0,0,0,0,0,8,8,0,0,0,0,1,0,0,156,255,1,0,0.01,0.02,0,0,0.14,0.33,normal
0,udp,private,SF,105,145,0,0,0,0,0,0,0,0,0,0,0,0,0,0,0,1,1,0,0,0,0,1,0,0,21,13,0.62,0.14,0.1,0,0,0,0,0,normal
27,tcp,ftp,SF,287,903,0,0,0,5,0,1,0,0,0,0,0,0,0,0,1,1,1,0,0,0,0,1,0,0,221,24,0.11,0.03,0,0,0,0,0,0,normal
0,tcp,http,SF,226,4046,0,0,0,0,0,1,0,0,0,0,0,0,0,0,0,3,21,0.33,0.05,0,0,1,0,0.14,43,255,1,0,0.02,0.03,0.07,0.01,0,0,normal
0,udp,domain_u,SF,42,84,0,0,0,0,0,0,0,0,0,0,0,0,0,0,0,273,273,0,0,0,0,1,0,0,255,206,0.81,0.01,0,0,0,0,0,0,normal
0,tcp,http,SF,293,253,0,0,0,0,0,1,0,0,0,0,0,0,0,0,0,17,22,0,0,0,0,1,0,0.09,255,255,1,0,0,0,0,0,0,0,normal
0,tcp,http,SF,308,579,0,0,0,0,0,1,0,0,0,0,0,0,0,0,0,12,31,0,0,0,0,1,0,0.06,77,255,1,0,0.01,0.02,0,0,0,0,normal
0,udp,domain_u,SF,44,69,0,0,0,0,0,0,0,0,0,0,0,0,0,0,0,261,261,0,0,0,0,1,0,0,255,236,0.93,0.01,0,0,0,0,0,0,normal
0,tcp,http,REJ,0,0,0,0,0,0,0,0,0,0,0,0,0,0,0,0,0,1,2,0,0,1,1,1,0,1,54,255,1,0,0.02,0.16,0,0.01,1,0.99,normal
0,tcp,http,SF,205,1395,0,0,0,0,0,1,0,0,0,0,0,0,0,0,0,19,19,0,0,0,0,1,0,0,110,255,1,0,0.01,0.03,0.01,0,0,0,normal
0,tcp,ftp_data,SF,884,0,0,0,0,0,0,1,0,0,0,0,0,0,0,0,0,2,2,0,0,0,0,1,0,0,166,61,0.26,0.04,0.26,0.03,0,0,0,0,normal
0,tcp,http,SF,264,8786,0,0,0,0,0,1,0,0,0,0,0,0,0,0,0,2,2,0,0,0,0,1,0,0,2,255,1,0,0.5,0.02,0,0,0,0,normal
0,tcp,http,SF,216,1233,0,0,0,0,0,1,0,0,0,0,0,0,0,0,0,2,2,0,0,0,0,1,0,0,17,255,1,0,0.06,0.05,0,0,0,0,normal
0,tcp,http,SF,219,465,0,0,0,0,0,1,0,0,0,0,0,0,0,0,0,9,10,0,0,0,0,1,0,0.2,58,255,1,0,0.02,0.05,0,0,0,0,normal
0,tcp,smtp,SF,1567,476,0,0,0,0,0,1,0,0,0,0,0,0,0,0,0,1,2,0,0,0,0,1,0,1,124,107,0.02,0.02,0.01,0.02,0,0,0,0,normal
0,udp,domain_u,SF,42,42,0,0,0,0,0,0,0,0,0,0,0,0,0,0,0,1,5,0,0,0,0,1,0,0.6,80,221,0.85,0.03,0.85,0.01,0.12,0,0,0,normal
0,udp,other,SF,516,4,0,0,0,0,0,0,0,0,0,0,0,0,0,0,0,218,218,0,0,0,0,1,0,0,218,218,1,0,1,0,0,0,0,0,normal
0,tcp,ftp_data,SF,7233,0,0,0,0,0,0,1,0,0,0,0,0,0,0,0,0,8,8,0,0,0,0,1,0,0,185,102,0.39,0.02,0.39,0.02,0.01,0.01,0,0,normal
0,udp,other,SF,147,0,0,0,0,0,0,0,0,0,0,0,0,0,0,0,0,5,1,0,0,0,0,0.2,0.6,0,255,1,0,0.81,0.99,0,0,0,0,0,normal
0,tcp,http,SF,287,2859,0,0,0,0,0,1,0,0,0,0,0,0,0,0,0,5,5,0,0,0,0,1,0,0,5,255,1,0,0.2,0.05,0,0,0,0,normal
0,tcp,finger,SF,9,593,0,0,0,0,0,0,0,0,0,0,0,0,0,0,0,1,1,0,0,0,0,1,0,0,195,8,0.04,0.02,0.01,0.25,0.01,0,0,0,normal
14,udp,domain_u,SF,109,45,0,0,0,0,0,0,0,0,0,0,0,0,0,0,0,2,3,0,0,0,0,1,0,0.67,66,49,0.74,0.03,0.74,0,0,0,0,0,normal
0,tcp,http,SF,305,3248,0,0,0,0,0,1,0,0,0,0,0,0,0,0,0,2,2,0,0,0,0,1,0,0,255,255,1,0,0,0,0,0,0,0,normal
1,tcp,smtp,SF,2621,332,0,0,0,0,0,1,0,0,0,0,0,0,0,0,0,1,2,0,0,0,0,1,0,1,63,120,0.29,0.05,0.02,0.02,0,0,0,0,normal
0,tcp,smtp,SF,1458,325,0,0,0,0,0,1,0,0,0,0,0,0,0,0,0,1,1,0,0,0,0,1,0,0,83,194,0.77,0.05,0.01,0.01,0,0,0,0,normal
0,tcp,http,SF,151,1946,0,0,0,0,0,1,0,0,0,0,0,0,0,0,0,1,1,0,0,0,0,1,0,0,6,255,1,0,0.17,0.08,0,0,0,0,normal
0,tcp,ftp_data,SF,4491,0,0,0,0,0,0,0,0,0,0,0,0,0,0,0,0,1,1,0,0,0,0,1,0,0,63,79,0.25,0.06,0.25,0.03,0,0,0,0,normal
0,udp,domain_u,SF,88,0,0,0,0,0,0,0,0,0,0,0,0,0,0,0,0,2,7,0,0,0,0,1,0,0.29,80,60,0.75,0.03,0.75,0,0,0,0,0,normal
0,udp,private,SF,105,145,0,0,0,0,0,0,0,0,0,0,0,0,0,0,0,4,1,0,0,0,0,0.25,0.5,0,115,111,0.97,0.03,0.01,0,0,0,0,0,normal
6,tcp,smtp,SF,1580,333,0,0,0,0,0,1,0,0,0,0,0,0,0,0,0,1,1,0,0,0,0,1,0,0,89,59,0.66,0.04,0.01,0,0,0,0,0,normal
0,tcp,http,SF,209,1080,0,0,0,0,0,1,0,0,0,0,0,0,0,0,0,16,16,0,0,0,0,1,0,0,255,255,1,0,0,0,0,0,0,0,normal
0,udp,domain_u,SF,44,70,0,0,0,0,0,0,0,0,0,0,0,0,0,0,0,303,303,0,0,0,0,1,0,0,255,217,0.85,0.01,0,0,0,0,0,0,normal
0,tcp,http,REJ,0,0,0,0,0,0,0,0,0,0,0,0,0,0,0,0,0,1,2,0,0,1,1,1,0,1,12,255,1,0,0.08,0.13,0,0,1,0.79,normal
1,tcp,smtp,SF,2476,387,0,0,0,0,0,1,0,0,0,0,0,0,0,0,0,2,1,0.5,0,0,0,0.5,1,0,255,18,0.07,0.86,0,0,0.85,0,0,0,normal
0,udp,domain_u,SF,44,115,0,0,0,0,0,0,0,0,0,0,0,0,0,0,0,1,4,0,0,0,0,1,0,0.75,255,247,0.97,0.01,0,0,0,0,0,0,normal
0,udp,domain_u,SF,45,135,0,0,0,0,0,0,0,0,0,0,0,0,0,0,0,82,161,0,0,0,0,0.98,0.04,0.01,255,243,0.95,0.01,0,0,0,0,0,0,normal
2475,udp,other,SF,147,105,0,0,0,0,0,0,0,0,0,0,0,0,0,0,0,1,1,0,0,0,0,1,0,0,255,1,0,0.45,0.84,0,0,0,0,0,normal
0,tcp,http,SF,368,200,0,0,0,0,0,1,0,0,0,0,0,0,0,0,0,12,12,0,0,0,0,1,0,0,132,255,1,0,0.01,0.02,0,0,0,0,normal
0,icmp,ecr_i,SF,30,0,0,0,0,0,0,0,0,0,0,0,0,0,0,0,0,1,1,0,0,0,0,1,0,0,1,2,1,0,1,1,0,0,0,0,normal
0,udp,domain_u,SF,44,110,0,0,0,0,0,0,0,0,0,0,0,0,0,0,0,75,152,0,0,0,0,1,0,0.01,255,193,0.76,0.02,0,0,0,0,0,0,normal
0,tcp,smtp,SF,3446,328,0,0,0,0,0,1,0,0,0,0,0,0,0,0,0,1,1,0,0,0,0,1,0,0,255,149,0.58,0.03,0,0,0,0.01,0,0,normal
0,tcp,http,SF,317,667,0,0,0,0,0,1,0,0,0,0,0,0,0,0,0,10,10,0,0,0,0,1,0,0,255,255,1,0,0,0,0,0,0,0,normal
0,tcp,http,SF,210,797,0,0,0,0,0,1,0,0,0,0,0,0,0,0,0,41,47,0,0,0,0,1,0,0.06,255,255,1,0,0,0,0,0,0,0,normal
0,tcp,http,SF,215,2698,0,0,0,0,0,1,0,0,0,0,0,0,0,0,0,27,54,0,0,0,0,1,0,0.07,255,255,1,0,0,0,0,0,0,0,normal
0,tcp,http,SF,262,11785,0,0,0,0,0,1,0,0,0,0,0,0,0,0,0,1,1,0,0,0,0,1,0,0,118,154,1,0,0.01,0.03,0,0.01,0,0,normal
0,tcp,smtp,SF,594,325,0,0,0,0,0,1,0,0,0,0,0,0,0,0,0,1,1,0,0,0,0,1,0,0,219,118,0.54,0.02,0,0,0,0,0,0,normal
0,tcp,http,SF,214,1394,0,0,0,0,0,1,0,0,0,0,0,0,0,0,0,20,24,0,0,0,0,1,0,0.12,255,255,1,0,0.01,0,0,0,0,0,normal
0,udp,domain_u,SF,44,44,0,0,0,0,0,0,0,0,0,0,0,0,0,0,0,86,168,0,0,0,0,1,0,0.02,255,254,1,0.01,0.01,0,0,0,0,0,normal
1208,udp,other,SF,147,105,0,0,0,0,0,0,0,0,0,0,0,0,0,0,0,1,1,0,0,0,0,1,0,0,255,3,0.01,0.64,0.97,0,0,0,0,0,normal
0,udp,domain_u,SF,42,42,0,0,0,0,0,0,0,0,0,0,0,0,0,0,0,144,226,0,0,0,0,1,0,0.02,255,255,1,0,0.01,0,0,0,0,0,normal
2,tcp,http,SF,192,1630,0,0,0,0,0,1,0,0,0,0,0,0,0,0,0,1,1,0,0,0,0,1,0,0,255,244,0.96,0.01,0,0,0,0,0,0,normal
27,tcp,ftp,SF,938,2720,0,0,0,19,0,1,0,0,0,0,0,0,0,0,1,1,1,0,0,0,0,1,0,0,205,63,0.31,0.03,0,0,0,0,0,0,normal
0,tcp,http,SF,324,344,0,0,0,0,0,1,0,0,0,0,0,0,0,0,0,7,7,0,0,0,0,1,0,0,75,255,1,0,0.01,0.03,0,0,0,0,normal
0,tcp,http,SF,234,5280,0,0,0,0,0,1,0,0,0,0,0,0,0,0,0,7,20,0,0,0,0,1,0,0.1,252,255,1,0,0,0.01,0,0,0,0,normal
0,icmp,urp_i,SF,181,0,0,0,0,0,0,0,0,0,0,0,0,0,0,0,0,2,1,0,0,0,0,0.5,1,0,2,1,0.5,1,1,0,0,0,0,0,normal
0,tcp,http,REJ,0,0,0,0,0,0,0,0,0,0,0,0,0,0,0,0,0,1,1,0,0,1,1,1,0,0,43,253,1,0,0.02,0.08,0,0,1,1,normal
0,tcp,http,SF,217,3669,0,0,0,0,0,1,0,0,0,0,0,0,0,0,0,3,3,0,0,0,0,1,0,0,18,49,1,0,0.06,0.1,0,0,0,0,normal
0,tcp,ftp_data,SF,5929,0,0,0,0,0,0,0,0,0,0,0,0,0,0,0,0,16,18,0,0,0,0,1,0,0.11,196,91,0.37,0.03,0.37,0.02,0.01,0,0,0,normal
0,tcp,smtp,SF,761,330,0,0,0,0,0,1,0,0,0,0,0,0,0,0,0,1,1,0,0,0,0,1,0,0,66,120,0.32,0.05,0.02,0.02,0,0,0,0,normal
0,udp,domain_u,SF,45,77,0,0,0,0,0,0,0,0,0,0,0,0,0,0,0,193,193,0,0,0,0,0.99,0.01,0.01,255,254,1,0.01,0,0,0,0,0,0,normal
0,udp,domain_u,SF,42,129,0,0,0,0,0,0,0,0,0,0,0,0,0,0,0,77,292,0,0,0,0,1,0,0.01,135,200,0.89,0.01,0.89,0.01,0,0,0.08,0,normal
0,tcp,http,SF,240,434,0,0,0,0,0,1,0,0,0,0,0,0,0,0,0,13,23,0,0,0,0,1,0,0.17,140,255,1,0,0.01,0.01,0,0,0,0,normal
0,tcp,http,SF,197,1410,0,0,0,0,0,1,0,0,0,0,0,0,0,0,0,2,17,0,0,0,0,1,0,0.12,255,255,1,0,0,0,0,0,0,0,normal
0,tcp,http,SF,251,6314,0,0,0,0,0,1,0,0,0,0,0,0,0,0,0,24,24,0,0,0,0,1,0,0,255,255,1,0,0,0,0,0,0,0,normal
0,tcp,http,SF,245,357,0,0,0,0,0,1,0,0,0,0,0,0,0,0,0,7,9,0,0,0,0,1,0,0.33,255,255,1,0,0,0,0,0,0,0,normal
0,tcp,ftp_data,SF,7940,0,0,0,0,0,0,0,0,0,0,0,0,0,0,0,0,9,9,0,0,0,0,1,0,0,255,53,0.21,0.47,0.21,0,0.47,0,0,0,normal
0,tcp,smtp,SF,991,330,0,0,0,0,0,1,0,0,0,0,0,0,0,0,0,1,2,0,0,0,0,1,0,1,24,41,1,0,0.04,0.05,0,0,0,0,normal
0,udp,domain_u,SF,43,74,0,0,0,0,0,0,0,0,0,0,0,0,0,0,0,148,148,0,0,0,0,1,0,0,255,254,1,0.01,0.01,0,0,0,0,0,normal
0,tcp,http,SF,294,297,0,0,0,0,0,1,0,0,0,0,0,0,0,0,0,6,6,0,0,0,0,1,0,0,25,255,1,0,0.04,0.19,0,0,0.36,0.9,normal
0,udp,domain_u,SF,45,87,0,0,0,0,0,0,0,0,0,0,0,0,0,0,0,188,188,0,0,0,0,1,0,0,255,255,1,0,0.01,0,0,0,0,0,normal
0,tcp,http,SF,313,1404,0,0,0,0,0,1,0,0,0,0,0,0,0,0,0,19,19,0,0,0,0,1,0,0,29,255,1,0,0.03,0.09,0,0,0.34,0.65,normal
0,udp,domain_u,SF,46,128,0,0,0,0,0,0,0,0,0,0,0,0,0,0,0,289,289,0,0,0,0,1,0,0,255,251,0.98,0.01,0,0,0,0,0,0,normal
0,tcp,http,SF,187,312,0,0,0,0,0,1,0,0,0,0,0,0,0,0,0,8,12,0,0,0,0,1,0,0.17,255,255,1,0,0,0,0,0,0,0,normal
0,tcp,ftp_data,SF,4753,0,0,0,0,0,0,1,0,0,0,0,0,1,0,0,0,2,2,0,0,0,0,1,0,0,240,60,0.22,0.08,0.27,0.03,0.01,0.02,0,0,normal
1,tcp,smtp,SF,938,332,0,0,0,0,0,1,0,0,0,0,0,0,0,0,0,1,2,0,0,0,0,1,0,1,21,148,0.57,0.24,0.05,0.01,0,0,0,0,normal
0,tcp,http,SF,311,26340,0,0,0,0,0,1,0,0,0,0,0,0,0,0,0,2,2,0,0,0,0,1,0,0,80,255,1,0,0.01,0.01,0.01,0,0,0.01,normal
0,tcp,http,SF,203,6178,0,0,0,0,0,1,0,0,0,0,0,0,0,0,0,7,7,0,0,0,0,1,0,0,164,255,1,0,0.01,0.02,0,0,0,0,normal
0,tcp,http,SF,209,1820,0,0,0,0,0,1,0,0,0,0,0,0,0,0,0,2,12,0,0,0,0,1,0,0.25,85,255,1,0,0.01,0.04,0,0,0,0,normal
0,tcp,http,SF,289,454,0,0,0,0,0,1,0,0,0,0,0,0,0,0,0,15,15,0,0,0,0,1,0,0,255,255,1,0,0.01,0,0,0,0,0,normal
0,tcp,http,SF,266,1646,0,0,0,0,0,1,0,0,0,0,0,0,0,0,0,15,17,0,0,0,0,1,0,0.12,255,255,1,0,0,0,0,0,0.01,0.01,normal
0,tcp,http,SF,221,10554,0,0,0,0,0,1,0,0,0,0,0,0,0,0,0,10,12,0,0,0,0,1,0,0.17,143,255,1,0,0.01,0.03,0,0,0,0,normal
0,tcp,http,SF,318,357,0,0,0,0,0,1,0,0,0,0,0,0,0,0,0,18,20,0,0,0,0,1,0,0.15,255,255,1,0,0,0,0,0,0,0,normal
1,tcp,smtp,SF,1295,375,0,0,0,0,0,1,0,0,0,0,0,0,0,0,0,1,3,0,0,0,0,1,0,1,255,116,0.45,0.11,0,0,0.01,0,0,0,normal
0,tcp,finger,SF,8,0,0,0,0,0,0,0,0,0,0,0,0,0,0,0,0,1,1,0,0,0,0,1,0,0,39,5,0.03,0.1,0.03,0.4,0,0,0,0,normal
0,tcp,http,SF,306,2507,0,0,0,0,0,1,0,0,0,0,0,0,0,0,0,4,4,0,0,0,0,1,0,0,255,246,0.96,0.01,0,0,0,0,0,0,normal
0,tcp,http,SF,171,409,0,0,0,0,0,1,0,0,0,0,0,0,0,0,0,4,4,0.25,0.25,0,0,1,0,0,35,255,1,0,0.03,0.01,0.06,0.01,0,0,normal
0,tcp,http,SF,351,725,0,0,0,0,0,1,0,0,0,0,0,0,0,0,0,10,11,0,0,0,0,1,0,0.18,255,255,1,0,0,0,0,0,0,0,normal
0,tcp,http,SF,205,253,0,0,0,0,0,1,0,0,0,0,0,0,0,0,0,11,11,0,0,0,0,1,0,0,255,255,1,0,0,0,0,0,0,0,normal
0,tcp,http,SF,239,775,0,0,0,0,0,1,0,0,0,0,0,0,0,0,0,16,16,0,0,0,0,1,0,0,255,255,1,0,0,0,0,0,0,0,normal
0,tcp,http,SF,223,2358,0,0,0,0,0,1,0,0,0,0,0,0,0,0,0,5,11,0,0,0,0,1,0,0.27,128,255,1,0,0.01,0.03,0,0,0,0,normal
0,tcp,http,SF,228,7333,0,0,0,0,0,1,0,0,0,0,0,0,0,0,0,1,29,0,0,0,0,1,0,0.07,1,255,1,0,1,0.02,0,0,0,0,normal
0,tcp,http,SF,379,2269,0,0,0,0,0,1,0,0,0,0,0,0,0,0,0,18,18,0,0,0,0,1,0,0,47,255,1,0,0.02,0.03,0,0,0,0,normal
0,tcp,smtp,SF,1787,327,0,0,0,0,0,1,0,0,0,0,0,0,0,0,0,1,1,0,0,0,0,1,0,0,182,170,0.66,0.03,0.01,0.01,0,0,0,0,normal
0,tcp,ftp_data,SF,12,0,0,0,0,0,0,1,0,0,0,0,0,0,0,0,0,1,1,0,0,0,0,1,0,0,79,24,0.3,0.05,0.3,0,0,0,0,0,normal
0,udp,private,SF,105,0,0,0,0,0,0,0,0,0,0,0,0,0,0,0,0,2,2,0,0,0,0,1,0,0,255,86,0.34,0.01,0.01,0,0,0,0,0,normal
0,udp,private,SF,105,146,0,0,0,0,0,0,0,0,0,0,0,0,0,0,0,1,1,0,0,0,0,1,0,0,6,6,1,0,0.17,0,0,0,0,0,normal
0,tcp,smtp,SF,1066,279,0,0,0,0,0,1,0,0,0,0,0,0,0,0,0,1,1,0,0,0,0,1,0,0,157,134,0.54,0.03,0.01,0.01,0.01,0,0,0,normal
17,tcp,smtp,SF,9654,337,0,0,0,0,0,1,0,0,0,0,0,0,0,0,0,1,3,0,0,0,0,1,0,1,156,213,0.81,0.03,0.01,0.01,0,0,0,0,normal
0,tcp,http,SF,321,1116,0,0,0,0,0,1,0,0,0,0,0,0,0,0,0,19,19,0,0,0,0,1,0,0,61,255,1,0,0.02,0.03,0,0,0,0,normal
0,tcp,http,REJ,0,0,0,0,0,0,0,0,0,0,0,0,0,0,0,0,0,1,1,0,0,1,1,1,0,0,43,253,1,0,0.02,0.08,0,0,1,1,normal
0,tcp,ftp_data,SF,383,0,0,0,0,0,0,0,0,0,0,0,0,0,0,0,0,2,2,0,0,0,0,1,0,0,154,69,0.41,0.04,0.41,0.03,0.01,0,0.01,0,normal
0,tcp,http,SF,300,1195,0,0,0,0,0,1,0,0,0,0,0,0,0,0,0,2,3,0,0,0,0,1,0,0.67,37,255,1,0,0.03,0.03,0,0,0,0,normal
0,udp,domain_u,SF,46,81,0,0,0,0,0,0,0,0,0,0,0,0,0,0,0,177,177,0,0,0,0,1,0,0,255,235,0.92,0.01,0,0,0,0,0,0,normal
0,tcp,http,SF,313,940,0,0,0,0,0,1,0,0,0,0,0,0,0,0,0,4,29,0,0,0,0,1,0,0.07,255,255,1,0,0,0,0,0,0,0,normal
0,tcp,http,SF,219,336,0,0,0,0,0,1,0,0,0,0,0,0,0,0,0,23,38,0,0,0,0,1,0,0.11,117,255,1,0,0.01,0.03,0,0,0,0,normal
0,tcp,http,SF,301,416,0,0,0,0,0,1,0,0,0,0,0,0,0,0,0,9,9,0,0,0,0,1,0,0,9,203,1,0,0.11,0.03,0,0,0,0,normal
0,tcp,http,SF,236,189,0,0,0,0,0,1,0,0,0,0,0,0,0,0,0,7,7,0,0,0,0,1,0,0,255,255,1,0,0.01,0,0,0,0,0,normal
0,tcp,smtp,SF,760,326,0,0,0,0,0,1,0,0,0,0,0,0,0,0,0,1,1,0,0,0,0,1,0,0,60,30,0.5,0.05,0.02,0,0,0,0,0,normal
0,tcp,http,SF,254,732,0,0,0,0,0,1,0,0,0,0,0,0,0,0,0,14,14,0,0,0,0,1,0,0,255,255,1,0,0,0,0,0,0,0,normal
0,tcp,http,SF,216,2658,0,0,0,0,0,1,0,0,0,0,0,0,0,0,0,23,23,0,0,0,0,1,0,0,255,255,1,0,0,0,0,0,0,0,normal
1,tcp,smtp,SF,92884,328,0,0,0,0,0,1,0,0,0,0,0,0,0,0,0,1,1,0,0,0,0,1,0,0,217,155,0.54,0.02,0,0.01,0,0,0,0,normal
3,tcp,smtp,SF,2010,334,0,0,0,0,0,1,0,0,0,0,0,0,0,0,0,1,2,0,0,0,0,1,0,1,213,148,0.61,0.07,0,0.01,0,0,0,0,normal
0,tcp,http,SF,193,758,0,0,0,0,0,1,0,0,0,0,0,0,0,0,0,2,2,0,0,0,0,1,0,0,26,255,1,0,0.04,0.02,0,0,0,0,normal
0,tcp,http,SF,246,602,0,0,0,0,0,1,0,0,0,0,0,0,0,0,0,22,31,0,0,0,0,1,0,0.16,255,255,1,0,0,0,0,0,0,0,normal
0,udp,domain_u,SF,42,71,0,0,0,0,0,0,0,0,0,0,0,0,0,0,0,288,288,0,0,0,0,1,0,0,255,247,0.97,0.01,0,0,0,0,0,0,normal
0,tcp,ftp_data,SF,212,0,0,0,0,0,0,1,0,0,0,1,0,0,0,0,0,1,1,0,0,0,0,1,0,0,152,62,0.13,0.03,0.13,0.03,0,0,0,0,normal
0,udp,domain_u,SF,44,80,0,0,0,0,0,0,0,0,0,0,0,0,0,0,0,75,156,0,0,0,0,1,0,0.01,255,247,0.97,0.01,0,0,0,0,0,0,normal
15,tcp,smtp,SF,903,388,0,0,0,0,0,1,0,0,0,0,0,0,0,0,0,1,1,0,0,0,0,1,0,0,255,59,0.23,0.58,0,0,0.58,0,0,0,normal
0,tcp,smtp,SF,1936,398,0,0,0,0,0,1,0,0,0,0,0,0,0,0,0,1,1,0,0,0,0,1,0,0,136,146,0.49,0.02,0.01,0.01,0,0,0,0,normal
0,tcp,http,SF,235,439,0,0,0,0,0,1,0,0,0,0,0,0,0,0,0,11,11,0,0,0,0,1,0,0,94,255,1,0,0.01,0.01,0,0,0,0,normal
0,udp,domain_u,SF,45,79,0,0,0,0,0,0,0,0,0,0,0,0,0,0,0,93,93,0,0,0,0,1,0,0,255,254,1,0.01,0.01,0,0,0,0,0,normal
0,tcp,http,SF,233,1919,0,0,0,0,0,1,0,0,0,0,0,0,0,0,0,26,31,0,0,0,0.03,1,0,0.16,255,255,1,0,0,0,0,0,0,0,normal
0,tcp,ftp_data,SF,26408,0,0,0,0,0,0,1,0,0,0,0,0,0,0,0,0,9,9,0,0,0,0,1,0,0,23,109,0.65,0.13,0.65,0.03,0,0.01,0,0,normal
0,udp,domain_u,SF,42,42,0,0,0,0,0,0,0,0,0,0,0,0,0,0,0,19,30,0,0,0,0,1,0,0.1,255,254,1,0.01,0.01,0,0,0,0,0,normal
0,udp,domain_u,SF,46,127,0,0,0,0,0,0,0,0,0,0,0,0,0,0,0,14,14,0,0,0,0,1,0,0,255,254,1,0.01,0,0,0,0,0,0,normal
0,tcp,http,SF,309,3248,0,0,0,0,0,1,0,0,0,0,0,0,0,0,0,9,18,0,0,0,0,1,0,0.17,9,255,1,0,0.11,0.01,0,0,0,0,normal
0,tcp,http,SF,312,422,0,0,0,0,0,1,0,0,0,0,0,0,0,0,0,5,6,0,0,0,0,1,0,0.33,5,255,1,0,0.2,0.05,0,0,0,0,normal
0,tcp,http,REJ,0,0,0,0,0,0,0,0,0,0,0,0,0,0,0,0,0,1,1,0,0,1,1,1,0,0,72,255,1,0,0.01,0.14,0,0,1,1,normal
0,udp,domain_u,SF,44,72,0,0,0,0,0,0,0,0,0,0,0,0,0,0,0,140,140,0,0,0,0,1,0,0,255,255,1,0,0.01,0,0,0,0,0,normal
0,tcp,http,SF,312,575,0,0,0,0,0,1,0,0,0,0,0,0,0,0,0,4,5,0,0,0,0,1,0,0.4,255,255,1,0,0,0,0,0,0,0,normal
0,tcp,smtp,SF,973,326,0,0,0,0,0,1,0,0,0,0,0,0,0,0,0,1,1,0,0,0,0,1,0,0,106,45,0.42,0.06,0.01,0,0,0,0,0,normal
0,udp,domain_u,SF,43,73,0,0,0,0,0,0,0,0,0,0,0,0,0,0,0,79,157,0,0,0,0,1,0,0.01,255,212,0.83,0.01,0,0,0,0,0,0,normal
240,tcp,http,SF,328,275,0,0,0,0,0,1,0,0,0,0,0,0,0,0,0,9,10,0,0,0,0.1,1,0,0.2,255,250,0.98,0.01,0,0,0,0,0,0,normal
0,udp,domain_u,SF,46,71,0,0,0,0,0,0,0,0,0,0,0,0,0,0,0,158,159,0,0,0,0,0.99,0.01,0.02,255,250,0.98,0.01,0,0,0,0,0,0,normal
0,tcp,other,SF,10272,0,0,0,0,0,0,0,0,0,0,0,0,0,0,0,0,9,1,0.11,0,0,0,0.11,0.78,0,185,1,0.01,0.07,0.35,0,0.01,0,0,0,normal
0,udp,domain_u,SF,36,0,0,0,0,0,0,0,0,0,0,0,0,0,0,0,0,2,4,0,0,0,0,1,0,0.75,67,171,1,0,1,0.01,0,0,0,0,normal
0,tcp,http,SF,203,402,0,0,0,0,0,1,0,0,0,0,0,0,0,0,0,7,23,0,0,0,0,1,0,0.13,255,255,1,0,0,0,0,0,0,0,normal
0,tcp,http,SF,397,788,0,0,0,0,0,1,0,0,0,0,0,0,0,0,0,1,18,0,0,0,0,1,0,0.11,11,255,1,0,0.09,0.06,0,0,0,0,normal
0,tcp,http,SF,174,3159,0,0,0,0,0,1,0,0,0,0,0,0,0,0,0,1,1,0,0,0,0,1,0,0,26,26,1,0,0.04,0,0,0,0,0,normal
3,udp,domain_u,SF,42,42,0,0,0,0,0,0,0,0,0,0,0,0,0,0,0,1,1,0,0,0,0,1,0,0,255,210,0.82,0.01,0,0,0,0,0,0,normal
0,tcp,http,REJ,0,0,0,0,0,0,0,0,0,0,0,0,0,0,0,0,0,1,1,0,0,1,1,1,0,0,6,229,1,0,0.17,0.07,0,0,1,0.6,normal
0,tcp,http,SF,226,191,0,0,0,0,0,1,0,0,0,0,0,0,0,0,0,9,9,0,0,0,0,1,0,0,255,255,1,0,0,0,0,0,0,0,normal
0,tcp,http,SF,260,387,0,0,0,0,0,1,0,0,0,0,0,0,0,0,0,11,11,0,0,0,0,1,0,0,255,255,1,0,0,0,0,0,0,0,normal
0,tcp,http,SF,195,318,0,0,0,0,0,1,0,0,0,0,0,0,0,0,0,9,9,0,0,0,0,1,0,0,130,255,1,0,0.01,0.02,0,0,0,0,normal
0,tcp,http,SF,303,2516,0,0,0,0,0,1,0,0,0,0,0,0,0,0,0,3,3,0,0,0,0,1,0,0,12,255,1,0,0.08,0.04,0,0,0,0,normal
0,tcp,http,SF,250,774,0,0,0,0,0,1,0,0,0,0,0,0,0,0,0,1,1,0,0,0,0,1,0,0,201,255,1,0,0,0.01,0,0,0,0,normal
0,tcp,http,SF,259,295,0,0,0,0,0,1,0,0,0,0,0,0,0,0,0,11,11,0,0,0,0,1,0,0,11,255,1,0,0.09,0.06,0,0,0,0,normal
0,tcp,ftp_data,SF,491,0,0,0,0,0,0,0,0,0,0,0,0,0,0,0,0,2,2,0,0,0,0,1,0,0,36,36,0.06,0.08,0.06,0.08,0,0,0.03,0,normal
0,tcp,http,SF,315,1660,0,0,0,0,0,1,0,0,0,0,0,0,0,0,0,21,21,0,0,0,0,1,0,0,21,255,1,0,0.05,0.04,0,0,0,0,normal
8649,udp,other,SF,146,105,0,0,0,0,0,0,0,0,0,0,0,0,0,0,0,5,1,0,0,0,0,0.2,0.6,0,255,3,0.01,0.49,0.91,0,0,0,0,0,normal
0,tcp,http,SF,291,320,0,0,0,0,0,1,0,0,0,0,0,0,0,0,0,3,3,0,0,0,0,1,0,0,55,255,1,0,0.02,0.05,0.02,0,0,0,normal
0,tcp,http,SF,190,3586,0,0,0,0,0,1,0,0,0,0,0,0,0,0,0,4,4,0,0,0,0,1,0,0,22,255,1,0,0.05,0.03,0,0,0,0,normal
14680,tcp,telnet,SF,4866,72771,0,0,0,0,0,1,4,0,0,0,20,0,0,0,0,1,1,0,0,0,0,1,0,0,255,33,0.13,0.34,0,0,0.34,0.12,0,0.03,normal
2708,udp,other,SF,147,105,0,0,0,0,0,0,0,0,0,0,0,0,0,0,0,6,2,0,0,0,0,0.33,0.5,0,255,3,0.01,0.78,0.99,0,0,0,0,0,normal
0,tcp,http,SF,199,363,0,0,0,0,0,1,0,0,0,0,0,0,0,0,0,3,3,0,0,0,0,1,0,0,3,255,1,0,0.33,0.05,0,0,0,0,normal
0,tcp,http,SF,360,4425,0,0,0,0,0,1,0,0,0,0,0,0,0,0,0,4,5,0,0,0,0,1,0,0.4,255,255,1,0,0,0,0,0,0,0,normal
0,tcp,http,SF,288,401,0,0,0,0,0,1,0,0,0,0,0,0,0,0,0,3,32,0,0,0,0,1,0,0.09,248,255,1,0,0,0.01,0,0,0,0,normal
0,tcp,http,SF,216,2654,0,0,0,0,0,1,0,0,0,0,0,0,0,0,0,13,14,0,0,0,0,1,0,0.14,13,41,1,0,0.08,0.07,0,0,0,0,normal
0,tcp,http,SF,226,1933,0,0,0,0,0,1,0,0,0,0,0,0,0,0,0,3,3,0,0,0,0,1,0,0,87,255,1,0,0.01,0.03,0,0,0,0,normal
0,tcp,http,SF,331,1252,0,0,0,0,0,1,0,0,0,0,0,0,0,0,0,2,5,0,0,0,0,1,0,0.4,23,255,1,0,0.04,0.05,0,0.01,0,0,normal
0,tcp,http,SF,201,1058,0,0,0,0,0,1,0,0,0,0,0,0,0,0,0,7,14,0,0,0,0,1,0,0.21,175,255,1,0,0.01,0.01,0,0,0,0,normal
0,udp,domain_u,SF,42,65,0,0,0,0,0,0,0,0,0,0,0,0,0,0,0,104,104,0,0,0,0,1,0,0,255,245,0.96,0.01,0.01,0,0,0,0,0,normal
0,tcp,http,SF,278,563,0,0,0,0,0,1,0,0,0,0,0,0,0,0,0,6,14,0,0,0,0,1,0,0.14,6,255,1,0,0.17,0.06,0,0,0,0,normal
0,tcp,http,SF,211,294,0,0,0,0,0,1,0,0,0,0,0,0,0,0,0,6,6,0,0,0,0,1,0,0,88,255,1,0,0.01,0.05,0,0,0,0,normal
4576,udp,other,SF,147,105,0,0,0,0,0,0,0,0,0,0,0,0,0,0,0,1,1,0,0,0,0,1,0,0,255,3,0.01,0.47,0.91,0,0,0,0,0,normal
0,udp,domain_u,SF,46,146,0,0,0,0,0,0,0,0,0,0,0,0,0,0,0,143,223,0,0,0,0,1,0,0.01,255,255,1,0,0,0,0,0,0,0,normal
13,udp,domain_u,SF,24,42,0,0,0,0,0,0,0,0,0,0,0,0,0,0,0,1,2,0,0,0,0,1,0,1,255,242,0.95,0.02,0.08,0,0,0,0,0,normal
0,tcp,http,SF,306,1075,0,0,0,0,0,1,0,0,0,0,0,0,0,0,0,1,1,0,0,0,0,1,0,0,255,254,1,0.01,0,0,0,0,0,0,normal
0,tcp,http,SF,199,2055,0,0,0,0,0,1,0,0,0,0,0,0,0,0,0,4,4,0,0,0,0,1,0,0,144,255,1,0,0.01,0.02,0,0,0,0,normal
0,udp,domain_u,SF,30,0,0,0,0,0,0,0,0,0,0,0,0,0,0,0,0,1,2,0,0,0,0,1,0,1,154,25,0.16,0.03,0.16,0,0,0,0,0,normal
0,tcp,http,SF,237,1091,0,0,0,0,0,1,0,0,0,0,0,0,0,0,0,15,18,0,0,0,0,1,0,0.17,255,255,1,0,0,0,0,0,0,0,normal
0,tcp,http,REJ,0,0,0,0,0,0,0,0,0,0,0,0,0,0,0,0,0,1,1,0,0,1,1,1,0,0,2,255,1,0,0.5,0.15,0,0,1,0.79,normal
1,tcp,smtp,SF,2061,335,0,0,0,0,0,1,0,0,0,0,0,0,0,0,0,1,2,0,0,0,0,1,0,1,148,146,0.71,0.02,0.01,0.01,0,0,0,0,normal
0,tcp,ftp_data,SF,22,0,0,0,0,0,0,0,0,0,0,0,0,0,0,0,0,2,2,0,0,0,0,1,0,0,255,36,0.14,0.06,0.14,0,0.75,0,0,0,normal
0,tcp,http,SF,234,6850,0,0,0,0,0,1,0,0,0,0,0,0,0,0,0,1,1,0,0,0,0,1,0,0,13,255,1,0,0.08,0.04,0,0,0,0,normal
0,tcp,http,SF,318,2649,0,0,0,0,0,1,0,0,0,0,0,0,0,0,0,5,5,0,0,0,0,1,0,0,5,255,1,0,0.2,0.09,0,0,0,0,normal
0,tcp,http,SF,314,6946,0,0,0,0,0,1,0,0,0,0,0,0,0,0,0,13,13,0,0,0,0,1,0,0,71,255,1,0,0.01,0.06,0,0,0,0,normal
0,tcp,http,SF,208,757,0,0,0,0,0,1,0,0,0,0,0,0,0,0,0,3,10,0,0,0,0,1,0,0.2,50,255,1,0,0.02,0.05,0,0,0,0,normal
0,tcp,http,SF,228,11390,0,0,0,0,0,1,0,0,0,0,0,0,0,0,0,16,16,0,0,0,0,1,0,0,17,255,1,0,0.06,0.03,0,0,0,0,normal
0,tcp,http,SF,324,344,0,0,0,0,0,1,0,0,0,0,0,0,0,0,0,7,7,0,0,0,0,1,0,0,75,255,1,0,0.01,0.03,0,0,0,0,normal
4,tcp,smtp,SF,1895,336,0,0,0,0,0,1,0,0,0,0,0,0,0,0,0,1,1,0,0,0,0,1,0,0,90,195,0.64,0.04,0.01,0.01,0,0,0,0,normal
0,tcp,finger,SF,6,357,0,0,0,0,0,0,0,0,0,0,0,0,0,0,0,1,1,0,0,0,0,1,0,0,1,1,1,0,1,0,0,0,0,0,normal
0,tcp,ftp_data,SF,194,0,0,0,0,0,0,1,0,0,0,0,0,0,0,0,0,2,2,0,0,0,0,1,0,0,220,68,0.31,0.03,0.31,0,0,0,0,0,normal
0,tcp,http,REJ,0,0,0,0,0,0,0,0,0,0,0,0,0,0,0,0,0,1,3,0,0,1,1,1,0,1,1,255,1,0,1,0.2,0,0,1,0.95,normal
275,udp,other,SF,147,105,0,0,0,0,0,0,0,0,0,0,0,0,0,0,0,1,1,0,0,0,0,1,0,0,255,4,0.02,0.55,0.87,0,0,0,0,0,normal
0,tcp,http,SF,225,550,0,0,0,0,0,1,0,0,0,0,0,0,0,0,0,19,19,0,0,0,0,1,0,0,209,255,1,0,0,0.03,0,0,0,0,normal
0,tcp,http,SF,205,1651,0,0,0,0,0,1,0,0,0,0,0,0,0,0,0,1,1,0,0,0,0,1,0,0,255,255,1,0,0,0,0,0,0,0,normal
0,tcp,http,SF,333,1301,0,0,0,0,0,1,0,0,0,0,0,0,0,0,0,14,14,0,0,0,0,1,0,0,255,255,1,0,0,0,0,0,0,0,normal
0,tcp,http,SF,343,203,0,0,0,0,0,1,0,0,0,0,0,0,0,0,0,22,22,0,0,0,0,1,0,0,149,255,1,0,0.01,0.02,0,0,0,0,normal
3,tcp,smtp,SF,1770,328,0,0,0,0,0,1,0,0,0,0,0,0,0,0,0,1,2,0,0,0,0,1,0,1,152,248,0.97,0.01,0.01,0.01,0,0,0,0,normal
0,tcp,http,SF,250,683,0,0,0,0,0,1,0,0,0,0,0,0,0,0,0,9,10,0,0,0,0,1,0,0.2,255,255,1,0,0,0,0,0,0,0,normal
0,tcp,http,SF,255,6023,0,0,0,0,0,1,0,0,0,0,0,0,0,0,0,4,4,0,0,0,0,1,0,0,53,255,1,0,0.02,0.03,0.02,0.01,0.02,0.01,normal
0,icmp,eco_i,SF,30,0,0,0,0,0,0,0,0,0,0,0,0,0,0,0,0,1,1,0,0,0,0,1,0,0,238,238,1,0,1,0,0,0,0,0,normal
0,tcp,ftp_data,SF,37,0,0,0,0,0,0,1,0,0,0,0,0,0,0,0,0,151,1,0.99,0,0,0,0.01,0.07,0,255,3,0.01,0.06,0.01,0,0.99,0,0,0,normal
0,tcp,smtp,SF,1743,277,0,0,0,0,0,1,0,0,0,0,0,0,0,0,0,1,1,0,0,0,0,1,0,0,255,151,0.59,0.02,0,0,0,0,0,0,normal
0,tcp,http,SF,482,9079,0,0,0,0,0,1,0,0,0,0,0,0,0,0,0,2,2,0,0,0,0,1,0,0,2,255,1,0,0.5,0.01,0,0,0,0,normal
0,udp,domain_u,SF,46,130,0,0,0,0,0,0,0,0,0,0,0,0,0,0,0,77,157,0,0,0,0,0.99,0.03,0.01,255,242,0.95,0.01,0,0,0,0,0,0,normal
0,tcp,http,SF,213,3276,0,0,0,0,0,1,0,0,0,0,0,0,0,0,0,14,14,0,0,0,0,1,0,0,255,255,1,0,0,0,0,0,0,0,normal
0,tcp,http,SF,241,4848,0,0,0,0,0,1,0,0,0,0,0,0,0,0,0,9,9,0,0,0,0,1,0,0,12,255,1,0,0.08,0.01,0,0,0,0,normal
14,udp,private,SF,105,147,0,0,0,0,0,0,0,0,0,0,0,0,0,0,0,2,2,0,0,0,0,1,0,0,89,83,0.93,0.03,0.03,0,0,0,0,0,normal
0,tcp,http,SF,368,2751,0,0,0,0,0,1,0,0,0,0,0,0,0,0,0,3,9,0,0,0,0,1,0,0.44,23,231,1,0,0.04,0.22,0,0,0.13,0.81,normal
0,tcp,http,SF,339,2873,0,0,0,0,0,1,0,0,0,0,0,0,0,0,0,14,14,0,0,0,0,1,0,0,255,255,1,0,0,0,0,0,0,0,normal
0,tcp,http,SF,303,1349,0,0,0,0,0,1,0,0,0,0,0,0,0,0,0,20,21,0,0,0,0,1,0,0.1,150,255,1,0,0.01,0.04,0,0,0,0,normal
0,tcp,http,SF,191,17975,0,0,0,0,0,1,0,0,0,0,0,0,0,0,0,1,1,0,0,0,0,1,0,0,10,207,1,0,0.1,0.03,0,0.01,0,0,normal
3,tcp,smtp,SF,1213,361,0,0,0,0,0,1,0,0,0,0,0,0,0,0,0,1,1,0,0,0,0,1,0,0,88,54,0.61,0.05,0.01,0,0,0,0,0,normal
0,tcp,ftp_data,SF,88382,0,0,0,0,0,0,1,0,0,0,1,0,0,0,0,0,15,15,0,0,0,0,1,0,0,77,76,0.27,0.04,0.27,0.03,0,0.16,0,0,normal
2420,udp,other,SF,146,105,0,0,0,0,0,0,0,0,0,0,0,0,0,0,0,1,1,0,0,0,0,1,0,0,255,1,0,0.86,1,0,0,0,0,0,normal
0,tcp,http,SF,319,12434,0,0,0,0,0,1,0,0,0,0,0,0,0,0,0,2,7,0,0,0,0,1,0,0.29,34,255,1,0,0.03,0.05,0,0,0,0,normal
0,tcp,http,SF,298,6515,0,0,0,0,0,1,0,0,0,0,0,0,0,0,0,2,3,0,0,0,0,1,0,0.67,255,255,1,0,0,0,0,0,0.01,0.01,normal
0,tcp,http,SF,306,1075,0,0,0,0,0,1,0,0,0,0,0,0,0,0,0,1,1,0,0,0,0,1,0,0,255,254,1,0.01,0,0,0,0,0,0,normal
0,tcp,http,SF,214,788,0,0,0,0,0,1,0,0,0,0,0,0,0,0,0,38,38,0,0,0,0,1,0,0,255,255,1,0,0,0,0,0,0,0,normal
0,tcp,http,SF,324,1249,0,0,0,0,0,1,0,0,0,0,0,0,0,0,0,31,31,0,0,0,0,1,0,0,255,255,1,0,0,0,0,0,0,0,normal
0,tcp,http,SF,325,186,0,0,0,0,0,1,0,0,0,0,0,0,0,0,0,21,23,0,0,0,0,1,0,0.09,255,255,1,0,0,0,0,0,0,0,normal
0,tcp,http,REJ,0,0,0,0,0,0,0,0,0,0,0,0,0,0,0,0,0,1,4,0,0,1,1,1,0,0.75,31,255,1,0,0.03,0.11,0,0,1,0.91,normal
0,tcp,http,REJ,0,0,0,0,0,0,0,0,0,0,0,0,0,0,0,0,0,1,1,0,0,1,1,1,0,0,113,249,1,0,0.01,0.1,0,0,0.35,0.7,normal
0,udp,domain_u,SF,42,42,0,0,0,0,0,0,0,0,0,0,0,0,0,0,0,11,20,0,0,0,0,1,0,0.15,255,231,0.91,0.01,0.01,0,0,0,0,0,normal
0,tcp,http,SF,345,4047,0,0,0,0,0,1,0,0,0,0,0,0,0,0,0,40,40,0,0,0,0,1,0,0,255,255,1,0,0,0,0,0,0,0,normal
0,tcp,smtp,SF,1970,401,0,0,0,0,0,1,0,0,0,0,0,0,0,0,0,1,2,0,0,0,0,1,0,1,92,156,0.76,0.04,0.01,0.01,0,0,0,0,normal
0,tcp,http,REJ,0,0,0,0,0,0,0,0,0,0,0,0,0,0,0,0,0,1,1,0,0,1,1,1,0,0,5,255,1,0,0.2,0.16,0,0,1,0.9,normal
0,tcp,ftp_data,SF,641,0,0,0,0,0,0,1,0,0,0,0,0,0,0,0,0,1,1,0,0,0,0,1,0,0,12,74,0.92,0.17,0.92,0.04,0,0,0,0,normal
0,udp,domain_u,SF,45,126,0,0,0,0,0,0,0,0,0,0,0,0,0,0,0,71,151,0,0,0,0,1,0,0.01,255,235,0.92,0.01,0,0,0,0,0,0,normal
0,udp,domain_u,SF,42,42,0,0,0,0,0,0,0,0,0,0,0,0,0,0,0,6,12,0,0,0,0,1,0,0.17,255,242,0.95,0.01,0,0,0,0,0,0,normal
0,tcp,http,SF,337,664,0,0,0,0,0,1,0,0,0,0,0,0,0,0,0,2,24,0,0,0,0,1,0,0.12,255,255,1,0,0,0,0.01,0.01,0,0,normal
0,tcp,http,SF,234,2659,0,0,0,0,0,1,0,0,0,0,0,0,0,0,0,12,13,0,0,0,0,1,0,0.15,198,246,1,0,0.01,0.02,0,0,0,0,normal
63,tcp,http,SF,237,406,0,0,0,0,0,1,0,0,0,0,0,0,0,0,0,1,1,0,0,0,0,1,0,0,4,255,1,0,0.25,0.02,0,0,0,0,normal
0,tcp,smtp,SF,1289,331,0,0,0,0,0,1,0,0,0,0,0,0,0,0,0,1,1,0,0,0,0,1,0,0,22,122,0.73,0.09,0.05,0.02,0,0,0,0,normal
0,udp,domain_u,SF,29,29,0,0,0,0,0,0,0,0,0,0,0,0,0,0,0,4,18,0,0,0,0,1,0,0.11,255,213,0.84,0.01,0,0,0,0,0,0,normal
0,tcp,http,SF,346,4291,0,0,0,0,0,1,0,0,0,0,0,0,0,0,0,10,22,0,0,0,0,1,0,0.23,255,255,1,0,0,0,0,0,0,0,normal
0,tcp,smtp,SF,611,331,0,0,0,0,0,1,0,0,0,0,0,0,0,0,0,1,1,0,0,0,0,1,0,0,255,149,0.58,0.01,0,0,0,0,0,0,normal
0,udp,domain_u,SF,45,129,0,0,0,0,0,0,0,0,0,0,0,0,0,0,0,73,155,0,0,0,0,0.99,0.03,0.02,255,196,0.77,0.02,0,0,0,0,0,0,normal
0,tcp,http,SF,157,607,0,0,0,0,0,1,0,0,0,0,0,0,0,0,0,1,1,0,0,0,0,1,0,0,3,255,1,0,0.33,0.02,0.33,0,0,0,normal
0,udp,domain_u,SF,45,45,0,0,0,0,0,0,0,0,0,0,0,0,0,0,0,141,141,0,0,0,0,1,0,0,255,255,1,0,0.01,0,0,0,0,0,normal
0,tcp,http,SF,309,757,0,0,0,0,0,1,0,0,0,0,0,0,0,0,0,2,21,0,0,0,0,1,0,0.1,166,255,1,0,0.01,0.01,0,0,0,0,normal
0,tcp,http,SF,158,10144,0,0,0,0,0,1,0,0,0,0,0,0,0,0,0,3,3,0,0,0,0,1,0,0,75,255,1,0,0.01,0.04,0,0,0,0,normal
0,icmp,eco_i,SF,30,0,0,0,0,0,0,0,0,0,0,0,0,0,0,0,0,2,1,0,0,0,0,0.5,1,0,255,6,0.02,0.01,0.11,0,0,0,0,0,normal
0,tcp,http,SF,302,258,0,0,0,0,0,1,0,0,0,0,0,0,0,0,0,3,3,0,0,0,0,1,0,0,255,247,0.97,0.01,0,0,0,0,0,0,normal
0,tcp,http,SF,218,1721,0,0,0,0,0,1,0,0,0,0,0,0,0,0,0,12,12,0,0,0,0,1,0,0,255,255,1,0,0,0,0,0,0,0,normal
0,tcp,http,SF,332,12343,0,0,0,0,0,1,0,0,0,0,0,0,0,0,0,3,3,0,0,0,0,1,0,0,72,255,1,0,0.01,0.02,0,0,0,0,normal
0,tcp,http,SF,210,1888,0,0,0,0,0,1,0,0,0,0,0,0,0,0,0,15,15,0,0,0,0,1,0,0,36,255,1,0,0.03,0.05,0,0,0,0,normal
0,tcp,http,SF,314,2387,0,0,0,0,0,1,0,0,0,0,0,0,0,0,0,15,16,0,0,0,0,1,0,0.12,139,255,1,0,0.01,0.05,0.01,0.01,0,0,normal
0,tcp,ftp_data,SF,748,0,0,0,0,0,0,1,0,0,0,9,0,0,0,0,0,1,1,0,0,0,0,1,0,0,2,107,0.5,1,0.5,0.03,0.5,0,0,0,normal
0,tcp,finger,SF,7,221,0,0,0,0,0,0,0,0,0,0,0,0,0,0,0,1,1,0,0,0,0,1,0,0,234,10,0.04,0.02,0,0,0,0,0,0,normal
5385,udp,other,SF,147,105,0,0,0,0,0,0,0,0,0,0,0,0,0,0,0,1,1,0,0,0,0,1,0,0,255,2,0.01,0.64,0.97,0,0,0,0,0,normal
0,udp,domain_u,SF,42,102,0,0,0,0,0,0,0,0,0,0,0,0,0,0,0,2,5,0,0,0,0,0.5,1,0.6,101,73,0.72,0.03,0.01,0,0,0,0,0,normal
0,tcp,smtp,SF,642,327,0,0,0,0,0,1,0,0,0,0,0,0,0,0,0,1,1,0,0,0,0,1,0,0,30,185,0.8,0.1,0.03,0.03,0,0,0,0,normal
0,tcp,http,SF,208,1337,0,0,0,0,0,1,0,0,0,0,0,0,0,0,0,9,9,0,0,0,0,1,0,0,255,255,1,0,0,0,0,0,0,0,normal
0,udp,other,SF,113,0,0,0,0,0,0,0,0,0,0,0,0,0,0,0,0,29,28,0,0,0,0,0.97,0.07,0,255,28,0.11,0.53,0.11,0,0,0,0,0,normal
0,tcp,http,SF,256,8708,0,0,0,0,0,1,0,0,0,0,0,0,0,0,0,1,31,0,0,0,0,1,0,0.1,44,255,1,0,0.02,0.04,0,0,0,0,normal
0,tcp,http,SF,219,2747,0,0,0,0,0,1,0,0,0,0,0,0,0,0,0,1,27,0,0,0,0,1,0,0.19,127,255,1,0,0.01,0.05,0,0,0,0,normal
1,tcp,smtp,SF,1517,332,0,0,0,0,0,1,0,0,0,0,0,0,0,0,0,1,2,0,0,0,0,1,0,1,32,186,0.62,0.12,0.03,0.02,0,0.01,0,0,normal
0,tcp,http,SF,199,1606,0,0,0,0,0,1,0,0,0,0,0,0,0,0,0,11,11,0,0,0,0,1,0,0,31,255,1,0,0.03,0.02,0,0,0,0,normal
0,tcp,smtp,SF,972,330,0,0,0,0,0,1,0,0,0,0,0,0,0,0,0,2,2,0,0,0,0,0.5,1,1,233,23,0.1,0.58,0,0,0,0.04,0,0,normal
0,tcp,finger,S0,0,0,1,0,0,0,0,0,0,0,0,0,0,0,0,0,0,1,2,1,1,0,0,1,0,1,1,5,1,0,1,1,1,1,0,0,normal
0,tcp,ftp_data,SF,12324,0,0,0,0,0,0,0,0,0,0,0,0,0,0,0,0,2,2,0,0,0,0,1,0,0,54,58,0.11,0.07,0.11,0.03,0,0,0,0,normal
0,tcp,http,S0,0,0,0,0,0,0,0,0,0,0,0,0,0,0,0,0,0,1,1,1,1,0,0,1,0,0,28,255,1,0,0.04,0.17,0.04,0,0.96,1,normal
0,tcp,http,SF,315,2777,0,0,0,0,0,1,0,0,0,0,0,0,0,0,0,4,13,0,0,0,0,1,0,0.15,38,255,1,0,0.03,0.01,0,0,0,0,normal
0,tcp,http,SF,326,2659,0,0,0,0,0,1,0,0,0,0,0,0,0,0,0,18,19,0,0,0,0,1,0,0.11,255,255,1,0,0,0,0,0,0,0,normal
0,tcp,http,SF,202,1382,0,0,0,0,0,1,0,0,0,0,0,0,0,0,0,5,24,0,0,0,0,1,0,0.12,15,255,1,0,0.07,0.05,0,0,0,0,normal
0,icmp,ecr_i,SF,64,0,0,0,0,0,0,0,0,0,0,0,0,0,0,0,0,1,1,0,0,0,0,1,0,0,255,2,0.01,0.06,0.01,0,0.7,0,0.01,0,normal
0,tcp,http,SF,228,1712,0,0,0,0,0,1,0,0,0,0,0,0,0,0,0,6,6,0,0,0,0,1,0,0,22,195,1,0,0.05,0.05,0,0,0,0,normal
0,tcp,http,SF,200,2224,0,0,0,0,0,1,0,0,0,0,0,0,0,0,0,1,7,0,0,0,0,1,0,0.29,27,255,1,0,0.04,0.04,0,0,0,0,normal
12,tcp,X11,SF,1126224,16064,0,0,0,0,0,1,0,0,0,0,0,0,0,0,0,1,1,0,0,0,0,1,0,0,10,9,0.9,0.2,0.1,0,0.1,0.11,0.1,0.11,normal
0,tcp,http,SF,214,337,0,0,0,0,0,1,0,0,0,0,0,0,0,0,0,11,11,0,0,0,0,1,0,0,236,255,1,0,0,0.01,0,0,0,0,normal
0,udp,domain_u,SF,45,45,0,0,0,0,0,0,0,0,0,0,0,0,0,0,0,184,184,0,0,0,0,1,0,0,255,250,0.98,0.01,0.01,0,0,0,0,0,normal
0,tcp,http,SF,180,2401,0,0,0,0,0,1,0,0,0,0,0,0,0,0,0,4,4,0,0,0,0,1,0,0,24,34,1,0,0.04,0.06,0,0,0,0,normal
0,tcp,http,SF,297,616,0,0,0,0,0,1,0,0,0,0,0,0,0,0,0,21,21,0,0,0,0,1,0,0,241,255,1,0,0,0.01,0,0,0,0,normal
0,tcp,http,SF,293,1875,0,0,0,0,0,1,0,0,0,0,0,0,0,0,0,11,11,0,0,0,0,1,0,0,255,255,1,0,0,0,0,0,0,0,normal
0,tcp,http,SF,228,7333,0,0,0,0,0,1,0,0,0,0,0,0,0,0,0,1,29,0,0,0,0,1,0,0.07,1,255,1,0,1,0.02,0,0,0,0,normal
0,tcp,http,SF,200,1021,0,0,0,0,0,1,0,0,0,0,0,0,0,0,0,1,2,0,0,0,0,1,0,1,18,255,1,0,0.06,0.04,0,0,0,0,normal
0,tcp,http,SF,325,16692,0,0,0,0,0,1,0,0,0,0,0,0,0,0,0,10,36,0,0,0,0,1,0,0.06,10,10,1,0,0.1,0,0,0,0,0,normal
0,tcp,http,SF,311,1426,0,0,0,0,0,1,0,0,0,0,0,0,0,0,0,16,20,0,0,0,0,1,0,0.1,16,255,1,0,0.06,0.05,0,0.02,0,0,normal
0,tcp,http,REJ,0,0,0,0,0,0,0,0,0,0,0,0,0,0,0,0,0,1,1,0,0,1,1,1,0,0,66,255,1,0,0.02,0.15,0,0,0.58,0.85,normal
0,udp,domain_u,SF,44,44,0,0,0,0,0,0,0,0,0,0,0,0,0,0,0,129,209,0,0,0,0,0.99,0.02,0.01,255,254,1,0.01,0.01,0,0,0,0,0,normal
0,tcp,finger,SF,6,147,0,0,0,0,0,0,0,0,0,0,0,0,0,0,0,1,1,0,0,0,0,1,0,0,255,1,0,0.07,0,0,0.67,0,0.01,0,normal
0,udp,domain_u,SF,43,130,0,0,0,0,0,0,0,0,0,0,0,0,0,0,0,27,27,0,0,0,0,1,0,0,165,102,0.62,0.02,0.01,0,0,0,0,0,normal
0,tcp,smtp,SF,608,327,0,0,0,0,0,1,0,0,0,0,0,0,0,0,0,1,1,0,0,0,0,1,0,0,152,74,0.49,0.02,0.01,0,0,0,0,0,normal
0,udp,domain_u,SF,46,135,0,0,0,0,0,0,0,0,0,0,0,0,0,0,0,19,149,0,0,0,0,1,0,0.01,77,223,0.82,0.03,0.82,0.01,0,0,0.1,0,normal
0,tcp,http,SF,210,955,0,0,0,0,0,1,0,0,0,0,0,0,0,0,0,9,32,0,0,0,0,1,0,0.19,255,255,1,0,0,0,0,0,0,0,normal
5,udp,domain_u,SF,95,36,0,0,0,0,0,0,0,0,0,0,0,0,0,0,0,1,1,0,0,0,0,1,0,0,30,18,0.6,0.07,0.6,0,0,0,0,0,normal
0,tcp,http,SF,291,2669,0,0,0,0,0,1,0,0,0,0,0,0,0,0,0,29,29,0,0,0,0,1,0,0,255,255,1,0,0,0,0,0,0,0,normal
0,udp,domain_u,SF,46,72,0,0,0,0,0,0,0,0,0,0,0,0,0,0,0,21,21,0,0,0,0,1,0,0,84,66,0.79,0.02,0.01,0,0,0,0,0,normal
0,tcp,ftp_data,SF,74,0,0,0,0,0,0,0,0,0,0,0,0,0,0,0,0,2,2,0,0,0,0,1,0,0,255,43,0.17,0.51,0.17,0,0.51,0,0,0,normal
0,tcp,http,SF,210,5756,0,0,0,0,0,1,0,0,0,0,0,0,0,0,0,5,8,0,0,0,0,1,0,0.38,55,255,1,0,0.02,0.02,0.02,0.01,0,0,normal
0,udp,domain_u,SF,44,70,0,0,0,0,0,0,0,0,0,0,0,0,0,0,0,127,127,0,0,0,0,1,0,0,255,224,0.88,0.01,0,0,0,0,0,0,normal
0,tcp,http,SF,207,2429,0,0,0,0,0,1,0,0,0,0,0,0,0,0,0,2,2,0,0,0,0,1,0,0,2,255,1,0,0.5,0.16,0,0,0,0.6,normal
0,udp,domain_u,SF,45,45,0,0,0,0,0,0,0,0,0,0,0,0,0,0,0,132,200,0,0,0,0,1,0,0.01,255,206,0.81,0.01,0.01,0,0,0,0,0,normal
0,tcp,http,REJ,0,0,0,0,0,0,0,0,0,0,0,0,0,0,0,0,0,1,1,0,0,1,1,1,0,0,17,219,1,0,0.06,0.16,0,0,1,1,normal
0,tcp,http,SF,222,866,0,0,0,0,0,1,0,0,0,0,0,0,0,0,0,13,13,0,0,0,0,1,0,0,56,255,1,0,0.02,0.02,0,0,0,0,normal
0,tcp,http,SF,273,4834,0,0,0,0,0,1,0,0,0,0,0,0,0,0,0,1,1,0,0,0,0,1,0,0,6,9,1,0,0.17,0.22,0,0,0,0,normal
0,tcp,http,SF,213,12863,0,0,0,0,0,1,0,0,0,0,0,0,0,0,0,1,1,0,0,0,0,1,0,0,3,255,1,0,0.33,0.05,0,0,0,0,normal
0,tcp,http,SF,196,210,0,0,0,0,0,1,0,0,0,0,0,0,0,0,0,3,5,0,0,0,0,1,0,0.4,113,255,1,0,0.01,0.02,0,0,0,0,normal
0,udp,other,SF,516,4,0,0,0,0,0,0,0,0,0,0,0,0,0,0,0,148,148,0,0,0,0,1,0,0,148,148,1,0,1,0,0,0,0,0,normal
0,tcp,smtp,SF,767,332,0,0,0,0,0,1,0,0,0,0,0,0,0,0,0,2,1,0,0,0,0,0.5,1,0,10,33,0.7,0.3,0.1,0.06,0,0,0,0,normal
1,tcp,smtp,SF,1295,375,0,0,0,0,0,1,0,0,0,0,0,0,0,0,0,1,3,0,0,0,0,1,0,1,255,116,0.45,0.11,0,0,0.01,0,0,0,normal
5,tcp,smtp,SF,848,329,0,0,0,0,0,1,0,0,0,0,0,0,0,0,0,1,1,0,0,0,0,1,0,0,8,135,0.88,0.25,0.12,0.01,0,0,0,0,normal
0,tcp,http,SF,269,285,0,0,0,0,0,1,0,0,0,0,0,0,0,0,0,4,4,0,0,0,0,1,0,0,38,38,1,0,0.03,0,0,0,0,0,normal
0,tcp,http,SF,255,488,0,0,0,0,0,1,0,0,0,0,0,0,0,0,0,4,7,0,0,0,0,1,0,0.57,113,255,1,0,0.01,0.03,0,0,0,0,normal
0,tcp,http,SF,191,1938,0,0,0,0,0,1,0,0,0,0,0,0,0,0,0,2,7,0,0,0,0,1,0,0.29,17,255,1,0,0.06,0.07,0,0,0,0,normal
0,udp,domain_u,SF,42,73,0,0,0,0,0,0,0,0,0,0,0,0,0,0,0,288,287,0,0,0,0,1,0.01,0,255,254,1,0.01,0,0,0,0,0,0,normal
0,tcp,http,SF,319,387,0,0,0,0,0,1,0,0,0,0,0,0,0,0,0,13,13,0,0,0,0,1,0,0,40,40,1,0,0.03,0,0,0,0,0,normal
6,tcp,smtp,S3,1493,365,0,0,0,0,0,1,0,0,0,0,0,0,0,0,0,1,1,1,1,0,0,1,0,0,132,145,0.32,0.05,0.01,0.01,0.02,0.01,0,0,normal
0,tcp,http,SF,211,321,0,0,0,0,0,1,0,0,0,0,0,0,0,0,0,7,11,0,0,0,0,1,0,0.27,211,255,1,0,0,0.01,0,0,0,0,normal
0,tcp,http,SF,307,863,0,0,0,0,0,1,0,0,0,0,0,0,0,0,0,11,11,0,0,0,0,1,0,0,236,255,1,0,0.01,0.01,0,0,0,0,normal
0,tcp,http,SF,171,409,0,0,0,0,0,1,0,0,0,0,0,0,0,0,0,3,3,0,0,0,0,1,0,0,85,255,1,0,0.01,0.01,0,0,0,0,normal
1,tcp,smtp,SF,756,332,0,0,0,0,0,1,0,0,0,0,0,0,0,0,0,1,1,0,0,0,0,1,0,0,75,53,0.71,0.07,0.01,0,0,0,0,0,normal
0,tcp,http,SF,234,3918,0,0,0,0,0,1,0,0,0,0,0,0,0,0,0,9,9,0,0,0,0,1,0,0,94,255,1,0,0.01,0.04,0,0,0,0,normal
0,udp,domain_u,SF,110,44,0,0,0,0,0,0,0,0,0,0,0,0,0,0,0,1,1,0,0,0,0,1,0,0,30,23,0.77,0.07,0.77,0,0,0,0,0,normal
1,tcp,smtp,SF,742,329,0,0,0,0,0,1,0,0,0,0,0,0,0,0,0,1,4,0,0,0,0,1,0,1,150,208,0.82,0.04,0.01,0.01,0,0,0,0,normal
0,tcp,http,SF,215,755,0,0,0,0,0,1,0,0,0,0,0,0,0,0,0,9,11,0,0,0,0,1,0,0.27,103,156,1,0,0.01,0.06,0,0,0,0,normal
0,udp,domain_u,SF,17,70,0,0,0,0,0,0,0,0,0,0,0,0,0,0,0,1,2,0,0,0,0,1,0,1,175,228,1,0,1,0.01,0,0,0,0,normal
0,tcp,http,SF,207,1345,0,0,0,0,0,1,0,0,0,0,0,0,0,0,0,5,5,0,0,0,0,1,0,0,54,255,1,0,0.02,0.03,0,0,0,0,normal
0,tcp,http,SF,214,253,0,0,0,0,0,1,0,0,0,0,0,0,0,0,0,18,21,0,0,0,0,1,0,0.1,114,255,1,0,0.01,0.02,0,0,0,0,normal
0,tcp,http,SF,289,8891,0,0,0,0,0,1,0,0,0,0,0,0,0,0,0,19,20,0,0,0,0,1,0,0.1,255,255,1,0,0,0,0,0,0,0,normal
0,tcp,telnet,S1,0,0,0,0,0,0,0,0,0,0,0,0,0,0,0,0,0,1,1,1,1,0,0,1,0,0,16,2,0.06,0.25,0.06,1,0.06,0.5,0,0,normal
0,tcp,http,SF,293,13599,0,0,0,0,0,1,0,0,0,0,0,0,0,0,0,21,21,0,0,0,0,1,0,0,255,255,1,0,0,0,0,0,0,0,normal
0,tcp,http,SF,243,281,0,0,0,0,0,1,0,0,0,0,0,0,0,0,0,4,16,0,0,0,0,1,0,0.19,67,255,1,0,0.01,0.01,0,0,0,0,normal
0,tcp,smtp,SF,1369,333,0,0,0,0,0,1,0,0,0,0,0,0,0,0,0,1,1,0,0,0,0,1,0,0,53,191,0.94,0.08,0.02,0.01,0,0,0,0,normal
0,tcp,http,SF,206,1056,0,0,0,0,0,1,0,0,0,0,0,0,0,0,0,4,4,0,0,0,0,1,0,0,4,255,1,0,0.25,0.07,0,0,0,0,normal
0,tcp,http,SF,220,370,0,0,0,0,0,1,0,0,0,0,0,0,0,0,0,10,10,0,0,0,0,1,0,0,255,255,1,0,0,0,0,0,0,0,normal
0,tcp,http,SF,232,332,0,0,0,0,0,1,0,0,0,0,0,0,0,0,0,6,11,0,0,0,0,1,0,0.36,255,255,1,0,0,0,0,0,0,0,normal
0,tcp,ftp_data,SF,740,0,0,0,0,0,0,1,0,0,0,9,0,0,0,0,0,2,2,0,0,0,0,1,0,0,89,12,0.13,0.04,0.13,0,0,0,0,0,normal
0,tcp,http,SF,258,6627,0,0,0,0,0,1,0,0,0,0,0,0,0,0,0,3,3,0,0,0,0,1,0,0,118,255,1,0,0.01,0.01,0,0,0,0,normal
0,tcp,http,SF,249,1875,0,0,0,0,0,1,0,0,0,0,0,0,0,0,0,7,7,0,0,0,0,1,0,0,255,255,1,0,0,0,0,0,0,0,normal
0,tcp,ftp_data,SF,252,0,0,0,0,0,0,0,0,0,0,0,0,0,0,0,0,3,2,0,0,0,0,0.67,0.67,0,255,66,0.26,0.03,0.26,0,0,0,0,0,normal
0,tcp,http,SF,370,468,0,0,0,0,0,1,0,0,0,0,0,0,0,0,0,14,14,0,0,0,0,1,0,0,255,255,1,0,0,0,0,0,0,0,normal
0,tcp,http,SF,301,4433,0,0,0,0,0,1,0,0,0,0,0,0,0,0,0,3,31,0,0,0,0,1,0,0.06,3,255,1,0,0.33,0.05,0,0,0,0,normal
0,tcp,http,SF,213,310,0,0,0,0,0,1,0,0,0,0,0,0,0,0,0,6,6,0,0,0,0,1,0,0,89,255,1,0,0.01,0.05,0,0,0,0,normal
0,tcp,http,SF,244,976,0,0,0,0,0,1,0,0,0,0,0,0,0,0,0,7,7,0,0,0,0,1,0,0,255,255,1,0,0,0,0,0,0,0,normal
0,tcp,http,SF,201,1263,0,0,0,0,0,1,0,0,0,0,0,0,0,0,0,4,7,0,0,0,0,1,0,0.29,64,255,1,0,0.02,0.01,0,0,0,0,normal
14517,tcp,telnet,SF,794,152110,0,0,0,0,0,1,520,1,2,572,0,0,8,0,0,1,1,0,0,0,0,1,0,0,8,3,0.38,0.25,0.12,0,0,0,0,0,normal
0,tcp,http,SF,226,1125,0,0,0,0,0,1,0,0,0,0,0,0,0,0,0,35,36,0,0,0,0,1,0,0.06,96,255,1,0,0.01,0.02,0.01,0,0,0,normal
0,tcp,http,SF,250,271,0,0,0,0,0,1,0,0,0,0,0,0,0,0,0,2,3,0,0,0,0.33,1,0,0.67,255,249,0.98,0.01,0,0,0,0,0,0,normal
0,tcp,http,SF,212,1115,0,0,0,0,0,1,0,0,0,0,0,0,0,0,0,37,37,0,0,0,0,1,0,0,255,255,1,0,0,0,0,0,0,0,normal
0,udp,domain_u,SF,46,46,0,0,0,0,0,0,0,0,0,0,0,0,0,0,0,270,270,0,0,0,0,1,0,0,255,254,1,0.01,0,0,0,0,0,0,normal
0,tcp,other,REJ,0,0,0,0,0,0,0,0,0,0,0,0,0,0,0,0,0,1,1,0,0,1,1,1,0,0,32,32,1,0,0.03,0,0,0,1,1,normal
0,tcp,http,SF,317,15675,0,0,0,0,0,1,0,0,0,0,0,0,0,0,0,9,9,0,0,0,0,1,0,0,255,255,1,0,0,0,0,0,0,0,normal
0,tcp,ftp_data,SF,12165,0,0,0,0,0,0,0,0,0,0,0,0,0,0,0,0,8,8,0,0,0,0,1,0,0,255,49,0.19,0.02,0.19,0,0.52,0,0,0,normal
0,tcp,http,SF,307,5381,0,0,0,0,0,1,0,0,0,0,0,0,0,0,0,6,6,0,0,0,0,1,0,0,106,255,1,0,0.01,0.03,0,0,0,0,normal
0,tcp,http,SF,316,1373,0,0,0,0,0,1,0,0,0,0,0,0,0,0,0,16,24,0,0,0,0,1,0,0.12,31,255,1,0,0.03,0.03,0,0,0,0,normal
0,tcp,http,SF,243,1973,0,0,0,0,0,1,0,0,0,0,0,0,0,0,0,1,1,0,0,0,0,1,0,0,255,255,1,0,0,0,0,0,0,0,normal
0,tcp,ftp_data,SF,9198,0,0,0,0,0,0,1,0,0,0,0,0,0,0,0,0,7,7,0,0,0,0,1,0,0,57,43,0.33,0.04,0.33,0.05,0,0,0,0,normal
0,udp,domain_u,SF,46,73,0,0,0,0,0,0,0,0,0,0,0,0,0,0,0,149,151,0,0,0,0,1,0,0.01,255,225,0.88,0.01,0,0,0,0,0,0,normal
0,tcp,http,SF,316,9737,0,0,0,0,0,1,0,0,0,0,0,0,0,0,0,1,14,0,0,0,0,1,0,0.21,34,255,1,0,0.03,0.02,0,0,0,0,normal
0,tcp,http,SF,241,668,0,0,0,0,0,1,0,0,0,0,0,0,0,0,0,54,54,0,0,0,0,1,0,0,255,255,1,0,0,0,0,0,0,0,normal
0,tcp,http,SF,340,283,0,0,0,0,0,1,0,0,0,0,0,0,0,0,0,5,5,0,0,0,0,1,0,0,255,253,0.99,0.01,0,0,0,0,0,0,normal
0,tcp,http,SF,297,1468,0,0,0,0,0,1,0,0,0,0,0,0,0,0,0,30,31,0,0,0,0,1,0,0.06,255,255,1,0,0,0,0,0,0,0,normal
0,tcp,http,SF,190,170,0,0,0,0,0,1,0,0,0,0,0,0,0,0,0,2,5,0,0,0,0,1,0,0.4,32,47,1,0,0.03,0.04,0,0,0,0,normal
0,tcp,ftp_data,SF,15876,0,0,0,0,0,0,0,0,0,0,0,0,0,0,0,0,16,16,0,0,0,0,1,0,0,201,92,0.46,0.03,0.46,0,0,0,0,0,normal
0,tcp,http,SF,222,1273,0,0,0,0,0,1,0,0,0,0,0,0,0,0,0,4,4,0,0,0,0,1,0,0,4,255,1,0,0.25,0.06,0,0,0,0,normal
0,tcp,http,SF,324,9572,0,0,0,0,0,1,0,0,0,0,0,0,0,0,0,2,2,0,0,0,0,1,0,0,255,255,1,0,0,0,0,0,0,0,normal
0,tcp,http,SF,295,955,0,0,0,0,0,1,0,0,0,0,0,0,0,0,0,18,18,0,0,0,0,1,0,0,255,255,1,0,0,0,0,0,0,0,normal
46,tcp,telnet,SF,889,558164,0,0,0,0,0,1,0,0,0,0,0,0,0,0,0,1,1,0,0,0,0,1,0,0,18,6,0.33,0.11,0.06,0,0,0,0,0,normal
12202,udp,other,SF,147,105,0,0,0,0,0,0,0,0,0,0,0,0,0,0,0,1,1,0,0,0,0,1,0,0,255,1,0,0.89,1,0,0,0,0,0,normal
15,tcp,smtp,SF,903,388,0,0,0,0,0,1,0,0,0,0,0,0,0,0,0,1,1,0,0,0,0,1,0,0,255,59,0.23,0.58,0,0,0.58,0,0,0,normal
0,tcp,http,SF,241,36362,0,0,0,0,0,1,0,0,0,0,0,0,0,0,0,1,1,0,0,0,0,1,0,0,55,255,1,0,0.02,0.01,0.02,0.01,0,0,normal
0,tcp,http,SF,209,2894,0,0,0,0,0,1,0,0,0,0,0,0,0,0,0,53,54,0,0,0,0,1,0,0.04,255,255,1,0,0,0,0,0,0,0,normal
0,tcp,http,SF,493,3294,0,0,0,0,0,1,0,0,0,0,0,0,0,0,0,13,14,0,0,0,0,1,0,0.14,255,255,1,0,0,0,0,0,0,0,normal
0,tcp,http,SF,289,3780,0,0,0,0,0,1,0,0,0,0,0,0,0,0,0,7,7,0,0,0,0,1,0,0,54,63,1,0,0.02,0.08,0,0,0.02,0.02,normal
0,tcp,smtp,SF,3245,399,0,0,0,0,0,1,0,0,0,0,0,0,0,0,0,1,1,0,0,0,0,1,0,0,255,73,0.29,0.05,0,0,0.47,0,0.02,0,normal
0,tcp,http,REJ,0,0,0,0,0,0,0,0,0,0,0,0,0,0,0,0,0,1,1,0,0,1,1,1,0,0,23,255,1,0,0.04,0.1,0,0,1,0.95,normal
0,tcp,http,SF,326,1639,0,0,0,0,0,1,0,0,0,0,0,0,0,0,0,6,6,0,0,0,0,1,0,0,76,255,1,0,0.01,0.05,0,0,0,0,normal
0,tcp,http,SF,216,2317,0,0,0,0,0,1,0,0,0,0,0,0,0,0,0,3,9,0,0,0,0,1,0,0.33,4,255,1,0,0.25,0.02,0,0,0,0,normal
14,udp,domain_u,SF,111,36,0,0,0,0,0,0,0,0,0,0,0,0,0,0,0,1,1,0,0,0,0,1,0,0,4,3,0.75,0.5,0.75,0,0,0,0,0,normal
0,tcp,http,SF,242,3008,0,0,0,0,0,1,0,0,0,0,0,0,0,0,0,5,5,0,0,0,0,1,0,0,7,255,1,0,0.14,0.03,0,0,0,0,normal
0,tcp,http,REJ,0,0,0,0,0,0,0,0,0,0,0,0,0,0,0,0,0,1,1,0,0,1,1,1,0,0,14,247,1,0,0.07,0.13,0,0,1,0.68,normal
0,udp,domain_u,SF,44,110,0,0,0,0,0,0,0,0,0,0,0,0,0,0,0,50,130,0,0,0,0,1,0,0.02,255,254,1,0.01,0,0,0,0,0,0,normal
0,tcp,http,SF,292,10180,0,0,0,0,0,1,0,0,0,0,0,0,0,0,0,7,7,0,0,0,0,1,0,0,161,161,1,0,0.01,0,0,0,0,0,normal
0,tcp,http,SF,364,471,0,0,0,0,0,1,0,0,0,0,0,0,0,0,0,17,17,0,0,0,0,1,0,0,255,255,1,0,0,0,0,0,0,0,normal
0,udp,domain_u,SF,46,46,0,0,0,0,0,0,0,0,0,0,0,0,0,0,0,187,189,0,0,0,0,1,0,0.01,255,231,0.91,0.01,0.01,0,0,0,0,0,normal
1,tcp,smtp,SF,1346,329,0,0,0,0,0,1,0,0,0,0,0,0,0,0,0,1,2,0,0,0,0,1,0,1,249,134,0.52,0.02,0,0.01,0,0,0,0,normal
0,tcp,http,SF,216,294,0,0,0,0,0,1,0,0,0,0,0,0,0,0,0,14,14,0,0,0,0,1,0,0,255,255,1,0,0,0,0,0,0,0,normal
81,tcp,telnet,RSTO,137,4101,0,0,0,0,0,0,0,0,0,0,0,0,0,0,0,1,1,0,0,1,1,1,0,0,48,1,0.02,0.1,0.02,0,0,0,0.02,1,normal
0,tcp,http,SF,311,488,0,0,0,0,0,1,0,0,0,0,0,0,0,0,0,11,11,0,0,0,0,1,0,0,104,255,1,0,0.01,0.04,0.01,0,0,0,normal
0,udp,domain_u,SF,112,46,0,0,0,0,0,0,0,0,0,0,0,0,0,0,0,246,245,0,0,0,0,1,0.01,0,135,102,0.76,0.01,0.21,0,0,0,0,0,normal
0,tcp,http,SF,285,710,0,0,0,0,0,1,0,0,0,0,0,0,0,0,0,6,12,0,0,0,0,1,0,0.17,52,255,1,0,0.02,0.06,0,0,0,0,normal
0,udp,other,SF,516,0,0,0,0,0,0,0,0,0,0,0,0,0,0,0,0,353,353,0,0,0,0,1,0,0,255,255,1,0,0,0,0,0,0,0,normal
0,tcp,http,SF,223,482,0,0,0,0,0,1,0,0,0,0,0,0,0,0,0,7,19,0,0,0,0,1,0,0.11,255,255,1,0,0,0,0,0,0,0,normal
0,tcp,http,SF,320,4760,0,0,0,0,0,1,0,0,0,0,0,0,0,0,0,19,19,0,0,0,0,1,0,0,29,255,1,0,0.03,0.04,0,0,0,0,normal
0,tcp,finger,S0,0,0,0,0,0,0,0,0,0,0,0,0,0,0,0,0,0,5,2,0.2,0.5,0,0,0.4,0.4,0,101,9,0.05,0.05,0.02,0.22,0.01,0.11,0,0,normal
0,udp,other,SF,147,0,0,0,0,0,0,0,0,0,0,0,0,0,0,0,0,3,1,0,0,0,0,0.33,0.67,0,255,1,0,0.65,0.96,0,0,0,0,0,normal
0,tcp,ftp_data,SF,1874,0,0,0,0,0,0,1,0,0,0,0,0,0,0,0,0,1,1,0,0,0,0,1,0,0,7,7,1,0,1,0,0,0,0,0,normal
0,udp,domain_u,SF,44,130,0,0,0,0,0,0,0,0,0,0,0,0,0,0,0,91,171,0,0,0,0,1,0,0.01,255,255,1,0,0,0,0,0,0,0,normal
20,tcp,smtp,SF,904,330,0,0,0,0,0,1,0,0,0,0,0,0,0,0,0,1,4,0,0,0,0,1,0,1,2,184,1,0,0.5,0.01,0,0,0,0,normal
0,tcp,smtp,SF,992,329,0,0,0,0,0,1,0,0,0,0,0,0,0,0,0,1,1,0,0,0,0,1,0,0,146,170,0.68,0.03,0.01,0.01,0,0,0,0,normal
0,tcp,domain,SF,48,487,0,0,0,0,0,1,0,0,0,0,0,0,0,0,0,69,1,0,0,0,0,0.01,0.03,0,255,1,0,0.01,0,0,0,0,0,0,normal
2,tcp,smtp,SF,1206,334,0,0,0,0,0,1,0,0,0,0,0,0,0,0,0,1,2,0,0,0,0,1,0,1,84,131,0.64,0.04,0.01,0.02,0,0,0,0,normal
0,tcp,smtp,SF,977,333,0,0,0,0,0,1,0,0,0,0,0,0,0,0,0,1,1,0,0,0,0,1,0,0,126,161,0.78,0.03,0.02,0.01,0,0,0,0,normal
0,tcp,http,SF,296,1518,0,0,0,0,0,1,0,0,0,0,0,0,0,0,0,9,9,0,0,0,0,1,0,0,36,255,1,0,0.03,0.01,0,0,0,0,normal
0,tcp,http,SF,204,13599,0,0,0,0,0,1,0,0,0,0,0,0,0,0,0,25,25,0,0,0,0,1,0,0,255,255,1,0,0,0,0,0,0,0,normal
1,tcp,smtp,SF,1102,335,0,0,0,0,0,1,0,0,0,0,0,0,0,0,0,25,1,0,0,0,0,0.04,0.08,0,150,125,0.46,0.04,0.01,0.02,0,0,0,0,normal
4610,udp,other,SF,146,105,0,0,0,0,0,0,0,0,0,0,0,0,0,0,0,3,2,0,0,0,0,0.67,0.67,0,255,2,0.01,0.83,1,0,0,0,0,0,normal
0,udp,domain_u,SF,44,138,0,0,0,0,0,0,0,0,0,0,0,0,0,0,0,291,291,0,0,0,0,1,0,0,255,253,0.99,0.01,0,0,0,0,0,0,normal
0,tcp,http,SF,331,2518,0,0,0,0,0,1,0,0,0,0,0,0,0,0,0,8,11,0,0,0,0,1,0,0.27,116,255,1,0,0.01,0.02,0,0,0,0,normal
0,tcp,http,SF,266,1963,0,0,0,0,0,1,0,0,0,0,0,0,0,0,0,12,12,0,0,0,0,1,0,0,31,255,1,0,0.03,0.03,0,0,0,0,normal
0,tcp,http,SF,309,1949,0,0,0,0,0,1,0,0,0,0,0,0,0,0,0,7,13,0,0.08,0,0.08,1,0,0.23,163,255,1,0,0.01,0.02,0,0.01,0.01,0.01,normal
0,tcp,telnet,S1,1191,3023,0,0,0,0,0,1,0,0,0,0,4,0,0,0,0,1,1,1,1,0,0,1,0,0,137,15,0.11,0.04,0.01,0,0.03,0.27,0,0,normal
0,tcp,http,SF,329,3290,0,0,0,0,0,1,0,0,0,0,0,0,0,0,0,11,28,0,0,0,0,1,0,0.18,35,255,1,0,0.03,0.03,0,0.01,0,0,normal
0,tcp,http,SF,227,318,0,0,0,0,0,1,0,0,0,0,0,0,0,0,0,5,35,0,0,0,0,1,0,0.17,255,255,1,0,0,0,0,0,0,0,normal
0,tcp,ftp_data,SF,4539,0,0,0,0,0,0,0,0,0,0,0,0,0,0,0,0,20,20,0,0,0,0,1,0,0,217,62,0.29,0.02,0.29,0,0,0,0,0,normal
0,tcp,http,SF,231,4267,0,0,0,0,0,1,0,0,0,0,0,0,0,0,0,6,7,0,0,0,0,1,0,0.29,11,255,1,0,0.09,0.05,0,0,0,0,normal
0,tcp,ftp_data,SF,4753,0,0,0,0,0,0,0,0,0,0,0,0,0,0,0,0,18,18,0,0,0,0,1,0,0,255,24,0.09,0.58,0.09,0,0,0,0,0,normal
3,tcp,smtp,SF,1273,333,0,0,0,0,0,1,0,0,0,0,0,0,0,0,0,1,1,0,0,0,0,1,0,0,74,124,0.76,0.05,0.01,0.02,0,0,0,0,normal
0,tcp,ftp_data,SF,567,0,0,0,0,0,0,0,0,0,0,0,0,0,0,0,0,1,1,0,0,0,0,1,0,0,47,38,0.15,0.11,0.15,0.05,0,0,0,0,normal
0,tcp,http,SF,226,2663,0,0,0,0,0,1,0,0,0,0,0,0,0,0,0,3,24,0,0,0,0,1,0,0.21,141,255,1,0,0.01,0.01,0.01,0,0,0,normal
3949,udp,other,SF,146,105,0,0,0,0,0,0,0,0,0,0,0,0,0,0,0,1,1,0,0,0,0,1,0,0,255,3,0.01,0.82,0.98,0,0,0,0,0,normal
12571,udp,other,SF,146,105,0,0,0,0,0,0,0,0,0,0,0,0,0,0,0,1,1,0,0,0,0,1,0,0,255,2,0.01,0.64,0.95,0,0,0,0,0,normal
1525,udp,other,SF,147,105,0,0,0,0,0,0,0,0,0,0,0,0,0,0,0,1,1,0,0,0,0,1,0,0,255,1,0,0.65,0.91,0,0,0,0,0,normal
0,tcp,http,SF,271,583,0,0,0,0,0,1,0,0,0,0,0,0,0,0,0,5,5,0,0,0,0,1,0,0,23,255,1,0,0.04,0.01,0,0,0,0,normal
0,tcp,http,SF,296,5971,0,0,0,0,0,1,0,0,0,0,0,0,0,0,0,18,37,0,0,0,0,1,0,0.08,255,255,1,0,0,0,0,0,0,0,normal
0,tcp,ftp_data,SF,192,0,0,0,0,0,0,1,0,0,0,0,0,0,0,0,0,2,2,0,0,0,0,1,0,0,129,117,0.45,0.02,0.45,0.02,0,0,0,0,normal
0,tcp,http,SF,315,663,0,0,0,0,0,1,0,0,0,0,0,0,0,0,0,39,39,0,0,0,0,1,0,0,255,255,1,0,0.01,0,0,0,0,0,normal
0,tcp,http,SF,216,3024,0,0,0,0,0,1,0,0,0,0,0,0,0,0,0,8,8,0,0,0,0,1,0,0,41,255,1,0,0.02,0.02,0,0,0,0,normal
0,udp,domain_u,SF,43,43,0,0,0,0,0,0,0,0,0,0,0,0,0,0,0,226,226,0,0,0,0,1,0,0,255,255,1,0,0.01,0,0,0,0,0,normal
0,tcp,http,SF,288,4962,0,0,0,0,0,1,0,0,0,0,0,0,0,0,0,9,22,0,0,0,0,1,0,0.18,63,255,1,0,0.02,0.05,0,0.01,0,0,normal
0,tcp,http,SF,224,2222,0,0,0,0,0,1,0,0,0,0,0,0,0,0,0,1,1,0,0,0,0,1,0,0,26,255,1,0,0.04,0.02,0,0,0,0,normal
0,tcp,smtp,SF,1361,489,0,0,0,0,0,1,0,0,0,0,0,0,0,0,0,1,3,0,0,0,0,1,0,1,217,137,0.49,0.01,0,0.01,0.92,0.73,0,0,normal
0,tcp,http,SF,356,1125,0,0,0,0,0,1,0,0,0,0,0,0,0,0,0,3,3,0,0,0,0,1,0,0,36,255,1,0,0.03,0.03,0,0,0,0,normal
0,tcp,smtp,SF,944,332,0,0,0,0,0,1,0,0,0,0,0,0,0,0,0,1,1,0,0,0,0,1,0,0,222,166,0.65,0.02,0,0.01,0,0,0,0,normal
1,tcp,smtp,SF,122,232,0,0,0,0,0,1,0,0,0,0,0,0,0,0,0,1,1,0,0,0,0,1,0,0,87,43,0.2,0.82,0.01,0.05,0.01,0.02,0.78,0.05,normal
0,tcp,http,SF,191,2536,0,0,0,0,0,1,0,0,0,0,0,0,0,0,0,7,7,0,0,0,0,1,0,0,107,255,1,0,0.01,0.05,0,0,0,0,normal
0,udp,domain_u,SF,45,70,0,0,0,0,0,0,0,0,0,0,0,0,0,0,0,156,156,0,0,0,0,1,0,0,255,254,1,0.01,0,0,0,0,0,0,normal
0,tcp,http,REJ,0,0,0,0,0,0,0,0,0,0,0,0,0,0,0,0,0,1,1,0,0,1,1,1,0,0,33,255,1,0,0.03,0.07,0,0,1,0.91,normal
0,tcp,http,SF,304,3222,0,0,0,0,0,1,0,0,0,0,0,0,0,0,0,2,2,0,0,0,0,1,0,0,255,250,0.98,0.01,0,0,0,0,0,0,normal
0,tcp,http,SF,148,35147,0,0,0,0,0,1,0,0,0,0,0,0,0,0,0,1,1,0,0,0,0,1,0,0,115,255,1,0,0.01,0.05,0,0,0,0,normal
0,tcp,http,SF,298,356,0,0,0,0,0,1,0,0,0,0,0,0,0,0,0,26,27,0,0,0,0,1,0,0.07,46,255,1,0,0.02,0.02,0,0,0,0,normal
0,tcp,http,REJ,0,0,0,0,0,0,0,0,0,0,0,0,0,0,0,0,0,1,1,0,0,1,1,1,0,0,28,201,1,0,0.04,0.18,0,0,1,0.99,normal
0,tcp,http,SF,182,1805,0,0,0,0,0,1,0,0,0,0,0,0,0,0,0,15,15,0,0,0,0,1,0,0,34,255,1,0,0.03,0.01,0,0,0,0,normal
0,tcp,http,SF,168,3030,0,0,0,0,0,1,0,0,0,0,0,0,0,0,0,1,1,0,0,0,0,1,0,0,82,255,1,0,0.01,0.02,0.01,0,0,0,normal
0,tcp,http,SF,191,2241,0,0,0,0,0,1,0,0,0,0,0,0,0,0,0,8,11,0.12,0.09,0,0,1,0,0.18,255,255,1,0,0,0,0,0,0,0,normal
0,tcp,http,SF,363,345,0,0,0,0,0,1,0,0,0,0,0,0,0,0,0,16,18,0,0,0,0,1,0,0.17,197,255,1,0,0.01,0.01,0,0,0,0,normal
0,tcp,http,SF,296,1518,0,0,0,0,0,1,0,0,0,0,0,0,0,0,0,9,9,0,0,0,0,1,0,0,36,255,1,0,0.03,0.01,0,0,0,0,normal
0,tcp,http,SF,234,34237,0,0,0,0,0,1,0,0,0,0,0,0,0,0,0,4,4,0,0,0,0,1,0,0,150,255,1,0,0.01,0.02,0,0.01,0.17,0.12,normal
0,tcp,smtp,SF,842,334,0,0,0,0,0,1,0,0,0,0,0,0,0,0,0,1,3,0,0,0,0,1,0,1,122,125,0.57,0.06,0.01,0.02,0.01,0.01,0,0,normal
0,tcp,http,SF,211,480,0,0,0,0,0,1,0,0,0,0,0,0,0,0,0,30,30,0,0,0,0,1,0,0,30,255,1,0,0.03,0.03,0,0.01,0,0,normal
15,tcp,smtp,SF,12715,1459,0,0,0,0,0,1,0,0,0,0,0,0,0,0,0,1,1,0,0,0,0,1,0,0,67,129,0.55,0.06,0.01,0.02,0,0.12,0,0,normal
0,tcp,http,SF,369,6193,0,0,0,0,0,1,0,0,0,0,0,0,0,0,0,1,1,0,0,0,0,1,0,0,255,255,1,0,0,0,0,0,0,0,normal
0,tcp,http,SF,0,6361,0,0,0,0,0,0,0,0,0,0,0,0,0,0,0,4,15,0.25,0.2,0,0,1,0,0.33,4,255,1,0,0.25,0.07,0.25,0.01,0,0,normal
0,tcp,http,SF,351,310,0,0,0,0,0,1,0,0,0,0,0,0,0,0,0,7,7,0,0,0,0,1,0,0,186,255,1,0,0.01,0.02,0,0,0,0,normal
0,tcp,http,SF,192,4500,0,0,0,0,0,1,0,0,0,0,0,0,0,0,0,9,12,0,0,0,0,1,0,0.17,9,255,1,0,0.11,0.01,0,0,0,0,normal
1,tcp,smtp,SF,929,333,0,0,0,0,0,1,0,0,0,0,0,0,0,0,0,1,1,0,0,0,0,1,0,0,129,112,0.39,0.16,0.01,0.02,0.02,0,0,0,normal
0,tcp,http,SF,217,1893,0,0,0,0,0,1,0,0,0,0,0,0,0,0,0,12,12,0,0,0,0,1,0,0,12,255,1,0,0.08,0.03,0,0,0,0,normal
0,tcp,http,SF,271,823,0,0,0,0,0,1,0,0,0,0,0,0,0,0,0,11,12,0,0,0,0,1,0,0.17,255,255,1,0,0,0,0,0,0,0,normal
0,tcp,http,SF,224,2183,0,0,0,0,0,1,0,0,0,0,0,0,0,0,0,1,1,0,0,0,0,1,0,0,32,255,1,0,0.03,0.03,0,0,0,0,normal
9505,udp,other,SF,147,105,0,0,0,0,0,0,0,0,0,0,0,0,0,0,0,1,1,0,0,0,0,1,0,0,255,2,0.01,0.56,0.9,0,0,0,0,0,normal
0,tcp,http,SF,217,1324,0,0,0,0,0,1,0,0,0,0,0,0,0,0,0,2,2,0,0,0,0,1,0,0,17,255,1,0,0.06,0.02,0,0,0,0,normal
0,tcp,http,SF,313,9204,0,0,0,0,0,1,0,0,0,0,0,0,0,0,0,3,3,0,0,0,0,1,0,0,33,255,1,0,0.03,0.11,0,0,0.21,0.51,normal
0,tcp,http,SF,307,12304,0,0,0,0,0,1,0,0,0,0,0,0,0,0,0,29,29,0,0,0,0,1,0,0,110,255,1,0,0.01,0.01,0,0,0.13,0.06,normal
0,udp,domain_u,SF,44,44,0,0,0,0,0,0,0,0,0,0,0,0,0,0,0,211,211,0,0,0,0,1,0,0,255,255,1,0,0,0,0,0,0,0,normal
0,tcp,http,SF,331,1187,0,0,0,0,0,1,0,0,0,0,0,0,0,0,0,13,16,0,0,0,0,1,0,0.19,255,255,1,0,0,0,0,0,0,0,normal
5,tcp,smtp,SF,2004,403,0,0,0,0,0,1,0,0,0,0,0,0,0,0,0,1,1,0,0,0,0,1,0,0,137,95,0.69,0.03,0.01,0,0,0,0,0,normal
3209,udp,other,SF,145,105,0,0,0,0,0,0,0,0,0,0,0,0,0,0,0,1,1,0,0,0,0,1,0,0,255,1,0,0.13,0.19,0,0,0,0,0,normal
0,tcp,http,SF,200,402,0,0,0,0,0,1,0,0,0,0,0,0,0,0,0,7,26,0,0,0,0,1,0,0.12,7,255,1,0,0.14,0.03,0,0,0,0,normal
0,tcp,smtp,SF,1316,332,0,0,0,0,0,1,0,0,0,0,0,0,0,0,0,1,1,0,0,0,0,1,0,0,10,181,0.6,0.4,0.1,0.02,0,0,0,0,normal
0,tcp,http,SF,209,2071,0,0,0,0,0,1,0,0,0,0,0,0,0,0,0,6,7,0,0,0,0,1,0,0.29,255,255,1,0,0,0,0,0,0,0,normal
2,tcp,smtp,SF,3450,337,0,0,0,0,0,1,0,0,0,0,0,0,0,0,0,1,2,0,0,0,0,1,0,1,98,126,0.52,0.05,0.01,0.02,0,0,0,0,normal
0,udp,domain_u,SF,45,73,0,0,0,0,0,0,0,0,0,0,0,0,0,0,0,155,158,0,0,0,0,1,0,0.02,255,227,0.89,0.01,0,0,0,0,0,0,normal
0,tcp,http,SF,317,667,0,0,0,0,0,1,0,0,0,0,0,0,0,0,0,10,10,0,0,0,0,1,0,0,255,255,1,0,0,0,0,0,0,0,normal
2,tcp,ftp_data,SF,2194619,0,0,0,0,0,0,1,0,0,0,0,0,0,0,0,0,2,2,0,0,0,0,1,0,0,201,29,0.11,0.02,0.11,0.07,0,0,0,0,normal
1,tcp,smtp,SF,988,334,0,0,0,0,0,1,0,0,0,0,0,0,0,0,0,1,2,0,0,0,0,1,0,1,20,153,0.3,0.1,0.05,0.01,0,0,0,0.07,normal
0,tcp,http,SF,243,261,0,0,0,0,0,1,0,0,0,0,0,0,0,0,0,2,3,0.5,0.33,0,0,1,0,0.67,255,255,1,0,0.01,0,0,0,0,0,normal
0,tcp,http,SF,324,1299,0,0,0,0,0,1,0,0,0,0,0,0,0,0,0,5,9,0,0,0,0,1,0,0.33,22,255,1,0,0.05,0.05,0,0,0,0,normal
0,tcp,http,SF,191,511,0,0,0,0,0,1,0,0,0,0,0,0,0,0,0,10,10,0,0,0,0,1,0,0,255,255,1,0,0,0,0,0,0,0,normal
0,tcp,http,SF,238,318,0,0,0,0,0,1,0,0,0,0,0,0,0,0,0,18,18,0,0,0,0,1,0,0,102,255,1,0,0.01,0.02,0,0,0,0,normal
2,tcp,smtp,SF,1304,330,0,0,0,0,0,1,0,0,0,0,0,0,0,0,0,1,1,0,0,0,0,1,0,0,10,103,1,0,0.1,0.02,0,0,0,0,normal
0,tcp,http,SF,320,6396,0,0,0,0,0,1,0,0,0,0,0,0,0,0,0,14,14,0,0,0,0,1,0,0,14,255,1,0,0.07,0.03,0,0,0,0,normal
0,tcp,http,REJ,0,0,0,0,0,0,0,0,0,0,0,0,0,0,0,0,0,1,1,0,0,1,1,1,0,0,28,255,1,0,0.04,0.11,0,0,1,1,normal
0,tcp,smtp,S0,0,0,0,0,0,0,0,0,0,0,0,0,0,0,0,0,0,2,2,0.5,0.5,0,0,1,0,0,153,115,0.35,0.05,0.01,0.02,0.01,0.01,0,0,normal
0,tcp,telnet,S1,342,8243,0,0,0,0,0,1,0,0,0,0,0,0,0,0,0,1,1,1,1,0,0,1,0,0,255,8,0.03,0.7,0,0,0.69,0.12,0,0,normal
0,tcp,http,SF,199,770,0,0,0,0,0,1,0,0,0,0,0,0,0,0,0,24,24,0,0,0,0,1,0,0,255,255,1,0,0,0,0,0,0,0,normal
0,tcp,http,SF,254,1419,0,0,0,0,0,1,0,0,0,0,0,0,0,0,0,1,6,0,0,0,0,1,0,0.5,94,255,1,0,0.01,0.03,0,0,0,0,normal
0,tcp,finger,RSTO,0,0,0,0,0,0,0,0,0,0,0,0,0,0,0,0,0,1,1,0,0,1,1,1,0,0,214,14,0.05,0.02,0,0.14,0,0,0.03,0.14,normal
0,udp,domain_u,SF,45,109,0,0,0,0,0,0,0,0,0,0,0,0,0,0,0,232,233,0,0,0,0,1,0,0.01,255,189,0.74,0.01,0,0,0,0,0,0,normal
0,tcp,http,REJ,0,0,0,0,0,0,0,0,0,0,0,0,0,0,0,0,0,1,2,0,0,1,1,1,0,1,21,255,1,0,0.05,0.17,0,0,1,0.98,normal
0,udp,domain_u,SF,44,110,0,0,0,0,0,0,0,0,0,0,0,0,0,0,0,220,297,0,0,0,0,1,0.01,0.01,222,183,0.82,0.01,0,0,0,0,0,0,normal
27,tcp,ftp,SF,1519,4152,0,0,0,30,0,1,0,0,0,0,0,0,0,0,1,1,1,0,0,0,0,1,0,0,72,38,0.53,0.07,0.01,0,0,0,0,0,normal
0,tcp,http,SF,200,955,0,0,0,0,0,1,0,0,0,0,0,0,0,0,0,5,6,0,0,0,0,1,0,0.33,255,255,1,0,0,0,0,0,0,0,normal
0,udp,private,SF,105,0,0,0,0,0,0,0,0,0,0,0,0,0,0,0,0,2,2,0,0,0,0,1,0,0,3,3,1,0,0.67,0,0,0,0,0,normal
0,tcp,http,SF,220,3410,0,0,0,0,0,1,0,0,0,0,0,0,0,0,0,18,36,0,0,0,0,1,0,0.08,255,255,1,0,0,0,0,0,0,0,normal
6214,udp,other,SF,146,105,0,0,0,0,0,0,0,0,0,0,0,0,0,0,0,1,1,0,0,0,0,1,0,0,255,1,0,0.61,0.93,0,0,0,0,0,normal
0,tcp,http,SF,233,4296,0,0,0,0,0,1,0,0,0,0,0,0,0,0,0,1,2,0,0,0,0,1,0,1,1,255,1,0,1,0.02,0,0,0,0,normal
0,tcp,http,SF,159,347,0,0,0,0,0,1,0,0,0,0,0,0,0,0,0,8,8,0,0,0,0,1,0,0,152,255,1,0,0.01,0.01,0,0,0,0,normal
36,udp,domain_u,SF,92,36,0,0,0,0,0,0,0,0,0,0,0,0,0,0,0,5,6,0,0,0,0,1,0,0.33,50,26,0.52,0.06,0.52,0,0,0,0,0,normal
0,udp,domain_u,SF,45,132,0,0,0,0,0,0,0,0,0,0,0,0,0,0,0,19,85,0,0,0,0,1,0,0.02,245,190,0.78,0.02,0,0,0,0,0,0,normal
0,tcp,http,SF,224,1918,0,0,0,0,0,1,0,0,0,0,0,0,0,0,0,4,4,0,0,0,0,1,0,0,255,255,1,0,0,0,0,0,0,0,normal
0,tcp,http,SF,224,3012,0,0,0,0,0,1,0,0,0,0,0,0,0,0,0,2,22,0,0,0,0,1,0,0.09,18,255,1,0,0.06,0.01,0,0,0,0,normal
0,tcp,http,SF,159,9569,0,0,0,0,0,1,0,0,0,0,0,0,0,0,0,1,4,0,0,0,0,1,0,0.5,9,255,1,0,0.11,0.01,0,0,0,0,normal
0,tcp,http,SF,298,1709,0,0,0,0,0,1,0,0,0,0,0,0,0,0,0,6,6,0,0,0,0,1,0,0,24,255,1,0,0.04,0.04,0,0,0,0,normal
0,tcp,smtp,SF,1762,331,0,0,0,0,0,1,0,0,0,0,0,0,0,0,0,1,1,0,0,0,0,1,0,0,30,122,0.73,0.07,0.03,0.02,0,0,0,0,normal
0,udp,domain_u,SF,44,78,0,0,0,0,0,0,0,0,0,0,0,0,0,0,0,319,318,0,0,0,0,1,0.01,0,255,251,0.98,0.01,0,0,0,0,0,0,normal
0,tcp,http,SF,314,868,0,0,0,0,0,1,0,0,0,0,0,0,0,0,0,2,2,0,0,0,0,1,0,0,255,255,1,0,0,0,0,0,0,0,normal
0,tcp,http,SF,229,2658,0,0,0,0,0,1,0,0,0,0,0,0,0,0,0,3,3,0,0,0,0,1,0,0,255,255,1,0,0,0,0,0,0,0,normal
0,tcp,ftp_data,SF,12324,0,0,0,0,0,0,0,0,0,0,0,0,0,0,0,0,2,2,0,0,0,0,1,0,0,194,16,0.08,0.03,0.08,0,0,0,0.03,0,normal
0,tcp,ftp_data,S3,13,0,0,0,0,0,0,1,0,0,0,0,0,0,0,0,0,2,4,0.5,0.25,0,0,1,0,0.5,120,69,0.1,0.07,0.1,0.03,0.01,0.01,0,0,normal
0,tcp,http,SF,217,1035,0,0,0,0,0,1,0,0,0,0,0,0,0,0,0,34,34,0,0,0,0,1,0,0,255,255,1,0,0,0,0,0,0.32,0.32,normal
0,tcp,http,SF,246,1903,0,0,0,0,0,1,0,0,0,0,0,0,0,0,0,1,1,0,0,0,0,1,0,0,1,255,1,0,1,0.03,0,0,0,0,normal
0,tcp,other,SF,3775,0,0,0,0,0,0,1,0,0,0,0,0,0,0,0,0,21,1,0.05,0,0,0,0.05,0.38,0,239,1,0,0.05,0.37,0,0.02,0,0,0,normal
0,tcp,http,SF,208,1645,0,0,0,0,0,1,0,0,0,0,0,0,0,0,0,2,2,0,0,0,0,1,0,0,6,255,1,0,0.17,0.03,0,0,0,0,normal
0,tcp,ftp_data,SF,59,0,0,0,0,0,0,1,0,0,0,0,0,0,0,0,0,12,12,0,0,0,0,1,0,0,255,141,0.55,0.02,0.55,0,0,0,0,0,normal
0,tcp,http,SF,218,6329,0,0,0,0,0,1,0,0,0,0,0,0,0,0,0,8,8,0,0,0,0,1,0,0,255,255,1,0,0,0,0,0,0,0,normal
9,tcp,smtp,SF,1465,365,0,0,0,0,0,1,0,0,0,0,0,0,0,0,0,1,1,0,0,0,0,1,0,0,28,205,0.96,0.07,0.04,0.01,0,0,0,0,normal
0,tcp,http,SF,170,37014,0,0,0,0,0,1,0,0,0,0,0,0,0,0,0,1,1,0,0,0,0,1,0,0,255,255,1,0,0,0,0,0,0,0,normal
0,tcp,http,SF,195,1993,0,0,0,0,0,1,0,0,0,0,0,0,0,0,0,9,9,0,0,0,0,1,0,0,134,255,1,0,0.01,0.04,0,0,0.01,0.01,normal
0,tcp,http,SF,224,3462,0,0,0,0,0,1,0,0,0,0,0,0,0,0,0,7,13,0,0,0,0,1,0,0.23,255,255,1,0,0,0,0,0,0,0,normal
0,udp,domain_u,SF,43,116,0,0,0,0,0,0,0,0,0,0,0,0,0,0,0,116,118,0,0,0,0,1,0,0.02,255,227,0.89,0.01,0,0,0,0,0,0,normal
0,tcp,http,SF,293,2486,0,0,0,0,0,1,0,0,0,0,0,0,0,0,0,19,19,0,0,0,0,1,0,0,255,255,1,0,0,0,0,0,0,0,normal
0,tcp,http,SF,335,383,0,0,0,0,0,1,0,0,0,0,0,0,0,0,0,9,9,0,0,0,0,1,0,0,34,255,1,0,0.03,0.04,0,0,0,0,normal
0,tcp,ftp_data,SF,567,0,0,0,0,0,0,1,0,0,0,6,0,0,0,0,0,1,1,0,0,0,0,1,0,0,249,71,0.29,0.03,0.29,0,0,0,0,0,normal
0,udp,domain_u,SF,46,142,0,0,0,0,0,0,0,0,0,0,0,0,0,0,0,95,175,0,0,0,0,1,0,0.01,255,255,1,0,0,0,0,0,0,0,normal
0,udp,domain_u,SF,44,73,0,0,0,0,0,0,0,0,0,0,0,0,0,0,0,235,234,0,0,0,0,1,0.01,0,255,247,0.97,0.01,0,0,0,0,0,0,normal
0,udp,domain_u,SF,46,46,0,0,0,0,0,0,0,0,0,0,0,0,0,0,0,108,188,0,0,0,0,1,0,0.01,255,255,1,0,0.01,0,0,0,0,0,normal
0,tcp,http,SF,231,2565,0,0,0,0,0,1,0,0,0,0,0,0,0,0,0,8,8,0,0,0,0,1,0,0,8,255,1,0,0.12,0.05,0,0,0,0,normal
0,tcp,http,SF,193,7355,0,0,0,0,0,1,0,0,0,0,0,0,0,0,0,7,14,0,0,0,0,1,0,0.29,255,255,1,0,0,0,0,0,0,0,normal
0,udp,domain_u,SF,44,100,0,0,0,0,0,0,0,0,0,0,0,0,0,0,0,300,300,0,0,0,0,1,0,0,255,254,1,0.01,0,0,0,0,0,0,normal
0,tcp,http,SF,292,2159,0,0,0,0,0,1,0,0,0,0,0,0,0,0,0,8,8,0,0,0,0,1,0,0,130,255,1,0,0.01,0.01,0,0,0,0,normal
0,tcp,http,SF,313,267,0,0,0,0,0,1,0,0,0,0,0,0,0,0,0,32,32,0,0,0,0,1,0,0,255,255,1,0,0,0,0,0,0,0,normal
0,tcp,http,SF,187,590,0,0,0,0,0,1,0,0,0,0,0,0,0,0,0,1,38,0,0,0,0,1,0,0.08,51,255,1,0,0.02,0.04,0,0,0,0,normal
0,tcp,http,SF,274,1836,0,0,0,0,0,1,0,0,0,0,0,0,0,0,0,16,18,0,0,0,0,1,0,0.11,255,255,1,0,0,0,0,0,0,0,normal
0,tcp,http,SF,310,3222,0,0,0,0,0,1,0,0,0,0,0,0,0,0,0,6,6,0,0,0,0,1,0,0,255,246,0.96,0.01,0,0,0,0,0.03,0.03,normal
0,icmp,urp_i,SF,181,0,0,0,0,0,0,0,0,0,0,0,0,0,0,0,0,5,4,0,0,0,0,0.8,0.4,0,255,38,0.15,0.01,0.16,0,0,0,0,0,normal
0,tcp,http,SF,254,791,0,0,0,0,0,1,0,0,0,0,0,0,0,0,0,1,3,0,0,0,0,1,0,0.67,255,251,0.98,0.01,0,0,0,0,0,0,normal
0,tcp,http,SF,325,673,0,0,0,0,0,1,0,0,0,0,0,0,0,0,0,10,10,0,0,0,0,1,0,0,255,255,1,0,0,0,0,0,0,0,normal
0,tcp,http,SF,328,1197,0,0,0,0,0,1,0,0,0,0,0,0,0,0,0,3,3,0.33,0.33,0,0,1,0,0,3,255,1,0,0.33,0.04,0.33,0,0,0,normal
0,udp,domain_u,SF,44,135,0,0,0,0,0,0,0,0,0,0,0,0,0,0,0,67,147,0,0,0,0,1,0,0.01,255,255,1,0,0,0,0,0,0,0,normal
0,tcp,http,SF,301,5831,0,0,0,0,0,1,0,0,0,0,0,0,0,0,0,2,2,0,0,0,0,1,0,0,2,255,1,0,0.5,0.01,0,0,0,0,normal
0,tcp,http,SF,220,4556,0,0,0,0,0,1,0,0,0,0,0,0,0,0,0,9,17,0,0,0,0,1,0,0.18,255,255,1,0,0,0,0,0,0,0,normal
0,tcp,http,SF,359,2282,0,0,0,0,0,1,0,0,0,0,0,0,0,0,0,4,4,0,0,0,0,1,0,0,133,255,1,0,0.01,0.09,0,0,0.15,0.48,normal
0,tcp,http,SF,323,1056,0,0,0,0,0,1,0,0,0,0,0,0,0,0,0,6,7,0,0,0,0,1,0,0.29,6,255,1,0,0.17,0.04,0,0,0,0,normal
9838,udp,other,SF,147,105,0,0,0,0,0,0,0,0,0,0,0,0,0,0,0,1,1,0,0,0,0,1,0,0,255,3,0.01,0.37,0.77,0,0,0,0,0,normal
0,udp,domain_u,SF,44,77,0,0,0,0,0,0,0,0,0,0,0,0,0,0,0,121,123,0,0,0,0,1,0,0.02,255,227,0.89,0.01,0.01,0,0,0,0,0,normal
0,tcp,smtp,SF,979,329,0,0,0,0,0,1,0,0,0,0,0,0,0,0,0,1,1,0,0,0,0,1,0,0,255,15,0.06,0.64,0,0,0,0.07,0,0,normal
0,udp,domain_u,SF,45,132,0,0,0,0,0,0,0,0,0,0,0,0,0,0,0,19,85,0,0,0,0,1,0,0.02,245,190,0.78,0.02,0,0,0,0,0,0,normal
0,tcp,smtp,SF,1490,331,0,0,0,0,0,1,0,0,0,0,0,0,0,0,0,1,5,0,0,0,0,1,0,1,3,3,1,0,0.33,0,0,0,0,0,normal
0,udp,domain_u,SF,35,35,0,0,0,0,0,0,0,0,0,0,0,0,0,0,0,6,29,0,0,0,0,0.67,0.33,0.07,255,250,0.98,0.01,0,0,0,0,0,0,normal
0,tcp,http,SF,188,1364,0,0,0,0,0,1,0,0,0,0,0,0,0,0,0,4,5,0,0,0,0,1,0,0.4,255,255,1,0,0,0,0,0,0,0,normal
0,tcp,ftp_data,SF,5891,0,0,0,0,0,0,0,0,0,0,0,0,0,0,0,0,17,17,0,0,0,0,1,0,0,255,23,0.09,0.07,0.09,0,0.85,0,0,0,normal
0,tcp,http,SF,209,1155,0,0,0,0,0,1,0,0,0,0,0,0,0,0,0,34,38,0,0,0,0,1,0,0.11,255,255,1,0,0,0,0,0,0,0,normal
0,tcp,http,SF,190,8654,0,0,0,0,0,1,0,0,0,0,0,0,0,0,0,4,4,0,0,0,0,1,0,0,74,255,1,0,0.01,0.05,0.01,0,0,0,normal
0,tcp,http,SF,252,2795,0,0,0,0,0,1,0,0,0,0,0,0,0,0,0,5,5,0,0,0,0,1,0,0,42,255,1,0,0.02,0.06,0,0,0,0,normal
0,tcp,ftp_data,SF,12,0,0,0,0,0,0,1,0,0,0,0,0,0,0,0,0,2,2,0,0,0,0,1,0,0,22,57,0.27,0.18,0.27,0.04,0,0.02,0,0,normal
0,tcp,http,SF,222,488,0,0,0,0,0,1,0,0,0,0,0,0,0,0,0,14,14,0,0,0,0,1,0,0,255,255,1,0,0,0,0,0,0.02,0.02,normal
0,tcp,http,SF,218,9284,0,0,0,0,0,1,0,0,0,0,0,0,0,0,0,13,13,0,0,0,0,1,0,0,47,255,1,0,0.02,0.01,0,0,0,0,normal
0,icmp,eco_i,SF,30,0,0,0,0,0,0,0,0,0,0,0,0,0,0,0,0,1,1,0,0,0,0,1,0,0,19,125,1,0,1,0.43,0,0,0,0,normal
0,tcp,http,SF,316,354,0,0,0,0,0,1,0,0,0,0,0,0,0,0,0,25,25,0,0,0,0,1,0,0,255,255,1,0,0,0,0,0,0,0,normal
0,tcp,http,SF,215,956,0,0,0,0,0,1,0,0,0,0,0,0,0,0,0,2,2,0,0,0,0,1,0,0,29,255,1,0,0.03,0.01,0,0,0,0,normal
0,tcp,http,SF,310,924,0,0,0,0,0,1,0,0,0,0,0,0,0,0,0,2,11,0,0,0,0,1,0,0.18,255,255,1,0,0,0,0,0,0,0,normal
0,tcp,http,SF,368,1856,0,0,0,0,0,1,0,0,0,0,0,0,0,0,0,8,27,0,0,0,0,1,0,0.11,8,255,1,0,0.12,0.01,0,0,0,0,normal
0,tcp,http,REJ,0,0,0,0,0,0,0,0,0,0,0,0,0,0,0,0,0,1,1,0,0,1,1,1,0,0,66,255,1,0,0.02,0.11,0,0,1,1,normal
0,tcp,http,SF,295,8091,0,0,0,0,0,1,0,0,0,0,0,0,0,0,0,3,3,0,0,0,0,1,0,0,59,255,1,0,0.02,0.01,0,0,0,0,normal
0,tcp,http,SF,280,18968,0,0,0,0,0,1,0,0,0,0,0,0,0,0,0,2,6,0,0,0,0,1,0,0.33,146,255,1,0,0.01,0.01,0,0,0,0,normal
0,udp,domain_u,SF,42,42,0,0,0,0,0,0,0,0,0,0,0,0,0,0,0,3,5,0,0,0,0,1,0,0.6,72,68,0.94,0.04,0.01,0,0,0,0,0,normal
0,tcp,http,SF,161,760,0,0,0,0,0,1,0,0,0,0,0,0,0,0,0,2,2,0,0,0,0,1,0,0,2,255,1,0,0.5,0.02,0,0,0,0,normal
0,tcp,http,SF,165,175,0,0,0,0,0,1,0,0,0,0,0,0,0,0,0,1,1,0,0,0,0,1,0,0,255,255,1,0,0,0,0,0,0,0,normal
0,tcp,http,SF,216,3270,0,0,0,0,0,1,0,0,0,0,0,0,0,0,0,2,2,0,0,0,0,1,0,0,7,38,1,0,0.14,0.05,0,0,0,0,normal
0,tcp,http,SF,228,397,0,0,0,0,0,1,0,0,0,0,0,0,0,0,0,19,19,0,0,0,0,1,0,0,255,255,1,0,0,0,0,0,0,0,normal
0,tcp,http,SF,311,1426,0,0,0,0,0,1,0,0,0,0,0,0,0,0,0,16,20,0,0,0,0,1,0,0.1,16,255,1,0,0.06,0.05,0,0.02,0,0,normal
0,tcp,http,SF,325,741,0,0,0,0,0,1,0,0,0,0,0,0,0,0,0,40,49,0,0,0,0,1,0,0.06,41,255,1,0,0.02,0.06,0,0.01,0,0,normal
0,tcp,http,SF,364,513,0,0,0,0,0,1,0,0,0,0,0,0,0,0,0,5,5,0,0,0,0,1,0,0,255,255,1,0,0,0,0,0,0,0,normal
0,tcp,http,SF,234,1410,0,0,0,0,0,1,0,0,0,0,0,0,0,0,0,19,19,0,0,0,0,1,0,0,255,255,1,0,0,0,0,0,0,0,normal
0,tcp,http,SF,211,1842,0,0,0,0,0,1,0,0,0,0,0,0,0,0,0,10,14,0,0,0,0,1,0,0.29,60,72,1,0,0.02,0.07,0.02,0.03,0,0,normal
0,tcp,smtp,SF,755,327,0,0,0,0,0,1,0,0,0,0,0,0,0,0,0,1,1,0,0,0,0,1,0,0,255,121,0.47,0.01,0,0,0,0,0,0,normal
0,tcp,http,SF,344,3123,0,0,0,0,0,1,0,0,0,0,0,0,0,0,0,5,5,0,0,0,0,1,0,0,55,255,1,0,0.02,0.02,0,0,0,0,normal
0,tcp,smtp,SF,1055,331,0,0,0,0,0,1,0,0,0,0,0,0,0,0,0,1,2,0,0,0,0,1,0,1,150,165,0.7,0.03,0.01,0.01,0,0,0,0,normal
0,tcp,http,SF,317,315,0,0,0,0,0,1,0,0,0,0,0,0,0,0,0,1,2,0,0,0,0,1,0,1,255,255,1,0,0,0,0,0,0,0,normal
0,udp,domain_u,SF,45,81,0,0,0,0,0,0,0,0,0,0,0,0,0,0,0,152,153,0,0,0,0,0.99,0.01,0.02,255,249,0.98,0.01,0,0,0,0,0,0,normal
0,tcp,http,SF,326,2659,0,0,0,0,0,1,0,0,0,0,0,0,0,0,0,18,19,0,0,0,0,1,0,0.11,255,255,1,0,0,0,0,0,0,0,normal
0,tcp,smtp,SF,666,328,0,0,0,0,0,1,0,0,0,0,0,0,0,0,0,1,5,0,0,0,0,1,0,0.6,43,56,0.79,0.07,0.02,0.04,0,0,0,0,normal
0,tcp,http,SF,300,1444,0,0,0,0,0,1,0,0,0,0,0,0,0,0,0,7,7,0,0,0,0,1,0,0,31,255,1,0,0.03,0.06,0,0,0,0,normal
0,tcp,smtp,SF,2491,489,0,0,0,0,0,1,0,0,0,0,0,0,0,0,0,1,1,0,0,0,0,1,0,0,255,123,0.48,0.01,0,0,0.64,0.67,0,0,normal
0,tcp,http,SF,244,370,0,0,0,0,0,1,0,0,0,0,0,0,0,0,0,21,21,0,0,0,0,1,0,0,255,255,1,0,0,0,0,0,0,0,normal
8,tcp,smtp,SF,2544,333,0,0,0,0,0,1,0,0,0,0,0,0,0,0,0,1,1,0,0,0,0,1,0,0,152,189,0.65,0.02,0.01,0.01,0,0,0,0,normal
0,tcp,ftp_data,SF,3475,0,0,0,0,0,0,1,0,0,0,0,0,0,0,0,0,1,1,0,0,0,0,1,0,0,198,45,0.23,0.03,0.23,0,0,0,0,0,normal
0,tcp,http,SF,235,3913,0,0,0,0,0,1,0,0,0,0,0,0,0,0,0,2,4,0,0,0,0,1,0,0.75,33,255,1,0,0.03,0.08,0,0,0,0,normal
4816,udp,other,SF,147,105,0,0,0,0,0,0,0,0,0,0,0,0,0,0,0,4,2,0,0,0,0,0.5,0.5,0,255,3,0.01,0.56,0.94,0,0,0,0,0,normal
1,tcp,smtp,SF,1645,332,0,0,0,0,0,1,0,0,0,0,0,0,0,0,0,1,1,0,0,0,0,1,0,0,113,73,0.63,0.03,0.01,0.03,0,0,0,0,normal
0,tcp,http,SF,236,285,0,0,0,0,0,1,0,0,0,0,0,0,0,0,0,4,6,0,0,0,0,1,0,0.33,22,255,1,0,0.05,0.02,0,0,0,0,normal
0,udp,domain_u,SF,46,46,0,0,0,0,0,0,0,0,0,0,0,0,0,0,0,15,21,0,0,0,0,1,0,0.1,255,255,1,0,0.01,0,0,0,0,0,normal
8,tcp,smtp,SF,525,335,0,0,0,0,0,1,0,0,0,0,0,0,0,0,0,1,2,0,0,0,0,1,0,1,67,178,0.99,0.03,0.01,0.01,0,0,0,0,normal
0,tcp,ftp_data,SF,12,0,0,0,0,0,0,1,0,0,0,0,0,0,0,0,0,1,1,0,0,0,0,1,0,0,132,35,0.27,0.03,0.27,0,0,0,0,0,normal
0,tcp,http,SF,292,14949,0,0,0,0,0,1,0,0,0,0,0,0,0,0,0,13,13,0,0,0,0,1,0,0,39,255,1,0,0.03,0.04,0,0,0,0,normal
0,tcp,http,SF,315,2777,0,0,0,0,0,1,0,0,0,0,0,0,0,0,0,4,13,0,0,0,0,1,0,0.15,38,255,1,0,0.03,0.01,0,0,0,0,normal
0,tcp,ftp_data,SF,6932,0,0,0,0,0,0,0,0,0,0,0,0,0,0,0,0,2,2,0,0,0,0,1,0,0,106,46,0.15,0.06,0.15,0.04,0,0,0,0,normal
0,tcp,http,SF,200,2224,0,0,0,0,0,1,0,0,0,0,0,0,0,0,0,1,7,0,0,0,0,1,0,0.29,27,255,1,0,0.04,0.04,0,0,0,0,normal
0,tcp,smtp,SF,2099,368,0,0,0,0,0,1,0,0,0,0,0,0,0,0,0,1,1,0,0,0,0,1,0,0,200,117,0.43,0.03,0,0.02,0,0,0,0,normal
0,tcp,ftp_data,SF,501760,0,0,0,0,0,0,0,0,0,0,0,0,0,0,0,0,2,2,0,0,0,0,1,0,0,128,40,0.12,0.03,0.12,0.05,0,0,0,0,normal
1,tcp,smtp,SF,696,363,0,0,0,0,0,1,0,0,0,0,0,0,0,0,0,1,3,0,0,0,0,1,0,1,39,174,0.97,0.05,0.03,0.02,0,0,0,0,normal
0,tcp,http,SF,305,2698,0,0,0,0,0,1,0,0,0,0,0,0,1,0,0,2,2,0,0,0,0,1,0,0,37,2,0.05,0.11,0.03,0,0,0,0,0,normal
2,tcp,time,SF,0,4,0,0,0,0,0,0,0,0,0,0,0,0,0,0,0,1,1,0,0,0,0,1,0,0,22,22,1,0,0.05,0,0,0,0,0,normal
4115,udp,other,SF,147,105,0,0,0,0,0,0,0,0,0,0,0,0,0,0,0,1,1,0,0,0,0,1,0,0,255,1,0,0.72,0.98,0,0,0,0,0,normal
0,tcp,http,SF,343,2445,0,0,0,0,0,1,0,0,0,0,0,0,0,0,0,6,6,0,0,0,0,1,0,0,32,255,1,0,0.03,0.02,0,0,0,0,normal
0,tcp,smtp,S0,0,0,0,0,0,0,0,0,0,0,0,0,0,0,0,0,0,2,2,0.5,0.5,0,0,1,0,0,81,119,0.52,0.1,0.02,0.03,0.01,0.01,0,0,normal
0,tcp,ftp_data,SF,19,0,0,0,0,0,0,1,0,0,0,0,0,0,0,0,0,1,1,0,0,0,0,1,0,0,83,74,0.29,0.04,0.29,0.04,0,0,0,0,normal
0,udp,private,SF,105,0,0,0,0,0,0,0,0,0,0,0,0,0,0,0,0,1,1,0,0,0,0,1,0,0,31,28,0.9,0.1,0.03,0,0,0,0,0,normal
0,tcp,smtp,SF,2361,328,0,0,0,0,0,1,0,0,0,0,0,0,0,0,0,1,2,0,0,0,0,1,0,1,103,119,0.31,0.05,0.01,0.03,0.03,0.01,0,0,normal
0,tcp,http,SF,340,805,0,0,0,0,0,1,0,0,0,0,0,0,0,0,0,22,22,0,0,0,0,1,0,0,218,255,1,0,0,0.01,0,0,0,0,normal
0,tcp,http,SF,337,942,0,0,0,0,0,1,0,0,0,0,0,0,0,0,0,14,14,0,0,0,0,1,0,0,255,255,1,0,0,0,0,0,0,0,normal
24,tcp,ftp,SF,230,767,0,0,0,4,0,1,0,0,0,0,0,0,0,0,1,1,1,0,0,0,0,1,0,0,255,59,0.23,0.02,0,0,0,0,0,0,normal
0,tcp,http,SF,199,530,0,0,0,0,0,1,0,0,0,0,0,0,0,0,0,6,6,0,0,0,0,1,0,0,163,255,1,0,0.01,0.02,0.01,0.01,0,0,normal
0,tcp,ftp_data,SF,3468,0,0,0,0,0,0,1,0,0,0,0,0,0,0,0,0,23,23,0,0,0,0,1,0,0,255,29,0.11,0.02,0.11,0,0,0,0.76,0,normal
0,udp,domain_u,SF,46,46,0,0,0,0,0,0,0,0,0,0,0,0,0,0,0,113,113,0,0,0,0,1,0,0,255,245,0.96,0.01,0,0,0,0,0,0,normal
0,tcp,http,SF,192,10723,0,0,0,0,0,1,0,0,0,0,0,0,0,0,0,3,3,0,0,0,0,1,0,0,3,255,1,0,0.33,0.02,0,0,0,0,normal
0,tcp,http,SF,212,11836,0,0,0,0,0,1,0,0,0,0,0,0,0,0,0,11,11,0,0,0,0,1,0,0,13,255,1,0,0.08,0.05,0,0,0,0,normal
0,icmp,ecr_i,SF,30,0,0,0,0,0,0,0,0,0,0,0,0,0,0,0,0,1,1,0,0,0,0,1,0,0,204,204,1,0,1,0,0,0,0,0,normal
0,udp,domain_u,SF,44,44,0,0,0,0,0,0,0,0,0,0,0,0,0,0,0,100,180,0,0,0,0,1,0,0.01,255,255,1,0,0.01,0,0,0,0,0,normal
0,tcp,http,SF,228,3749,0,0,0,0,0,1,0,0,0,0,0,0,0,0,0,5,5,0,0,0,0,1,0,0,153,255,1,0,0.01,0.04,0,0,0,0,normal
0,tcp,http,SF,264,481,0,0,0,0,0,1,0,0,0,0,0,0,0,0,0,3,4,0,0,0,0,1,0,0.5,255,255,1,0,0,0,0,0,0,0,normal
0,tcp,http,SF,206,285,0,0,0,0,0,1,0,0,0,0,0,0,0,0,0,17,33,0,0,0,0,1,0,0.18,255,255,1,0,0,0,0,0,0,0,normal
0,udp,private,SF,105,145,0,0,0,0,0,0,0,0,0,0,0,0,0,0,0,7,1,0,0,0,0,0.14,0.29,0,255,228,0.89,0.01,0,0,0,0,0,0,normal
0,tcp,ftp_data,SF,740,0,0,0,0,0,0,1,0,0,0,9,0,0,0,0,0,2,2,0,0,0,0,1,0,0,255,13,0.05,0.02,0.05,0,0,0,0.79,0,normal
0,tcp,http,SF,205,248,0,0,0,0,0,1,0,0,0,0,0,0,0,0,0,7,8,0,0,0,0,1,0,0.25,7,255,1,0,0.14,0.02,0,0,0,0,normal
0,tcp,http,SF,281,1976,0,0,0,0,0,1,0,0,0,0,0,0,0,0,0,9,21,0,0,0,0,1,0,0.1,143,255,1,0,0.01,0.04,0,0,0,0,normal
0,udp,private,SF,105,146,0,0,0,0,0,0,0,0,0,0,0,0,0,0,0,2,2,0,0,0,0,1,0,0,150,134,0.89,0.02,0.01,0,0,0,0,0,normal
0,tcp,http,SF,323,1680,0,0,0,0,0,1,0,0,0,0,0,0,0,0,0,4,4,0,0,0,0,1,0,0,194,255,1,0,0.01,0.02,0.01,0,0,0,normal
0,tcp,http,SF,189,15028,0,0,0,0,0,1,0,0,0,0,0,0,0,0,0,1,1,0,0,0,0,1,0,0,255,255,1,0,0,0,0,0,0,0,normal
0,tcp,http,REJ,0,0,0,0,0,0,0,0,0,0,0,0,0,0,0,0,0,1,1,0,0,1,1,1,0,0,2,20,1,0,0.5,0.25,0,0,1,0.95,normal
0,tcp,http,SF,217,6464,0,0,0,0,0,1,0,0,0,0,0,0,0,0,0,3,3,0,0,0,0,1,0,0,3,255,1,0,0.33,0.04,0,0,0,0,normal
0,tcp,http,SF,357,1266,0,0,0,0,0,1,0,0,0,0,0,0,0,0,0,5,7,0,0,0,0,1,0,0.29,5,255,1,0,0.2,0.04,0,0,0,0,normal
0,tcp,http,REJ,0,0,0,0,0,0,0,0,0,0,0,0,0,0,0,0,0,1,2,0,0,1,1,1,0,1,29,255,1,0,0.03,0.13,0,0,1,0.99,normal
0,tcp,smtp,SF,1046,333,0,0,0,0,0,1,0,0,0,0,0,0,1,0,0,1,1,0,0,0,0,1,0,0,108,122,0.69,0.03,0.01,0.02,0,0,0,0,normal
0,tcp,ftp_data,SF,95,0,0,0,0,0,0,1,0,0,0,0,0,0,0,0,0,8,8,0,0,0,0,1,0,0,255,44,0.17,0.03,0.17,0,0,0,0,0,normal
4,tcp,ftp_data,SF,2194619,0,0,0,0,0,0,1,0,0,0,0,0,0,0,0,0,4,2,0,0,0,0,0.5,0.5,0,255,53,0.21,0.35,0.21,0,0,0,0,0,normal
0,tcp,http,SF,186,2958,0,0,0,0,0,1,0,0,0,0,0,0,0,0,0,1,1,0,0,0,0,1,0,0,179,255,1,0,0.01,0.01,0,0,0,0,normal
0,tcp,http,SF,217,4459,0,0,0,0,0,1,0,0,0,0,0,0,0,0,0,8,9,0,0,0,0,1,0,0.22,255,255,1,0,0,0,0,0,0,0,normal
0,tcp,http,SF,200,253,0,0,0,0,0,1,0,0,0,0,0,0,0,0,0,7,7,0,0,0,0,1,0,0,7,255,1,0,0.14,0.01,0,0,0,0,normal
0,tcp,http,SF,296,18046,0,0,0,0,0,1,0,0,0,0,0,0,0,0,0,9,9,0,0,0,0,1,0,0,255,255,1,0,0,0,0,0,0,0,normal
1,tcp,smtp,SF,13549,1858,0,0,0,0,0,1,0,0,0,0,0,0,0,0,0,1,3,0,0,0,0,1,0,1,85,176,0.76,0.04,0.01,0.01,0.01,0,0,0,normal
0,tcp,http,SF,294,454,0,0,0,0,0,1,0,0,0,0,0,0,0,0,0,25,25,0,0,0,0,1,0,0,176,255,1,0,0.01,0.04,0,0,0.2,0.41,normal
0,tcp,http,SF,357,2333,0,0,0,0,0,1,0,0,0,0,0,0,0,0,0,21,25,0,0,0,0,1,0,0.08,68,255,1,0,0.01,0.02,0,0.02,0,0.01,normal
0,tcp,ftp_data,SF,252,0,0,0,0,0,0,1,0,0,0,0,0,0,0,0,0,2,2,0,0,0,0,1,0,0,44,106,0.32,0.09,0.32,0.02,0,0.01,0,0,normal
0,tcp,http,SF,229,1070,0,0,0,0,0,1,0,0,0,0,0,0,0,0,0,7,7,0,0,0,0,1,0,0,7,255,1,0,0.14,0.05,0,0,0,0,normal
0,tcp,http,SF,213,22841,0,0,0,0,0,1,0,0,0,0,0,0,0,0,0,29,29,0,0,0,0,1,0,0,254,255,1,0,0,0.01,0,0,0,0,normal
0,tcp,http,SF,324,4041,0,0,0,0,0,1,0,0,0,0,0,0,0,0,0,1,1,0,0,0,0,1,0,0,33,255,1,0,0.03,0.02,0,0,0,0,normal
0,udp,other,SF,147,0,0,0,0,0,0,0,0,0,0,0,0,0,0,0,0,5,1,0,0,0,0,0.2,0.6,0,255,1,0,0.34,0.72,0,0,0,0,0,normal
0,udp,domain_u,SF,42,72,0,0,0,0,0,0,0,0,0,0,0,0,0,0,0,154,154,0,0,0,0,1,0,0,255,226,0.89,0.01,0,0,0,0,0,0,normal
0,tcp,http,SF,286,1415,0,0,0,0,0,1,0,0,0,0,0,0,0,0,0,3,14,0.33,0.14,0,0.07,1,0,0.36,60,60,1,0,0.02,0,0.02,0.02,0,0,normal
0,tcp,http,SF,235,370,0,0,0,0,0,1,0,0,0,0,0,0,0,0,0,16,16,0,0,0,0,1,0,0,255,255,1,0,0,0,0,0,0,0,normal
0,udp,other,SF,147,0,0,0,0,0,0,0,0,0,0,0,0,0,0,0,0,3,1,0.33,0,0,0,0.33,0.67,0,255,3,0.01,0.53,0.93,0,0,0,0,0,normal
0,tcp,http,SF,241,429,0,0,0,0,0,1,0,0,0,0,0,0,0,0,0,5,5,0,0,0,0,1,0,0,54,255,1,0,0.02,0.05,0,0,0,0,normal
0,tcp,http,SF,343,11202,0,0,0,0,0,1,0,0,0,0,0,0,0,0,0,3,18,0.33,0.06,0,0,1,0,0.11,255,255,1,0,0,0,0.01,0.01,0,0,normal
0,tcp,smtp,SF,2162,334,0,0,0,0,0,1,0,0,0,0,0,0,0,0,0,1,1,0,0,0,0,1,0,0,70,166,0.64,0.07,0.01,0.02,0,0,0,0,normal
0,tcp,http,SF,245,266,0,0,0,0,0,1,0,0,0,0,0,0,0,0,0,1,8,0,0,0,0,1,0,0.25,22,255,1,0,0.05,0.03,0,0,0,0,normal
0,tcp,http,SF,286,1267,0,0,0,0,0,1,0,0,0,0,0,0,0,0,0,4,4,0,0,0,0,1,0,0,4,255,1,0,0.25,0.04,0,0,0,0,normal
0,tcp,http,SF,287,74301,0,0,0,0,0,1,0,0,0,0,0,0,0,0,0,3,3,0,0,0,0,1,0,0,23,255,1,0,0.04,0.04,0,0,0,0,normal
0,tcp,smtp,SF,2232,334,0,0,0,0,0,1,0,0,0,0,0,0,0,0,0,1,1,0,0,0,0,1,0,0,30,180,0.97,0.07,0.03,0.02,0,0,0,0,normal
0,tcp,http,SF,315,181,0,0,0,0,0,1,0,0,0,0,0,0,0,0,0,13,13,0,0,0,0,1,0,0,255,255,1,0,0,0,0,0,0,0,normal
1,tcp,smtp,SF,1701,328,0,0,0,0,0,1,0,0,0,0,0,0,0,0,0,1,2,0,0,0,0,1,0,1,255,122,0.48,0.02,0,0,0,0.01,0,0,normal
0,tcp,http,SF,312,2288,0,0,0,0,0,1,0,0,0,0,0,0,0,0,0,6,6,0,0,0,0,1,0,0,44,255,1,0,0.02,0.04,0,0,0,0,normal
0,tcp,http,SF,146,423,0,0,0,0,0,1,0,0,0,0,0,0,0,0,0,1,1,0,0,0,0,1,0,0,2,2,1,0,0.5,0,0,0,0.5,0.5,normal
0,tcp,http,SF,205,882,0,0,0,0,0,1,0,0,0,0,0,0,0,0,0,11,11,0,0,0,0,1,0,0,235,255,1,0,0,0.01,0,0,0,0,normal
0,tcp,http,SF,340,698,0,0,0,0,0,1,0,0,0,0,0,0,0,0,0,1,3,0,0,0,0,1,0,0.67,30,255,1,0,0.03,0.02,0,0,0,0,normal
0,tcp,http,REJ,0,0,0,0,0,0,0,0,0,0,0,0,0,0,0,0,0,1,1,0,0,1,1,1,0,0,8,231,1,0,0.12,0.09,0,0,1,0.67,normal
0,tcp,http,SF,211,2530,0,0,0,0,0,1,0,0,0,0,0,0,0,0,0,36,36,0,0,0,0,1,0,0,128,255,1,0,0.01,0.03,0,0,0,0,normal
0,tcp,ftp_data,SF,383,0,0,0,0,0,0,1,0,0,0,0,0,0,0,0,0,2,2,0,0,0,0,1,0,0,175,53,0.21,0.02,0.21,0.04,0,0,0,0,normal
0,tcp,http,SF,209,1800,0,0,0,0,0,1,0,0,0,0,0,0,0,0,0,13,13,0,0,0,0,1,0,0,13,255,1,0,0.08,0.05,0,0,0,0,normal
10,udp,private,SF,105,147,0,0,0,0,0,0,0,0,0,0,0,0,0,0,0,2,2,0,0,0,0,1,0,0,61,23,0.38,0.05,0.05,0,0,0,0,0,normal
0,tcp,http,SF,230,21240,0,0,0,0,0,1,0,0,0,0,0,0,0,0,0,2,6,0,0,0,0,1,0,0.33,4,255,1,0,0.25,0.07,0,0,0,0,normal
0,tcp,http,SF,211,1845,0,0,0,0,0,1,0,0,0,0,0,0,0,0,0,9,9,0,0,0,0,1,0,0,153,255,1,0,0.01,0.02,0,0,0.01,0,normal
0,tcp,http,SF,229,5105,0,0,0,0,0,1,0,0,0,0,0,0,0,0,0,3,3,0,0,0,0,1,0,0,18,255,1,0,0.06,0.02,0,0,0,0,normal
27,tcp,ftp,SF,1484,4152,0,0,0,30,0,1,0,0,0,0,0,0,0,0,1,1,1,0,0,0,0,1,0,0,130,30,0.23,0.05,0.01,0,0,0,0,0,normal
0,tcp,smtp,SF,848,329,0,0,0,0,0,1,0,0,0,0,0,0,0,0,0,1,1,0,0,0,0,1,0,0,142,183,0.73,0.04,0.01,0.01,0,0,0,0,normal
12202,udp,other,SF,147,105,0,0,0,0,0,0,0,0,0,0,0,0,0,0,0,1,1,0,0,0,0,1,0,0,255,1,0,0.89,1,0,0,0,0,0,normal
0,tcp,http,SF,159,9569,0,0,0,0,0,1,0,0,0,0,0,0,0,0,0,1,4,0,0,0,0,1,0,0.5,9,255,1,0,0.11,0.01,0,0,0,0,normal
0,tcp,ftp_data,SF,1363,0,0,0,0,0,0,1,0,0,0,0,0,0,0,0,0,5,5,0,0,0,0,1,0,0,255,11,0.04,0.33,0.04,0,0,0,0,0,normal
0,tcp,http,SF,210,3754,0,0,0,0,0,1,0,0,0,0,0,0,0,0,0,18,18,0,0,0,0,1,0,0,62,255,1,0,0.02,0.02,0,0.01,0,0,normal
0,udp,domain_u,SF,44,74,0,0,0,0,0,0,0,0,0,0,0,0,0,0,0,248,248,0,0,0,0,1,0,0,255,254,1,0.01,0,0,0,0,0,0,normal
0,tcp,ftp_data,SF,567,0,0,0,0,0,0,1,0,0,0,6,0,0,0,0,0,1,1,0,0,0,0,1,0,0,1,88,1,0,1,0.02,0,0.01,0,0,normal
0,tcp,http,SF,296,11753,0,0,0,0,0,1,0,0,0,0,0,0,0,0,0,7,7,0,0,0,0,1,0,0,27,255,1,0,0.04,0.02,0,0,0,0,normal
0,udp,domain_u,SF,46,46,0,0,0,0,0,0,0,0,0,0,0,0,0,0,0,18,27,0,0,0,0,1,0,0.11,255,255,1,0,0,0,0,0,0,0,normal
0,tcp,http,SF,245,406,0,0,0,0,0,1,0,0,0,0,0,0,0,0,0,29,50,0,0,0,0,1,0,0.04,255,255,1,0,0,0,0,0,0.06,0.06,normal
0,tcp,http,SF,204,377,0,0,0,0,0,1,0,0,0,0,0,0,0,0,0,3,3,0,0,0,0,1,0,0,32,255,1,0,0.03,0.06,0,0,0,0,normal
0,tcp,http,SF,247,9324,0,0,0,0,0,1,0,0,0,0,0,0,0,0,0,4,5,0,0,0,0,1,0,0.4,13,23,1,0,0.08,0.17,0,0,0,0,normal
0,tcp,http,SF,198,260,0,0,0,0,0,1,0,0,0,0,0,0,0,0,0,1,18,0,0.06,0,0,1,0,0.28,11,255,1,0,0.09,0.02,0,0,0,0,normal
0,tcp,http,SF,224,919,0,0,0,0,0,1,0,0,0,0,0,0,0,0,0,8,8,0,0,0,0,1,0,0,190,255,1,0,0.01,0.02,0,0,0,0,normal
0,tcp,http,SF,337,1893,0,0,0,0,0,1,0,0,0,0,0,0,0,0,0,2,2,0,0,0,0,1,0,0,36,215,1,0,0.03,0.03,0,0,0,0,normal
0,tcp,ftp_data,SF,6601,0,0,0,0,0,0,1,0,0,0,0,0,0,0,0,0,21,21,0,0,0,0,1,0,0,79,53,0.34,0.05,0.34,0.04,0,0,0,0,normal
0,tcp,ftp_data,SF,37,0,0,0,0,0,0,1,0,0,0,0,0,0,0,0,0,2,2,0,0,0,0,1,0,0,255,47,0.18,0.02,0.08,0,0.35,0.49,0,0,normal
0,tcp,http,SF,250,531,0,0,0,0,0,1,0,0,0,0,0,0,0,0,0,4,4,0,0,0,0,1,0,0,255,255,1,0,0,0,0,0,0,0,normal
0,tcp,http,SF,212,5723,0,0,0,0,0,1,0,0,0,0,0,0,0,0,0,11,11,0,0,0,0,1,0,0,11,255,1,0,0.09,0.04,0,0,0,0,normal
0,tcp,smtp,S0,0,0,0,0,0,0,0,0,0,0,0,0,0,0,0,0,0,2,2,0.5,0.5,0,0,1,0,0,153,119,0.5,0.04,0.01,0.02,0.01,0.01,0.01,0,normal
0,tcp,http,SF,322,4137,0,0,0,0,0,1,0,0,0,0,0,0,0,0,0,9,9,0,0,0,0,1,0,0,255,255,1,0,0,0,0.01,0.01,0,0,normal
0,udp,domain_u,SF,45,75,0,0,0,0,0,0,0,0,0,0,0,0,0,0,0,251,256,0,0,0,0,1,0,0.01,255,254,1,0.01,0,0,0,0,0,0,normal
0,udp,domain_u,SF,44,72,0,0,0,0,0,0,0,0,0,0,0,0,0,0,0,193,193,0,0,0,0,1,0,0,255,229,0.9,0.01,0,0,0,0,0,0,normal
0,tcp,http,SF,209,1965,0,0,0,0,0,1,0,0,0,0,0,0,0,0,0,36,36,0,0,0,0,1,0,0,255,255,1,0,0,0,0,0,0,0,normal
46,tcp,smtp,SF,13108,1381,0,0,0,0,0,1,0,0,0,0,0,0,0,0,0,1,2,0,0,0,0,1,0,1,50,175,1,0,0.02,0.01,0,0,0,0,normal
0,udp,domain_u,SF,44,156,0,0,0,0,0,0,0,0,0,0,0,0,0,0,0,79,145,0,0,0,0,1,0,0.01,255,255,1,0,0,0,0,0,0,0,normal
0,tcp,http,SF,202,1320,0,0,0,0,0,1,0,0,0,0,0,0,0,0,0,33,33,0,0,0,0,1,0,0,56,255,1,0,0.02,0.02,0,0,0,0.01,normal
0,tcp,http,RSTO,159,0,0,0,0,1,0,1,0,0,0,0,0,0,0,0,0,1,1,0,0,1,1,1,0,0,255,255,1,0,0,0,0,0,0,0,normal
0,tcp,ftp_data,SF,740,0,0,0,0,0,0,1,0,0,0,9,0,0,0,0,0,1,1,0,0,0,0,1,0,0,197,44,0.17,0.02,0.17,0.05,0,0,0,0,normal
0,tcp,http,SF,263,3253,0,0,0,0,0,1,0,0,0,0,0,0,0,0,0,2,5,0.5,0.4,0,0,1,0,0.4,231,255,1,0,0,0.01,0,0,0,0,normal
0,tcp,http,SF,307,1109,0,0,0,0,0,1,0,0,0,0,0,0,0,0,0,12,12,0,0,0,0,1,0,0,12,255,1,0,0.08,0.02,0,0,0,0,normal
0,udp,domain_u,SF,45,125,0,0,0,0,0,0,0,0,0,0,0,0,0,0,0,75,154,0,0,0,0,0.97,0.04,0.01,255,239,0.94,0.01,0,0,0,0,0,0,normal
5749,udp,other,SF,146,105,0,0,0,0,0,0,0,0,0,0,0,0,0,0,0,1,1,0,0,0,0,1,0,0,255,2,0.01,0.62,0.9,0,0,0,0,0,normal
0,tcp,http,SF,253,453,0,0,0,0,0,1,0,0,0,0,0,0,0,0,0,8,8,0,0,0,0,1,0,0,255,255,1,0,0,0,0.01,0.01,0,0,normal
0,udp,domain_u,SF,43,126,0,0,0,0,0,0,0,0,0,0,0,0,0,0,0,15,50,0,0,0,0,1,0,0.04,255,254,1,0.01,0,0,0,0,0,0,normal
0,tcp,ftp_data,SF,194,0,0,0,0,0,0,1,0,0,0,0,0,0,0,0,0,1,1,0,0,0,0,1,0,0,193,76,0.22,0.02,0.22,0.03,0,0,0.01,0,normal
0,tcp,smtp,SF,2493,328,0,0,0,0,0,1,0,0,0,0,0,0,0,0,0,1,1,0,0,0,0,1,0,0,255,147,0.58,0.02,0,0,0,0,0,0,normal
0,tcp,http,SF,263,1630,0,0,0,0,0,1,0,0,0,0,0,0,0,0,0,2,2,0,0,0,0,1,0,0,14,2,0.14,0.21,0.07,0,0.5,0,0,0,normal
0,tcp,http,SF,312,30739,0,0,0,0,0,1,0,0,0,0,0,0,0,0,0,2,4,0,0.25,0,0,1,0,0.5,155,255,1,0,0.01,0.03,0,0,0.01,0.01,normal
0,udp,domain_u,SF,33,0,0,0,0,0,0,0,0,0,0,0,0,0,0,0,0,1,2,0,0,0,0,1,0,1,222,34,0.14,0.03,0.14,0.06,0,0,0,0,normal
0,tcp,http,REJ,0,0,0,0,0,0,0,0,0,0,0,0,0,0,0,0,0,1,1,0,0,1,1,1,0,0,15,247,1,0,0.07,0.11,0,0,1,0.4,normal
0,tcp,http,SF,294,478,0,0,0,0,0,1,0,0,0,0,0,0,0,0,0,23,30,0,0,0,0.03,1,0,0.13,255,255,1,0,0,0,0,0,0,0,normal
0,tcp,http,SF,206,14927,0,0,0,0,0,1,0,0,0,0,0,0,0,0,0,2,2,0,0,0,0,1,0,0,13,255,1,0,0.08,0.03,0,0,0,0,normal
0,tcp,ftp_data,SF,607,0,0,0,0,0,0,1,0,0,0,0,0,0,0,0,0,1,1,0,0,0,0,1,0,0,142,49,0.2,0.04,0.2,0.04,0,0,0,0,normal
0,tcp,http,SF,212,313,0,0,0,0,0,1,0,0,0,0,0,0,0,0,0,9,9,0,0,0,0,1,0,0,255,255,1,0,0,0,0,0,0,0,normal
0,udp,private,SF,105,0,0,0,0,0,0,0,0,0,0,0,0,0,0,0,0,1,1,0,0,0,0,1,0,0,22,14,0.64,0.14,0.05,0,0,0,0,0,normal
0,tcp,http,SF,253,939,0,0,0,0,0,1,0,0,0,0,0,0,0,0,0,26,26,0,0,0,0,1,0,0,255,255,1,0,0,0,0,0,0,0,normal
0,tcp,http,SF,342,327,0,0,0,0,0,1,0,0,0,0,0,0,0,0,0,3,19,0,0,0,0,1,0,0.11,79,255,1,0,0.01,0.04,0,0,0,0,normal
0,tcp,http,SF,334,1320,0,0,0,0,0,1,0,0,0,0,0,0,0,0,0,7,29,0,0,0,0,1,0,0.14,255,255,1,0,0,0,0,0,0,0,normal
0,tcp,http,SF,331,6162,0,0,0,0,0,1,0,0,0,0,0,0,0,0,0,7,7,0,0,0,0,1,0,0,7,255,1,0,0.14,0.02,0,0,0,0,normal
0,tcp,ftp_data,SF,3468,0,0,0,0,0,0,1,0,0,0,0,0,0,0,0,0,23,23,0,0,0,0,1,0,0,255,29,0.11,0.02,0.11,0,0,0,0.76,0,normal
1,tcp,smtp,SF,640,340,0,0,0,0,0,1,0,0,0,0,0,0,0,0,0,1,3,0,0,0,0,1,0,1,255,151,0.59,0.02,0,0,0,0,0,0,normal
638,tcp,X11,SF,1519900,410092,0,0,0,0,0,1,0,0,0,0,0,0,0,0,0,1,1,0,0,0,0,1,0,0,255,1,0,0.03,0,0,0,0,0,0,normal
5,tcp,smtp,SF,1085,328,0,0,0,0,0,1,0,0,0,0,0,0,0,0,0,1,1,0,0,0,0,1,0,0,129,163,0.5,0.04,0.01,0.01,0,0,0,0,normal
0,tcp,http,SF,141,40380,0,0,0,0,0,1,0,0,0,0,0,0,0,0,0,1,4,0,0,0,0,1,0,0.5,255,255,1,0,0,0,0,0,0,0,normal
0,tcp,http,SF,304,784,0,0,0,0,0,1,0,0,0,0,0,0,0,0,0,6,7,0,0,0,0,1,0,0.29,255,255,1,0,0,0,0,0,0,0,normal
0,tcp,http,SF,227,2445,0,0,0,0,0,1,0,0,0,0,0,0,0,0,0,5,5,0,0,0,0,1,0,0,255,255,1,0,0.01,0,0,0,0,0,normal
0,tcp,http,SF,309,534,0,0,0,0,0,1,0,0,0,0,0,0,0,0,0,31,31,0,0,0,0,1,0,0,48,255,1,0,0.02,0.01,0,0.01,0,0,normal
0,tcp,http,SF,257,15697,0,0,0,0,0,1,0,0,0,0,0,0,0,0,0,2,23,0,0,0,0,1,0,0.22,39,255,1,0,0.03,0.01,0,0,0,0,normal
0,udp,domain_u,SF,44,71,0,0,0,0,0,0,0,0,0,0,0,0,0,0,0,136,136,0,0,0,0,1,0,0,255,254,1,0.01,0,0,0,0,0,0,normal
0,tcp,other,SF,35195,0,0,0,0,0,0,1,0,0,0,0,0,0,0,0,0,19,1,0.05,0,0,0,0.05,0.32,0,237,1,0,0.05,0.37,0,0.02,0,0,0,normal
0,udp,domain_u,SF,45,45,0,0,0,0,0,0,0,0,0,0,0,0,0,0,0,130,210,0,0,0,0,1,0,0.01,255,255,1,0,0.01,0,0,0,0,0,normal
0,tcp,ftp_data,SF,2056,0,0,0,0,0,0,1,0,0,0,0,0,0,0,0,0,4,4,0,0,0,0,1,0,0,37,83,0.27,0.08,0.27,0.04,0,0,0,0,normal
2,tcp,smtp,SF,1304,330,0,0,0,0,0,1,0,0,0,0,0,0,0,0,0,1,1,0,0,0,0,1,0,0,10,103,1,0,0.1,0.02,0,0,0,0,normal
0,tcp,http,SF,225,17,0,0,0,0,0,1,0,0,0,0,0,0,0,0,0,39,39,0,0,0,0,1,0,0,255,255,1,0,0,0,0,0,0,0,normal
0,tcp,smtp,SF,4657,334,0,0,0,0,0,1,0,0,0,0,0,0,0,0,0,1,3,0,0,0,0,1,0,1,147,94,0.64,0.02,0.01,0,0,0,0,0,normal
0,udp,domain_u,SF,44,128,0,0,0,0,0,0,0,0,0,0,0,0,0,0,0,79,159,0,0,0,0,1,0,0.01,255,211,0.83,0.01,0,0,0,0,0,0,normal
0,tcp,smtp,SF,930,333,0,0,0,0,0,1,0,0,0,0,0,0,0,0,0,3,4,0,0,0,0,0.33,1,1,98,160,0.79,0.04,0.01,0.01,0,0,0,0,normal
0,tcp,http,SF,181,14276,0,0,0,0,0,1,0,0,0,0,0,0,0,0,0,1,1,0,0,0,0,1,0,0,85,255,1,0,0.01,0.04,0,0,0,0,normal
0,tcp,http,SF,312,1373,0,0,0,0,0,1,0,0,0,0,0,0,0,0,0,5,19,0,0.05,0,0,1,0,0.42,51,255,1,0,0.02,0.03,0,0,0,0,normal
0,tcp,http,REJ,0,0,0,0,0,0,0,0,0,0,0,0,0,0,0,0,0,1,1,0,0,1,1,1,0,0,18,4,0.22,0.28,0.06,0,0.06,0,0.22,1,normal
0,tcp,http,SF,186,4841,0,0,0,0,0,1,0,0,0,0,0,0,0,0,0,3,4,0,0,0,0,1,0,0.5,53,255,1,0,0.02,0.03,0,0,0,0.01,normal
0,udp,other,SF,147,0,0,0,0,0,0,0,0,0,0,0,0,0,0,0,0,7,1,0.14,0,0,0,0.14,0.57,0,255,1,0,0.62,0.9,0,0,0,0,0,normal
0,udp,other,SF,146,0,0,0,0,0,0,0,0,0,0,0,0,0,0,0,0,1,1,0,0,0,0,1,0,0,255,3,0.01,0.4,0.8,0,0,0,0,0,normal
0,tcp,ftp_data,SF,192,0,0,0,0,0,0,0,0,0,0,0,0,0,0,0,0,2,2,0,0,0,0,1,0,0,187,68,0.21,0.02,0.21,0.03,0,0,0,0,normal
0,udp,domain_u,SF,35,35,0,0,0,0,0,0,0,0,0,0,0,0,0,0,0,6,29,0,0,0,0,0.67,0.33,0.07,255,250,0.98,0.01,0,0,0,0,0,0,normal
0,udp,other,SF,147,0,0,0,0,0,0,0,0,0,0,0,0,0,0,0,0,1,1,0,0,0,0,1,0,0,1,1,1,0,1,0,0,0,0,0,normal
0,tcp,http,SF,244,198,0,0,0,0,0,1,0,0,0,0,0,0,0,0,0,5,5,0,0,0,0,1,0,0,255,255,1,0,0,0,0,0,0.01,0.01,normal
0,tcp,http,SF,274,12922,0,0,0,0,0,1,0,0,0,0,0,0,0,0,0,13,13,0,0,0,0,1,0,0,255,255,1,0,0,0,0,0,0,0,normal
0,tcp,http,SF,287,269,0,0,0,0,0,1,0,0,0,0,0,0,0,0,0,16,18,0,0,0,0,1,0,0.11,255,255,1,0,0,0,0,0,0,0,normal
0,tcp,smtp,SF,729,333,0,0,0,0,0,1,0,0,0,0,0,0,0,0,0,1,2,0,0,0,0,1,0,1,22,130,0.68,0.18,0.05,0.02,0,0,0,0,normal
0,tcp,http,SF,228,6068,0,0,0,0,0,1,0,0,0,0,0,0,0,0,0,2,2,0,0,0,0,1,0,0,76,255,1,0,0.01,0.02,0,0,0,0,normal
0,tcp,http,SF,234,685,0,0,0,0,0,1,0,0,0,0,0,0,0,0,0,2,18,0,0,0,0,1,0,0.11,154,255,1,0,0.01,0.01,0,0,0.01,0,normal
0,udp,domain_u,SF,45,111,0,0,0,0,0,0,0,0,0,0,0,0,0,0,0,57,207,0,0,0,0,1,0,0.02,197,196,0.8,0.02,0.71,0.01,0,0,0.07,0,normal
0,tcp,http,SF,196,391,0,0,0,0,0,1,0,0,0,0,0,0,0,0,0,7,9,0,0,0,0,1,0,0.33,69,255,1,0,0.01,0.04,0,0.01,0.01,0.01,normal
22,tcp,ftp,SF,326,1054,0,0,0,6,0,1,0,0,0,0,0,0,0,0,1,1,1,0,0,0,0,1,0,0,73,3,0.03,0.97,0.01,0.67,0,0,0.89,0.67,normal
0,udp,private,SF,105,146,0,0,0,0,0,0,0,0,0,0,0,0,0,0,0,1,1,0,0,0,0,1,0,0,255,244,0.96,0.01,0.01,0,0,0,0,0,normal
0,tcp,smtp,SF,1361,489,0,0,0,0,0,1,0,0,0,0,0,0,0,0,0,1,3,0,0,0,0,1,0,1,217,137,0.49,0.01,0,0.01,0.92,0.73,0,0,normal
4814,tcp,IRC,RSTR,1000,5740,0,0,0,0,0,0,0,0,0,0,0,0,0,0,0,1,1,0,0,1,1,1,0,0,32,13,0.41,0.06,0.03,0,0.03,0.08,0.38,0.92,normal
9114,tcp,IRC,RSTR,1121,7999,0,0,0,0,0,1,0,0,0,0,0,0,0,0,0,1,1,0,0,1,1,1,0,0,29,11,0.38,0.07,0.03,0,0.14,0.36,0.17,0.45,normal
0,udp,domain_u,SF,44,44,0,0,0,0,0,0,0,0,0,0,0,0,0,0,0,114,114,0,0,0,0,1,0,0,255,203,0.8,0.01,0.01,0,0,0,0,0,normal
0,tcp,http,SF,217,1903,0,0,0,0,0,1,0,0,0,0,0,0,0,0,0,5,9,0,0,0,0,1,0,0.33,10,10,1,0,0.1,0,0,0,0,0,normal
0,tcp,http,SF,250,1155,0,0,0,0,0,1,0,0,0,0,0,0,0,0,0,2,2,0,0,0,0,1,0,0,72,255,1,0,0.01,0.05,0,0,0,0,normal
0,tcp,ftp_data,SF,259,0,0,0,0,0,0,0,0,0,0,0,0,0,0,0,0,3,2,0,0,0,0,0.67,0.67,0,255,89,0.35,0.08,0.42,0,0,0.01,0,0,normal
0,tcp,http,SF,231,1287,0,0,0,0,0,1,0,0,0,0,0,0,0,0,0,18,18,0,0,0,0,1,0,0,255,255,1,0,0,0,0,0,0,0,normal
0,tcp,domain,SF,48,473,0,0,0,0,0,1,0,0,0,0,0,0,0,0,0,46,1,0,0,0,0,0.02,0.04,0,255,1,0,0.02,0,0,0,0,0,0,normal
0,udp,other,SF,516,4,0,0,0,0,0,0,0,0,0,0,0,0,0,0,0,130,130,0,0,0,0,1,0,0,130,130,1,0,1,0,0,0,0,0,normal
0,tcp,http,SF,233,1075,0,0,0,0,0,1,0,0,0,0,0,0,0,0,0,5,5,0,0,0,0,1,0,0,255,252,0.99,0.01,0,0,0,0,0,0,normal
0,tcp,http,SF,323,2052,0,0,0,0,0,1,0,0,0,0,0,0,0,0,0,21,21,0,0,0,0,1,0,0,255,255,1,0,0,0,0,0,0,0,normal
0,tcp,http,SF,175,497,0,0,0,0,0,1,0,0,0,0,0,0,0,0,0,2,4,0,0,0,0,1,0,0.75,18,255,1,0,0.06,0.01,0.06,0,0,0,normal
0,tcp,http,REJ,0,0,0,0,0,0,0,0,0,0,0,0,0,0,0,0,0,1,1,0,0,1,1,1,0,0,1,53,1,0,1,0.23,0,0.02,1,0.96,normal
22,tcp,ftp,SF,318,1054,0,0,0,6,0,1,0,0,0,0,0,0,0,0,1,1,1,0,0,0,0,1,0,0,114,35,0.31,0.03,0.01,0,0,0,0,0,normal
0,udp,domain_u,SF,45,124,0,0,0,0,0,0,0,0,0,0,0,0,0,0,0,68,148,0,0,0,0,1,0,0.01,255,254,1,0.01,0,0,0,0,0,0,normal
0,tcp,http,SF,283,7313,0,0,0,0,0,1,0,0,0,0,0,0,0,0,0,2,32,0,0,0,0,1,0,0.12,121,255,1,0,0.01,0.04,0,0,0,0,normal
0,tcp,http,REJ,0,0,0,0,0,0,0,0,0,0,0,0,0,0,0,0,0,1,2,0,0,1,0.5,1,0,1,3,255,1,0,0.33,0.11,0,0,1,0.78,normal
0,tcp,http,SF,227,484,0,0,0,0,0,1,0,0,0,0,0,0,0,0,0,6,6,0,0,0,0,1,0,0,79,255,1,0,0.01,0.02,0.01,0,0,0,normal
0,tcp,http,SF,216,3166,0,0,0,0,0,1,0,0,0,0,0,0,0,0,0,30,30,0,0,0,0,1,0,0,255,255,1,0,0,0,0,0,0,0,normal
0,tcp,http,SF,229,1107,0,0,0,0,0,1,0,0,0,0,0,0,0,0,0,6,6,0,0,0,0,1,0,0,6,255,1,0,0.17,0.05,0,0,0,0,normal
0,tcp,ftp_data,SF,1470,0,0,0,0,0,0,1,0,0,0,0,0,0,0,0,0,15,16,0,0,0,0,1,0,0.12,35,57,0.6,0.09,0.6,0.05,0,0,0,0,normal
0,udp,domain_u,SF,44,69,0,0,0,0,0,0,0,0,0,0,0,0,0,0,0,256,260,0,0,0,0,1,0,0.01,255,220,0.86,0.01,0,0,0,0,0,0,normal
2230,udp,other,SF,146,105,0,0,0,0,0,0,0,0,0,0,0,0,0,0,0,4,2,0,0,0,0,0.5,0.5,0,255,2,0.01,0.85,0.99,0,0,0,0,0,normal
0,tcp,http,SF,260,4428,0,0,0,0,0,1,0,0,0,0,0,0,0,0,0,1,1,0,0,0,0,1,0,0,34,255,1,0,0.03,0.05,0,0,0,0,normal
0,tcp,http,SF,227,1317,0,0,0,0,0,1,0,0,0,0,0,0,0,0,0,18,24,0,0,0,0,1,0,0.08,64,255,1,0,0.02,0.02,0,0,0,0,normal
0,tcp,http,SF,164,30881,0,0,0,1,0,1,1,0,0,0,0,0,0,0,0,5,5,0,0,0,0,1,0,0,255,255,1,0,0,0,0,0,0,0,normal
4,udp,domain_u,SF,42,42,0,0,0,0,0,0,0,0,0,0,0,0,0,0,0,2,3,0,0,0,0,1,0,0.67,255,247,0.97,0.01,0,0,0,0,0,0,normal
0,udp,private,SF,105,145,0,0,0,0,0,0,0,0,0,0,0,0,0,0,0,7,1,0,0,0,0,0.14,0.29,0,255,231,0.91,0.01,0.01,0,0,0,0,0,normal
0,tcp,smtp,SF,1188,333,0,0,0,0,0,1,0,0,0,0,0,0,0,0,0,1,2,0,0,0,0,1,0,1,1,137,1,0,1,0.01,0,0,0,0,normal
0,tcp,http,SF,283,7313,0,0,0,0,0,1,0,0,0,0,0,0,0,0,0,2,32,0,0,0,0,1,0,0.12,121,255,1,0,0.01,0.04,0,0,0,0,normal
5,tcp,smtp,SF,11895,1359,0,0,0,0,0,1,0,0,0,0,0,0,0,0,0,1,2,0,0,0,0,1,0,1,201,134,0.67,0.02,0,0,0,0,0,0,normal
0,tcp,http,SF,299,305,0,0,0,0,0,1,0,0,0,0,0,0,0,0,0,9,9,0,0,0,0,1,0,0,73,255,1,0,0.01,0.02,0,0,0,0,normal
1,tcp,smtp,SF,2602,330,0,0,0,0,0,1,0,0,0,0,0,0,0,0,0,1,2,0,0,0,0,1,0,1,39,149,0.69,0.08,0.03,0.02,0.03,0.01,0,0,normal
0,tcp,http,SF,214,1047,0,0,0,0,0,1,0,0,0,0,0,0,0,0,0,18,18,0,0,0,0,1,0,0,42,229,1,0,0.02,0.06,0,0,0,0.54,normal
0,udp,domain_u,SF,44,132,0,0,0,0,0,0,0,0,0,0,0,0,0,0,0,59,139,0,0,0,0,1,0,0.01,255,255,1,0,0,0,0,0,0,0,normal
0,tcp,http,SF,298,3579,0,0,0,0,0,1,0,0,0,0,0,0,0,0,0,11,19,0,0,0,0,1,0,0.11,255,255,1,0,0,0,0,0,0,0,normal
0,udp,domain_u,SF,46,138,0,0,0,0,0,0,0,0,0,0,0,0,0,0,0,72,152,0,0,0,0,0.99,0.03,0.01,255,240,0.94,0.01,0,0,0,0,0,0,normal
0,tcp,http,SF,171,7280,0,0,0,0,0,1,0,0,0,0,0,0,0,0,0,1,1,0,0,0,0,1,0,0,255,255,1,0,0,0,0,0,0,0,normal
0,tcp,ftp_data,SF,748,0,0,0,0,0,0,1,0,0,0,9,0,0,0,0,0,1,1,0,0,0,0,1,0,0,118,45,0.11,0.03,0.11,0.04,0.01,0.02,0,0,normal
0,udp,private,SF,105,0,0,0,0,0,0,0,0,0,0,0,0,0,0,0,0,1,1,0,0,0,0,1,0,0,255,116,0.45,0.01,0,0,0,0,0,0,normal
0,icmp,eco_i,SF,30,0,0,0,0,0,0,0,0,0,0,0,0,0,0,0,0,2,1,0,0,0,0,0.5,1,0,255,2,0.01,0.01,0.03,0,0,0,0,0,normal
0,tcp,other,SF,4539,0,0,0,0,0,0,1,0,0,0,0,0,0,0,0,0,21,1,0.14,0,0,0,0.05,0.67,0,130,1,0.01,0.23,0.33,0,0.05,0,0,0,normal
0,udp,domain_u,SF,17,17,0,0,0,0,0,0,0,0,0,0,0,0,0,0,0,1,3,0,0,0,0,1,0,1,4,3,0.75,0.5,0.25,0,0,0,0,0,normal
0,tcp,ftp_data,SF,3676,0,0,0,0,0,0,1,0,0,0,0,0,0,0,0,0,8,8,0,0,0,0,1,0,0,174,121,0.62,0.02,0.62,0.02,0,0.01,0,0,normal
0,tcp,http,SF,337,703,0,0,0,0,0,1,0,0,0,0,0,0,0,0,0,17,17,0,0,0,0,1,0,0,54,255,1,0,0.02,0.05,0,0.01,0,0,normal
0,tcp,http,SF,190,622,0,0,0,0,0,1,0,0,0,0,0,0,0,0,0,22,26,0,0,0,0,1,0,0.08,255,255,1,0,0,0,0,0,0,0,normal
0,tcp,http,SF,230,857,0,0,0,0,0,1,0,0,0,0,0,0,0,0,0,29,29,0,0,0,0,1,0,0,153,255,1,0,0.02,0.01,0,0,0.09,0.05,normal
0,udp,domain_u,SF,45,45,0,0,0,0,0,0,0,0,0,0,0,0,0,0,0,203,202,0,0,0,0,1,0.01,0,255,254,1,0.01,0,0,0,0,0,0,normal
0,tcp,ftp_data,SF,8737,0,0,0,0,0,0,0,0,0,0,0,0,0,0,0,0,1,1,0,0,0,0,1,0,0,147,37,0.25,0.03,0.25,0,0,0,0,0,normal
0,udp,domain_u,SF,45,135,0,0,0,0,0,0,0,0,0,0,0,0,0,0,0,109,170,0,0,0,0,1,0,0.02,255,255,1,0,0,0,0,0,0,0,normal
0,tcp,http,SF,300,22055,0,0,0,0,0,1,0,0,0,0,0,0,0,0,0,4,4,0,0,0,0,1,0,0,46,255,1,0,0.02,0.03,0,0,0,0,normal
0,udp,other,SF,516,4,0,0,0,0,0,0,0,0,0,0,0,0,0,0,0,188,188,0,0,0,0,1,0,0,188,188,1,0,1,0,0,0,0,0,normal
0,udp,domain_u,SF,46,46,0,0,0,0,0,0,0,0,0,0,0,0,0,0,0,152,232,0,0,0,0,1,0,0.01,255,255,1,0,0.01,0,0,0,0,0,normal
0,tcp,http,SF,258,9720,0,0,0,0,0,1,0,0,0,0,0,0,0,0,0,1,12,0,0,0,0,1,0,0.17,30,255,1,0,0.03,0.06,0,0,0,0,normal
0,tcp,http,SF,294,832,0,0,0,0,0,1,0,0,0,0,0,0,0,0,0,8,8,0,0,0,0,1,0,0,171,255,1,0,0.01,0.03,0,0,0,0,normal
0,tcp,http,SF,219,1042,0,0,0,0,0,1,0,0,0,0,0,0,0,0,0,19,21,0,0,0,0,1,0,0.1,244,255,1,0,0,0.01,0,0,0,0,normal
0,tcp,http,SF,217,1042,0,0,0,0,0,1,0,0,0,0,0,0,0,0,0,24,24,0,0,0,0,1,0,0,255,255,1,0,0,0,0,0,0,0,normal
0,tcp,ftp_data,SF,2890,0,0,0,0,0,0,1,0,0,0,0,0,0,0,0,0,13,13,0,0,0,0,1,0,0,112,60,0.54,0.03,0.54,0,0,0,0,0,normal
0,udp,domain_u,SF,42,42,0,0,0,0,0,0,0,0,0,0,0,0,0,0,0,6,12,0,0,0,0,1,0,0.25,255,242,0.95,0.01,0,0,0,0,0,0,normal
28,tcp,ftp,SF,1538,4152,0,0,0,30,0,1,0,0,0,0,0,0,0,0,1,1,1,0,0,0,0,1,0,0,240,53,0.22,0.03,0,0,0,0,0,0,normal
0,udp,domain_u,SF,46,133,0,0,0,0,0,0,0,0,0,0,0,0,0,0,0,57,118,0,0,0,0,1,0,0.03,255,255,1,0,0,0,0,0,0,0,normal
0,tcp,http,S1,147,16060,0,0,0,0,0,1,0,0,0,0,0,0,0,0,0,1,3,1,0.33,0,0,1,0,1,1,255,1,0,1,0.06,1,0.01,0,0,normal
0,udp,other,SF,516,4,0,0,0,0,0,0,0,0,0,0,0,0,0,0,0,408,408,0,0,0,0,1,0,0,255,255,1,0,1,0,0,0,0,0,normal
0,udp,domain_u,SF,43,43,0,0,0,0,0,0,0,0,0,0,0,0,0,0,0,195,194,0,0,0,0,0.99,0.01,0,255,254,1,0.01,0.01,0,0,0,0,0,normal
0,tcp,http,SF,312,3040,0,0,0,0,0,1,0,0,0,0,0,0,0,0,0,5,5,0,0,0,0,1,0,0,36,255,1,0,0.03,0.01,0,0,0,0,normal
0,udp,other,SF,147,0,0,0,0,0,0,0,0,0,0,0,0,0,0,0,0,5,1,0,0,0,0,0.2,0.6,0,255,1,0,0.81,0.99,0,0,0,0,0,normal
4,tcp,smtp,SF,1119,329,0,0,0,0,0,1,0,0,0,0,0,0,0,0,0,1,2,0,0,0,0,1,0,1,149,151,0.46,0.04,0.01,0.01,0,0,0,0,normal
0,tcp,http,SF,298,290,0,0,0,0,0,1,0,0,0,0,0,0,0,0,0,16,28,0,0,0,0,1,0,0.11,255,255,1,0,0,0,0,0,0,0,normal
0,tcp,http,SF,164,9785,0,0,0,0,0,1,0,0,0,0,0,0,0,0,0,1,1,0,0,0,0,1,0,0,83,255,1,0,0.01,0.05,0,0,0,0,normal
0,tcp,http,SF,291,4858,0,0,0,0,0,1,0,0,0,0,0,0,0,0,0,41,41,0,0,0,0,1,0,0,255,255,1,0,0,0,0,0,0,0,normal
0,tcp,http,SF,214,313,0,0,0,0,0,1,0,0,0,0,0,0,0,0,0,11,11,0,0,0,0,1,0,0,255,255,1,0,0,0,0,0,0,0,normal
0,tcp,smtp,SF,1049,326,0,0,0,0,0,1,0,0,0,0,0,0,0,0,0,1,1,0,0,0,0,1,0,0,198,143,0.72,0.03,0.01,0,0,0,0,0,normal
0,udp,domain_u,SF,45,129,0,0,0,0,0,0,0,0,0,0,0,0,0,0,0,68,148,0,0,0,0,1,0,0.01,255,255,1,0,0,0,0,0,0,0,normal
0,tcp,http,SF,256,791,0,0,0,0,0,1,0,0,0,0,0,0,0,0,0,1,1,0,0,0,0,1,0,0,255,241,0.95,0.01,0,0,0,0,0.02,0.02,normal
0,tcp,http,SF,246,728,0,0,0,0,0,1,0,0,0,0,0,0,0,0,0,11,11,0,0,0,0,1,0,0,50,255,1,0,0.02,0.02,0,0,0,0,normal
0,tcp,http,SF,327,310,0,0,0,0,0,1,0,0,0,0,0,0,0,0,0,6,7,0,0,0,0,1,0,0.29,6,255,1,0,0.17,0.02,0,0,0,0,normal
27,tcp,ftp,SF,1490,4152,0,0,0,30,0,1,0,0,0,0,0,0,0,0,1,1,1,0,0,0,0,1,0,0,122,36,0.3,0.04,0.01,0,0,0,0,0,normal
0,tcp,http,SF,309,7732,0,0,0,0,0,1,0,0,0,0,0,0,0,0,0,11,11,0,0,0,0,1,0,0,11,255,1,0,0.09,0.02,0,0,0,0,normal
0,tcp,http,SF,190,2165,0,0,0,0,0,1,0,0,0,0,0,0,0,0,0,1,1,0,0,0,0,1,0,0,47,255,1,0,0.02,0.04,0,0,0,0,normal
0,tcp,http,S1,274,2920,0,0,0,0,0,1,0,0,0,0,0,0,0,0,0,2,3,0.5,0.67,0,0,1,0,0.67,168,255,1,0,0.01,0.02,0.01,0.01,0.01,0,normal
0,tcp,http,SF,364,236,0,0,0,0,0,1,0,0,0,0,0,0,0,0,0,33,33,0,0,0,0,1,0,0,255,255,1,0,0,0,0,0,0,0,normal
0,tcp,http,SF,337,3360,0,0,0,0,0,1,0,0,0,0,0,0,0,0,0,4,4,0,0,0,0,1,0,0,255,255,1,0,0,0,0,0,0,0,normal
0,tcp,http,SF,290,37009,0,0,0,0,0,1,0,0,0,0,0,0,0,0,0,10,10,0,0,0,0,1,0,0,109,255,1,0,0.01,0.02,0,0,0,0,normal
0,tcp,http,SF,224,3867,0,0,0,0,0,1,0,0,0,0,0,0,0,0,0,8,8,0,0,0,0,1,0,0,255,255,1,0,0,0,0,0,0,0,normal
0,tcp,http,SF,237,394,0,0,0,0,0,1,0,0,0,0,0,0,0,0,0,1,1,0,0,0,0,1,0,0,1,255,1,0,1,0.07,0,0,0,0,normal
0,udp,other,SF,113,0,0,0,0,0,0,0,0,0,0,0,0,0,0,0,0,15,14,0,0,0,0,0.93,0.13,0,255,14,0.05,0.57,0.05,0,0,0,0,0,normal
0,tcp,ftp_data,SF,5929,0,0,0,0,0,0,1,0,0,0,0,0,0,0,0,0,9,9,0,0,0,0,1,0,0,76,54,0.71,0.04,0.71,0,0,0,0,0,normal
0,tcp,http,SF,212,418,0,0,0,0,0,1,0,0,0,0,0,0,0,0,0,7,7,0,0,0,0,1,0,0,28,255,1,0,0.04,0.02,0,0,0,0,normal
0,tcp,http,SF,374,3796,0,0,0,0,0,1,0,0,0,0,0,0,0,0,0,24,24,0.04,0.04,0,0,1,0,0,85,255,1,0,0.01,0.03,0.01,0.01,0,0,normal
0,tcp,ftp_data,SF,276,0,0,0,0,0,0,0,0,0,0,0,0,0,0,0,0,2,2,0,0,0,0,1,0,0,177,45,0.25,0.03,0.25,0,0,0,0.05,0,normal
0,tcp,smtp,SF,1247,365,0,0,0,0,0,1,0,0,0,0,0,0,0,0,0,1,2,0,0,0,0,1,0,1,20,1,0.05,0.15,0.05,0,0,0,0,0,normal
0,tcp,http,SF,233,31639,0,0,0,0,0,1,0,0,0,0,0,0,0,0,0,16,16,0,0,0,0,1,0,0,255,255,1,0,0,0,0,0,0,0,normal
0,udp,other,SF,516,4,0,0,0,0,0,0,0,0,0,0,0,0,0,0,0,197,197,0,0,0,0,1,0,0,197,197,1,0,1,0,0,0,0,0,normal
0,tcp,http,SF,334,617,0,0,0,0,0,1,0,0,0,0,0,0,0,0,0,15,24,0,0,0,0,1,0,0.08,255,255,1,0,0,0,0,0,0,0,normal
0,tcp,http,SF,324,431,0,0,0,0,0,1,0,0,0,0,0,0,0,0,0,4,5,0,0,0,0,1,0,0.4,107,255,1,0,0.01,0.02,0,0,0,0,normal
0,icmp,ecr_i,SF,30,0,0,0,0,0,0,0,0,0,0,0,0,0,0,0,0,2,2,0,0,0,0,1,0,0,245,245,1,0,1,0,0,0,0,0,normal
0,tcp,http,SF,288,3193,0,0,0,0,0,1,0,0,0,0,0,0,0,0,0,4,4,0,0,0,0,1,0,0,232,255,1,0,0,0.01,0,0,0,0,normal
0,tcp,http,SF,331,924,0,0,0,0,0,1,0,0,0,0,0,0,0,0,0,6,8,0,0,0,0,1,0,0.25,94,255,1,0,0.01,0.05,0,0,0,0,normal
0,udp,other,SF,516,4,0,0,0,0,0,0,0,0,0,0,0,0,0,0,0,270,270,0,0,0,0,1,0,0,255,255,1,0,1,0,0,0,0,0,normal
0,udp,domain_u,SF,44,44,0,0,0,0,0,0,0,0,0,0,0,0,0,0,0,22,83,0,0,0,0,1,0,0.05,255,255,1,0,0.01,0,0,0,0,0,normal
0,tcp,ftp_data,SF,374,0,0,0,0,0,0,1,0,0,0,0,0,0,0,0,0,5,5,0,0,0,0,1,0,0,12,88,0.92,0.17,0.92,0.02,0,0,0,0,normal
20,tcp,telnet,SF,102,1341,0,0,0,0,0,1,0,0,0,0,0,0,0,0,0,1,1,0,0,0,0,1,0,0,108,1,0.01,0.07,0.01,0,0.01,0,0,0,normal
0,tcp,http,SF,236,3222,0,0,0,0,0,1,0,0,0,0,0,0,0,0,0,6,6,0,0,0,0,1,0,0,255,229,0.9,0.02,0,0,0,0,0,0,normal
0,tcp,telnet,S1,0,0,0,0,0,1,0,0,0,0,0,0,0,0,0,0,0,1,1,1,1,0,0,1,0,0,127,2,0.02,0.04,0.01,0,0.02,1,0,0,normal
0,tcp,ftp_data,SF,151,0,0,0,0,0,0,0,0,0,0,0,0,0,0,0,0,1,1,0,0,0,0,1,0,0,57,37,0.33,0.07,0.33,0.05,0,0,0,0,normal
0,udp,private,SF,105,147,0,0,0,0,0,0,0,0,0,0,0,0,0,0,0,1,1,0,0,0,0,1,0,0,194,192,0.99,0.01,0.01,0,0,0,0,0,normal
0,tcp,http,SF,339,19790,0,0,0,0,0,1,0,0,0,0,0,0,0,0,0,2,14,0,0,0,0,1,0,0.14,62,255,1,0,0.02,0.03,0,0,0,0,normal
0,tcp,http,SF,216,594,0,0,0,1,0,1,0,0,0,0,0,0,0,0,0,1,2,0,0,0,0,1,0,1,19,255,1,0,0.05,0.02,0,0,0,0.01,normal
0,udp,other,SF,516,4,0,0,0,0,0,0,0,0,0,0,0,0,0,0,0,427,427,0,0,0,0,1,0,0,255,255,1,0,1,0,0,0,0,0,normal
0,tcp,finger,SF,9,147,0,0,0,0,0,0,0,0,0,0,0,0,0,0,0,1,1,0,0,0,0,1,0,0,148,4,0.03,0.04,0.01,0,0.01,0.25,0.05,0,normal
0,tcp,ftp_data,SF,854,0,0,0,0,0,0,1,0,0,0,0,0,0,0,0,0,2,2,0,0,0,0,1,0,0,89,103,0.37,0.07,0.37,0.03,0.01,0,0,0,normal
0,tcp,http,SF,266,1646,0,0,0,0,0,1,0,0,0,0,0,0,0,0,0,15,17,0,0,0,0,1,0,0.12,255,255,1,0,0,0,0,0,0.01,0.01,normal
0,udp,domain_u,SF,45,128,0,0,0,0,0,0,0,0,0,0,0,0,0,0,0,233,310,0,0,0,0,1,0.01,0.01,235,196,0.83,0.01,0,0,0,0,0,0,normal
0,tcp,http,SF,148,13023,0,0,0,0,0,1,0,0,0,0,0,0,0,0,0,2,30,0.5,0.03,0,0,1,0,0.07,181,255,1,0,0.01,0.02,0.01,0.01,0,0,normal
0,tcp,http,SF,296,1415,0,0,0,0,0,1,0,0,0,0,0,0,0,0,0,8,8,0,0,0,0,1,0,0,255,255,1,0,0.01,0,0,0,0,0,normal
0,tcp,http,SF,317,2186,0,0,0,0,0,1,0,0,0,0,0,0,0,0,0,22,23,0,0,0,0,1,0,0.09,255,255,1,0,0,0,0,0,0,0,normal
0,tcp,http,SF,216,7384,0,0,0,0,0,1,0,0,0,0,0,0,0,0,0,2,2,0,0,0,0,1,0,0,255,255,1,0,0,0,0,0,0,0,normal
0,tcp,http,SF,235,22150,0,0,0,0,0,1,0,0,0,0,0,0,0,0,0,2,2,0,0,0,0,1,0,0,245,255,1,0,0,0.01,0,0,0,0,normal
27,tcp,ftp,SF,1500,4152,0,0,0,30,0,1,0,0,0,0,0,0,0,0,1,1,1,0,0,0,0,1,0,0,206,49,0.24,0.02,0,0,0,0,0,0,normal
0,udp,domain_u,SF,45,75,0,0,0,0,0,0,0,0,0,0,0,0,0,0,0,319,319,0,0,0,0,1,0,0,255,255,1,0,0,0,0,0,0,0,normal
0,tcp,http,SF,215,1469,0,0,0,0,0,1,0,0,0,0,0,0,0,0,0,16,16,0,0,0,0,1,0,0,64,255,1,0,0.02,0.04,0,0,0,0,normal
0,tcp,http,SF,307,2769,0,0,0,0,0,1,0,0,0,0,0,0,0,0,0,2,10,0,0,0,0,1,0,0.2,5,141,1,0,0.2,0.1,0,0,0,0,normal
0,tcp,ftp_data,SF,383,0,0,0,0,0,0,1,0,0,0,0,0,0,0,0,0,1,1,0,0,0,0,1,0,0,29,9,0.31,0.1,0.31,0,0,0,0,0,normal
0,tcp,http,SF,316,354,0,0,0,0,0,1,0,0,0,0,0,0,0,0,0,25,25,0,0,0,0,1,0,0,255,255,1,0,0,0,0,0,0,0,normal
0,tcp,http,SF,249,484,0,0,0,0,0,1,0,0,0,0,0,0,0,0,0,14,28,0,0,0,0,1,0,0.11,255,255,1,0,0,0,0,0,0,0,normal
0,tcp,http,SF,211,2251,0,0,0,0,0,1,0,0,0,0,0,0,0,0,0,26,29,0,0,0,0,1,0,0.14,255,255,1,0,0,0,0,0,0,0,normal
0,tcp,http,SF,207,10399,0,0,0,0,0,1,0,0,0,0,0,0,0,0,0,4,5,0,0,0,0,1,0,0.4,10,255,1,0,0.1,0.07,0,0,0,0,normal
0,tcp,http,SF,282,51974,0,0,0,0,0,1,0,0,0,0,0,0,0,0,0,3,4,0,0,0,0,1,0,0.5,9,255,1,0,0.11,0.06,0,0,0,0,normal
0,tcp,http,SF,367,2906,0,0,0,0,0,1,0,0,0,0,0,0,0,0,0,3,22,0,0,0,0,1,0,0.14,13,255,1,0,0.08,0.08,0,0,0,0,normal
0,udp,domain_u,SF,44,44,0,0,0,0,0,0,0,0,0,0,0,0,0,0,0,13,21,0,0,0,0,1,0,0.19,255,255,1,0,0.01,0,0,0,0,0,normal
0,tcp,http,SF,262,2539,0,0,0,0,0,1,0,0,0,0,0,0,0,0,0,1,1,0,0,0,0,1,0,0,255,244,0.96,0.01,0,0,0,0,0,0,normal
0,tcp,http,SF,211,2156,0,0,0,0,0,1,0,0,0,0,0,0,0,0,0,3,4,0,0,0,0,1,0,0.5,255,255,1,0,0,0,0,0,0,0,normal
0,tcp,http,SF,224,260,0,0,0,0,0,1,0,0,0,0,0,0,0,0,0,12,12,0,0,0,0,1,0,0,71,255,1,0,0.01,0.06,0,0,0,0,normal
0,tcp,http,SF,226,651,0,0,0,0,0,1,0,0,0,0,0,0,0,0,0,12,12,0,0,0,0,1,0,0,255,255,1,0,0.01,0,0,0,0,0,normal
0,tcp,smtp,SF,848,332,0,0,0,0,0,1,0,0,0,0,0,0,0,0,0,1,1,0,0,0,0,1,0,0,168,166,0.79,0.02,0.01,0.01,0,0,0,0,normal
0,tcp,http,SF,291,1349,0,0,0,0,0,1,0,0,0,0,0,0,0,0,0,2,2,0,0,0,0,1,0,0,14,255,1,0,0.07,0.02,0,0,0,0,normal
0,tcp,smtp,SF,1005,336,0,0,0,0,0,1,0,0,0,0,0,0,0,0,0,1,1,0,0,0,0,1,0,0,225,138,0.61,0.02,0,0,0,0,0,0,normal
89,udp,other,SF,145,105,0,0,0,0,0,0,0,0,0,0,0,0,0,0,0,1,1,0,0,0,0,1,0,0,255,1,0,0.64,0.9,0,0,0,0,0,normal
0,tcp,http,SF,209,957,0,0,0,0,0,1,0,0,0,0,0,0,0,0,0,3,4,0,0,0,0,1,0,0.5,42,255,1,0,0.02,0.03,0,0,0,0,normal
0,udp,domain_u,SF,42,127,0,0,0,0,0,0,0,0,0,0,0,0,0,0,0,38,40,0,0,0,0,1,0,0.05,119,197,0.81,0.02,0.81,0.01,0.01,0,0.11,0,normal
0,tcp,http,SF,314,455,0,0,0,0,0,1,0,0,0,0,0,0,0,0,0,7,8,0,0,0,0,1,0,0.25,255,255,1,0,0,0,0,0,0,0,normal
815,udp,other,SF,146,105,0,0,0,0,0,0,0,0,0,0,0,0,0,0,0,1,1,0,0,0,0,1,0,0,255,1,0,0.5,0.88,0,0,0,0,0,normal
0,tcp,http,SF,327,7156,0,0,0,0,0,1,0,0,0,0,0,0,0,0,0,20,20,0,0,0,0,1,0,0,194,255,1,0,0.01,0.01,0,0,0,0,normal
0,icmp,urp_i,SF,78,0,0,0,0,0,0,0,0,0,0,0,0,0,0,0,0,30,5,0,0,0,0,0.17,0.07,0,255,15,0.06,0.01,0.06,0,0,0,0,0,normal
0,udp,private,SF,105,145,0,0,0,0,0,0,0,0,0,0,0,0,0,0,0,1,1,0,0,0,0,1,0,0,87,86,0.99,0.02,0.01,0,0,0,0,0,normal
0,tcp,finger,SF,8,147,0,0,0,0,0,0,0,0,0,0,0,0,0,0,0,1,1,0,0,0,0,1,0,0,255,1,0,0.02,0,0,0.62,0,0,0,normal
0,tcp,smtp,SF,1174,329,0,0,0,0,0,1,0,0,0,0,0,0,0,0,0,1,3,0,0,0,0,1,0,1,255,24,0.09,0.57,0,0,0,0,0,0,normal
727,tcp,telnet,SF,587,18961,0,0,0,0,0,1,0,0,0,0,0,0,0,0,0,1,1,0,0,0,0,1,0,0,255,59,0.23,0.02,0,0,0.73,0.88,0,0,normal
0,tcp,http,SF,228,302,0,0,0,0,0,1,0,0,0,0,0,0,0,0,0,12,12,0,0,0,0,1,0,0,255,255,1,0,0,0,0,0,0,0,normal
0,tcp,http,SF,253,1396,0,0,0,0,0,1,0,0,0,0,0,0,0,0,0,6,10,0,0,0,0,1,0,0.2,255,255,1,0,0,0,0,0,0,0,normal
0,tcp,ftp_data,SF,276,0,0,0,0,0,0,1,0,0,0,0,0,0,0,0,0,12,12,0,0,0,0,1,0,0,187,95,0.38,0.05,0.4,0.02,0.03,0,0,0,normal
0,tcp,http,SF,235,19714,0,0,0,0,0,1,0,0,0,0,0,0,0,0,0,1,1,0,0,0,0,1,0,0,31,255,1,0,0.03,0.04,0,0,0.03,0,normal
0,udp,domain_u,SF,45,136,0,0,0,0,0,0,0,0,0,0,0,0,0,0,0,25,105,0,0,0,0,1,0,0.02,255,227,0.89,0.02,0,0,0,0,0,0,normal
0,tcp,http,SF,217,1379,0,0,0,0,0,1,0,0,0,0,0,0,0,0,0,9,9,0,0,0,0,1,0,0,9,255,1,0,0.11,0.05,0,0,0,0,normal
0,tcp,ftp_data,SF,59,0,0,0,0,0,0,1,0,0,0,0,0,0,0,0,0,13,13,0,0,0,0,1,0,0,34,87,0.56,0.09,0.56,0.03,0,0,0,0,normal
0,tcp,http,SF,202,674,0,0,0,0,0,1,0,0,0,0,0,0,0,0,0,7,7,0,0,0,0,1,0,0,92,255,1,0,0.01,0.03,0,0,0,0,normal
0,tcp,http,SF,249,1154,0,0,0,0,0,1,0,0,0,0,0,0,0,0,0,10,14,0,0,0,0,1,0,0.14,72,255,1,0,0.01,0.03,0,0,0,0,normal
0,tcp,http,SF,200,468,0,0,0,0,0,1,0,0,0,0,0,0,0,0,0,2,3,0,0,0,0,1,0,0.67,41,255,1,0,0.02,0.02,0,0,0,0,normal
0,tcp,http,SF,216,7103,0,0,0,0,0,1,0,0,0,0,0,0,0,0,0,12,21,0,0,0,0,1,0,0.14,193,255,1,0,0.01,0.01,0.01,0.01,0.01,0,normal
0,tcp,ftp_data,SF,383,0,0,0,0,0,0,0,0,0,0,0,0,0,0,0,0,2,2,0,0,0,0,1,0,0,13,32,0.23,0.15,0.23,0.06,0,0,0,0,normal
0,tcp,http,SF,304,753,0,0,0,0,0,1,0,0,0,0,0,0,0,0,0,3,7,0,0.29,0,0,1,0,0.43,255,255,1,0,0,0,0,0,0,0,normal
0,tcp,http,SF,307,2360,0,0,0,0,0,1,0,0,0,0,0,0,0,0,0,2,40,0,0,0,0,1,0,0.05,2,143,1,0,0.5,0.2,0,0,0,0.65,normal
0,tcp,http,SF,212,6134,0,0,0,0,0,1,0,0,0,0,0,0,0,0,0,6,6,0,0,0,0,1,0,0,6,255,1,0,0.17,0.02,0,0,0,0,normal
0,tcp,http,REJ,0,0,0,0,0,0,0,0,0,0,0,0,0,0,0,0,0,1,2,0,0,1,1,1,0,1,4,254,1,0,0.25,0.22,0,0.01,1,0.91,normal
5,tcp,smtp,SF,1189,390,0,0,0,0,0,1,0,0,0,0,0,0,0,0,0,1,1,0,0,0,0,1,0,0,255,95,0.37,0.25,0,0,0.25,0,0,0,normal
0,tcp,http,SF,310,3222,0,0,0,0,0,1,0,0,0,0,0,0,0,0,0,2,27,0,0,0,0,1,0,0.15,255,254,1,0.01,0,0,0,0,0,0,normal
0,tcp,http,SF,210,305,0,0,0,0,0,1,0,0,0,0,0,0,0,0,0,11,11,0,0,0,0,1,0,0,255,255,1,0,0,0,0,0,0,0,normal
0,icmp,urp_i,SF,78,0,0,0,0,0,0,0,0,0,0,0,0,0,0,0,0,14,1,0,0,0,0,0.07,0.14,0,255,21,0.08,0.01,0.08,0,0,0,0,0,normal
0,tcp,http,SF,248,789,0,0,0,0,0,1,0,0,0,0,0,0,0,0,0,1,1,0,0,0,0,1,0,0,11,255,1,0,0.09,0.03,0,0.01,0,0,normal
7,tcp,telnet,SF,103,2853,0,0,0,0,0,1,1,0,0,1,0,0,0,0,0,1,1,0,0,0,0,1,0,0,90,4,0.03,0.03,0.01,0.5,0,0,0,0,normal
0,tcp,http,SF,343,6901,0,0,0,0,0,1,0,0,0,0,0,0,0,0,0,8,8,0,0,0,0,1,0,0,87,255,1,0,0.01,0.04,0,0.01,0,0,normal
0,udp,domain_u,SF,45,134,0,0,0,0,0,0,0,0,0,0,0,0,0,0,0,67,147,0,0,0,0,0.99,0.03,0.01,255,236,0.93,0.01,0,0,0,0,0,0,normal
0,tcp,smtp,SF,2780,339,0,0,0,0,0,1,0,0,0,0,0,0,0,0,0,1,1,0,0,0,0,1,0,0,99,147,0.38,0.04,0.01,0.01,0,0,0,0,normal
0,udp,domain_u,SF,34,0,0,0,0,0,0,0,0,0,0,0,0,0,0,0,0,2,4,0,0,0,0,1,0,0.5,162,18,0.11,0.04,0.11,0,0,0,0,0,normal
5831,udp,other,SF,147,105,0,0,0,0,0,0,0,0,0,0,0,0,0,0,0,1,1,0,0,0,0,1,0,0,255,4,0.02,0.54,0.91,0,0,0,0,0,normal
0,tcp,http,SF,299,266,0,0,0,0,0,1,0,0,0,0,0,0,0,0,0,6,29,0,0,0,0,1,0,0.07,157,255,1,0,0.01,0.02,0,0,0,0,normal
0,tcp,http,REJ,0,0,0,0,0,0,0,0,0,0,0,0,0,0,0,0,0,1,1,0,0,1,1,1,0,0,55,255,1,0,0.02,0.16,0,0,0.85,0.96,normal
0,tcp,ftp_data,SF,501760,0,0,0,0,0,0,1,0,0,0,0,0,0,0,0,0,2,2,0,0,0,0,1,0,0,196,42,0.21,0.02,0.21,0,0,0,0,0,normal
0,udp,domain_u,SF,34,34,0,0,0,0,0,0,0,0,0,0,0,0,0,0,0,1,5,0,0,0,0,1,0,0.8,88,42,0.48,0.03,0.01,0,0,0,0,0,normal
0,udp,domain_u,SF,45,130,0,0,0,0,0,0,0,0,0,0,0,0,0,0,0,169,169,0,0,0,0,1,0,0,255,255,1,0,0,0,0,0,0,0,normal
0,tcp,ftp_data,SF,12,0,0,0,0,0,0,1,0,0,0,0,0,0,0,0,0,2,2,0,0,0,0,1,0,0,22,57,0.27,0.18,0.27,0.04,0,0.02,0,0,normal
0,tcp,http,REJ,0,0,0,0,0,0,0,0,0,0,0,0,0,0,0,0,0,1,2,0,0,1,1,1,0,1,50,251,1,0,0.02,0.16,0,0,1,1,normal
0,udp,other,SF,147,0,0,0,0,0,0,0,0,0,0,0,0,0,0,0,0,1,1,0,0,0,0,1,0,0,255,3,0.01,0.68,0.98,0,0,0,0,0,normal
0,udp,domain_u,SF,44,44,0,0,0,0,0,0,0,0,0,0,0,0,0,0,0,178,178,0,0,0,0,1,0,0,255,250,0.98,0.01,0.01,0,0,0,0,0,normal
0,tcp,http,SF,229,684,0,0,0,0,0,1,0,0,0,0,0,0,0,0,0,11,26,0,0,0,0,1,0,0.23,11,255,1,0,0.09,0.01,0,0,0,0,normal
0,udp,domain_u,SF,42,128,0,0,0,0,0,0,0,0,0,0,0,0,0,0,0,131,211,0,0,0,0,1,0,0.01,255,255,1,0,0,0,0,0,0,0,normal
0,tcp,http,SF,201,7980,0,0,0,0,0,1,0,0,0,0,0,0,0,0,0,3,7,0,0,0,0,1,0,0.29,24,255,1,0,0.04,0.04,0,0,0,0,normal
0,tcp,http,SF,210,2322,0,0,0,0,0,1,0,0,0,0,0,0,0,0,0,7,12,0,0,0,0,1,0,0.25,187,255,1,0,0.01,0.01,0,0,0,0,normal
1530,udp,other,SF,146,105,0,0,0,0,0,0,0,0,0,0,0,0,0,0,0,1,1,0,0,0,0,1,0,0,255,1,0,0.63,0.93,0,0,0,0,0,normal
0,tcp,ftp_data,SF,748,0,0,0,0,0,0,0,0,0,0,0,0,0,0,0,0,1,1,0,0,0,0,1,0,0,172,81,0.25,0.02,0.25,0.02,0,0,0,0,normal
0,udp,domain_u,SF,44,133,0,0,0,0,0,0,0,0,0,0,0,0,0,0,0,89,155,0,0,0,0,1,0,0.01,255,255,1,0,0,0,0,0,0,0,normal
0,tcp,smtp,SF,2265,387,0,0,0,0,0,1,0,0,0,0,0,0,0,0,0,1,1,0,0,0,0,1,0,0,255,14,0.05,0.02,0,0,0.87,0,0,0,normal
0,udp,domain_u,SF,43,43,0,0,0,0,0,0,0,0,0,0,0,0,0,0,0,135,137,0,0,0,0,1,0,0.01,255,228,0.89,0.01,0.01,0,0,0,0,0,normal
0,tcp,http,SF,220,1109,0,0,0,0,0,1,0,0,0,0,0,0,0,0,0,11,12,0,0,0,0,1,0,0.17,163,255,1,0,0.01,0.01,0,0,0,0,normal
28,tcp,ftp,SF,1506,4152,0,0,0,30,0,1,0,0,0,0,0,0,0,0,1,2,2,0,0,0,0,1,0,0,9,6,0.67,0.33,0.11,0,0,0,0,0,normal
0,tcp,http,SF,296,422,0,0,0,0,0,1,0,0,0,0,0,0,0,0,0,1,2,0,0,0,0,1,0,1,255,255,1,0,0,0,0,0,0,0,normal
0,tcp,other,SF,10044,0,0,0,0,0,0,0,0,0,0,0,0,0,0,0,0,11,1,0.09,0,0,0,0.09,0.27,0,227,1,0,0.04,0.4,0,0.02,0,0,0,normal
159,tcp,http,SF,205,308,0,0,0,0,0,1,0,0,0,0,0,0,0,0,0,1,17,0,0,0,0,1,0,0.29,3,255,1,0,0.33,0.04,0,0,0,0,normal
2585,udp,other,SF,146,105,0,0,0,0,0,0,0,0,0,0,0,0,0,0,0,2,2,0,0,0,0,1,0,0,255,2,0.01,0.88,1,0,0,0,0,0,normal
0,tcp,http,SF,235,1889,0,0,0,0,0,1,0,0,0,0,0,0,0,0,0,1,19,0,0,0,0,1,0,0.16,1,255,1,0,1,0.01,0,0,0,0,normal
0,tcp,ftp_data,SF,12286,0,0,0,0,0,0,1,0,0,0,0,0,0,0,0,0,3,4,0,0,0,0,1,0,0.5,9,54,1,0,1,0.04,0,0,0,0,normal
0,tcp,http,S0,0,0,0,0,0,0,0,0,0,0,0,0,0,0,0,0,0,1,1,1,1,0,0,1,0,0,1,120,1,0,1,0.17,1,0.01,0,0.99,normal
0,icmp,urp_i,SF,183,0,0,0,0,0,0,0,0,0,0,0,0,0,0,0,0,3,2,0,0,0,0,0.67,0.67,0,255,17,0.07,0.01,0.08,0,0,0,0,0,normal
0,tcp,http,SF,173,25660,0,0,0,0,0,1,0,0,0,0,0,0,0,0,0,1,3,0,0,0,0,1,0,1,2,255,1,0,0.5,0.03,0,0,0,0,normal
0,tcp,http,SF,215,602,0,0,0,0,0,1,0,0,0,0,0,0,0,0,0,39,45,0,0,0,0,1,0,0.09,255,255,1,0,0,0,0,0,0,0,normal
0,tcp,http,SF,330,6758,0,0,0,0,0,1,0,0,0,0,0,0,0,0,0,11,14,0,0,0,0,1,0,0.14,255,255,1,0,0,0,0,0,0,0,normal
0,tcp,http,SF,216,2658,0,0,0,0,0,1,0,0,0,0,0,0,0,0,0,23,23,0,0,0,0,1,0,0,255,255,1,0,0,0,0,0,0,0,normal
0,tcp,http,REJ,0,0,0,0,0,0,0,0,0,0,0,0,0,0,0,0,0,1,2,0,0,1,1,1,0,1,20,255,1,0,0.05,0.17,0,0,1,1,normal
0,tcp,http,S1,286,21900,0,0,0,0,0,1,0,0,0,0,0,0,0,0,0,2,44,0.5,0.02,0,0,1,0,0.07,255,255,1,0,0,0,0,0,0,0,normal
0,tcp,http,SF,306,491,0,0,0,0,0,1,0,0,0,0,0,0,0,0,0,25,42,0,0,0,0,1,0,0.12,255,255,1,0,0,0,0,0,0,0,normal
2355,udp,other,SF,146,105,0,0,0,0,0,0,0,0,0,0,0,0,0,0,0,1,1,0,0,0,0,1,0,0,255,2,0.01,0.57,0.81,0,0,0,0,0,normal
1,tcp,smtp,SF,1348,331,0,0,0,0,0,1,0,0,0,0,0,0,0,0,0,1,2,0,0,0,0,1,0,1,32,65,0.41,0.06,0.03,0.03,0,0,0,0,normal
0,udp,domain_u,SF,44,133,0,0,0,0,0,0,0,0,0,0,0,0,0,0,0,77,159,0,0,0,0,1,0,0.03,255,254,1,0.01,0,0,0,0,0,0,normal
0,tcp,http,SF,230,52465,0,0,0,0,0,1,0,0,0,0,0,0,0,0,0,1,9,0,0,0,0,1,0,0.33,255,255,1,0,0,0,0,0,0,0,normal
0,tcp,http,SF,348,1322,0,0,0,0,0,1,0,0,0,0,0,0,0,0,0,16,17,0.06,0.06,0,0,1,0,0.12,15,255,1,0,0.07,0.02,0,0,0,0,normal
0,tcp,http,SF,276,308,0,0,0,0,0,1,0,0,0,0,0,0,0,0,0,6,7,0,0,0,0,1,0,0.29,255,255,1,0,0,0,0,0,0,0,normal
0,udp,domain_u,SF,45,111,0,0,0,0,0,0,0,0,0,0,0,0,0,0,0,38,104,0,0,0,0,1,0,0.02,255,202,0.79,0.02,0,0,0,0,0,0,normal
0,udp,domain_u,SF,42,108,0,0,0,0,0,0,0,0,0,0,0,0,0,0,0,143,223,0,0,0,0,1,0,0.01,255,255,1,0,0,0,0,0,0,0,normal
0,tcp,http,SF,240,866,0,0,0,0,0,1,0,0,0,0,0,0,0,0,0,13,34,0,0,0,0,1,0,0.09,97,255,1,0,0.01,0.03,0,0,0,0,normal
0,tcp,http,SF,209,1863,0,0,0,0,0,1,0,0,0,0,0,0,0,0,0,11,11,0,0,0,0,1,0,0,255,255,1,0,0,0,0,0,0,0,normal
0,tcp,http,SF,231,417,0,0,0,0,0,1,0,0,0,0,0,0,0,0,0,1,1,0,0,0,0,1,0,0,17,17,1,0,0.06,0,0,0,0,0,normal
0,tcp,http,SF,299,181,0,0,0,0,0,1,0,0,0,0,0,0,0,0,0,4,6,0.25,0.33,0,0,1,0,0.33,255,255,1,0,0,0,0,0,0,0,normal
0,udp,domain_u,SF,45,106,0,0,0,0,0,0,0,0,0,0,0,0,0,0,0,205,207,0,0,0,0,1,0.01,0.01,255,255,1,0,0,0,0,0,0,0,normal
1,tcp,smtp,SF,13891,328,0,0,0,0,0,1,0,0,0,0,0,0,0,0,0,1,1,0,0,0,0,1,0,0,25,131,0.12,0.08,0.04,0.02,0,0,0,0,normal
0,tcp,http,SF,225,1425,0,0,0,0,0,1,0,0,0,0,0,0,0,0,0,5,5,0,0,0,0,1,0,0,161,255,1,0,0.01,0.01,0,0,0,0,normal
0,udp,private,SF,105,147,0,0,0,0,0,0,0,0,0,0,0,0,0,0,0,1,1,0,0,0,0,1,0,0,142,140,0.99,0.01,0.01,0,0,0,0,0,normal
0,tcp,ftp_data,SF,491,0,0,0,0,0,0,0,0,0,0,0,0,0,0,0,0,1,1,0,0,0,0,1,0,0,255,134,0.53,0.01,0.53,0,0,0.01,0,0,normal
0,tcp,http,SF,244,1088,0,0,0,0,0,1,0,0,0,0,0,0,0,0,0,24,40,0,0,0,0,1,0,0.05,255,255,1,0,0,0,0,0,0,0,normal
0,tcp,smtp,SF,758,330,0,0,0,0,0,1,0,0,0,0,0,0,0,0,0,1,1,0,0,0,0,1,0,0,105,96,0.47,0.03,0.01,0.02,0,0,0,0,normal
0,tcp,finger,SF,9,141,0,0,0,0,0,0,0,0,0,0,0,0,0,0,0,1,4,0,0,0,0,1,0,0.75,245,7,0.02,0.01,0,0.29,0,0,0,0,normal
0,tcp,http,SF,233,1749,0,0,0,0,0,1,0,0,0,0,0,0,0,0,0,10,10,0,0,0,0,1,0,0,126,255,1,0,0.01,0.01,0,0,0,0,normal
0,tcp,http,SF,310,2730,0,0,0,0,0,1,0,0,0,0,0,0,0,0,0,25,26,0,0,0,0,1,0,0.08,25,255,1,0,0.04,0.05,0,0,0,0,normal
0,tcp,http,SF,337,942,0,0,0,0,0,1,0,0,0,0,0,0,0,0,0,14,14,0,0,0,0,1,0,0,255,255,1,0,0,0,0,0,0,0,normal
0,tcp,http,SF,198,181,0,0,0,0,0,1,0,0,0,0,0,0,0,0,0,7,11,0,0,0,0,1,0,0.18,255,255,1,0,0,0,0,0,0,0,normal
0,tcp,ftp_data,SF,567,0,0,0,0,0,0,1,0,0,0,6,0,0,0,0,0,1,1,0,0,0,0,1,0,0,104,53,0.07,0.16,0.16,0.04,0.03,0.02,0,0,normal
0,udp,domain_u,SF,45,71,0,0,0,0,0,0,0,0,0,0,0,0,0,0,0,152,152,0,0,0,0,1,0,0,255,203,0.8,0.01,0,0,0,0,0,0,normal
0,tcp,http,SF,324,185,0,0,0,0,0,1,0,0,0,0,0,0,0,0,0,2,2,0,0,0,0,1,0,0,4,255,1,0,0.25,0.02,0.25,0,0,0,normal
0,tcp,http,SF,231,2565,0,0,0,0,0,1,0,0,0,0,0,0,0,0,0,8,8,0,0,0,0,1,0,0,8,255,1,0,0.12,0.05,0,0,0,0,normal
0,tcp,http,SF,207,306,0,0,0,0,0,1,0,0,0,0,0,0,0,0,0,5,6,0,0,0,0,1,0,0.33,255,255,1,0,0,0,0,0,0,0,normal
0,tcp,http,SF,229,900,0,0,0,0,0,1,0,0,0,0,0,0,0,0,0,27,44,0,0,0,0,1,0,0.14,97,255,1,0,0.01,0.02,0,0,0,0,normal
0,tcp,http,SF,303,2516,0,0,0,0,0,1,0,0,0,0,0,0,0,0,0,3,3,0,0,0,0,1,0,0,12,255,1,0,0.08,0.04,0,0,0,0,normal
0,tcp,http,SF,225,4359,0,0,0,0,0,1,0,0,0,0,0,0,0,0,0,13,13,0,0,0,0,1,0,0,255,255,1,0,0,0,0,0,0,0,normal
0,tcp,http,SF,309,10378,0,0,0,0,0,1,0,0,0,0,0,0,0,0,0,11,11,0,0,0,0,1,0,0,30,255,1,0,0.03,0.04,0,0,0,0,normal
0,tcp,smtp,SF,1338,367,0,0,0,0,0,1,0,0,0,0,0,0,0,0,0,1,3,0,0,0,0,1,0,1,92,221,0.96,0.02,0.01,0.01,0,0,0,0,normal
0,tcp,http,SF,233,293,0,0,0,0,0,1,0,0,0,0,0,0,0,0,0,2,14,0,0,0,0,1,0,0.21,2,26,1,0,0.5,0.12,0,0,0,0,normal
0,tcp,http,SF,313,2033,0,0,0,0,0,1,0,0,0,0,0,0,0,0,0,5,6,0,0,0,0,1,0,0.33,53,255,1,0,0.02,0.03,0,0,0,0,normal
0,tcp,http,SF,328,1912,0,0,0,0,0,1,0,0,0,0,0,0,0,0,0,8,24,0,0,0,0,1,0,0.12,255,255,1,0,0,0,0,0,0,0,normal
0,tcp,http,SF,201,7980,0,0,0,0,0,1,0,0,0,0,0,0,0,0,0,3,7,0,0,0,0,1,0,0.29,24,255,1,0,0.04,0.04,0,0,0,0,normal
0,udp,domain_u,SF,128,44,0,0,0,0,0,0,0,0,0,0,0,0,0,0,0,68,68,0,0,0,0,1,0,0,255,240,0.94,0.01,0.28,0,0,0,0,0,normal
0,tcp,http,SF,312,3325,0,0,0,0,0,1,0,0,0,0,0,0,0,0,0,3,3,0,0,0,0,1,0,0,22,255,1,0,0.05,0.07,0,0,0,0,normal
0,tcp,http,SF,215,52248,0,0,0,0,0,1,0,0,0,0,0,0,0,0,0,17,17,0,0,0,0,1,0,0,17,255,1,0,0.06,0.04,0,0,0,0,normal
0,tcp,smtp,SF,553,327,0,0,0,0,0,1,0,0,0,0,0,0,0,0,0,1,2,0,0,0,0,1,0,1,27,193,0.96,0.07,0.04,0.01,0,0,0,0,normal
2532,udp,other,SF,146,105,0,0,0,0,0,0,0,0,0,0,0,0,0,0,0,4,2,0,0,0,0,0.5,0.5,0,255,3,0.01,0.64,0.95,0,0,0,0,0,normal
0,tcp,http,SF,317,2075,0,0,0,0,0,1,0,0,0,0,0,0,0,0,0,4,4,0,0,0,0,1,0,0,8,255,1,0,0.12,0.05,0,0,0,0,normal
0,tcp,http,SF,259,115374,0,0,0,0,0,1,0,0,0,0,0,0,0,0,0,1,1,0,0,0,0,1,0,0,39,255,1,0,0.03,0.07,0,0,0,0,normal
0,udp,domain_u,SF,45,77,0,0,0,0,0,0,0,0,0,0,0,0,0,0,0,171,173,0,0,0,0,1,0,0.01,255,232,0.91,0.01,0,0,0,0,0,0,normal
0,tcp,http,SF,241,13345,0,0,0,0,0,1,0,0,0,0,0,0,0,0,0,2,4,0,0,0,0,1,0,0.75,6,255,1,0,0.17,0.07,0,0,0,0,normal
0,tcp,http,SF,293,1257,0,0,0,0,0,1,0,0,0,0,0,0,0,0,0,9,9,0,0,0,0,1,0,0,255,255,1,0,0.01,0,0,0,0,0,normal
0,tcp,http,SF,299,1046,0,0,0,0,0,1,0,0,0,0,0,0,0,0,0,8,9,0,0,0,0,1,0,0.22,101,255,1,0,0.01,0.01,0,0,0,0,normal
0,tcp,smtp,SF,845,328,0,0,0,0,0,1,0,0,0,0,0,0,0,0,0,1,1,0,0,0,0,1,0,0,201,128,0.53,0.03,0,0.02,0.02,0.02,0,0,normal
0,tcp,ftp_data,SF,383,0,0,0,0,0,0,1,0,0,0,0,0,0,0,0,0,2,2,0,0,0,0,1,0,0,255,116,0.45,0.04,0.47,0,0,0,0,0,normal
0,tcp,http,SF,212,1709,0,0,0,0,0,1,0,0,0,0,0,0,0,0,0,9,12,0,0,0,0,1,0,0.25,32,255,1,0,0.03,0.01,0,0,0,0,normal
0,tcp,http,SF,255,310,0,0,0,0,0,1,0,0,0,0,0,0,0,0,0,5,5,0,0,0,0,1,0,0,255,255,1,0,0,0,0,0,0,0,normal
0,udp,domain_u,SF,46,129,0,0,0,0,0,0,0,0,0,0,0,0,0,0,0,73,153,0,0,0,0,1,0,0.01,255,254,1,0.01,0,0,0,0,0,0,normal
0,tcp,http,SF,221,511,0,0,0,0,0,1,0,0,0,0,0,0,0,0,0,19,48,0,0,0,0,1,0,0.15,255,255,1,0,0,0,0,0,0,0,normal
0,tcp,http,SF,163,30042,0,0,0,0,0,1,0,0,0,0,0,0,0,0,0,2,2,0,0,0,0,1,0,0,12,255,1,0,0.08,0.03,0,0,0,0,normal
0,tcp,smtp,SF,1286,327,0,0,0,0,0,1,0,0,0,0,0,0,0,0,0,1,1,0,0,0,0,1,0,0,5,1,0.2,0.6,0.2,0,0,0,0,0,normal
0,tcp,ftp_data,SF,4316,0,0,0,0,0,0,1,0,0,0,0,0,1,0,0,0,11,11,0,0,0,0,1,0,0,17,17,1,0,1,0,0,0,0,0,normal
0,tcp,http,SF,244,454,0,0,0,0,0,1,0,0,0,0,0,0,0,0,0,7,7,0,0,0,0,1,0,0,255,255,1,0,0,0,0,0,0,0,normal
0,tcp,ftp_data,SF,373,0,0,0,0,0,0,1,0,0,0,0,0,0,0,0,0,2,4,0,0,0,0,1,0,0.5,255,90,0.35,0.02,0.35,0,0,0,0.03,0,normal
0,tcp,http,SF,231,2304,0,0,0,0,0,1,0,0,0,0,0,0,0,0,0,6,6,0,0,0,0,1,0,0,255,255,1,0,0,0,0.01,0.01,0,0,normal
0,icmp,eco_i,SF,30,0,0,0,0,0,0,0,0,0,0,0,0,0,0,0,0,1,1,0,0,0,0,1,0,0,62,90,0.98,0.03,0.98,0.18,0,0,0,0,normal
0,tcp,smtp,S1,125,235,0,0,0,0,0,1,0,0,0,0,0,0,0,0,0,1,1,1,1,0,0,1,0,0,145,171,0.76,0.03,0.01,0.02,0.01,0.01,0,0,normal
0,tcp,http,SF,320,1737,0,0,0,0,0,1,0,0,0,0,0,0,0,0,0,12,12,0,0,0,0,1,0,0,255,255,1,0,0,0,0,0,0,0,normal
0,tcp,http,SF,209,1820,0,0,0,0,0,1,0,0,0,0,0,0,0,0,0,2,12,0,0,0,0,1,0,0.25,85,255,1,0,0.01,0.04,0,0,0,0,normal
0,tcp,http,SF,270,1074,0,0,0,0,0,1,0,0,0,0,0,0,0,0,0,21,21,0,0,0,0,1,0,0,255,255,1,0,0.01,0,0.01,0.01,0,0,normal
0,tcp,smtp,SF,1647,384,0,0,0,0,0,1,0,0,0,0,0,0,0,0,0,1,1,0,0,0,0,1,0,0,255,121,0.47,0.02,0,0,0.51,0.57,0,0,normal
0,tcp,http,S1,235,4097,0,0,0,0,0,1,0,0,0,0,0,0,0,0,0,1,1,1,1,0,0,1,0,0,255,255,1,0,0,0,0.01,0.01,0,0,normal
0,udp,domain_u,SF,45,142,0,0,0,0,0,0,0,0,0,0,0,0,0,0,0,171,237,0,0,0,0,0.99,0.01,0.01,255,238,0.93,0.02,0,0,0,0,0,0,normal
0,tcp,http,RSTO,0,0,0,0,0,0,0,1,0,0,0,0,0,0,0,0,0,2,2,0,0,0.5,0.5,1,0,0,2,255,1,0,1,0.01,0,0,0.5,0,normal
0,udp,other,SF,147,0,0,0,0,0,0,0,0,0,0,0,0,0,0,0,0,3,1,0,0,0,0,0.33,0.67,0,255,1,0,0.65,0.96,0,0,0,0,0,normal
3469,udp,other,SF,146,105,0,0,0,0,0,0,0,0,0,0,0,0,0,0,0,4,2,0,0,0,0,0.5,0.5,0,255,2,0.01,0.57,0.95,0,0,0,0,0,normal
10,tcp,smtp,SF,11324,1551,0,0,0,0,0,1,0,0,0,0,0,0,0,0,0,1,3,0,0,0,0,1,0,1,255,50,0.2,0.06,0,0,0.65,0,0.03,0.02,normal
0,tcp,http,SF,233,891,0,0,0,0,0,1,0,0,0,0,0,0,0,0,0,7,19,0,0,0,0,1,0,0.26,255,255,1,0,0,0,0,0,0,0,normal
0,tcp,http,SF,230,362,0,0,0,0,0,1,0,0,0,0,0,0,0,0,0,10,18,0,0,0,0,1,0,0.17,121,255,1,0,0.01,0.04,0,0,0,0,normal
0,tcp,http,SF,227,484,0,0,0,0,0,1,0,0,0,0,0,0,0,0,0,6,6,0,0,0,0,1,0,0,79,255,1,0,0.01,0.02,0.01,0,0,0,normal
0,udp,domain_u,SF,44,130,0,0,0,0,0,0,0,0,0,0,0,0,0,0,0,105,184,0,0,0,0,1,0,0.01,255,255,1,0,0,0,0,0,0,0,normal
0,tcp,smtp,SF,1111,331,0,0,0,0,0,1,0,0,0,0,0,0,1,0,0,1,1,0,0,0,0,1,0,0,211,129,0.61,0.02,0,0,0,0,0.05,0.08,normal
0,tcp,http,SF,289,765,0,0,0,0,0,1,0,0,0,0,0,0,0,0,0,3,8,0,0,0,0,1,0,0.25,175,255,1,0,0.01,0.01,0,0,0,0,normal
15,tcp,smtp,SF,12191,1409,0,0,0,0,0,1,0,0,0,0,0,0,0,0,0,1,1,0,0,0,0,1,0,0,103,90,0.87,0.04,0.01,0,0,0,0,0,normal
0,udp,domain_u,SF,43,43,0,0,0,0,0,0,0,0,0,0,0,0,0,0,0,229,229,0,0,0,0,1,0,0,255,255,1,0,0,0,0,0,0,0,normal
0,tcp,http,SF,218,983,0,0,0,0,0,1,0,0,0,0,0,0,0,0,0,24,24,0,0,0.17,0.17,1,0,0,52,179,1,0,0.02,0.19,0,0,0.62,0.89,normal
0,tcp,ftp_data,SF,5336,0,0,0,0,0,0,1,0,0,0,0,0,0,0,0,0,12,12,0,0,0,0,1,0,0,128,81,0.44,0.02,0.44,0.02,0,0,0,0,normal
28,udp,domain_u,SF,46,46,0,0,0,0,0,0,0,0,0,0,0,0,0,0,0,5,8,0,0,0,0,0.2,0.4,0.25,116,111,0.96,0.02,0.01,0,0,0,0,0,normal
0,udp,domain_u,SF,42,42,0,0,0,0,0,0,0,0,0,0,0,0,0,0,0,210,210,0,0,0,0,1,0,0,255,255,1,0,0,0,0,0,0,0,normal
0,tcp,http,SF,226,4512,0,0,0,0,0,1,0,0,0,0,0,0,0,0,0,5,5,0,0,0,0,1,0,0,18,255,1,0,0.06,0.03,0,0,0,0,normal
0,tcp,http,SF,396,4037,0,0,0,0,0,1,0,0,0,0,0,0,0,0,0,25,27,0,0,0,0,1,0,0.07,255,255,1,0,0.01,0,0,0,0,0,normal
0,tcp,http,SF,295,471,0,0,0,0,0,1,0,0,0,0,0,0,0,0,0,1,1,0,0,0,0,1,0,0,1,255,1,0,1,0.04,0,0.01,0,0,normal
0,udp,domain_u,SF,42,72,0,0,0,0,0,0,0,0,0,0,0,0,0,0,0,154,154,0,0,0,0,1,0,0,255,226,0.89,0.01,0,0,0,0,0,0,normal
0,tcp,http,SF,226,12884,0,0,0,0,0,1,0,0,0,0,0,0,0,0,0,11,22,0,0.05,0,0,1,0,0.09,255,255,1,0,0,0,0,0,0,0,normal
0,tcp,ftp_data,SF,501760,0,0,0,0,0,0,1,0,0,0,0,0,0,0,0,0,2,2,0,0,0,0,1,0,0,196,42,0.21,0.02,0.21,0,0,0,0,0,normal
0,tcp,http,SF,211,365,0,0,0,0,0,1,0,0,0,0,0,0,0,0,0,10,10,0,0,0,0,1,0,0,255,255,1,0,0,0,0,0,0,0,normal
0,tcp,http,SF,159,347,0,0,0,0,0,1,0,0,0,0,0,0,0,0,0,8,8,0,0,0,0,1,0,0,152,255,1,0,0.01,0.01,0,0,0,0,normal
5,udp,domain_u,SF,95,36,0,0,0,0,0,0,0,0,0,0,0,0,0,0,0,1,1,0,0,0,0,1,0,0,30,18,0.6,0.07,0.6,0,0,0,0,0,normal
0,tcp,http,SF,241,36362,0,0,0,0,0,1,0,0,0,0,0,0,0,0,0,1,1,0,0,0,0,1,0,0,55,255,1,0,0.02,0.01,0.02,0.01,0,0,normal
3,tcp,smtp,SF,2613,373,0,0,0,0,0,1,0,0,0,0,0,0,0,0,0,1,1,0,0,0,0,1,0,0,94,190,0.59,0.06,0.01,0.01,0,0.01,0,0,normal
0,tcp,http,SF,329,15337,0,0,0,0,0,1,0,0,0,0,0,0,0,0,0,4,4,0,0,0,0,1,0,0,255,255,1,0,0,0,0,0,0,0,normal
3,tcp,smtp,SF,4998,416,0,0,0,0,0,1,0,0,0,0,0,0,0,0,0,1,2,0,0,0,0,1,0,1,59,164,0.58,0.07,0.02,0.01,0,0,0,0,normal
16754,tcp,telnet,SF,3555,198172,0,0,0,2,0,1,151,1,2,146,1,0,1,0,0,1,1,0,0,0,0,1,0,0,9,3,0.22,0.33,0.11,0.67,0,0,0,0,normal
0,udp,domain_u,SF,43,128,0,0,0,0,0,0,0,0,0,0,0,0,0,0,0,73,153,0,0,0,0,1,0,0.01,255,239,0.94,0.01,0,0,0,0,0,0,normal
0,tcp,smtp,SF,1302,334,0,0,0,0,0,1,0,0,0,0,0,0,0,0,0,1,2,0,0,0,0,1,0,1,30,27,0.9,0.1,0.03,0,0,0,0,0,normal
0,tcp,ftp_data,SF,4539,0,0,0,0,0,0,1,0,0,0,0,0,0,0,0,0,19,19,0,0,0,0,1,0,0,26,84,0.96,0.08,0.96,0.04,0,0,0,0,normal
0,tcp,http,SF,212,11193,0,0,0,0,0,1,0,0,0,0,0,0,0,0,0,3,3,0,0,0,0,1,0,0,255,255,1,0,0,0,0,0,0,0,normal
0,tcp,http,SF,316,3605,0,0,0,0,0,1,0,0,0,0,0,0,0,0,0,24,24,0,0,0,0,1,0,0,49,255,1,0,0.02,0.03,0,0,0,0,normal
9,tcp,smtp,SF,1357,406,0,0,0,0,0,1,0,0,0,0,0,0,0,0,0,1,1,0,0,0,0,1,0,0,9,158,0.89,0.22,0.11,0.02,0,0,0,0,normal
0,tcp,http,SF,207,10679,0,0,0,0,0,1,0,0,0,0,0,0,0,0,0,12,12,0,0,0,0,1,0,0,12,255,1,0,0.08,0.02,0,0.01,0,0,normal
0,tcp,http,SF,224,1918,0,0,0,0,0,1,0,0,0,0,0,0,0,0,0,4,4,0,0,0,0,1,0,0,255,255,1,0,0,0,0,0,0,0,normal
0,udp,domain_u,SF,44,44,0,0,0,0,0,0,0,0,0,0,0,0,0,0,0,151,231,0,0,0,0,0.99,0.01,0.01,255,254,1,0.01,0.01,0,0,0,0,0,normal
0,udp,domain_u,SF,44,133,0,0,0,0,0,0,0,0,0,0,0,0,0,0,0,205,205,0,0,0,0,1,0,0,130,91,0.7,0.02,0.01,0,0,0,0,0,normal
0,udp,domain_u,SF,30,90,0,0,0,0,0,0,0,0,0,0,0,0,0,0,0,1,3,0,0,0,0,1,0,1,255,234,0.92,0.01,0,0,0,0,0,0,normal
0,tcp,http,SF,241,256,0,0,0,0,0,1,0,0,0,0,0,0,0,0,0,1,13,0,0,0,0,1,0,0.23,91,255,1,0,0.01,0.03,0,0,0,0,normal
0,udp,domain_u,SF,46,76,0,0,0,0,0,0,0,0,0,0,0,0,0,0,0,74,153,0,0,0,0,1,0,0.01,255,254,1,0.01,0,0,0,0,0,0,normal
0,tcp,http,REJ,0,0,0,0,0,0,0,0,0,0,0,0,0,0,0,0,0,1,2,0,0,1,1,1,0,1,1,250,1,0,1,0.33,0,0,1,1,normal
0,tcp,ftp_data,SF,1874,0,0,0,0,0,0,1,0,0,0,0,0,0,0,0,0,8,8,0,0,0,0,1,0,0,255,102,0.4,0.02,0.4,0,0,0,0,0,normal
0,tcp,smtp,SF,1239,400,0,0,0,0,0,1,0,0,0,0,0,0,0,0,0,1,1,0,0,0,0,1,0,0,255,116,0.45,0.04,0,0,0.11,0,0.02,0,normal
0,tcp,http,SF,306,304,0,0,0,0,0,1,0,0,0,0,0,0,0,0,0,4,5,0,0,0,0,1,0,0.4,58,255,1,0,0.02,0.02,0,0,0,0,normal
13,tcp,smtp,SF,954,328,0,0,0,0,0,1,0,0,0,0,0,0,0,0,0,1,2,0,0,0,0,1,0,1,40,28,0.7,0.05,0.03,0,0,0,0,0,normal
0,tcp,http,SF,243,1973,0,0,0,0,0,1,0,0,0,0,0,0,0,0,0,1,1,0,0,0,0,1,0,0,255,255,1,0,0,0,0,0,0,0,normal
0,tcp,http,SF,201,1648,0,0,0,0,0,1,0,0,0,0,0,0,0,0,0,2,2,0,0,0,0,1,0,0,2,255,1,0,0.5,0.02,0,0,0,0,normal
0,udp,private,SF,105,147,0,0,0,0,0,0,0,0,0,0,0,0,0,0,0,9,2,0,0,0,0,0.22,0.33,0,255,243,0.95,0.01,0.01,0,0,0,0,0,normal
0,udp,domain_u,SF,44,132,0,0,0,0,0,0,0,0,0,0,0,0,0,0,0,79,159,0,0,0,0,1,0,0.01,255,254,1,0.01,0,0,0,0,0,0,normal
0,tcp,ftp_data,SF,24440,0,0,0,0,0,0,1,0,0,0,0,0,0,0,0,0,1,1,0,0,0,0,1,0,0,109,58,0.53,0.05,0.53,0,0,0,0.02,0,normal
0,tcp,http,SF,311,8004,0,0,0,0,0,1,0,0,0,0,0,0,0,0,0,22,22,0,0,0,0,1,0,0,22,255,1,0,0.05,0.02,0,0,0,0,normal
0,tcp,ftp_data,SF,383,0,0,0,0,0,0,0,0,0,0,0,0,0,0,0,0,2,2,0,0,0,0,1,0,0,154,69,0.41,0.04,0.41,0.03,0.01,0,0.01,0,normal
0,tcp,http,SF,281,744,0,0,0,0,0,1,0,0,0,0,0,0,0,0,0,24,24,0,0,0,0,1,0,0,67,255,1,0,0.01,0.04,0,0,0,0,normal
0,tcp,http,SF,279,10726,0,0,0,0,0,1,0,0,0,0,0,0,0,0,0,11,19,0,0,0,0,1,0,0.11,11,255,1,0,0.09,0.06,0,0,0,0,normal
0,udp,domain_u,SF,45,131,0,0,0,0,0,0,0,0,0,0,0,0,0,0,0,300,300,0,0,0,0,1,0,0,255,251,0.98,0.01,0,0,0,0,0,0,normal
0,tcp,http,SF,222,1651,0,0,0,0,0,1,0,0,0,0,0,0,0,0,0,8,10,0,0.1,0.12,0.1,1,0,0.2,255,255,1,0,0,0,0,0,0,0,normal
0,tcp,http,SF,165,16129,0,0,0,0,0,1,0,0,0,0,0,0,0,0,0,4,4,0,0,0,0,1,0,0,255,255,1,0,0,0,0,0,0,0,normal
0,tcp,smtp,SF,1566,385,0,0,0,0,0,1,0,0,0,0,0,0,0,0,0,1,1,0,0,0,0,1,0,0,255,55,0.22,0.02,0,0,0.58,0,0,0,normal
0,tcp,ftp_data,SF,5929,0,0,0,0,0,0,1,0,0,0,0,0,0,0,0,0,2,2,0,0,0,0,1,0,0,97,118,0.49,0.06,0.49,0.02,0,0,0,0,normal
0,tcp,http,SF,308,774,0,0,0,0,0,1,0,0,0,0,0,0,0,0,0,12,72,0,0,0,0,1,0,0.04,119,255,1,0,0.01,0.01,0,0,0,0,normal
3409,udp,other,SF,145,105,0,0,0,0,0,0,0,0,0,0,0,0,0,0,0,1,1,0,0,0,0,1,0,0,255,1,0,0.62,0.96,0,0,0,0,0,normal
0,tcp,http,SF,260,389,0,0,0,0,0,1,0,0,0,0,0,0,0,0,0,1,1,0,0,0,0,1,0,0,4,255,1,0,0.25,0.01,0,0,0,0,normal
8,tcp,smtp,SF,2552,330,0,0,0,0,0,1,0,0,0,0,0,0,0,0,0,1,1,0,0,0,0,1,0,0,126,84,0.67,0.03,0.01,0,0,0,0,0,normal
0,tcp,http,SF,291,833,0,0,0,0,0,1,0,0,0,0,0,0,0,0,0,4,4,0,0,0,0,1,0,0,18,255,1,0,0.06,0.01,0,0,0,0,normal
0,tcp,http,SF,189,3133,0,0,0,0,0,1,0,0,0,0,0,0,0,0,0,1,1,0,0,0,0,1,0,0,41,255,1,0,0.02,0.05,0,0,0,0,normal
0,tcp,smtp,SF,11396,1428,0,0,0,0,0,1,0,0,0,0,0,0,0,0,0,1,1,0,0,0,0,1,0,0,207,132,0.43,0.01,0,0.02,0,0,0,0,normal
15,tcp,smtp,SF,1376,332,0,0,0,0,0,1,0,0,0,0,0,0,0,0,0,1,2,0,0,0,0,1,0,1,24,212,0.96,0.08,0.04,0.01,0,0,0,0,normal
19759,udp,other,SF,146,105,0,0,0,0,0,0,0,0,0,0,0,0,0,0,0,1,1,0,0,0,0,1,0,0,255,3,0.01,0.64,0.95,0,0,0,0,0,normal
0,tcp,http,SF,216,2526,0,0,0,0,0,1,0,0,0,0,0,0,0,0,0,10,10,0,0,0,0,1,0,0,78,255,1,0,0.01,0.03,0,0,0,0,normal
0,tcp,http,SF,323,188,0,0,0,0,0,1,0,0,0,0,0,0,0,0,0,1,26,0,0,0,0,1,0,0.15,8,255,1,0,0.12,0.03,0,0,0,0,normal
0,tcp,smtp,SF,2297,336,0,0,0,0,0,1,0,0,0,0,0,0,0,0,0,1,2,0,0,0,0,1,0,1,255,26,0.1,0.5,0,0,0,0,0,0,normal
0,tcp,http,REJ,0,0,0,0,0,0,0,0,0,0,0,0,0,0,0,0,0,1,1,0,0,1,1,1,0,0,159,255,1,0,0.01,0.04,0,0,0.67,0.62,normal
0,tcp,smtp,SF,1066,481,0,0,0,0,0,1,0,0,0,0,0,0,0,0,0,1,3,0,0,0,0,1,0,1,255,30,0.12,0.02,0,0,0,0,0.74,0,normal
0,udp,domain_u,SF,44,69,0,0,0,0,0,0,0,0,0,0,0,0,0,0,0,261,261,0,0,0,0,1,0,0,255,236,0.93,0.01,0,0,0,0,0,0,normal
18888,udp,other,SF,147,105,0,0,0,0,0,0,0,0,0,0,0,0,0,0,0,5,1,0,0,0,0,0.2,0.6,0,255,2,0.01,0.46,0.89,0,0,0,0,0,normal
0,tcp,ftp_data,SF,4316,0,0,0,0,0,0,1,0,0,0,0,0,1,0,0,0,3,3,0,0,0,0,1,0,0,255,81,0.32,0.02,0.32,0,0,0,0.03,0,normal
0,udp,domain_u,SF,45,80,0,0,0,0,0,0,0,0,0,0,0,0,0,0,0,152,154,0,0,0,0,1,0,0.02,255,231,0.91,0.01,0,0,0,0,0,0,normal
0,tcp,http,SF,306,2239,0,0,0,0,0,1,0,0,0,0,0,0,0,0,0,7,7,0,0,0,0,1,0,0,255,240,0.94,0.02,0,0,0,0,0,0,normal
0,tcp,http,SF,303,312,0,0,0,0,0,1,0,0,0,0,0,0,0,0,0,11,15,0,0,0,0,1,0,0.13,67,255,1,0,0.01,0.02,0,0,0,0,normal
0,tcp,http,SF,309,10378,0,0,0,0,0,1,0,0,0,0,0,0,0,0,0,11,11,0,0,0,0,1,0,0,11,255,1,0,0.09,0.04,0,0,0,0,normal
0,tcp,http,SF,248,2313,0,0,0,0,0,1,0,0,0,0,0,0,0,0,0,23,36,0,0,0,0,1,0,0.08,23,255,1,0,0.04,0.01,0,0,0,0,normal
41,tcp,telnet,RSTO,110,9225,0,0,0,0,0,1,0,0,0,0,0,0,0,0,0,1,1,0,0,1,1,1,0,0,120,1,0.01,0.08,0.01,0,0.01,0,0.01,1,normal
0,udp,domain_u,SF,45,70,0,0,0,0,0,0,0,0,0,0,0,0,0,0,0,84,84,0,0,0,0,1,0,0,255,254,1,0.01,0,0,0,0,0,0,normal
0,tcp,http,SF,279,294,0,0,0,0,0,1,0,0,0,0,0,0,0,0,0,3,29,0,0,0,0,1,0,0.17,9,255,1,0,0.11,0.04,0,0,0,0,normal
0,tcp,http,REJ,0,0,0,0,0,0,0,0,0,0,0,0,0,0,0,0,0,1,3,0,0,1,1,1,0,1,4,255,1,0,0.25,0.15,0,0,1,1,normal
0,tcp,smtp,SF,204768,332,0,0,0,0,0,1,0,0,0,0,0,0,0,0,0,1,1,0,0,0,0,1,0,0,32,85,0.81,0.06,0.03,0.02,0,0,0,0,normal
0,tcp,http,SF,213,1211,0,0,0,0,0,1,0,0,0,0,0,0,0,0,0,7,7,0,0,0,0,1,0,0,31,229,1,0,0.03,0.06,0,0,0,0.54,normal
3584,udp,other,SF,147,105,0,0,0,0,0,0,0,0,0,0,0,0,0,0,0,1,1,0,0,0,0,1,0,0,255,1,0,0.68,0.89,0,0,0,0,0,normal
0,tcp,http,SF,297,508,0,0,0,0,0,1,0,0,0,0,0,0,0,0,0,15,17,0,0,0,0,1,0,0.12,68,255,1,0,0.01,0.03,0,0.01,0.01,0,normal
0,udp,domain_u,SF,45,75,0,0,0,0,0,0,0,0,0,0,0,0,0,0,0,319,319,0,0,0,0,1,0,0,255,255,1,0,0,0,0,0,0,0,normal
0,tcp,http,SF,189,277,0,0,0,0,0,1,0,0,0,0,0,0,0,0,0,1,5,0,0,0,0,1,0,0.6,5,255,1,0,0.2,0.07,0,0.01,0,0,normal
0,tcp,http,SF,324,1249,0,0,0,0,0,1,0,0,0,0,0,0,0,0,0,31,31,0,0,0,0,1,0,0,255,255,1,0,0,0,0,0,0,0,normal
0,udp,domain_u,SF,46,134,0,0,0,0,0,0,0,0,0,0,0,0,0,0,0,149,149,0,0,0,0,1,0,0,255,254,1,0.01,0,0,0,0,0,0,normal
0,tcp,http,SF,301,1779,0,0,0,0,0,1,0,0,0,0,0,0,0,0,0,10,10,0,0,0,0,1,0,0,255,255,1,0,0,0,0,0,0,0,normal
0,tcp,smtp,SF,2201,325,0,0,0,0,0,1,0,0,0,0,0,0,0,0,0,1,1,0,0,0,0,1,0,0,109,135,0.87,0.05,0.01,0.01,0,0,0,0,normal
0,udp,domain_u,SF,30,0,0,0,0,0,0,0,0,0,0,0,0,0,0,0,0,1,2,0,0,0,0,1,0,1,90,27,0.3,0.06,0.3,0,0,0,0,0,normal
0,tcp,http,SF,308,5975,0,0,0,0,0,1,0,0,0,0,0,0,0,0,0,1,2,0,0,0,0,1,0,1,11,255,1,0,0.09,0.05,0,0,0,0,normal
0,tcp,http,SF,236,770,0,0,0,0,0,1,0,0,0,0,0,0,0,0,0,13,13,0,0,0,0,1,0,0,255,255,1,0,0,0,0,0,0,0,normal
0,tcp,smtp,SF,986,368,0,0,0,0,0,1,0,0,0,0,0,0,0,0,0,1,1,0,0,0,0,1,0,0,76,169,0.89,0.04,0.01,0.01,0,0,0,0,normal
0,tcp,http,SF,162,10384,0,0,0,0,0,1,0,0,0,0,0,0,0,0,0,1,1,0,0,0,0,1,0,0,10,255,1,0,0.1,0.04,0,0,0,0,normal
0,tcp,http,SF,209,2300,0,0,0,0,0,1,0,0,0,0,0,0,0,0,0,3,3,0,0,0,0,1,0,0,3,255,1,0,0.33,0.05,0,0,0,0,normal
0,udp,domain_u,SF,45,73,0,0,0,0,0,0,0,0,0,0,0,0,0,0,0,155,158,0,0,0,0,1,0,0.02,255,227,0.89,0.01,0,0,0,0,0,0,normal
0,tcp,http,SF,308,1075,0,0,0,0,0,1,0,0,0,0,0,0,0,0,0,7,7,0,0,0,0,1,0,0,255,253,0.99,0.01,0,0,0,0,0,0,normal
0,tcp,http,SF,260,1596,0,0,0,0,0,1,0,0,0,0,0,0,0,0,0,2,3,0,0,0,0,1,0,0.67,43,240,1,0,0.02,0.03,0,0.01,0,0,normal
0,tcp,http,SF,331,1907,0,0,0,0,0,1,0,0,0,0,0,0,0,0,0,10,41,0,0,0,0,1,0,0.05,67,255,1,0,0.01,0.04,0,0,0,0,normal
0,tcp,http,SF,189,18004,0,0,0,0,0,1,0,0,0,0,0,0,0,0,0,9,9,0,0,0,0,1,0,0,70,255,1,0,0.01,0.04,0,0,0,0,normal
0,tcp,http,SF,241,658,0,0,0,0,0,1,0,0,0,0,0,0,0,0,0,2,2,0,0,0,0,1,0,0,9,255,1,0,0.11,0.05,0,0.01,0,0,normal
0,tcp,http,SF,195,2150,0,0,0,0,0,1,0,0,0,0,0,0,0,0,0,3,3,0,0,0,0,1,0,0,3,255,1,0,0.33,0.01,0,0,0,0,normal
0,tcp,http,SF,293,185,0,0,0,0,0,1,0,0,0,0,0,0,0,0,0,8,8,0,0,0,0,1,0,0,8,255,1,0,0.12,0.01,0,0,0,0,normal
0,tcp,smtp,SF,47,283,0,0,0,0,0,1,1,0,0,0,0,0,0,0,0,1,1,0,0,0,0,1,0,0,234,135,0.58,0.03,0,0,0,0,0,0,normal
0,tcp,smtp,SF,848,332,0,0,0,0,0,1,0,0,0,0,0,0,0,0,0,1,3,0,0,0,0,1,0,1,113,171,0.62,0.05,0.01,0.01,0,0,0,0,normal
0,tcp,finger,SF,8,138,0,0,0,0,0,0,0,0,0,0,0,0,0,0,0,1,1,0,0,0,0,1,0,0,238,12,0.05,0.03,0,0,0,0,0,0,normal
0,udp,domain_u,SF,45,83,0,0,0,0,0,0,0,0,0,0,0,0,0,0,0,154,154,0,0,0,0,1,0,0,255,249,0.98,0.01,0.01,0,0,0,0,0,normal
0,tcp,ftp_data,SF,879,0,0,0,0,0,0,0,0,0,0,0,0,0,0,0,0,18,18,0,0,0,0,1,0,0,246,122,0.5,0.02,0.5,0,0,0,0,0,normal
0,tcp,http,SF,329,3308,0,0,0,0,0,1,0,0,0,0,0,0,0,0,0,26,47,0,0,0,0,1,0,0.13,50,255,1,0,0.02,0.03,0,0.01,0,0,normal
0,tcp,http,SF,244,268,0,0,0,0,0,1,0,0,0,0,0,0,0,0,0,1,11,0,0,0,0,1,0,0.18,15,255,1,0,0.07,0.04,0,0,0,0,normal
0,tcp,http,SF,226,7303,0,0,0,0,0,1,0,0,0,0,0,0,0,0,0,2,2,0,0,0,0,1,0,0,2,2,1,0,0.5,0,0,0,0,0,normal
0,tcp,ftp_data,SF,854,0,0,0,0,0,0,1,0,0,0,0,0,0,0,0,0,2,2,0,0,0,0,1,0,0,89,103,0.37,0.07,0.37,0.03,0.01,0,0,0,normal
0,tcp,http,SF,302,3909,0,0,0,0,0,1,0,0,0,0,0,0,0,0,0,2,2,0,0,0,0,1,0,0,2,255,1,0,0.5,0.02,0,0,0,0,normal
0,tcp,http,SF,307,321,0,0,0,0,0,1,0,0,0,0,0,0,0,0,0,8,8,0,0,0,0,1,0,0,255,255,1,0,0,0,0,0,0,0,normal
0,tcp,http,SF,194,11593,0,0,0,0,0,1,0,0,0,0,0,0,0,0,0,3,17,0,0,0,0,1,0,0.12,8,255,1,0,0.12,0.05,0,0,0,0,normal
0,udp,domain_u,SF,46,82,0,0,0,0,0,0,0,0,0,0,0,0,0,0,0,184,185,0,0,0,0,0.99,0.01,0.01,255,242,0.95,0.01,0,0,0,0,0,0,normal
0,tcp,http,SF,295,526,0,0,0,0,0,1,0,0,0,0,0,0,0,0,0,9,39,0,0,0,0,1,0,0.1,255,255,1,0,0,0,0,0,0,0,normal
1985,udp,other,SF,147,105,0,0,0,0,0,0,0,0,0,0,0,0,0,0,0,1,1,0,0,0,0,1,0,0,255,2,0.01,0.55,0.92,0,0,0,0,0,normal
15,tcp,auth,SF,9,37,0,0,0,0,0,1,0,0,0,0,0,0,0,0,0,1,1,0,0,0,0,1,0,0,255,14,0.05,0.02,0,0,0,0,0,0,normal
0,tcp,ftp_data,SF,192,0,0,0,0,0,0,1,0,0,0,0,0,0,0,0,0,2,3,0,0,0,0,1,0,0.67,255,115,0.45,0.01,0.45,0,0,0,0,0,normal
0,tcp,http,SF,279,3018,0,0,0,0,0,1,0,0,0,0,0,0,0,0,0,7,7,0,0,0,0,1,0,0,96,255,1,0,0.01,0.04,0,0,0,0,normal
0,tcp,http,REJ,0,0,0,0,0,0,0,0,0,0,0,0,0,0,0,0,0,1,1,0,0,1,1,1,0,0,9,255,1,0,0.11,0.05,0,0,0.11,0.03,normal
1,tcp,smtp,SF,1392,335,0,0,0,0,0,1,0,0,0,0,0,0,0,0,0,1,2,0,0,0,0,1,0,1,33,154,0.67,0.15,0.03,0.01,0,0,0,0,normal
261,udp,other,SF,147,105,0,0,0,0,0,0,0,0,0,0,0,0,0,0,0,1,1,0,0,0,0,1,0,0,255,2,0.01,0.6,0.93,0,0,0,0,0,normal
0,tcp,http,SF,185,25618,0,0,0,0,0,1,0,0,0,0,0,0,0,0,0,1,1,0,0,0,0,1,0,0,14,255,1,0,0.07,0.01,0,0,0,0,normal
0,icmp,urp_i,SF,78,0,0,0,0,0,0,0,0,0,0,0,0,0,0,0,0,5,2,0,0,0,0,0.4,0.4,0,255,26,0.1,0.01,0.1,0,0,0,0,0,normal
0,tcp,http,SF,222,1295,0,0,0,0,0,1,0,0,0,0,0,0,0,0,0,1,1,0,0,0,0,1,0,0,22,22,1,0,0.05,0,0,0,0,0,normal
0,tcp,http,SF,229,479,0,0,0,0,0,1,0,0,0,0,0,0,0,0,0,6,6,0,0,0,0,1,0,0,255,255,1,0,0,0,0,0,0,0,normal
0,udp,domain_u,SF,24,77,0,0,0,0,0,0,0,0,0,0,0,0,0,0,0,1,1,0,0,0,0,1,0,0,1,215,1,0,1,0.01,0,0,0,0,normal
0,tcp,http,SF,211,2156,0,0,0,0,0,1,0,0,0,0,0,0,0,0,0,3,4,0,0,0,0,1,0,0.5,255,255,1,0,0,0,0,0,0,0,normal
4,tcp,http,SF,252,273544,0,0,0,1,0,1,0,0,0,0,0,0,0,0,0,1,1,0,0,0,0,1,0,0,255,247,0.97,0.01,0,0,0,0,0,0,normal
0,tcp,http,SF,303,2495,0,0,0,0,0,1,0,0,0,0,0,0,0,0,0,7,7,0,0,0,0,1,0,0,7,255,1,0,0.14,0.04,0,0,0,0.01,normal
0,tcp,http,SF,220,1753,0,0,0,0,0,1,0,0,0,0,0,0,0,0,0,35,35,0.03,0.03,0,0,1,0,0,34,255,1,0,0.03,0.02,0,0,0,0,normal
0,tcp,ftp_data,SF,1109,0,0,0,0,0,0,0,0,0,0,0,0,0,0,0,0,1,1,0,0,0,0,1,0,0,225,39,0.12,0.02,0.12,0.05,0,0,0,0,normal
0,tcp,http,SF,211,811,0,0,0,0,0,1,0,0,0,0,0,0,0,0,0,6,6,0,0,0,0,1,0,0,231,255,1,0,0,0.02,0,0,0,0,normal
0,udp,domain_u,SF,44,81,0,0,0,0,0,0,0,0,0,0,0,0,0,0,0,109,110,0,0,0,0,0.99,0.02,0.03,255,240,0.94,0.01,0,0,0,0,0,0,normal
0,tcp,http,SF,303,2022,0,0,0,0,0,1,0,0,0,0,0,0,0,0,0,20,20,0,0,0,0,1,0,0,255,255,1,0,0,0,0,0,0,0,normal
0,tcp,http,SF,156,5430,0,0,0,0,0,1,0,0,0,0,0,0,0,0,0,5,5,0,0,0,0,1,0,0,5,255,1,0,0.2,0.01,0,0,0,0,normal
2,tcp,smtp,SF,1954,335,0,0,0,0,0,1,0,0,0,0,0,0,0,0,0,1,2,0,0,0,0,1,0,1,133,184,0.77,0.04,0.01,0.01,0,0,0,0,normal
0,tcp,http,REJ,0,0,0,0,0,0,0,0,0,0,0,0,0,0,0,0,0,1,2,0,0,1,1,1,0,1,17,177,1,0,0.06,0.16,0,0,1,0.94,normal
0,tcp,http,SF,207,2596,0,0,0,0,0,1,0,0,0,0,0,0,0,0,0,22,24,0,0,0,0,1,0,0.08,255,255,1,0,0,0,0,0,0,0,normal
0,tcp,smtp,SF,1451,373,0,0,0,0,0,1,0,0,0,0,0,0,0,0,0,1,2,0,0,0,0,1,0,1,125,244,0.95,0.02,0.01,0.01,0,0,0,0,normal
0,udp,private,SF,105,146,0,0,0,0,0,0,0,0,0,0,0,0,0,0,0,1,1,0,0,0,0,1,0,0,62,58,0.94,0.03,0.02,0,0,0,0,0,normal
0,tcp,http,SF,286,4220,0,0,0,0,0,1,0,0,0,0,0,0,0,0,0,5,8,0,0,0,0,1,0,0.38,5,255,1,0,0.2,0.07,0,0.01,0,0,normal
0,tcp,http,SF,227,349,0,0,0,0,0,1,0,0,0,0,0,0,0,0,0,5,5,0,0,0,0,1,0,0,5,255,1,0,0.2,0.05,0,0,0,0,normal
0,tcp,http,SF,182,1805,0,0,0,0,0,1,0,0,0,0,0,0,0,0,0,15,15,0,0,0,0,1,0,0,34,255,1,0,0.03,0.01,0,0,0,0,normal
2115,udp,other,SF,147,105,0,0,0,0,0,0,0,0,0,0,0,0,0,0,0,6,2,0,0,0,0,0.33,0.5,0,255,2,0.01,0.48,0.69,0,0,0,0,0,normal
4,tcp,smtp,SF,2353,328,0,0,0,0,0,1,0,0,0,0,0,0,0,0,0,2,2,0,0,0,0,0.5,1,1,255,150,0.59,0.03,0,0,0,0,0.02,0,normal
1,udp,private,SF,105,147,0,0,0,0,0,0,0,0,0,0,0,0,0,0,0,2,2,0,0,0,0,1,0,0,64,26,0.41,0.05,0.05,0,0,0,0,0,normal
0,tcp,http,SF,319,943,0,0,0,0,0,1,0,0,0,0,0,0,0,0,0,6,6,0,0,0,0,1,0,0,188,255,1,0,0.01,0.02,0,0,0,0,normal
0,tcp,smtp,SF,709,384,0,0,0,0,0,1,0,0,0,0,0,0,0,0,0,1,1,0,0,0,0,1,0,0,255,44,0.17,0.02,0,0,0.75,0,0,0,normal
0,tcp,http,SF,185,8188,0,0,0,1,0,1,0,1,0,0,0,0,0,0,0,1,1,0,0,0,0,1,0,0,11,168,1,0,0.09,0.05,0,0,0,0,normal
0,udp,domain_u,SF,43,70,0,0,0,0,0,0,0,0,0,0,0,0,0,0,0,147,147,0,0,0,0,1,0,0,255,224,0.88,0.01,0,0,0,0,0,0,normal
0,udp,domain_u,SF,44,137,0,0,0,0,0,0,0,0,0,0,0,0,0,0,0,67,147,0,0,0,0,1,0,0.01,255,254,1,0.01,0,0,0,0,0,0,normal
0,tcp,auth,SF,10,37,0,0,0,0,0,1,0,0,0,0,0,0,0,0,0,2,1,0,0,0,0,0.5,1,0,1,14,1,0,1,0.21,0,0,0,0,normal
0,tcp,http,SF,272,3373,0,0,0,0,0,1,0,0,0,0,0,0,0,0,0,4,5,0,0,0,0,1,0,0.4,66,255,1,0,0.02,0.03,0,0,0,0,normal
0,tcp,http,SF,238,397,0,0,0,0,0,1,0,0,0,0,0,0,0,0,0,18,18,0,0,0,0,1,0,0,255,255,1,0,0,0,0,0,0,0,normal
0,tcp,http,SF,233,7355,0,0,0,0,0,1,0,0,0,0,0,0,0,0,0,2,2,0,0,0,0,1,0,0,255,255,1,0,0,0,0,0,0,0,normal
0,tcp,http,SF,146,20006,0,0,0,0,0,1,0,0,0,0,0,0,0,0,0,1,1,0,0,0,0,1,0,0,22,255,1,0,0.05,0.06,0,0.01,0,0.01,normal
1,tcp,smtp,SF,3617,282,0,0,0,0,0,1,0,0,0,0,0,0,0,0,0,1,2,0,0,0,0,1,0,1,169,140,0.56,0.03,0.01,0.01,0.01,0.01,0,0,normal
25,udp,domain_u,SF,48,42,0,0,0,0,0,0,0,0,0,0,0,0,0,0,0,1,4,0,0,0,0,1,0,0.75,255,238,0.93,0.01,0.05,0,0,0,0,0,normal
0,tcp,http,SF,218,3089,0,0,0,0,0,1,0,0,0,0,0,0,0,0,0,14,14,0,0,0,0,1,0,0,53,255,1,0,0.02,0.05,0,0,0,0,normal
0,tcp,http,REJ,0,0,0,0,0,0,0,0,0,0,0,0,0,0,0,0,0,1,2,0,0,1,1,1,0,1,12,100,1,0,0.08,0.02,0,0,1,1,normal
1,tcp,smtp,SF,894,330,0,0,0,0,0,1,0,0,0,0,0,0,0,0,0,1,2,0,0,0,0,1,0,1,188,160,0.64,0.1,0.01,0.01,0.01,0,0,0,normal
0,tcp,ftp_data,SF,374,0,0,0,0,0,0,1,0,0,0,0,0,0,0,0,0,155,5,0.97,0,0,0,0.03,0.06,0,255,11,0.04,0.06,0.04,0,0.96,0,0,0,normal
0,tcp,http,SF,209,1965,0,0,0,0,0,1,0,0,0,0,0,0,0,0,0,30,30,0,0,0,0,1,0,0,255,255,1,0,0,0,0,0,0.32,0.32,normal
0,tcp,http,SF,145,4788,0,0,0,0,0,1,0,0,0,0,0,0,0,0,0,17,17,0,0,0,0,1,0,0,77,91,1,0,0.01,0.02,0,0,0,0.01,normal
0,tcp,http,SF,146,15634,0,0,0,0,0,1,0,0,0,0,0,0,0,0,0,13,14,0,0,0,0,1,0,0.14,255,255,1,0,0,0,0,0,0.01,0.01,normal
0,tcp,http,SF,244,5637,0,0,0,0,0,1,0,0,0,0,0,0,0,0,0,14,14,0,0,0,0,1,0,0,255,255,1,0,0,0,0,0,0,0,normal
0,tcp,http,SF,239,8317,0,0,0,0,0,1,0,0,0,0,0,0,0,0,0,1,5,0,0,0,0,1,0,0.4,64,254,1,0,0.02,0.03,0,0,0,0.01,normal
0,udp,domain_u,SF,17,70,0,0,0,0,0,0,0,0,0,0,0,0,0,0,0,1,2,0,0,0,0,1,0,1,147,209,0.9,0.01,0.9,0.01,0,0,0.07,0,normal
0,tcp,http,SF,326,12944,0,0,0,0,0,1,0,0,0,0,0,0,0,0,0,22,34,0,0,0,0,1,0,0.12,255,255,1,0,0.01,0,0,0,0,0,normal
15,tcp,smtp,SF,3572,329,0,0,0,0,0,1,0,0,0,0,0,0,0,0,0,1,3,0,0,0,0,1,0,1,238,170,0.71,0.02,0,0,0,0,0,0,normal
0,tcp,ftp_data,SF,3690,0,0,0,0,0,0,1,0,0,0,0,0,0,0,0,0,6,7,0,0,0,0,1,0,0.29,26,56,0.46,0.12,0.46,0.05,0,0,0,0,normal
0,tcp,http,SF,242,3248,0,0,0,0,0,1,0,0,0,0,0,0,0,0,0,1,1,0,0,0,0,1,0,0,2,255,1,0,0.5,0.02,0,0,0,0,normal
0,tcp,http,SF,212,253,0,0,0,0,0,1,0,0,0,0,0,0,0,0,0,21,34,0,0,0,0,1,0,0.09,255,255,1,0,0,0,0,0,0,0,normal
0,udp,domain_u,SF,44,130,0,0,0,0,0,0,0,0,0,0,0,0,0,0,0,199,199,0,0,0,0,1,0,0,255,251,0.98,0.01,0,0,0,0,0,0,normal
0,tcp,http,SF,180,175,0,0,0,0,0,1,0,0,0,0,0,0,0,0,0,1,1,0,0,0,0,1,0,0,26,255,1,0,0.04,0.06,0,0,0,0,normal
0,tcp,http,SF,235,2251,0,0,0,0,0,1,0,0,0,0,0,0,0,0,0,13,13,0,0,0,0,1,0,0,37,255,1,0,0.03,0.02,0,0,0.08,0.09,normal
0,tcp,http,SF,438,3110,0,0,0,0,0,1,0,0,0,0,0,0,0,0,0,21,22,0,0,0,0,1,0,0.09,255,255,1,0,0,0,0,0,0,0,normal
0,tcp,http,SF,323,608,0,0,0,0,0,1,0,0,0,0,0,0,0,0,0,26,26,0,0,0,0,1,0,0,255,255,1,0,0,0,0,0,0,0,normal
0,tcp,http,SF,308,10706,0,0,0,0,0,1,0,0,0,0,0,0,0,0,0,9,9,0,0,0,0,1,0,0,42,255,1,0,0.02,0.05,0,0,0,0,normal
0,tcp,http,SF,159,21375,0,0,0,0,0,1,0,0,0,0,0,0,0,0,0,2,38,0,0,0,0,1,0,0.16,2,255,1,0,0.5,0.01,0,0,0,0,normal
0,tcp,http,SF,291,762,0,0,0,0,0,1,0,0,0,0,0,0,0,0,0,39,39,0,0,0,0,1,0,0,255,255,1,0,0,0,0,0,0,0,normal
1,tcp,smtp,SF,1392,335,0,0,0,0,0,1,0,0,0,0,0,0,0,0,0,1,2,0,0,0,0,1,0,1,33,154,0.67,0.15,0.03,0.01,0,0,0,0,normal
0,udp,domain_u,SF,43,133,0,0,0,0,0,0,0,0,0,0,0,0,0,0,0,42,95,0,0,0,0,1,0,0.02,255,254,1,0.01,0,0,0,0,0,0,normal
0,udp,domain_u,SF,43,125,0,0,0,0,0,0,0,0,0,0,0,0,0,0,0,70,150,0,0,0,0,1,0,0.01,255,254,1,0.01,0,0,0,0,0,0,normal
0,tcp,finger,SF,9,285,0,0,0,0,0,0,0,0,0,0,0,0,0,0,0,1,1,0,0,0,0,1,0,0,14,15,0.14,0.36,0.07,0.33,0,0,0,0,normal
0,tcp,smtp,SF,1809,325,0,0,0,0,0,1,0,0,0,0,0,0,0,0,0,1,2,0,0,0,0,1,0,1,16,90,0.81,0.25,0.06,0.03,0,0,0,0,normal
0,udp,domain_u,SF,44,132,0,0,0,0,0,0,0,0,0,0,0,0,0,0,0,70,148,0,0,0,0,1,0,0.01,248,164,0.66,0.01,0,0,0,0,0,0,normal
0,tcp,http,SF,309,3511,0,0,0,0,0,1,0,0,0,0,0,0,0,0,0,18,19,0,0,0,0,1,0,0.11,207,255,1,0,0,0.02,0,0,0,0,normal
0,tcp,http,SF,302,572,0,0,0,0,0,1,0,0,0,0,0,0,0,0,0,3,3,0,0,0,0,1,0,0,3,255,1,0,0.33,0.03,0,0,0,0,normal
0,tcp,http,SF,162,8378,0,0,0,0,0,1,0,0,0,0,0,0,0,0,0,3,6,0,0,0,0,1,0,0.5,14,255,1,0,0.07,0.09,0,0,0,0,normal
0,tcp,http,SF,206,1849,0,0,0,0,0,1,0,0,0,0,0,0,0,0,0,5,5,0,0,0,0,1,0,0,5,255,1,0,0.2,0.05,0,0,0,0,normal
0,tcp,http,SF,194,15965,0,0,0,0,0,1,0,0,0,0,0,0,0,0,0,22,22,0,0,0,0,1,0,0,96,255,1,0,0.01,0.02,0,0,0,0,normal
0,tcp,http,SF,227,11564,0,0,0,0,0,1,0,0,0,0,0,0,0,0,0,5,6,0,0,0,0,1,0,0.33,41,52,1,0,0.02,0.04,0,0,0,0,normal
0,udp,domain_u,SF,35,51,0,0,0,0,0,0,0,0,0,0,0,0,0,0,0,2,5,0,0,0,0,1,0,0.6,255,255,1,0,0.01,0,0,0,0,0,normal
0,udp,domain_u,SF,45,114,0,0,0,0,0,0,0,0,0,0,0,0,0,0,0,1,5,0,0,0,0,1,0,0.6,255,241,0.95,0.02,0,0,0,0,0,0,normal
0,tcp,ftp_data,SF,16787,0,0,0,0,0,0,1,0,0,0,0,1,0,0,0,0,9,8,0,0,0,0,0.89,0.22,0,144,18,0.12,0.03,0.12,0,0,0,0,0,normal
0,udp,domain_u,SF,45,84,0,0,0,0,0,0,0,0,0,0,0,0,0,0,0,141,141,0,0,0,0,1,0,0,255,254,1,0.01,0,0,0,0,0,0,normal
0,tcp,ftp_data,SF,749,0,0,0,0,0,0,0,0,0,0,0,0,0,0,0,0,2,2,0,0,0,0,1,0,0,156,31,0.2,0.03,0.2,0,0,0,0.04,0,normal
0,tcp,http,SF,331,6162,0,0,0,0,0,1,0,0,0,0,0,0,0,0,0,7,7,0,0,0,0,1,0,0,7,255,1,0,0.14,0.02,0,0,0,0,normal
0,tcp,http,SF,313,2698,0,0,0,0,0,1,0,0,0,0,0,0,1,0,0,3,3,0,0,0,0,1,0,0,255,240,0.94,0.01,0,0,0,0,0,0,normal
0,tcp,http,SF,233,1749,0,0,0,0,0,1,0,0,0,0,0,0,0,0,0,10,10,0,0,0,0,1,0,0,126,255,1,0,0.01,0.01,0,0,0,0,normal
0,udp,domain_u,SF,32,92,0,0,0,0,0,0,0,0,0,0,0,0,0,0,0,2,6,0,0,0,0,0.5,1,0.33,75,13,0.17,0.05,0.01,0,0,0,0,0,normal
0,udp,domain_u,SF,45,45,0,0,0,0,0,0,0,0,0,0,0,0,0,0,0,156,158,0,0,0,0,1,0,0.01,255,229,0.9,0.01,0,0,0,0,0,0,normal
0,tcp,telnet,S1,1419,24871,0,0,0,11,0,1,0,0,0,0,6,0,0,0,0,1,1,1,1,0,0,1,0,0,255,16,0.06,0.59,0,0,0.59,0.19,0,0,normal
0,udp,domain_u,SF,44,44,0,0,0,0,0,0,0,0,0,0,0,0,0,0,0,146,228,0,0,0,0,1,0,0.02,255,255,1,0,0.01,0,0,0,0,0,normal
0,tcp,http,SF,312,6107,0,0,0,0,0,1,0,0,0,0,0,0,0,0,0,3,4,0,0,0,0,1,0,0.5,3,255,1,0,0.33,0.01,0,0,0,0,normal
0,tcp,smtp,SF,2652,337,0,0,0,0,0,1,0,0,0,0,0,0,0,0,0,1,1,0,0,0,0,1,0,0,214,241,0.95,0.01,0,0.01,0,0,0,0,normal
0,tcp,http,S0,0,0,0,0,0,0,0,0,0,0,0,0,0,0,0,0,0,2,2,0.5,0.5,0,0,1,0,0,64,64,1,0,0.03,0,0.05,0.05,0,0,normal
0,tcp,http,SF,364,513,0,0,0,0,0,1,0,0,0,0,0,0,0,0,0,5,5,0,0,0,0,1,0,0,255,255,1,0,0,0,0,0,0,0,normal
0,tcp,http,SF,264,295,0,0,0,0,0,1,0,0,0,0,0,0,0,0,0,7,7,0,0,0,0,1,0,0,255,255,1,0,0,0,0,0,0,0,normal
0,tcp,http,SF,334,3751,0,0,0,0,0,1,0,0,0,0,0,0,0,0,0,3,3,0,0,0,0,1,0,0,21,255,1,0,0.05,0.06,0,0,0,0,normal
202,tcp,telnet,SF,209,1824,0,0,0,0,0,1,5,0,0,0,0,0,0,0,0,1,1,0,0,0,0,1,0,0,129,12,0.09,0.04,0.01,0,0.02,0.25,0,0,normal
0,tcp,http,SF,324,2309,0,0,0,0,0,1,0,0,0,0,0,0,0,0,0,11,11,0,0,0,0,1,0,0,48,255,1,0,0.02,0.03,0,0,0,0,normal
0,tcp,http,SF,316,293,0,0,0,0,0,1,0,0,0,0,0,0,0,0,0,11,16,0,0,0.09,0.06,1,0,0.31,255,255,1,0,0,0,0,0,0,0,normal
0,tcp,http,SF,272,4201,0,0,0,0,0,1,0,0,0,0,0,0,0,0,0,7,7,0,0,0,0,1,0,0,255,255,1,0,0,0,0,0,0,0,normal
0,tcp,http,SF,323,1928,0,0,0,0,0,1,0,0,0,0,0,0,0,0,0,3,3,0,0,0,0,1,0,0,75,255,1,0,0.01,0.03,0,0,0,0,normal
0,tcp,http,S0,0,0,0,0,0,0,0,0,0,0,0,0,0,0,0,0,0,2,2,0.5,0.5,0,0,1,0,0,34,211,1,0,0.06,0.05,0.03,0,0,0,normal
0,tcp,http,SF,299,2452,0,0,0,0,0,1,0,0,0,0,0,0,0,0,0,9,9,0,0,0,0,1,0,0,9,97,1,0,0.11,0.05,0,0,0,0,normal
0,tcp,ftp_data,SF,6601,0,0,0,0,0,0,1,0,0,0,0,0,0,0,0,0,18,18,0,0,0,0,1,0,0,178,87,0.35,0.03,0.35,0.02,0,0,0.02,0,normal
0,udp,domain_u,SF,43,43,0,0,0,0,0,0,0,0,0,0,0,0,0,0,0,189,189,0,0,0,0,1,0,0,255,255,1,0,0,0,0,0,0,0,normal
0,tcp,http,SF,215,2528,0,0,0,0,0,1,0,0,0,0,0,0,0,0,0,10,19,0,0,0,0,1,0,0.16,74,255,1,0,0.01,0.04,0,0,0,0,normal
0,tcp,smtp,SF,954,326,0,0,0,0,0,1,0,0,0,0,0,0,0,0,0,2,1,0,0,0,0,0.5,1,0,28,104,0.71,0.11,0.04,0.02,0,0,0,0,normal
0,tcp,http,SF,304,2785,0,0,0,0,0,1,0,0,0,0,0,0,0,0,0,10,28,0,0,0,0,1,0,0.07,255,255,1,0,0,0,0,0,0,0,normal
0,tcp,time,S3,1,4,0,0,0,0,0,0,0,0,0,0,0,0,0,0,0,1,1,1,1,0,0,1,0,0,19,19,1,0,0.05,0,0.05,0.05,0,0,normal
1,tcp,pop_3,SF,52,1565,0,0,0,0,0,1,0,0,0,0,0,0,0,0,0,1,1,0,0,0,0,1,0,0,72,3,0.03,0.08,0.01,0.67,0.01,0,0.01,0,normal
0,tcp,smtp,SF,584,327,0,0,0,0,0,1,0,0,0,0,0,0,0,0,0,1,1,0,0,0,0,1,0,0,255,26,0.1,0.53,0,0,0,0,0,0,normal
0,tcp,http,SF,308,1380,0,0,0,0,0,1,0,0,0,0,0,0,0,0,0,2,8,0,0,0,0,1,0,0.25,255,251,0.98,0.01,0,0,0,0,0,0,normal
0,tcp,http,SF,205,10044,0,0,0,0,0,1,0,0,0,0,0,0,0,0,0,11,12,0,0,0,0,1,0,0.17,255,255,1,0,0,0,0,0,0,0,normal
0,tcp,http,SF,273,5189,0,0,0,0,0,1,0,0,0,0,0,0,0,0,0,1,1,0,0,0,0,1,0,0,40,255,1,0,0.03,0.04,0.03,0,0.15,0.04,normal
0,tcp,http,SF,172,2595,0,0,0,0,0,1,0,0,0,0,0,0,0,0,0,1,1,0,0,0,0,1,0,0,31,255,1,0,0.03,0.02,0,0,0,0,normal
0,tcp,http,SF,288,2506,0,0,0,0,0,1,0,0,0,0,0,0,0,0,0,3,3,0,0,0,0,1,0,0,17,255,1,0,0.06,0.03,0,0,0,0,normal
0,tcp,http,SF,282,8544,0,0,0,0,0,1,0,0,0,0,0,0,0,0,0,1,12,0,0,0,0,1,0,0.25,4,78,1,0,0.25,0.1,0.25,0.01,0,0,normal
0,tcp,http,SF,228,1112,0,0,0,0,0,1,0,0,0,0,0,0,0,0,0,13,13,0,0,0,0,1,0,0,255,255,1,0,0,0,0,0,0,0,normal
0,udp,domain_u,SF,46,138,0,0,0,0,0,0,0,0,0,0,0,0,0,0,0,7,87,0,0,0,0,1,0,0.02,255,254,1,0.01,0,0,0,0,0,0,normal
0,tcp,http,SF,181,12835,0,0,0,0,0,1,0,0,0,0,0,0,0,0,0,1,1,0,0,0,0,1,0,0,58,255,1,0,0.02,0.02,0,0,0,0,normal
0,tcp,http,REJ,0,0,0,0,0,0,0,0,0,0,0,0,0,0,0,0,0,1,1,0,0,1,1,1,0,0,7,255,1,0,0.14,0.24,0,0,1,0.91,normal
0,tcp,http,SF,243,714,0,0,0,0,0,1,0,0,0,0,0,0,0,0,0,14,14,0,0,0,0,1,0,0,63,255,1,0,0.02,0.05,0,0,0,0,normal
0,tcp,smtp,SF,2873,330,0,0,0,0,0,1,0,0,0,0,0,0,0,0,0,6,1,0,0,0,0,0.17,0.33,0,188,118,0.63,0.03,0.01,0,0,0,0,0,normal
0,tcp,http,SF,250,293,0,0,0,0,0,1,0,0,0,0,0,0,0,0,0,23,26,0,0,0,0,1,0,0.12,200,255,1,0,0,0.02,0,0,0,0,normal
27,tcp,smtp,SF,12778,1396,0,0,0,0,0,1,0,0,0,0,0,0,0,0,0,1,3,0,0,0,0,1,0,1,79,166,0.9,0.06,0.01,0.02,0,0.01,0,0,normal
0,tcp,http,SF,218,1785,0,0,0,0,0,1,0,0,0,0,0,0,0,0,0,9,41,0,0,0,0,1,0,0.05,49,255,1,0,0.02,0.06,0,0,0,0,normal
0,tcp,smtp,SF,1681,375,0,0,0,0,0,1,0,0,0,0,0,0,0,0,0,1,1,0,0,0,0,1,0,0,136,166,0.53,0.03,0.01,0.01,0,0,0.01,0,normal
0,tcp,http,SF,317,1927,0,0,0,0,0,1,0,0,0,0,0,0,0,0,0,20,30,0,0,0,0,1,0,0.1,119,255,1,0,0.01,0.03,0,0,0,0,normal
1,tcp,smtp,SF,1759,334,0,0,0,0,0,1,0,0,0,0,0,0,0,0,0,1,2,0,0,0,0,1,0,1,125,172,0.54,0.04,0.01,0.01,0,0,0,0,normal
0,udp,domain_u,SF,46,135,0,0,0,0,0,0,0,0,0,0,0,0,0,0,0,67,147,0,0,0,0,1,0,0.01,255,255,1,0,0,0,0,0,0,0,normal
0,tcp,http,SF,235,654,0,0,0,0,0,1,0,0,0,0,0,0,0,0,0,9,9,0,0,0,0,1,0,0,255,255,1,0,0,0,0,0,0,0,normal
0,tcp,http,SF,385,361,0,0,0,0,0,1,0,0,0,0,0,0,0,0,0,12,12,0,0,0,0,1,0,0,75,231,1,0,0.01,0.19,0,0,0.08,0.7,normal
0,tcp,http,SF,325,13391,0,0,0,0,0,1,0,0,0,0,0,0,0,0,0,2,2,0,0,0,0,1,0,0,70,255,1,0,0.01,0.02,0,0,0,0,normal
1,tcp,smtp,SF,642,331,0,0,0,0,0,1,0,0,0,0,0,0,0,0,0,1,2,0,0,0,0,1,0,1,252,148,0.59,0.02,0,0,0.01,0.01,0,0,normal
0,udp,domain_u,SF,46,134,0,0,0,0,0,0,0,0,0,0,0,0,0,0,0,93,173,0,0,0,0,1,0,0.01,255,254,1,0.01,0,0,0,0,0,0,normal
0,icmp,eco_i,SF,30,0,0,0,0,0,0,0,0,0,0,0,0,0,0,0,0,1,1,0,0,0,0,1,0,0,56,131,1,0,1,0.3,0,0,0,0,normal
23,tcp,smtp,SF,11935,1384,0,0,0,0,0,1,0,0,0,0,0,0,0,0,0,1,2,0,0,0,0,1,0,1,14,160,1,0,0.07,0.02,0,0,0,0,normal
0,tcp,http,SF,172,1138,0,0,0,0,0,1,0,0,0,0,0,0,0,0,0,5,10,0,0.1,0,0,1,0,0.4,75,255,1,0,0.01,0.02,0,0,0,0,normal
0,tcp,ftp_data,SF,383,0,0,0,0,0,0,0,0,0,0,0,0,0,0,0,0,2,2,0,0,0,0,1,0,0,13,32,0.23,0.15,0.23,0.06,0,0,0,0,normal
0,tcp,http,SF,314,1410,0,0,0,0,0,1,0,0,0,0,0,0,0,0,0,21,21,0,0,0,0,1,0,0,255,255,1,0,0,0,0,0,0,0,normal
0,tcp,http,SF,230,1380,0,0,0,0,0,1,0,0,0,0,0,0,0,0,0,4,52,0,0,0,0,1,0,0.04,255,251,0.98,0.01,0,0,0,0,0,0,normal
0,udp,domain_u,SF,45,45,0,0,0,0,0,0,0,0,0,0,0,0,0,0,0,158,238,0,0,0,0,1,0,0.01,255,255,1,0,0.01,0,0,0,0,0,normal
0,tcp,http,REJ,0,0,0,0,0,0,0,0,0,0,0,0,0,0,0,0,0,1,1,0,0,1,1,1,0,0,12,30,1,0,0.08,0.07,0,0,1,1,normal
0,tcp,http,SF,195,254,0,0,0,0,0,1,0,0,0,0,0,0,0,0,0,17,23,0,0,0,0,1,0,0.13,38,255,1,0,0.03,0.05,0,0,0,0,normal
0,tcp,http,SF,293,25672,0,0,0,0,0,1,0,0,0,0,0,0,0,0,0,2,2,0,0,0,0,1,0,0,143,255,1,0,0.01,0.02,0,0,0,0.01,normal
0,tcp,http,SF,219,788,0,0,0,0,0,1,0,0,0,0,0,0,0,0,0,6,31,0,0,0,0,1,0,0.06,255,255,1,0,0,0,0,0,0,0,normal
0,tcp,smtp,SF,705,330,0,0,0,0,0,1,0,0,0,0,0,0,0,0,0,1,1,0,0,0,0,1,0,0,39,129,0.77,0.13,0.03,0.02,0,0,0,0,normal
4,tcp,smtp,SF,17086,340,0,0,0,0,0,1,0,0,0,0,0,0,0,0,0,1,1,0,0,0,0,1,0,0,114,190,0.6,0.04,0.01,0.01,0,0,0,0,normal
0,tcp,http,SF,217,1371,0,0,0,0,0,1,0,0,0,0,0,0,0,0,0,14,14,0,0,0,0,1,0,0,14,255,1,0,0.07,0.04,0,0,0,0,normal
0,tcp,http,SF,255,950,0,0,0,0,0,1,0,0,0,0,0,0,0,0,0,21,24,0,0,0,0,1,0,0.12,160,255,1,0,0.01,0.03,0.01,0,0,0,normal
0,tcp,smtp,SF,1342,331,0,0,0,0,0,1,0,0,0,0,0,0,0,0,0,1,1,0,0,0,0,1,0,0,171,162,0.61,0.02,0.01,0.01,0,0,0,0,normal
0,udp,private,SF,105,146,0,0,0,0,0,0,0,0,0,0,0,0,0,0,0,3,2,0,0,0,0,0.67,0.67,0,255,239,0.94,0.01,0.01,0,0,0,0,0,normal
0,udp,domain_u,SF,43,125,0,0,0,0,0,0,0,0,0,0,0,0,0,0,0,196,196,0,0,0,0,1,0,0,255,255,1,0,0,0,0,0,0,0,normal
0,udp,domain_u,SF,44,137,0,0,0,0,0,0,0,0,0,0,0,0,0,0,0,65,145,0,0,0,0,1,0,0.01,255,244,0.96,0.01,0,0,0,0,0,0,normal
0,tcp,http,SF,197,7712,0,0,0,0,0,1,0,0,0,0,0,0,0,0,0,3,3,0,0,0,0,1,0,0,27,255,1,0,0.04,0.04,0,0,0,0,normal
0,tcp,http,SF,324,1668,0,0,0,0,0,1,0,0,0,0,0,0,0,0,0,1,1,0,0,0,0,1,0,0,10,13,1,0,0.1,0.15,0,0.15,0,0.08,normal
0,tcp,http,SF,192,758,0,0,0,0,0,1,0,0,0,0,0,0,0,0,0,3,11,0,0,0,0,1,0,0.18,49,255,1,0,0.02,0.01,0,0,0,0,normal
0,tcp,http,SF,344,5378,0,0,0,0,0,1,0,0,0,0,0,0,0,0,0,8,20,0,0,0,0,1,0,0.1,255,255,1,0,0,0,0,0,0,0,normal
0,udp,other,SF,146,0,0,0,0,0,0,0,0,0,0,0,0,0,0,0,0,1,1,0,0,0,0,1,0,0,255,2,0.01,0.65,0.96,0,0,0,0,0,normal
0,tcp,http,SF,287,74301,0,0,0,0,0,1,0,0,0,0,0,0,0,0,0,4,4,0,0,0,0,1,0,0,4,255,1,0,0.25,0.01,0,0,0,0,normal
0,tcp,ftp_data,SF,7077,0,0,0,0,0,0,1,0,0,0,0,0,0,0,0,0,4,4,0,0,0,0,1,0,0,129,88,0.29,0.05,0.29,0.02,0.01,0,0,0,normal
0,tcp,http,SF,202,983,0,0,0,0,0,1,0,0,0,0,0,0,0,0,0,15,15,0,0,0,0,1,0,0,53,255,1,0,0.02,0.03,0,0,0,0,normal
2269,udp,other,SF,147,105,0,0,0,0,0,0,0,0,0,0,0,0,0,0,0,1,1,0,0,0,0,1,0,0,255,1,0,0.85,0.97,0,0,0,0,0,normal
0,tcp,http,REJ,0,0,0,0,0,0,0,0,0,0,0,0,0,0,0,0,0,20,20,0,0,0.8,0.8,1,0,0,23,176,1,0,0.04,0.22,0,0,0.83,0.98,normal
0,udp,domain_u,SF,45,111,0,0,0,0,0,0,0,0,0,0,0,0,0,0,0,61,141,0,0,0,0,1,0,0.01,175,144,0.82,0.01,0.01,0,0,0,0,0,normal
0,tcp,http,SF,158,26866,0,0,0,2,0,1,0,0,0,0,0,0,0,0,0,1,4,0,0.25,0,0,1,0,0.5,255,255,1,0,0,0,0,0,0,0,normal
0,tcp,http,SF,200,253,0,0,0,0,0,1,0,0,0,0,0,0,0,0,0,7,7,0,0,0,0,1,0,0,7,255,1,0,0.14,0.01,0,0,0,0,normal
0,tcp,http,SF,218,904,0,0,0,0,0,1,0,0,0,0,0,0,0,0,0,18,18,0,0,0,0,1,0,0,255,255,1,0,0,0,0,0,0,0,normal
0,tcp,http,SF,289,761,0,0,0,0,0,1,0,0,0,0,0,0,0,0,0,2,7,0,0,0,0,1,0,0.29,174,255,1,0,0.01,0.01,0,0,0,0,normal
0,tcp,http,SF,207,626,0,0,0,0,0,1,0,0,0,0,0,0,0,0,0,16,17,0,0,0,0,1,0,0.12,255,255,1,0,0,0,0,0,0,0,normal
0,tcp,http,SF,243,1012,0,0,0,0,0,1,0,0,0,0,0,0,0,0,0,23,23,0,0,0,0,1,0,0,255,255,1,0,0,0,0,0,0,0,normal
0,udp,domain_u,SF,44,136,0,0,0,0,0,0,0,0,0,0,0,0,0,0,0,224,300,0,0,0,0,1,0,0.01,255,253,0.99,0.01,0,0,0,0,0,0,normal
0,tcp,http,SF,198,3534,0,0,0,0,0,1,0,0,0,0,0,0,0,0,0,14,48,0,0,0,0,1,0,0.08,14,255,1,0,0.07,0.01,0,0,0,0,normal
0,udp,domain_u,SF,45,133,0,0,0,0,0,0,0,0,0,0,0,0,0,0,0,73,153,0,0,0,0,1,0,0.01,255,255,1,0,0,0,0,0,0,0,normal
0,tcp,http,S0,0,0,0,0,0,0,0,0,0,0,0,0,0,0,0,0,0,2,2,0.5,0.5,0,0,1,0,0,3,255,1,0,0.67,0.04,0.33,0,0,0,normal
0,tcp,http,SF,236,324,0,0,0,0,0,1,0,0,0,0,0,0,0,0,0,11,11,0,0,0,0,1,0,0,255,255,1,0,0,0,0,0,0,0,normal
0,tcp,auth,SF,10,36,0,0,0,0,0,1,0,0,0,0,0,0,0,0,0,2,1,0,0,0,0,0.5,1,0,98,10,0.06,0.04,0.01,0.2,0,0,0,0,normal
0,tcp,smtp,SF,1009,327,0,0,0,0,0,1,0,0,0,0,0,0,0,0,0,1,2,0,0,0,0,1,0,1,192,166,0.67,0.03,0.01,0.01,0,0,0,0,normal
14,tcp,smtp,SF,1570,332,0,0,0,0,0,1,0,0,0,0,0,0,0,0,0,1,1,0,0,0,0,1,0,0,191,83,0.39,0.02,0.01,0.02,0.01,0,0,0,normal
0,udp,domain_u,SF,44,133,0,0,0,0,0,0,0,0,0,0,0,0,0,0,0,73,75,0,0,0,0,1,0,0.03,122,212,0.88,0.02,0.88,0.01,0,0,0.08,0,normal
1,tcp,smtp,SF,928,363,0,0,0,0,0,1,0,0,0,0,0,0,0,0,0,1,1,0,0,0,0,1,0,0,98,74,0.76,0.05,0.01,0,0.01,0.01,0,0,normal
4280,udp,other,SF,146,105,0,0,0,0,0,0,0,0,0,0,0,0,0,0,0,2,2,0,0,0,0,1,0,0,128,2,0.02,0.65,0.95,0,0,0,0,0,normal
0,tcp,http,SF,252,8260,0,0,0,0,0,1,0,0,0,0,0,0,0,0,0,2,16,0,0,0,0,1,0,0.25,134,255,1,0,0.01,0.01,0,0,0,0,normal
0,tcp,http,SF,258,1012,0,0,0,0,0,1,0,0,0,0,0,0,0,0,0,21,21,0,0,0,0,1,0,0,255,255,1,0,0,0,0,0,0,0,normal
0,tcp,http,SF,215,1469,0,0,0,0,0,1,0,0,0,0,0,0,0,0,0,16,16,0,0,0,0,1,0,0,64,255,1,0,0.02,0.04,0,0,0,0,normal
0,tcp,http,REJ,0,0,0,0,0,0,0,0,0,0,0,0,0,0,0,0,0,1,2,0,0,1,1,1,0,1,2,250,1,0,0.5,0.18,0,0,1,1,normal
0,tcp,http,SF,219,935,0,0,0,0,0,1,0,0,0,0,0,0,0,0,0,4,4,0,0,0,0,1,0,0,82,255,1,0,0.01,0.03,0,0,0,0,normal
2639,udp,other,SF,147,105,0,0,0,0,0,0,0,0,0,0,0,0,0,0,0,1,1,0,0,0,0,1,0,0,255,2,0.01,0.76,1,0,0,0,0,0,normal
0,tcp,http,SF,216,16904,0,0,0,0,0,1,0,0,0,0,0,0,0,0,0,17,18,0,0,0,0,1,0,0.11,255,255,1,0,0,0,0,0,0,0,normal
20,tcp,smtp,SF,2261,332,0,0,0,0,0,1,0,0,0,0,0,0,0,0,0,1,2,0,0,0,0,1,0,1,2,164,1,0,0.5,0.01,0,0,0,0,normal
7,tcp,ftp,SF,55,170,0,0,0,0,1,0,0,0,0,0,0,0,0,0,0,1,1,0,0,0,0,1,0,0,24,7,0.29,0.12,0.04,0,0,0,0,0,normal
0,tcp,http,SF,225,702,0,0,0,0,0,1,0,0,0,0,0,0,0,0,0,15,22,0,0.05,0,0.05,1,0,0.23,255,255,1,0,0,0,0,0,0,0,normal
0,tcp,http,SF,213,1752,0,0,0,0,0,1,0,0,0,0,0,0,0,0,0,21,52,0,0,0,0,1,0,0.08,73,255,1,0,0.01,0.04,0,0,0,0,normal
0,udp,domain_u,SF,30,0,0,0,0,0,0,0,0,0,0,0,0,0,0,0,0,1,2,0,0,0,0,1,0,1,41,26,0.15,0.12,0.15,0.08,0,0,0,0,normal
0,tcp,http,SF,317,17733,0,0,0,0,0,1,0,0,0,0,0,0,0,0,0,26,26,0,0,0,0,1,0,0,255,255,1,0,0,0,0,0,0,0,normal
0,tcp,http,SF,344,573,0,0,0,0,0,1,0,0,0,0,0,0,0,0,0,28,60,0.04,0.03,0,0,1,0,0.08,255,255,1,0,0,0,0,0,0,0,normal
0,tcp,http,SF,305,759,0,0,0,0,0,1,0,0,0,0,0,0,0,0,0,1,1,0,0,0,0,1,0,0,86,255,1,0,0.01,0.01,0,0,0,0,normal
0,udp,other,SF,516,4,0,0,0,0,0,0,0,0,0,0,0,0,0,0,0,337,337,0,0,0,0,1,0,0,255,255,1,0,1,0,0,0,0,0,normal
0,tcp,http,SF,308,1380,0,0,0,0,0,1,0,0,0,0,0,0,0,0,0,2,8,0,0,0,0,1,0,0.25,255,251,0.98,0.01,0,0,0,0,0,0,normal
0,tcp,http,SF,295,7412,0,0,0,0,0,1,0,0,0,0,0,0,0,0,0,5,5,0,0,0,0,1,0,0,48,255,1,0,0.02,0.01,0,0.01,0,0,normal
0,tcp,http,SF,230,24647,0,0,0,0,0,1,0,0,0,0,0,0,0,0,0,12,23,0,0,0,0,1,0,0.09,12,255,1,0,0.08,0.05,0,0.01,0,0,normal
0,tcp,http,REJ,0,0,0,0,0,0,0,0,0,0,0,0,0,0,0,0,0,14,14,0,0,0.64,0.64,1,0,0,14,255,1,0,0.07,0.01,0,0,0.64,0.05,normal
0,tcp,http,SF,300,1400,0,0,0,0,0,1,0,0,0,0,0,0,0,0,0,44,46,0,0,0,0,1,0,0.07,180,255,1,0,0.01,0.02,0,0,0,0,normal
1,tcp,smtp,SF,1031,391,0,0,0,0,0,1,0,0,0,0,0,0,0,0,0,1,2,0,0,0,0,1,0,1,255,26,0.1,0.06,0,0,0,0,0.87,0,normal
0,tcp,http,SF,161,6684,0,0,0,0,0,1,0,0,0,0,0,0,0,0,0,10,10,0,0,0,0,1,0,0,37,255,1,0,0.03,0.04,0,0,0,0,normal
0,udp,domain_u,SF,46,81,0,0,0,0,0,0,0,0,0,0,0,0,0,0,0,237,237,0,0,0,0,1,0,0,255,228,0.89,0.01,0,0,0,0,0,0,normal
0,tcp,http,SF,187,14664,0,0,0,0,0,1,0,0,0,0,0,0,0,0,0,1,1,0,0,0,0,1,0,0,255,255,1,0,0,0,0,0,0,0,normal
0,tcp,http,SF,199,461,0,0,0,0,0,1,0,0,0,0,0,0,0,0,0,2,2,0,0,0,0,1,0,0,255,255,1,0,0,0,0,0,0,0,normal
0,tcp,http,SF,178,3118,0,0,0,0,0,1,0,0,0,0,0,0,0,0,0,5,5,0,0,0,0,1,0,0,255,243,0.95,0.01,0,0,0.03,0.03,0,0,normal
0,tcp,http,SF,210,310,0,0,0,0,0,1,0,0,0,0,0,0,0,0,0,7,7,0,0,0,0,1,0,0,212,255,1,0,0,0.02,0,0,0,0,normal
0,udp,domain_u,SF,104,0,0,0,0,0,0,0,0,0,0,0,0,0,0,0,0,1,2,0,0,0,0,1,0,1,255,255,1,0,0.05,0,0,0,0,0,normal
0,tcp,ftp_data,SF,3909,0,0,0,0,0,0,0,0,0,0,0,0,0,0,0,0,4,4,0,0,0,0,1,0,0,4,91,1,0,1,0.02,0,0,0,0,normal
2775,udp,other,SF,147,105,0,0,0,0,0,0,0,0,0,0,0,0,0,0,0,5,1,0,0,0,0,0.2,0.6,0,255,1,0,0.65,0.91,0,0,0,0,0,normal
0,udp,domain_u,SF,46,46,0,0,0,0,0,0,0,0,0,0,0,0,0,0,0,212,212,0,0,0,0,1,0,0,255,255,1,0,0,0,0,0,0,0,normal
0,udp,domain_u,SF,44,133,0,0,0,0,0,0,0,0,0,0,0,0,0,0,0,71,151,0,0,0,0,1,0,0.01,255,255,1,0,0,0,0,0,0,0,normal
0,udp,domain_u,SF,36,101,0,0,0,0,0,0,0,0,0,0,0,0,0,0,0,2,2,0,0,0,0,1,0,0,2,2,1,0,1,0,0,0,0,0,normal
32,tcp,ftp,SF,1503,4152,0,0,0,30,0,1,0,0,0,0,0,0,0,0,1,1,2,0,0,0,0,1,0,1,113,23,0.2,0.04,0.01,0,0,0,0,0,normal
0,tcp,http,SF,265,260,0,0,0,0,0,1,0,0,0,0,0,0,0,0,0,4,4,0,0,0,0,1,0,0,81,255,1,0,0.01,0.03,0,0,0,0,normal
0,udp,domain_u,SF,46,143,0,0,0,0,0,0,0,0,0,0,0,0,0,0,0,74,154,0,0,0,0,1,0,0.01,255,254,1,0.01,0,0,0,0,0,0,normal
0,tcp,http,SF,257,675,0,0,0,0,0,1,0,0,0,0,0,0,0,0,0,3,3,0,0,0,0,1,0,0,255,255,1,0,0,0,0,0,0,0,normal
0,tcp,http,SF,143,9578,0,0,0,0,0,1,0,0,0,0,0,0,0,0,0,1,2,0,0,0,0,1,0,1,59,255,1,0,0.02,0.06,0.03,0.01,0.02,0.01,normal
0,tcp,smtp,SF,2704,281,0,0,0,0,0,1,0,0,0,0,0,0,0,0,0,1,1,0,0,0,0,1,0,0,255,117,0.46,0.02,0,0,0,0.01,0,0,normal
2,tcp,ftp_data,S3,2194620,0,0,0,0,0,0,1,0,0,0,0,0,0,0,0,0,2,2,0.5,0.5,0,0,1,0,0,255,61,0.24,0.02,0.07,0,0.61,0.66,0,0,normal
0,icmp,ecr_i,SF,30,0,0,0,0,0,0,0,0,0,0,0,0,0,0,0,0,2,2,0,0,0,0,1,0,0,159,159,1,0,1,0,0,0,0,0,normal
0,icmp,eco_i,SF,30,0,0,0,0,0,0,0,0,0,0,0,0,0,0,0,0,1,1,0,0,0,0,1,0,0,4,110,1,0,1,0.49,0,0,0,0,normal
0,tcp,http,SF,214,1533,0,0,0,0,0,1,0,0,0,0,0,0,0,0,0,12,13,0,0,0,0,1,0,0.15,132,255,1,0,0.01,0.01,0,0,0,0,normal
0,tcp,ftp_data,SF,43,0,0,0,0,0,0,1,0,0,0,0,0,0,0,0,0,2,2,0,0,0,0,1,0,0,255,62,0.24,0.02,0.01,0,0.87,0.97,0,0,normal
0,udp,domain_u,SF,42,131,0,0,0,0,0,0,0,0,0,0,0,0,0,0,0,80,160,0,0,0,0,1,0,0.01,255,254,1,0.01,0,0,0,0,0,0,normal
0,tcp,http,SF,227,484,0,0,0,0,0,1,0,0,0,0,0,0,0,0,0,6,6,0,0,0,0,1,0,0,79,255,1,0,0.01,0.02,0.01,0,0,0,normal
14,udp,domain_u,SF,109,45,0,0,0,0,0,0,0,0,0,0,0,0,0,0,0,2,3,0,0,0,0,1,0,0.67,66,49,0.74,0.03,0.74,0,0,0,0,0,normal
0,tcp,smtp,SF,666,328,0,0,0,0,0,1,0,0,0,0,0,0,0,0,0,1,5,0,0,0,0,1,0,0.6,43,56,0.79,0.07,0.02,0.04,0,0,0,0,normal
0,tcp,smtp,SF,743,333,0,0,0,0,0,1,0,0,0,0,0,0,2,0,0,2,1,0,0,0,0,0.5,1,0,230,131,0.55,0.03,0,0.02,0,0,0,0,normal
0,tcp,http,SF,227,24786,0,0,0,0,0,1,0,0,0,0,0,0,0,0,0,17,17,0,0,0,0,1,0,0,154,255,1,0,0.01,0.01,0,0,0,0,normal
0,udp,private,SF,105,145,0,0,0,0,0,0,0,0,0,0,0,0,0,0,0,1,1,0,0,0,0,1,0,0,64,64,1,0,0.02,0,0,0,0,0,normal
0,tcp,ftp_data,SF,2890,0,0,0,0,0,0,1,0,0,0,0,0,0,0,0,0,13,13,0,0,0,0,1,0,0,112,60,0.54,0.03,0.54,0,0,0,0,0,normal
0,udp,domain_u,SF,45,126,0,0,0,0,0,0,0,0,0,0,0,0,0,0,0,192,191,0,0,0,0,0.99,0.01,0,81,48,0.59,0.02,0.01,0,0,0,0,0,normal
0,tcp,http,SF,198,3487,0,0,0,0,0,1,0,0,0,0,0,0,0,0,0,2,3,0,0,0,0,1,0,0.67,43,255,1,0,0.02,0.06,0,0,0,0,normal
0,tcp,http,SF,173,25660,0,0,0,0,0,1,0,0,0,0,0,0,0,0,0,1,3,0,0,0,0,1,0,1,2,255,1,0,0.5,0.03,0,0,0,0,normal
0,tcp,http,SF,330,634,0,0,0,0,0,1,0,0,0,0,0,0,0,0,0,3,3,0,0,0,0,1,0,0,22,255,1,0,0.05,0.05,0,0,0,0,normal
0,tcp,http,SF,167,3370,0,0,0,0,0,1,0,0,0,0,0,0,0,0,0,1,1,0,0,0,0,1,0,0,35,255,1,0,0.03,0.05,0,0,0,0,normal
0,tcp,http,SF,239,3222,0,0,0,0,0,1,0,0,0,0,0,0,0,0,0,2,2,0.5,0.5,0,0,1,0,0,11,11,1,0,0.09,0,0.09,0.09,0,0,normal
0,tcp,http,REJ,0,0,0,0,0,0,0,0,0,0,0,0,0,0,0,0,0,1,2,0,0,1,1,1,0,1,39,130,1,0,0.03,0.22,0,0,1,1,normal
0,tcp,http,SF,190,365,0,0,0,0,0,1,0,0,0,0,0,0,0,0,0,15,15,0,0,0,0,1,0,0,239,255,1,0,0,0.01,0,0,0,0,normal
0,tcp,http,SF,220,253,0,0,0,0,0,1,0,0,0,0,0,0,0,0,0,16,24,0,0,0,0,1,0,0.08,16,255,1,0,0.06,0.01,0,0,0,0,normal
0,udp,ntp_u,SF,48,48,0,0,0,0,0,0,0,0,0,0,0,0,0,0,0,1,1,0,0,0,0,1,0,0,45,24,0.53,0.07,0.53,0,0,0,0,0,normal
0,tcp,http,SF,322,1694,0,0,0,0,0,1,0,0,0,0,0,0,0,0,0,2,2,0,0,0,0,1,0,0,144,255,1,0,0.01,0.03,0,0,0,0,normal
0,tcp,http,SF,295,2531,0,0,0,0,0,1,0,0,0,0,0,0,0,0,0,3,3,0,0,0,0,1,0,0,139,139,1,0,0.01,0,0,0,0,0,normal
0,tcp,http,SF,215,626,0,0,0,0,0,1,0,0,0,0,0,0,0,0,0,14,14,0,0,0,0,1,0,0,255,255,1,0,0,0,0,0,0,0,normal
6,tcp,smtp,SF,1299,389,0,0,0,0,0,1,0,0,0,0,0,0,0,0,0,238,4,1,0,0,0,0,0.06,1,255,53,0.21,0.09,0,0,0.64,0,0.01,0,normal
0,tcp,ftp_data,SF,884,0,0,0,0,0,0,0,0,0,0,0,0,0,0,0,0,2,2,0,0,0,0,1,0,0,46,76,0.13,0.09,0.13,0.03,0,0,0.02,0,normal
0,tcp,http,SF,223,2137,0,0,0,0,0,1,0,0,0,0,0,0,0,0,0,18,23,0,0,0.06,0.04,1,0,0.09,51,255,1,0,0.02,0.01,0,0,0.02,0,normal
0,tcp,http,SF,224,994,0,0,0,0,0,1,0,0,0,0,0,0,0,0,0,20,20,0,0,0,0,1,0,0,111,255,1,0,0.01,0.02,0,0.01,0.04,0.04,normal
0,tcp,http,SF,219,17540,0,0,0,0,0,1,0,0,0,0,0,0,0,0,0,8,8,0,0,0,0,1,0,0,36,255,1,0,0.03,0.05,0,0,0,0,normal
0,tcp,http,REJ,0,0,0,0,0,0,0,0,0,0,0,0,0,0,0,0,0,1,1,0,0,1,1,1,0,0,2,255,1,0,0.5,0.08,0,0,1,0.66,normal
0,udp,domain_u,SF,44,44,0,0,0,0,0,0,0,0,0,0,0,0,0,0,0,3,5,0,0,0,0,1,0,0.4,255,252,0.99,0.01,0.01,0,0,0,0,0,normal
0,tcp,http,SF,333,2346,0,0,0,0,0,1,0,0,0,0,0,0,0,0,0,5,5,0,0,0,0,1,0,0,122,158,1,0,0.01,0.03,0,0.01,0,0,normal
0,udp,domain_u,SF,46,75,0,0,0,0,0,0,0,0,0,0,0,0,0,0,0,152,155,0,0,0,0,1,0,0.02,255,227,0.89,0.01,0,0,0,0,0,0,normal
0,tcp,http,SF,289,761,0,0,0,0,0,1,0,0,0,0,0,0,0,0,0,2,7,0,0,0,0,1,0,0.29,174,255,1,0,0.01,0.01,0,0,0,0,normal
0,udp,domain_u,SF,43,121,0,0,0,0,0,0,0,0,0,0,0,0,0,0,0,193,193,0,0,0,0,1,0,0,255,251,0.98,0.01,0,0,0,0,0,0,normal
0,tcp,http,SF,289,1719,0,0,0,0,0,1,0,0,0,0,0,0,0,0,0,26,28,0,0,0,0,1,0,0.11,255,255,1,0,0,0,0,0,0,0,normal
5385,udp,other,SF,147,105,0,0,0,0,0,0,0,0,0,0,0,0,0,0,0,1,1,0,0,0,0,1,0,0,255,2,0.01,0.64,0.97,0,0,0,0,0,normal
0,tcp,http,SF,210,2942,0,0,0,0,0,1,0,0,0,0,0,0,0,0,0,39,39,0,0,0,0,1,0,0,255,255,1,0,0,0,0,0,0,0,normal
0,tcp,ftp_data,SF,748,0,0,0,0,0,0,1,0,0,0,9,0,0,0,0,0,1,1,0,0,0,0,1,0,0,30,68,0.23,0.13,0.23,0.03,0,0,0,0,normal
0,tcp,http,SF,227,762,0,0,0,0,0,1,0,0,0,0,0,0,0,0,0,17,17,0,0,0,0,1,0,0,202,255,1,0,0,0.02,0,0,0,0,normal
0,tcp,http,REJ,0,0,0,0,0,0,0,0,0,0,0,0,0,0,0,0,0,1,2,0,0,1,1,1,0,1,1,14,1,0,1,0.5,0,0,1,1,normal
0,tcp,smtp,SF,3001,640,0,0,0,0,0,1,0,0,0,0,0,0,0,0,0,1,2,0,0,0,0,1,0,1,255,133,0.52,0.01,0,0,0.73,0.75,0,0,normal
0,tcp,other,SF,10389,0,0,0,0,0,0,1,0,0,0,0,0,0,0,0,0,4,1,0,0,0,0,0.25,1,0,218,1,0,0.07,0.39,0,0,0,0,0,normal
0,tcp,http,SF,322,258,0,0,0,0,0,1,0,0,0,0,0,0,0,0,0,8,8,0,0,0,0,1,0,0,255,255,1,0,0,0,0,0,0,0,normal
0,tcp,ftp_data,SF,12286,0,0,0,0,0,0,1,0,0,0,0,0,0,0,0,0,4,4,0,0,0,0,1,0,0,140,54,0.24,0.04,0.24,0.04,0,0,0,0,normal
421,tcp,http,SF,350,128,0,0,0,0,0,1,0,0,0,0,0,0,0,0,0,5,16,0,0,0,0,1,0,0.12,10,255,1,0,0.1,0.03,0,0,0,0,normal
0,tcp,http,SF,218,928,0,0,0,0,0,1,0,0,0,0,0,0,0,0,0,2,2,0,0,0,0,1,0,0,65,255,1,0,0.02,0.01,0,0,0,0.02,normal
0,tcp,http,SF,232,14236,0,0,0,0,0,1,0,0,0,0,0,0,0,0,0,1,1,0,0,0,0,1,0,0,1,255,1,0,1,0.02,0,0,0,0,normal
0,tcp,http,SF,226,519,0,0,0,0,0,1,0,0,0,0,0,0,0,0,0,3,3,0,0,0,0,1,0,0,44,255,1,0,0.02,0.04,0,0,0,0,normal
0,tcp,smtp,SF,4657,334,0,0,0,0,0,1,0,0,0,0,0,0,0,0,0,1,3,0,0,0,0,1,0,1,147,94,0.64,0.02,0.01,0,0,0,0,0,normal
0,tcp,http,SF,328,405,0,0,0,0,0,1,0,0,0,0,0,0,0,0,0,5,5,0,0,0,0,1,0,0,255,255,1,0,0,0,0,0,0,0,normal
0,tcp,http,SF,251,5199,0,0,0,0,0,1,0,0,0,0,0,0,0,0,0,15,15,0,0,0,0,1,0,0,15,255,1,0,0.07,0.01,0,0.01,0,0,normal
0,tcp,ftp_data,SF,641,0,0,0,0,0,0,0,0,0,0,0,0,0,0,0,0,1,1,0,0,0,0,1,0,0,75,34,0.12,0.05,0.12,0.06,0,0,0,0,normal
0,tcp,http,SF,222,3380,0,0,0,0,0,1,0,0,0,0,0,0,0,0,0,7,8,0,0,0,0,1,0,0.25,215,255,1,0,0,0.02,0,0,0,0,normal
0,tcp,smtp,SF,8812,372,0,0,0,0,0,1,0,0,0,0,0,0,0,0,0,2,1,0,0,0,0,0.5,1,0,22,132,0.73,0.14,0.05,0.02,0,0.3,0,0,normal
0,tcp,http,SF,248,373,0,0,0,0,0,1,0,0,0,0,0,0,0,0,0,1,1,0,0,0,0,1,0,0,4,255,1,0,0.25,0.04,0.25,0,0,0,normal
7025,udp,other,SF,147,105,0,0,0,0,0,0,0,0,0,0,0,0,0,0,0,4,2,0,0,0,0,0.5,0.5,0,255,2,0.01,0.84,1,0,0,0,0,0,normal
0,tcp,http,SF,208,6428,0,0,0,0,0,1,0,0,0,0,0,0,0,0,0,2,2,0,0,0,0,1,0,0,2,255,1,0,0.5,0.04,0,0,0,0,normal
0,tcp,http,SF,334,1394,0,0,0,1,0,1,0,1,0,0,0,0,0,0,0,10,10,0,0,0,0,1,0,0,244,255,1,0,0,0.01,0,0,0,0,normal
0,tcp,http,SF,228,766,0,0,0,0,0,1,0,0,0,0,0,0,0,0,0,20,28,0,0,0,0,1,0,0.14,255,255,1,0,0,0,0,0,0,0,normal
0,tcp,http,S0,0,0,0,0,0,0,0,0,0,0,0,0,0,0,0,0,0,2,4,0.5,0.25,0,0,1,0,0.75,19,255,1,0,0.11,0.02,0.05,0,0,0,normal
0,tcp,http,SF,253,370,0,0,0,0,0,1,0,0,0,0,0,0,0,0,0,5,5,0,0,0,0,1,0,0,255,255,1,0,0,0,0,0,0,0,normal
0,udp,domain_u,SF,43,107,0,0,0,0,0,0,0,0,0,0,0,0,0,0,0,1,4,0,0,0,0,1,0,0.75,255,248,0.97,0.01,0,0,0,0,0,0,normal
0,tcp,ftp_data,SF,641,0,0,0,0,0,0,1,0,0,0,0,0,0,0,0,0,2,2,0,0,0,0,1,0,0,211,76,0.36,0.02,0.36,0,0,0,0,0,normal
0,tcp,smtp,SF,749,330,0,0,0,0,0,1,0,0,0,0,0,0,0,0,0,1,1,0,0,0,0,1,0,0,27,129,0.74,0.11,0.04,0.02,0,0,0,0,normal
0,udp,ntp_u,SF,48,48,0,0,0,0,0,0,0,0,0,0,0,0,0,0,0,1,1,0,0,0,0,1,0,0,101,22,0.22,0.04,0.22,0,0,0,0,0,normal
0,udp,domain_u,SF,44,110,0,0,0,0,0,0,0,0,0,0,0,0,0,0,0,1,1,0,0,0,0,1,0,0,11,225,0.91,0.18,0.91,0.01,0,0,0,0,normal
0,icmp,ecr_i,SF,64,0,0,0,0,0,0,0,0,0,0,0,0,0,0,0,0,1,1,0,0,0,0,1,0,0,255,2,0.01,0.06,0.01,0,0.7,0,0.01,0,normal
0,tcp,http,SF,154,19175,0,0,0,0,0,1,0,0,0,0,0,0,0,0,0,1,1,0,0,0,0,1,0,0,9,255,1,0,0.11,0.05,0,0,0,0,normal
0,tcp,http,SF,195,8484,0,0,0,0,0,1,0,0,0,0,0,0,0,0,0,2,3,0,0,0,0,1,0,0.67,12,255,1,0,0.08,0.02,0,0,0,0,normal
0,tcp,smtp,SF,1162,328,0,0,0,0,0,1,0,0,0,0,0,0,0,0,0,1,1,0,0,0,0,1,0,0,97,80,0.82,0.04,0.01,0,0,0,0,0,normal
0,tcp,smtp,SF,1331,331,0,0,0,0,0,1,0,0,0,0,1,0,0,0,0,1,1,0,0,0,0,1,0,0,189,187,0.67,0.02,0.01,0.01,0,0.01,0,0,normal
0,icmp,urp_i,SF,183,0,0,0,0,0,0,0,0,0,0,0,0,0,0,0,0,4,4,0,0,0,0,1,0,0,255,37,0.15,0.01,0.16,0,0,0,0,0,normal
0,udp,domain_u,SF,45,45,0,0,0,0,0,0,0,0,0,0,0,0,0,0,0,147,149,0,0,0,0,1,0,0.01,255,229,0.9,0.01,0.01,0,0,0,0,0,normal
0,tcp,smtp,SF,1647,336,0,0,0,0,0,1,0,0,0,0,0,0,0,0,0,1,2,0,0,0,0,1,0,1,21,145,0.67,0.14,0.05,0.03,0,0,0,0,normal
1,tcp,smtp,SF,1459,325,0,0,0,0,0,1,0,0,0,0,0,0,0,0,0,1,4,0,0,0,0,1,0,1,166,124,0.43,0.02,0.01,0.02,0,0,0,0,normal
666,tcp,telnet,SF,634,20143,0,0,0,0,0,1,3,0,0,0,0,0,0,0,0,1,1,0,0,0,0,1,0,0,223,109,0.49,0.01,0,0,0.9,0.92,0,0,normal
0,udp,domain_u,SF,42,42,0,0,0,0,0,0,0,0,0,0,0,0,0,0,0,144,226,0,0,0,0,1,0,0.02,255,255,1,0,0.01,0,0,0,0,0,normal
5,tcp,smtp,SF,1189,390,0,0,0,0,0,1,0,0,0,0,0,0,0,0,0,1,1,0,0,0,0,1,0,0,255,95,0.37,0.25,0,0,0.25,0,0,0,normal
0,tcp,http,SF,228,8539,0,0,0,0,0,1,0,0,0,0,0,0,0,0,0,4,4,0,0,0,0,1,0,0,255,255,1,0,0,0,0,0,0,0,normal
0,udp,domain_u,SF,46,46,0,0,0,0,0,0,0,0,0,0,0,0,0,0,0,144,224,0,0,0,0,1,0,0.01,255,255,1,0,0.01,0,0,0,0,0,normal
0,tcp,ftp_data,SF,5319,0,0,0,0,0,0,1,0,0,0,0,0,0,0,0,0,4,4,0,0,0,0,1,0,0,10,10,1,0,1,0,0,0,0,0,normal
0,udp,domain_u,SF,45,45,0,0,0,0,0,0,0,0,0,0,0,0,0,0,0,137,137,0,0,0,0,1,0,0,255,255,1,0,0.01,0,0,0,0,0,normal
0,tcp,other,SF,3468,0,0,0,0,0,0,1,0,0,0,0,0,0,0,0,0,15,1,0.07,0,0,0,0.07,0.13,0,56,1,0.02,0.11,0.38,0,0.02,0,0,0,normal
0,tcp,http,S0,0,0,0,0,0,0,0,0,0,0,0,0,0,0,0,0,0,2,4,0.5,0.25,0,0,1,0,0.5,5,255,1,0,0.4,0.03,0.2,0,0,0,normal
3,tcp,smtp,SF,1302,337,0,0,0,0,0,1,0,0,0,0,0,0,0,0,0,1,2,0,0,0,0,1,0,1,255,154,0.6,0.02,0,0,0,0,0,0,normal
0,tcp,http,SF,320,308,0,0,0,0,0,1,0,0,0,0,0,0,0,0,0,15,15,0,0,0,0,1,0,0,255,255,1,0,0,0,0,0,0,0,normal
0,tcp,ftp_data,SF,18,0,0,0,0,0,0,0,0,0,0,0,0,0,0,0,0,1,2,0,0,0,0,1,0,1,204,96,0.33,0.02,0.33,0.02,0,0,0,0,normal
0,tcp,http,SF,257,1650,0,0,0,0,0,1,0,0,0,0,0,0,0,0,0,7,7,0,0,0,0,1,0,0,255,246,0.96,0.02,0,0,0,0,0,0,normal
29,tcp,smtp,SF,1179,328,0,0,0,0,0,1,0,0,0,0,0,0,0,0,0,1,1,0,0,0,0,1,0,0,136,71,0.52,0.02,0.01,0,0,0,0,0,normal
0,tcp,http,SF,267,666,0,0,0,0,0,1,0,0,0,0,0,0,0,0,0,7,16,0,0,0,0,1,0,0.19,84,255,1,0,0.01,0.01,0,0,0,0,normal
0,udp,domain_u,SF,44,127,0,0,0,0,0,0,0,0,0,0,0,0,0,0,0,65,145,0,0,0,0,1,0,0.01,255,254,1,0.01,0,0,0,0,0,0,normal
0,tcp,http,SF,231,1225,0,0,0,0,0,1,0,0,0,0,0,0,0,0,0,1,1,0,0,0,0,1,0,0,176,255,1,0,0.01,0.01,0.01,0,0,0,normal
0,tcp,other,REJ,0,0,0,0,0,0,0,0,0,0,0,0,0,0,0,0,0,1,1,0,0,1,1,1,0,0,7,5,0.71,0.29,0.14,0,0,0,0.71,1,normal
3,tcp,smtp,SF,1505,336,0,0,0,0,0,1,0,0,0,0,0,0,0,0,0,1,4,0,0,0,0,1,0,1,7,134,1,0,0.14,0.01,0,0,0,0,normal
0,tcp,http,SF,273,4471,0,0,0,0,0,1,0,0,0,0,0,0,0,0,0,22,28,0,0,0,0,1,0,0.18,28,255,1,0,0.04,0.07,0,0,0.21,0.64,normal
28,tcp,ftp,SF,1051,3081,0,0,0,22,0,1,0,0,0,0,0,0,0,0,1,1,2,0,0,0,0,1,0,1,114,2,0.02,0.04,0.01,0,0,0,0,0,normal
2,tcp,smtp,SF,2511,332,0,0,0,0,0,1,0,0,0,0,0,0,0,0,0,1,2,0,0,0,0,1,0,1,51,96,0.51,0.08,0.02,0.02,0,0,0,0,normal
0,tcp,http,SF,229,280,0,0,0,0,0,1,0,0,0,0,0,0,0,0,0,8,28,0,0,0,0,1,0,0.07,255,255,1,0,0,0,0,0,0,0,normal
0,tcp,http,SF,330,914,0,0,0,0,0,1,0,0,0,0,0,0,0,0,0,4,4,0,0,0,0,1,0,0,122,255,1,0,0.01,0.03,0.01,0.01,0,0,normal
0,tcp,http,SF,271,732,0,0,0,0,0,1,0,0,0,0,0,0,0,0,0,6,7,0,0,0,0,1,0,0.29,111,255,1,0,0.01,0.01,0,0,0,0,normal
0,tcp,http,SF,271,389,0,0,0,0,0,1,0,0,0,0,0,0,0,0,0,1,1,0,0,0,0,1,0,0,234,255,1,0,0,0.01,0.02,0.02,0,0,normal
0,tcp,http,SF,216,6329,0,0,0,0,0,1,0,0,0,0,0,0,0,0,0,9,26,0,0,0,0,1,0,0.15,255,255,1,0,0,0,0,0,0,0,normal
0,tcp,http,SF,245,9165,0,0,0,0,0,1,0,0,0,0,0,0,0,0,0,2,3,0,0,0,0,1,0,0.67,10,255,1,0,0.1,0.05,0,0,0,0,normal
0,tcp,http,SF,369,7931,0,0,0,0,0,1,0,0,0,0,0,0,0,0,0,14,14,0,0,0,0,1,0,0,255,255,1,0,0,0,0,0,0,0,normal
0,tcp,http,SF,190,29363,0,0,0,0,0,1,0,0,0,0,0,0,0,0,0,1,1,0,0,0,0,1,0,0,22,255,1,0,0.05,0.01,0,0,0,0,normal
0,tcp,http,SF,286,4673,0,0,0,0,0,1,0,0,0,0,0,0,0,0,0,28,31,0,0,0,0,1,0,0.1,68,255,1,0,0.01,0.02,0,0,0,0,normal
0,tcp,http,REJ,0,0,0,0,0,0,0,0,0,0,0,0,0,0,0,0,0,1,2,0,0,1,1,1,0,1,1,255,1,0,1,0.19,0,0.01,1,0.99,normal
0,tcp,http,SF,314,2387,0,0,0,0,0,1,0,0,0,0,0,0,0,0,0,15,16,0,0,0,0,1,0,0.12,139,255,1,0,0.01,0.05,0.01,0.01,0,0,normal
0,udp,domain_u,SF,46,138,0,0,0,0,0,0,0,0,0,0,0,0,0,0,0,74,154,0,0,0,0,0.99,0.03,0.01,255,238,0.93,0.01,0,0,0,0,0,0,normal
0,tcp,http,SF,278,708,0,0,0,0,0,1,0,0,0,0,0,0,0,0,0,1,1,0,0,0,0,1,0,0,255,255,1,0,0,0,0,0,0,0,normal
0,tcp,http,REJ,0,0,0,0,0,0,0,0,0,0,0,0,0,0,0,0,0,1,2,0,0,1,1,1,0,1,2,181,1,0,0.5,0.07,0,0,1,1,normal
35,tcp,ftp,SF,1499,4152,0,0,0,12,0,1,0,0,0,0,0,0,0,0,1,1,1,0,0,0,0,1,0,0,199,50,0.25,0.03,0.01,0,0.01,0,0,0,normal
0,tcp,http,SF,227,654,0,0,0,0,0,1,0,0,0,0,0,0,0,0,0,19,39,0,0,0,0,1,0,0.1,255,255,1,0,0,0,0,0,0,0,normal
0,tcp,http,S2,236,0,0,0,0,2,0,1,0,0,0,0,0,0,0,0,0,1,1,1,1,0,0,1,0,0,3,255,1,0,0.33,0.04,0.33,0,0,0,normal
0,udp,domain_u,SF,46,76,0,0,0,0,0,0,0,0,0,0,0,0,0,0,0,139,141,0,0,0,0,1,0,0.01,255,228,0.89,0.01,0.01,0,0,0,0,0,normal
0,tcp,http,SF,236,3222,0,0,0,0,0,1,0,0,0,0,0,0,0,0,0,6,6,0,0,0,0,1,0,0,255,229,0.9,0.02,0,0,0,0,0,0,normal
0,tcp,http,SF,311,248,0,0,0,0,0,1,0,0,0,0,0,0,0,0,0,7,7,0,0,0,0,1,0,0,159,195,1,0,0.01,0.02,0,0.01,0,0,normal
0,tcp,http,SF,246,692,0,0,0,0,0,1,0,0,0,0,0,0,0,0,0,6,6,0,0,0,0,1,0,0,6,255,1,0,0.17,0.06,0,0,0,0,normal
0,tcp,http,SF,318,1861,0,0,0,0,0,1,0,0,0,0,0,0,0,0,0,16,17,0,0,0,0,1,0,0.12,255,255,1,0,0,0,0,0,0,0,normal
0,tcp,http,SF,286,13635,0,0,0,0,0,1,0,0,0,0,0,0,0,0,0,4,4,0,0,0,0,1,0,0,28,255,1,0,0.04,0.02,0,0,0,0,normal
0,tcp,http,SF,217,6763,0,0,0,0,0,1,0,0,0,0,0,0,0,0,0,3,3,0,0,0,0,1,0,0,255,255,1,0,0,0,0,0,0.01,0.01,normal
0,tcp,http,REJ,0,0,0,0,0,0,0,0,0,0,0,0,0,0,0,0,0,1,1,0,0,1,1,1,0,0,74,68,0.92,0.04,0.01,0,0,0,0.92,1,normal
0,udp,domain_u,SF,46,46,0,0,0,0,0,0,0,0,0,0,0,0,0,0,0,15,21,0,0,0,0,1,0,0.1,255,255,1,0,0.01,0,0,0,0,0,normal
0,icmp,urp_i,SF,78,0,0,0,0,0,0,0,0,0,0,0,0,0,0,0,0,19,4,0,0,0,0,0.21,0.11,0,255,16,0.06,0.01,0.06,0,0,0,0,0,normal
0,udp,domain_u,SF,46,138,0,0,0,0,0,0,0,0,0,0,0,0,0,0,0,74,154,0,0,0,0,0.99,0.03,0.01,255,238,0.93,0.01,0,0,0,0,0,0,normal
0,udp,domain_u,SF,45,73,0,0,0,0,0,0,0,0,0,0,0,0,0,0,0,287,287,0,0,0,0,1,0,0,255,246,0.96,0.01,0,0,0,0,0,0,normal
0,tcp,http,SF,207,342,0,0,0,0,0,1,0,0,0,0,0,0,0,0,0,21,25,0,0,0.05,0.12,1,0,0.08,255,255,1,0,0,0,0,0,0,0,normal
0,udp,domain_u,SF,33,0,0,0,0,0,0,0,0,0,0,0,0,0,0,0,0,1,2,0,0,0,0,1,0,1,140,8,0.06,0.04,0.06,0,0,0,0,0,normal
0,tcp,http,SF,331,1047,0,0,0,0,0,1,0,0,0,0,0,0,0,0,0,21,21,0,0,0,0,1,0,0,170,255,1,0,0.01,0.02,0,0,0,0,normal
11481,udp,other,SF,146,105,0,0,0,0,0,0,0,0,0,0,0,0,0,0,0,1,1,0,0,0,0,1,0,0,92,1,0.01,0.72,0.97,0,0,0,0,0,normal
0,tcp,http,SF,305,4978,0,0,0,0,0,1,0,0,0,0,0,0,0,0,0,10,10,0,0,0,0,1,0,0,107,115,1,0,0.01,0.03,0,0.01,0,0,normal
28,tcp,ftp,SF,1560,4152,0,0,0,30,0,1,0,0,0,0,0,0,0,0,1,1,1,0,0,0,0,1,0,0,64,22,0.34,0.08,0.02,0,0.02,0,0,0,normal
0,tcp,http,SF,359,2118,0,0,0,0,0,1,0,0,0,0,0,0,0,0,0,8,9,0,0,0,0,1,0,0.22,35,255,1,0,0.03,0.03,0,0,0,0,normal
0,tcp,ftp_data,SF,11,0,0,0,0,0,0,0,0,0,0,0,0,0,0,0,0,2,2,0,0,0,0,1,0,0,188,50,0.27,0.03,0.27,0,0.02,0,0.09,0,normal
0,tcp,ftp_data,SF,641,0,0,0,0,0,0,1,0,0,0,0,0,0,0,0,0,2,2,0,0,0,0,1,0,0,108,56,0.1,0.16,0.19,0.04,0.03,0.02,0,0,normal
0,tcp,http,SF,312,9284,0,0,0,0,0,1,0,0,0,0,0,0,0,0,0,12,20,0.08,0.05,0,0,1,0,0.1,255,255,1,0,0,0,0.01,0.01,0.02,0.02,normal
0,tcp,http,SF,311,488,0,0,0,0,0,1,0,0,0,0,0,0,0,0,0,11,11,0,0,0,0,1,0,0,104,255,1,0,0.01,0.04,0.01,0,0,0,normal
0,tcp,http,SF,304,9585,0,0,0,0,0,1,0,0,0,0,0,0,0,0,0,4,4,0,0,0,0,1,0,0,255,255,1,0,0,0,0,0,0,0,normal
0,tcp,http,SF,210,1759,0,0,0,0,0,1,0,0,0,0,0,0,0,0,0,4,14,0,0,0,0,1,0,0.14,30,255,1,0,0.03,0.04,0,0,0,0,normal
0,icmp,eco_i,SF,30,0,0,0,0,0,0,0,0,0,0,0,0,0,0,0,0,3,1,0,0,0,0,0.33,0.67,0,255,4,0.02,0.01,0.02,0,0,0,0,0,normal
0,tcp,http,SF,202,1320,0,0,0,0,0,1,0,0,0,0,0,0,0,0,0,33,33,0,0,0,0,1,0,0,56,255,1,0,0.02,0.02,0,0,0,0.01,normal
0,tcp,http,SF,147,3253,0,0,0,0,0,1,0,0,0,0,0,0,0,0,0,1,1,0,0,0,0,1,0,0,5,255,1,0,0.2,0.05,0,0,0,0,normal
2,tcp,smtp,SF,1339,334,0,0,0,0,0,1,0,0,0,0,0,0,0,0,0,1,2,0,0,0,0,1,0,1,155,183,0.65,0.08,0.01,0.01,0.01,0,0.03,0.04,normal
0,tcp,http,SF,300,1444,0,0,0,0,0,1,0,0,0,0,0,0,0,0,0,7,7,0,0,0,0,1,0,0,31,255,1,0,0.03,0.06,0,0,0,0,normal
0,tcp,http,SF,165,14328,0,0,0,0,0,1,0,0,0,0,0,0,0,0,0,3,7,0,0,0,0,1,0,0.43,6,96,1,0,0.17,0.1,0,0.01,0,0,normal
871,udp,other,SF,147,105,0,0,0,0,0,0,0,0,0,0,0,0,0,0,0,2,2,0,0,0,0,1,0,0,255,3,0.01,0.65,0.97,0,0,0,0,0,normal
0,tcp,http,SF,251,388,0,0,0,0,0,1,0,0,0,0,0,0,0,0,0,16,27,0,0,0,0,1,0,0.07,255,255,1,0,0,0,0,0,0,0,normal
0,tcp,http,SF,250,293,0,0,0,0,0,1,0,0,0,0,0,0,0,0,0,23,26,0,0,0,0,1,0,0.12,200,255,1,0,0,0.02,0,0,0,0,normal
0,tcp,http,SF,321,14779,0,0,0,0,0,1,0,0,0,0,0,0,0,0,0,4,4,0,0,0,0,1,0,0,37,135,1,0,0.03,0.01,0,0,0,0,normal
3,tcp,smtp,SF,1415,364,0,0,0,0,0,1,0,0,0,0,0,0,0,0,0,1,1,0,0,0,0,1,0,0,84,136,0.8,0.05,0.01,0.01,0,0,0,0,normal
0,tcp,http,SF,239,1471,0,0,0,0,0,1,0,0,0,0,0,0,0,0,0,6,6,0,0,0,0,1,0,0,231,255,1,0,0,0.01,0,0,0,0,normal
0,tcp,http,SF,289,4080,0,0,0,0,0,1,0,0,0,0,0,0,0,0,0,5,7,0,0,0,0,1,0,0.43,248,255,1,0,0,0.01,0,0,0,0,normal
0,tcp,http,SF,303,2495,0,0,0,0,0,1,0,0,0,0,0,0,0,0,0,7,7,0,0,0,0,1,0,0,7,255,1,0,0.14,0.04,0,0,0,0.01,normal
0,tcp,smtp,SF,1629,331,0,0,0,0,0,1,0,0,0,0,0,0,0,0,0,1,2,0,0,0,0,1,0,1,103,195,0.69,0.04,0.01,0.01,0,0,0,0,normal
0,tcp,pop_3,SF,35,130,0,0,0,0,0,1,0,0,0,0,0,0,0,0,0,1,1,0,0,0,0,1,0,0,255,5,0.02,0.03,0,0,0,0,0,0,normal
0,tcp,http,SF,284,765,0,0,0,0,0,1,0,0,0,0,0,0,0,0,0,9,9,0,0,0,0,1,0,0,255,255,1,0,0.01,0,0,0,0,0,normal
0,tcp,http,SF,226,1301,0,0,0,0,0,1,0,0,0,0,0,0,0,0,0,5,5,0,0,0,0,1,0,0,14,255,1,0,0.07,0.03,0,0,0,0,normal
0,tcp,http,SF,305,726,0,0,0,0,0,1,0,0,0,0,0,0,0,0,0,16,16,0,0,0,0,1,0,0,255,255,1,0,0,0,0,0,0,0,normal
0,tcp,http,SF,314,575,0,0,0,0,0,1,0,0,0,0,0,0,0,0,0,28,32,0,0,0,0,1,0,0.09,255,255,1,0,0,0,0,0,0,0,normal
0,tcp,http,SF,331,1271,0,0,0,0,0,1,0,0,0,0,0,0,0,0,0,1,27,0,0,0,0,1,0,0.07,91,248,1,0,0.01,0.03,0.01,0,0,0,normal
0,tcp,http,SF,249,484,0,0,0,0,0,1,0,0,0,0,0,0,0,0,0,22,23,0,0,0,0,1,0,0.09,255,255,1,0,0,0,0,0,0,0,normal
0,tcp,ftp_data,SF,501760,0,0,0,0,0,0,1,0,0,0,0,0,0,0,0,0,2,2,0,0,0,0,1,0,0,39,6,0.15,0.08,0.15,0,0,0,0,0,normal
0,tcp,http,SF,207,5593,0,0,0,0,0,1,0,0,0,0,0,0,0,0,0,17,21,0,0,0,0,1,0,0.1,109,255,1,0,0.01,0.04,0,0,0,0,normal
0,udp,domain_u,SF,45,45,0,0,0,0,0,0,0,0,0,0,0,0,0,0,0,167,167,0,0,0,0,1,0,0,255,254,1,0.01,0,0,0,0,0,0,normal
0,tcp,http,SF,262,4165,0,0,0,0,0,1,0,0,0,0,0,0,0,0,0,5,5,0,0,0,0,1,0,0,5,255,1,0,0.2,0.05,0,0,0,0.01,normal
0,tcp,http,SF,220,9768,0,0,0,0,0,1,0,0,0,0,0,0,0,0,0,14,16,0,0,0,0,1,0,0.12,79,255,1,0,0.01,0.09,0,0,0,0,normal
0,tcp,http,SF,230,1606,0,0,0,0,0,1,0,0,0,0,0,0,0,0,0,53,59,0,0,0,0,1,0,0.03,255,255,1,0,0,0,0,0,0,0,normal
0,udp,domain_u,SF,33,88,0,0,0,0,0,0,0,0,0,0,0,0,0,0,0,2,3,0,0,0,0,1,0,0.67,255,208,0.82,0.01,0.02,0,0,0,0,0,normal
0,udp,private,SF,105,146,0,0,0,0,0,0,0,0,0,0,0,0,0,0,0,1,1,0,0,0,0,1,0,0,234,224,0.96,0.01,0,0,0,0,0,0,normal
0,tcp,http,SF,324,9572,0,0,0,0,0,1,0,0,0,0,0,0,0,0,0,2,2,0,0,0,0,1,0,0,255,255,1,0,0,0,0,0,0,0,normal
0,tcp,http,SF,218,1791,0,0,0,0,0,1,0,0,0,0,0,0,0,0,0,2,2,0,0,0,0,1,0,0,2,255,1,0,0.5,0.02,0,0,0,0,normal
0,udp,domain_u,SF,68,0,0,0,0,0,0,0,0,0,0,0,0,0,0,0,0,2,3,0,0,0,0,1,0,0.67,255,255,1,0,0.21,0,0,0,0,0,normal
0,tcp,http,REJ,0,0,0,0,0,0,0,0,0,0,0,0,0,0,0,0,0,1,1,0,0,1,1,1,0,0,22,219,1,0,0.05,0.16,0,0,1,1,normal
0,tcp,http,SF,208,2324,0,0,0,0,0,1,0,0,0,0,0,0,0,0,0,39,40,0,0,0,0,1,0,0.05,255,255,1,0,0,0,0,0,0,0,normal
0,tcp,http,SF,370,468,0,0,0,0,0,1,0,0,0,0,0,0,0,0,0,14,14,0,0,0,0,1,0,0,255,255,1,0,0,0,0,0,0,0,normal
7,tcp,telnet,SF,105,2138,0,0,0,0,0,1,0,0,0,0,0,0,0,0,0,1,1,0,0,0,0,1,0,0,44,1,0.02,0.11,0.02,0,0,0,0,0,normal
0,tcp,http,REJ,0,0,0,0,0,0,0,0,0,0,0,0,0,0,0,0,0,1,1,0,0,1,1,1,0,0,2,31,1,0,0.5,0.1,0,0,1,1,normal
0,udp,domain_u,SF,46,136,0,0,0,0,0,0,0,0,0,0,0,0,0,0,0,79,158,0,0,0,0,1,0,0.01,255,255,1,0,0,0,0,0,0,0,normal
0,tcp,http,REJ,0,0,0,0,0,0,0,0,0,0,0,0,0,0,0,0,0,1,1,0,0,1,1,1,0,0,21,114,1,0,0.05,0.04,0,0,1,1,normal
0,tcp,http,SF,225,2445,0,0,0,0,0,1,0,0,0,0,0,0,0,0,0,2,2,0,0,0,0,1,0,0,1,255,1,0,1,0.02,0,0,0,0,normal
0,tcp,http,SF,266,1639,0,0,0,0,0,1,0,0,0,0,0,0,0,0,0,10,18,0,0,0,0,1,0,0.22,223,255,1,0,0,0.02,0,0,0,0,normal
3,tcp,smtp,SF,1113,370,0,0,0,0,0,1,0,0,0,0,0,0,0,0,0,1,2,0,0,0,0,1,0,1,35,13,0.37,0.06,0.03,0,0,0,0,0,normal
0,tcp,http,SF,230,559,0,0,0,0,0,1,0,0,0,0,0,0,0,0,0,6,6,0,0,0,0,1,0,0,143,255,1,0,0.01,0.01,0,0,0,0,normal
0,tcp,http,SF,313,930,0,0,0,0,0,1,0,0,0,0,0,0,0,0,0,23,23,0,0,0,0,1,0,0,23,255,1,0,0.04,0.04,0,0,0,0,normal
0,udp,domain_u,SF,42,42,0,0,0,0,0,0,0,0,0,0,0,0,0,0,0,4,9,0,0,0,0,1,0,0.22,255,248,0.97,0.01,0,0,0,0,0,0,normal
0,tcp,http,SF,197,777,0,0,0,0,0,1,0,0,0,0,0,0,0,0,0,10,10,0,0,0,0,1,0,0,10,64,1,0,0.1,0.06,0,0,0,0,normal
0,tcp,smtp,SF,679,327,0,0,0,0,0,1,0,0,0,0,0,0,0,0,0,1,1,0,0,0,0,1,0,0,108,192,0.77,0.04,0.01,0.01,0,0,0,0,normal
0,tcp,http,REJ,0,0,0,0,0,0,0,0,0,0,0,0,0,0,0,0,0,1,1,0,0,1,1,1,0,0,141,231,1,0,0.01,0.11,0,0,0.45,0.67,normal
0,tcp,http,SF,193,2969,0,0,0,0,0,1,0,0,0,0,0,0,0,0,0,12,12,0,0,0,0,1,0,0,24,255,1,0,0.04,0.03,0,0,0,0,normal
1864,udp,other,SF,146,105,0,0,0,0,0,0,0,0,0,0,0,0,0,0,0,1,1,0,0,0,0,1,0,0,255,3,0.01,0.58,0.96,0,0,0,0,0,normal
0,tcp,http,SF,326,188,0,0,0,0,0,1,0,0,0,0,0,0,0,0,0,1,23,0,0,0,0,1,0,0.13,45,255,1,0,0.02,0.02,0,0,0,0,normal
0,udp,domain_u,SF,35,91,0,0,0,0,0,0,0,0,0,0,0,0,0,0,0,3,3,0,0,0,0,1,0,0,255,254,1,0.01,0,0,0,0,0,0,normal
0,udp,domain_u,SF,43,129,0,0,0,0,0,0,0,0,0,0,0,0,0,0,0,71,151,0,0,0,0,1,0,0.01,255,254,1,0.01,0,0,0,0,0,0,normal
0,tcp,smtp,SF,1052,284,0,0,0,0,0,1,0,0,0,0,0,0,0,0,0,1,1,0,0,0,0,1,0,0,127,174,0.66,0.04,0.01,0.01,0,0,0,0,normal
0,tcp,smtp,SF,1616,501,0,0,0,0,0,1,0,0,0,0,0,0,0,0,0,1,1,0,0,0,0,1,0,0,255,32,0.13,0.06,0,0,0.65,0,0.01,0,normal
0,udp,domain_u,SF,45,118,0,0,0,0,0,0,0,0,0,0,0,0,0,0,0,245,246,0,0,0,0,1,0,0.01,255,202,0.79,0.01,0,0,0,0,0,0,normal
0,tcp,http,SF,301,11689,0,0,0,0,0,1,0,0,0,0,0,0,0,0,0,7,33,0,0,0,0.03,1,0,0.18,20,255,1,0,0.05,0.04,0,0.01,0,0,normal
0,icmp,urp_i,SF,70,0,0,0,0,0,0,0,0,0,0,0,0,0,0,0,0,18,2,0,0,0,0,0.11,0.17,0,255,21,0.08,0.01,0.08,0,0,0,0,0,normal
0,tcp,http,REJ,0,0,0,0,0,0,0,0,0,0,0,0,0,0,0,0,0,1,1,0,0,1,1,1,0,0,1,155,1,0,1,0.06,0,0,1,0.73,normal
0,tcp,http,S0,0,0,0,0,0,0,0,0,0,0,0,0,0,0,0,0,0,5,6,0.4,0.33,0,0,1,0,0.33,255,255,1,0,0.01,0,0.01,0.01,0,0,normal
0,tcp,http,SF,276,10861,0,0,0,0,0,1,0,0,0,0,0,0,0,0,0,3,5,0.33,0.2,0,0,1,0,0.4,5,255,1,0,0.2,0.03,0.2,0,0,0,normal
0,tcp,http,SF,211,564,0,0,0,0,0,1,0,0,0,0,0,0,0,0,0,27,33,0,0,0,0,1,0,0.12,255,255,1,0,0,0,0,0,0,0,normal
0,tcp,smtp,SF,8769,369,0,0,0,0,0,1,0,0,0,0,0,0,0,0,0,1,1,0,0,0,0,1,0,0,3,160,1,0,0.33,0.01,0,0,0,0,normal
0,tcp,http,SF,299,392,0,0,0,0,0,1,0,0,0,0,0,0,0,0,0,9,18,0,0,0,0,1,0,0.11,255,255,1,0,0,0,0,0,0,0,normal
0,udp,domain_u,SF,43,43,0,0,0,0,0,0,0,0,0,0,0,0,0,0,0,45,45,0,0,0,0,1,0,0,255,254,1,0.01,0,0,0,0,0,0,normal
0,tcp,http,SF,217,312,0,0,0,0,0,1,0,0,0,0,0,0,0,0,0,7,21,0,0,0,0,1,0,0.14,255,255,1,0,0,0,0,0,0,0,normal
0,udp,ntp_u,SF,48,48,0,0,0,0,0,0,0,0,0,0,0,0,0,0,0,4,1,0,0,0,0,0.25,0.5,0,255,21,0.08,0.01,0.08,0,0,0,0,0,normal
0,tcp,http,SF,302,561,0,0,0,0,0,1,0,0,0,0,0,0,0,0,0,8,8,0,0,0,0,1,0,0,114,255,1,0,0.01,0.01,0,0,0,0,normal
0,udp,domain_u,SF,34,0,0,0,0,0,0,0,0,0,0,0,0,0,0,0,0,1,2,0,0,0,0,1,0,1,229,20,0.08,0.03,0.08,0.1,0,0,0,0,normal
0,tcp,http,SF,323,3581,0,0,0,0,0,1,0,0,0,0,0,0,0,0,0,5,11,0,0,0,0,1,0,0.36,47,255,1,0,0.02,0.02,0,0,0,0,normal
5,tcp,smtp,SF,951,330,0,0,0,0,0,1,0,0,0,0,0,0,0,0,0,1,2,0,0,0,0,1,0,1,72,48,0.67,0.04,0.01,0,0,0,0,0,normal
0,tcp,http,SF,297,2762,0,0,0,0,0,1,0,0,0,0,0,0,0,0,0,10,10,0,0,0,0,1,0,0,10,255,1,0,0.1,0.02,0,0,0,0,normal
0,icmp,ecr_i,SF,30,0,0,0,0,0,0,0,0,0,0,0,0,0,0,0,0,2,2,0,0,0,0,1,0,0,198,198,1,0,1,0,0,0,0,0,normal
1985,udp,other,SF,147,105,0,0,0,0,0,0,0,0,0,0,0,0,0,0,0,1,1,0,0,0,0,1,0,0,255,2,0.01,0.55,0.92,0,0,0,0,0,normal
20,tcp,ftp,SF,234,769,0,0,0,4,0,1,0,0,0,0,0,0,0,0,1,1,1,0,0,0,0,1,0,0,255,29,0.11,0.02,0,0,0,0,0,0,normal
1730,udp,other,SF,145,105,0,0,0,0,0,0,0,0,0,0,0,0,0,0,0,5,1,0,0,0,0,0.2,0.6,0,255,1,0,0.83,1,0,0,0,0,0,normal
0,tcp,http,REJ,0,0,0,0,0,0,0,0,0,0,0,0,0,0,0,0,0,1,1,0,0,1,1,1,0,0,2,255,1,0,0.5,0.15,0,0,1,0.8,normal
0,udp,domain_u,SF,34,34,0,0,0,0,0,0,0,0,0,0,0,0,0,0,0,1,3,0,0,0,0,1,0,1,4,3,0.75,0.5,0.25,0,0,0,0,0,normal
0,udp,private,SF,105,147,0,0,0,0,0,0,0,0,0,0,0,0,0,0,0,1,1,0,0,0,0,1,0,0,188,186,0.99,0.01,0.01,0,0,0,0,0,normal
0,tcp,smtp,SF,1489,475,0,0,0,0,0,1,0,0,0,0,0,0,0,0,0,1,1,0,0,0,0,1,0,0,238,30,0.13,0.02,0,0,0,0,0.82,0,normal
0,tcp,http,SF,232,2042,0,0,0,0,0,1,0,0,0,0,0,0,0,0,0,14,28,0,0,0,0,1,0,0.11,255,255,1,0,0,0,0,0,0,0,normal
0,tcp,http,SF,300,1466,0,0,0,0,0,1,0,0,0,0,0,0,0,0,0,44,46,0.02,0.02,0,0,1,0,0.07,255,255,1,0,0,0,0,0,0,0,normal
0,tcp,http,SF,255,310,0,0,0,0,0,1,0,0,0,0,0,0,0,0,0,5,5,0,0,0,0,1,0,0,255,255,1,0,0,0,0,0,0,0,normal
0,tcp,http,SF,241,389,0,0,0,0,0,1,0,0,0,0,0,0,0,0,0,2,2,0,0,0,0,1,0,0,123,255,1,0,0.01,0.01,0,0,0,0,normal
0,tcp,http,SF,224,688,0,0,0,0,0,1,0,0,0,0,0,0,0,0,0,25,26,0,0,0,0,1,0,0.08,25,255,1,0,0.04,0.02,0,0,0,0,normal
0,udp,other,SF,516,4,0,0,0,0,0,0,0,0,0,0,0,0,0,0,0,293,293,0,0,0,0,1,0,0,255,255,1,0,1,0,0,0,0,0,normal
0,tcp,http,SF,186,14609,0,0,0,0,0,1,0,0,0,0,0,0,0,0,0,1,30,0,0,0,0,1,0,0.1,205,255,1,0,0,0.02,0,0,0,0,normal
0,udp,domain_u,SF,45,72,0,0,0,0,0,0,0,0,0,0,0,0,0,0,0,220,220,0,0,0,0,1,0,0,255,255,1,0,0.01,0,0,0,0,0,normal
0,tcp,smtp,SF,2165,388,0,0,0,0,0,1,0,0,0,0,0,0,0,0,0,1,1,0,0,0,0,1,0,0,106,131,0.61,0.04,0.01,0.02,0,0,0,0,normal
0,tcp,ftp_data,SF,59,0,0,0,0,0,0,1,0,0,0,0,0,0,0,0,0,9,9,0,0,0,0,1,0,0,171,68,0.26,0.04,0.26,0.03,0,0,0,0,normal
0,udp,domain_u,SF,43,132,0,0,0,0,0,0,0,0,0,0,0,0,0,0,0,79,158,0,0,0,0,1,0,0.01,255,255,1,0,0,0,0,0,0,0,normal
0,tcp,http,SF,332,749,0,0,0,0,0,1,0,0,0,0,0,0,0,0,0,21,22,0,0,0,0,1,0,0.09,255,255,1,0,0,0,0,0,0,0,normal
0,tcp,http,SF,298,1609,0,0,0,0,0,1,0,0,0,0,0,0,0,0,0,17,17,0,0,0,0,1,0,0,36,255,1,0,0.03,0.03,0,0,0,0,normal
0,tcp,smtp,SF,715,329,0,0,0,0,0,1,0,0,0,0,0,0,0,0,0,1,1,0,0,0,0,1,0,0,18,33,0.78,0.22,0.06,0.06,0,0,0,0,normal
0,tcp,http,SF,233,2943,0,0,0,0,0,1,0,0,0,0,0,0,0,0,0,7,7,0,0,0,0,1,0,0,255,255,1,0,0,0,0.01,0.01,0,0,normal
525,udp,other,SF,147,105,0,0,0,0,0,0,0,0,0,0,0,0,0,0,0,1,1,0,0,0,0,1,0,0,255,1,0,0.74,0.98,0,0,0,0,0,normal
0,tcp,http,SF,211,811,0,0,0,0,0,1,0,0,0,0,0,0,0,0,0,6,6,0,0,0,0,1,0,0,231,255,1,0,0,0.02,0,0,0,0,normal
0,tcp,http,SF,200,337,0,0,0,0,0,1,0,0,0,0,0,0,0,0,0,23,33,0,0,0,0,1,0,0.06,255,255,1,0,0,0,0,0,0,0,normal
40,tcp,telnet,SF,118,6401,0,0,0,0,0,1,0,0,0,0,0,0,0,0,0,1,1,0,0,0,0,1,0,0,90,3,0.01,0.07,0.01,0.67,0,0,0,0.33,normal
0,tcp,http,SF,327,270,0,0,0,0,0,1,0,0,0,0,0,0,0,0,0,5,5,0,0,0,0,1,0,0,255,246,0.96,0.01,0,0,0,0,0,0,normal
0,tcp,http,SF,187,14664,0,0,0,0,0,1,0,0,0,0,0,0,0,0,0,1,1,0,0,0,0,1,0,0,255,255,1,0,0,0,0,0,0,0,normal
0,tcp,http,SF,183,5080,0,0,0,0,0,1,0,0,0,0,0,0,0,0,0,1,1,0,0,0,0,1,0,0,89,255,1,0,0.01,0.07,0,0,0,0,normal
0,tcp,http,SF,340,414,0,0,0,0,0,1,0,0,0,0,0,0,0,0,0,4,5,0,0,0,0,1,0,0.4,103,255,1,0,0.01,0.03,0,0,0,0.02,normal
50,tcp,telnet,SF,780,1593580,0,0,0,0,0,1,0,0,0,0,0,0,0,0,0,1,1,0,0,0,0,1,0,0,179,28,0.16,0.03,0.01,0,0,0,0,0,normal
0,tcp,http,SF,299,2282,0,0,0,0,0,1,0,0,0,0,0,0,0,0,0,6,6,0,0,0,0,1,0,0,24,255,1,0,0.04,0.09,0,0,0,0,normal
0,tcp,ftp_data,SF,11,0,0,0,0,0,0,1,0,0,0,0,0,0,0,0,0,1,2,0,0,0,0,1,0,1,60,28,0.47,0.08,0.47,0,0,0,0.03,0,normal
0,tcp,smtp,SF,1085,331,0,0,0,0,0,1,0,0,0,0,0,0,0,0,0,1,1,0,0,0,0,1,0,0,78,105,0.72,0.04,0.01,0.02,0,0,0,0,normal
0,tcp,smtp,SF,1162,333,0,0,0,0,0,1,0,0,0,0,0,0,0,0,0,1,1,0,0,0,0,1,0,0,20,109,0.95,0.1,0.05,0.02,0,0,0,0,normal
0,tcp,http,SF,194,1654,0,0,0,0,0,1,0,0,0,0,0,0,0,0,0,1,1,0,0,0,0,1,0,0,255,250,0.98,0.01,0,0,0,0,0,0,normal
0,tcp,http,SF,370,837,0,0,0,0,0,1,0,0,0,0,0,0,0,0,0,4,4,0,0,0,0,1,0,0,120,227,1,0,0.01,0.06,0,0,0,0,normal
0,tcp,http,SF,195,622,0,0,0,0,0,1,0,0,0,0,0,0,0,0,0,4,4,0,0,0,0,1,0,0,255,255,1,0,0,0,0,0,0,0,normal
0,tcp,http,SF,260,11512,0,0,0,0,0,1,0,0,0,0,0,0,0,0,0,1,1,0,0,0,0,1,0,0,255,228,0.89,0.01,0,0,0,0,0,0,normal
0,tcp,http,SF,235,2523,0,0,0,0,0,1,0,0,0,0,0,0,0,0,0,16,55,0,0,0,0,1,0,0.11,30,255,1,0,0.03,0.06,0,0,0,0,normal
0,tcp,http,SF,300,760,0,0,0,0,0,1,0,0,0,0,0,0,0,0,0,6,6,0,0,0,0,1,0,0,6,255,1,0,0.17,0.02,0,0,0,0,normal
0,udp,domain_u,SF,45,77,0,0,0,0,0,0,0,0,0,0,0,0,0,0,0,164,163,0,0,0,0,0.99,0.01,0,255,254,1,0.01,0.01,0,0,0,0,0,normal
0,tcp,http,SF,164,430,0,0,0,0,0,1,0,0,0,0,0,0,0,0,0,1,15,0,0,0,0,1,0,0.27,16,255,1,0,0.06,0.02,0,0.01,0,0,normal
0,tcp,http,SF,232,1075,0,0,0,0,0,1,0,0,0,0,0,0,0,0,0,1,1,0,0,0,0,1,0,0,255,251,0.98,0.01,0,0,0,0,0,0,normal
0,tcp,http,SF,303,1783,0,0,0,0,0,1,0,0,0,0,0,0,0,0,0,10,10,0,0,0,0,1,0,0,10,83,1,0,0.1,0.1,0,0,0,0.02,normal
0,tcp,http,SF,220,391,0,0,0,0,0,1,0,0,0,0,0,0,0,0,0,2,2,0,0,0,0,1,0,0,33,255,1,0,0.03,0.03,0,0,0,0,normal
0,udp,domain_u,SF,44,137,0,0,0,0,0,0,0,0,0,0,0,0,0,0,0,67,147,0,0,0,0,1,0,0.01,255,254,1,0.01,0,0,0,0,0,0,normal
0,udp,domain_u,SF,129,45,0,0,0,0,0,0,0,0,0,0,0,0,0,0,0,287,286,0,0,0,0,1,0.01,0,176,143,0.81,0.01,0.39,0,0,0,0,0,normal
0,tcp,http,SF,187,21002,0,0,0,0,0,1,0,0,0,0,0,0,0,0,0,1,1,0,0,0,0,1,0,0,55,255,1,0,0.02,0.04,0,0,0,0,normal
0,udp,domain_u,SF,43,125,0,0,0,0,0,0,0,0,0,0,0,0,0,0,0,196,196,0,0,0,0,1,0,0,255,255,1,0,0,0,0,0,0,0,normal
0,tcp,http,SF,224,4073,0,0,0,0,0,1,0,0,0,0,0,0,0,0,0,11,34,0,0,0,0,1,0,0.09,255,255,1,0,0,0,0,0,0,0,normal
0,tcp,http,SF,298,356,0,0,0,0,0,1,0,0,0,0,0,0,0,0,0,26,27,0,0,0,0,1,0,0.07,46,255,1,0,0.02,0.02,0,0,0,0,normal
0,tcp,http,SF,328,788,0,0,0,0,0,1,0,0,0,0,0,0,0,0,0,3,3,0,0,0,0,1,0,0,255,255,1,0,0,0,0,0,0,0,normal
7580,udp,other,SF,147,105,0,0,0,0,0,0,0,0,0,0,0,0,0,0,0,1,1,0,0,0,0,1,0,0,255,1,0,0.68,0.95,0,0,0,0,0,normal
0,tcp,http,SF,284,1410,0,0,0,0,0,1,0,0,0,0,0,0,0,0,0,4,4,0.25,0.25,0,0,1,0,0,246,255,1,0,0,0.01,0,0,0,0,normal
0,tcp,http,SF,264,19085,0,0,0,0,0,1,0,0,0,0,0,0,0,0,0,14,14,0.07,0.07,0,0,1,0,0,255,255,1,0,0,0,0,0,0,0,normal
0,tcp,http,SF,218,759,0,0,0,0,0,1,0,0,0,0,0,0,0,0,0,24,28,0,0,0,0,1,0,0.07,255,255,1,0,0,0,0,0,0,0,normal
1,tcp,smtp,SF,978,331,0,0,0,0,0,1,0,0,0,0,0,0,0,0,0,1,1,0,0,0,0,1,0,0,69,183,0.87,0.07,0.01,0.01,0,0,0,0,normal
0,udp,domain_u,SF,45,117,0,0,0,0,0,0,0,0,0,0,0,0,0,0,0,140,140,0,0,0,0,1,0,0,255,255,1,0,0,0,0,0,0,0,normal
0,tcp,ftp_data,SF,16115,0,0,0,0,0,0,1,0,0,0,0,0,0,0,0,0,4,4,0,0,0,0,1,0,0,124,45,0.36,0.02,0.36,0,0,0,0,0,normal
0,tcp,ftp_data,SF,88382,0,0,0,0,0,0,0,0,0,0,0,0,0,0,0,0,15,15,0,0,0,0,1,0,0,255,112,0.44,0.03,0.44,0,0,0,0,0,normal
0,tcp,other,SF,4539,0,0,0,0,0,0,1,0,0,0,0,0,0,0,0,0,18,1,0.06,0,0,0,0.06,0.28,0,194,1,0.01,0.08,0.24,0,0.01,0,0,0,normal
0,tcp,http,SF,209,2312,0,0,0,0,0,1,0,0,0,0,0,0,0,0,0,6,6,0,0,0,0,1,0,0,235,235,1,0,0,0,0,0,0,0,normal
0,tcp,ftp_data,SF,14052,0,0,0,0,0,0,1,0,0,0,0,0,0,0,0,0,1,1,0,0,0,0,1,0,0,224,139,0.58,0.02,0.58,0.01,0,0,0,0,normal
0,tcp,smtp,SF,727,327,0,0,0,0,0,1,0,0,0,0,0,0,0,0,0,1,1,0,0,0,0,1,0,0,222,126,0.5,0.03,0,0.02,0,0,0,0,normal
0,tcp,http,SF,292,1646,0,0,0,0,0,1,0,0,0,0,0,0,0,0,0,2,2,0,0,0,0,1,0,0,148,255,1,0,0.01,0.02,0,0,0,0,normal
0,udp,domain_u,SF,32,48,0,0,0,0,0,0,0,0,0,0,0,0,0,0,0,5,11,0,0,0,0,1,0,0.27,32,234,1,0,1,0.01,0,0,0,0,normal
0,udp,domain_u,SF,44,115,0,0,0,0,0,0,0,0,0,0,0,0,0,0,0,112,117,0,0,0,0,1,0,0.03,255,255,1,0,0,0,0,0,0,0,normal
0,udp,other,SF,516,4,0,0,0,0,0,0,0,0,0,0,0,0,0,0,0,348,348,0,0,0,0,1,0,0,255,255,1,0,1,0,0,0,0,0,normal
0,tcp,http,SF,218,3089,0,0,0,0,0,1,0,0,0,0,0,0,0,0,0,14,14,0,0,0,0,1,0,0,53,255,1,0,0.02,0.05,0,0,0,0,normal
0,tcp,http,SF,251,173,0,0,0,0,0,1,0,0,0,0,0,0,0,0,0,1,1,0,0,0,0,1,0,0,255,255,1,0,0,0,0,0,0,0,normal
0,tcp,http,SF,341,5468,0,0,0,0,0,1,0,0,0,0,0,0,0,0,0,13,26,0,0.04,0,0,1,0,0.12,23,255,1,0,0.04,0.01,0,0,0,0.07,normal
0,tcp,http,SF,225,955,0,0,0,0,0,1,0,0,0,0,0,0,0,0,0,5,6,0,0,0,0,1,0,0.33,255,255,1,0,0,0,0,0,0,0,normal
0,udp,domain_u,SF,45,123,0,0,0,0,0,0,0,0,0,0,0,0,0,0,0,67,147,0,0,0,0,1,0,0.01,255,203,0.8,0.02,0,0,0,0,0,0,normal
0,tcp,http,SF,152,5476,0,0,0,0,0,1,0,0,0,0,0,0,0,0,0,4,7,0,0,0,0,1,0,0.29,30,255,1,0,0.03,0.01,0,0.01,0,0,normal
0,tcp,http,SF,216,1922,0,0,0,0,0,1,0,0,0,0,0,0,0,0,0,23,24,0,0,0,0,1,0,0.08,50,255,1,0,0.02,0.01,0,0,0,0,normal
0,udp,private,SF,105,147,0,0,0,0,0,0,0,0,0,0,0,0,0,0,0,1,1,0,0,0,0,1,0,0,202,200,0.99,0.01,0,0,0,0,0,0,normal
0,tcp,http,SF,306,1380,0,0,0,0,0,1,0,0,0,0,0,0,0,0,0,2,2,0,0,0,0,1,0,0,255,248,0.97,0.01,0,0,0,0,0,0,normal
0,tcp,http,SF,193,12164,0,0,0,0,0,1,0,0,0,0,0,0,0,0,0,1,4,0,0,0,0,1,0,1,255,254,1,0.01,0,0,0,0,0,0,normal
2,tcp,smtp,SF,4263,365,0,0,0,0,0,1,0,0,0,0,0,0,0,0,0,1,2,0,0,0,0,1,0,1,137,192,0.8,0.08,0.01,0.01,0.03,0.02,0,0,normal
0,udp,domain_u,SF,45,45,0,0,0,0,0,0,0,0,0,0,0,0,0,0,0,308,307,0,0,0,0,1,0.01,0,255,254,1,0.01,0,0,0,0,0,0,normal
315,udp,other,SF,146,105,0,0,0,0,0,0,0,0,0,0,0,0,0,0,0,3,2,0,0,0,0,0.67,0.67,0,117,2,0.02,0.54,0.78,0,0,0,0,0,normal
0,tcp,http,SF,337,1949,0,0,0,0,0,1,0,0,0,0,0,0,0,0,0,7,9,0,0,0,0,1,0,0.33,33,255,1,0,0.03,0.02,0,0.02,0,0.01,normal
0,tcp,http,SF,214,310,0,0,0,0,0,1,0,0,0,0,0,0,0,0,0,7,7,0,0,0,0,1,0,0,255,255,1,0,0.01,0,0,0,0,0,normal
1,tcp,smtp,SF,1183,332,0,0,0,0,0,1,0,0,0,0,0,0,1,0,0,1,2,0,0,0,0,1,0,1,255,143,0.56,0.02,0.01,0,0,0,0,0,normal
0,tcp,http,SF,211,2251,0,0,0,0,0,1,0,0,0,0,0,0,0,0,0,26,29,0,0,0,0,1,0,0.14,255,255,1,0,0,0,0,0,0,0,normal
0,tcp,http,SF,277,9463,0,0,0,0,0,1,0,0,0,0,0,0,0,0,0,5,5,0,0,0,0,1,0,0,5,255,1,0,0.2,0.05,0,0,0,0,normal
0,icmp,eco_i,SF,30,0,0,0,0,0,0,0,0,0,0,0,0,0,0,0,0,1,1,0,0,0,0,1,0,0,44,90,0.98,0.05,0.98,0.28,0,0,0,0,normal
0,tcp,http,SF,343,1408,0,0,0,0,0,1,0,0,0,0,0,0,0,0,0,1,1,0,0,0,0,1,0,0,128,255,1,0,0.01,0.02,0,0,0,0,normal
0,udp,domain_u,SF,91,0,0,0,0,0,0,0,0,0,0,0,0,0,0,0,0,1,1,0,0,0,0,1,0,0,17,13,0.76,0.12,0.76,0,0,0,0,0,normal
0,tcp,IRC,SF,66,18,0,0,0,0,0,0,0,0,0,0,0,0,0,0,0,1,1,0,0,0,0,1,0,0,48,11,0.23,0.04,0.02,0,0,0,0.15,0.64,normal
0,tcp,ftp_data,SF,1874,0,0,0,0,0,0,1,0,0,0,0,0,0,0,0,0,10,10,0,0,0,0,1,0,0,111,38,0.34,0.03,0.34,0,0,0,0,0,normal
0,tcp,http,SF,196,16143,0,0,0,0,0,1,0,0,0,0,0,0,0,0,0,5,33,0,0,0,0,1,0,0.09,230,255,1,0,0,0.02,0,0,0,0,normal
0,tcp,http,S2,256,15968,0,0,0,0,0,1,0,0,0,0,0,0,0,0,0,1,24,1,0.04,0,0,1,0,0.08,179,255,1,0,0.01,0.01,0.01,0,0.01,0,normal
0,tcp,http,SF,293,13599,0,0,0,0,0,1,0,0,0,0,0,0,0,0,0,21,21,0,0,0,0,1,0,0,255,255,1,0,0,0,0,0,0,0,normal
0,tcp,ftp_data,SF,7196,0,0,0,0,0,0,1,0,0,0,0,0,0,0,0,0,9,9,0,0,0,0,1,0,0,111,55,0.33,0.05,0.33,0.04,0,0,0,0,normal
0,udp,domain_u,SF,33,0,0,0,0,0,0,0,0,0,0,0,0,0,0,0,0,1,3,0,0,0,0,1,0,0.67,247,38,0.15,0.02,0.15,0.05,0,0,0,0,normal
0,tcp,http,SF,226,1522,0,0,0,0,0,1,0,0,0,0,0,0,0,0,0,20,21,0,0,0,0,1,0,0.1,167,255,1,0,0.01,0.01,0,0,0,0,normal
0,tcp,ftp_data,SF,1153,0,0,0,0,0,0,1,0,0,0,0,0,0,0,0,0,2,2,0,0,0,0,1,0,0,48,27,0.12,0.08,0.12,0.07,0,0,0,0,normal
0,tcp,http,SF,333,864,0,0,0,0,0,1,0,0,0,0,0,0,0,0,0,11,13,0,0,0,0,1,0,0.15,79,255,1,0,0.01,0.07,0,0,0.78,0.85,normal
0,tcp,http,SF,294,18177,0,0,0,0,0,1,0,0,0,0,0,0,0,0,0,1,1,0,0,0,0,1,0,0,62,255,1,0,0.02,0.04,0,0,0,0,normal
0,tcp,http,SF,209,2445,0,0,0,0,0,1,0,0,0,0,0,0,0,0,0,21,34,0,0,0,0,1,0,0.06,255,255,1,0,0,0,0,0,0,0,normal
0,tcp,ftp_data,SF,59,0,0,0,0,0,0,1,0,0,0,0,0,0,0,0,0,16,16,0,0,0,0,1,0,0,243,107,0.44,0.04,0.44,0,0,0,0,0,normal
0,tcp,http,SF,290,2194,0,0,0,0,0,1,0,0,0,0,0,0,0,0,0,4,10,0,0,0,0,1,0,0.4,4,255,1,0,0.25,0.05,0,0,0,0,normal
1,tcp,smtp,SF,1863,331,0,0,0,0,0,1,0,0,0,0,0,0,0,0,0,1,4,0,0,0,0,1,0,1,4,157,1,0,0.25,0.02,0,0,0,0,normal
0,tcp,http,SF,193,767,0,0,0,0,0,1,0,0,0,0,0,0,0,0,0,40,40,0,0,0,0,1,0,0,255,255,1,0,0,0,0,0,0,0,normal
0,udp,domain_u,SF,42,42,0,0,0,0,0,0,0,0,0,0,0,0,0,0,0,42,42,0,0,0,0,1,0,0,255,254,1,0.01,0,0,0,0,0,0,normal
0,tcp,finger,SF,12,226,0,0,0,0,0,0,0,0,0,0,0,0,0,0,0,1,1,0,0,0,0,1,0,0,34,14,0.09,0.09,0.03,0.14,0,0,0,0,normal
0,tcp,http,SF,195,605,0,0,0,0,0,1,0,0,0,0,0,0,0,0,0,5,24,0,0,0,0.04,1,0,0.12,22,255,1,0,0.05,0.04,0,0,0,0.01,normal
0,tcp,smtp,SF,900,337,0,0,0,0,0,1,0,0,0,0,0,0,0,0,0,1,1,0,0,0,0,1,0,0,91,186,0.75,0.04,0.01,0.01,0,0,0,0,normal
0,tcp,http,SF,164,4559,0,0,0,0,0,1,0,0,0,0,0,0,0,0,0,6,11,0,0,0,0,1,0,0.27,10,255,1,0,0.1,0.07,0,0.01,0,0,normal
0,tcp,http,SF,215,1761,0,0,0,0,0,1,0,0,0,0,0,0,0,0,0,30,32,0,0,0,0,1,0,0.06,255,255,1,0,0,0,0,0,0,0,normal
1,tcp,smtp,SF,2602,330,0,0,0,0,0,1,0,0,0,0,0,0,0,0,0,1,2,0,0,0,0,1,0,1,39,149,0.69,0.08,0.03,0.02,0.03,0.01,0,0,normal
0,tcp,http,REJ,0,0,0,0,0,0,0,0,0,0,0,0,0,0,0,0,0,1,1,0,0,1,1,1,0,0,24,255,1,0,0.04,0.09,0,0,1,1,normal
0,udp,domain_u,SF,45,121,0,0,0,0,0,0,0,0,0,0,0,0,0,0,0,66,71,0,0,0,0,1,0,0.03,255,254,1,0.01,0,0,0,0,0,0,normal
0,tcp,http,SF,228,269,0,0,0,0,0,1,0,0,0,0,0,0,0,0,0,16,33,0,0,0,0,1,0,0.15,255,255,1,0,0,0,0,0,0,0,normal
0,udp,ntp_u,SF,48,48,0,0,0,0,0,0,0,0,0,0,0,0,0,0,0,1,1,0,0,0,0,1,0,0,42,36,0.86,0.07,0.86,0,0,0,0,0,normal
0,tcp,http,REJ,0,0,0,0,0,0,0,0,0,0,0,0,0,0,0,0,0,1,1,0,0,1,1,1,0,0,1,255,1,0,1,0.03,0,0.02,1,0.03,normal
0,tcp,smtp,SF,887,278,0,0,0,0,0,1,0,0,0,0,0,0,0,0,0,1,2,0,0,0,0,1,0,1,81,58,0.63,0.07,0.01,0.03,0,0,0,0,normal
6,tcp,smtp,SF,1543,325,0,0,0,0,0,1,0,0,0,0,0,0,0,0,0,1,1,0,0,0,0,1,0,0,103,81,0.79,0.03,0.01,0,0,0,0,0,normal
0,tcp,http,SF,297,1433,0,0,0,0,0,1,0,0,0,0,0,0,0,0,0,12,14,0,0,0,0,1,0,0.21,255,255,1,0,0,0,0,0,0,0,normal
0,udp,domain_u,SF,45,75,0,0,0,0,0,0,0,0,0,0,0,0,0,0,0,310,310,0,0,0,0,1,0,0,255,219,0.86,0.01,0,0,0,0,0,0,normal
28,udp,domain_u,SF,46,46,0,0,0,0,0,0,0,0,0,0,0,0,0,0,0,7,12,0,0,0,0,0.29,0.29,0.17,75,72,0.96,0.03,0.01,0,0,0,0,0,normal
0,udp,private,SF,105,147,0,0,0,0,0,0,0,0,0,0,0,0,0,0,0,1,1,0,0,0,0,1,0,0,101,100,0.99,0.02,0.01,0,0,0,0,0,normal
0,tcp,http,SF,208,6530,0,0,0,0,0,1,0,0,0,0,0,0,0,0,0,2,30,0,0,0,0,1,0,0.07,17,255,1,0,0.06,0.02,0,0,0,0,normal
0,icmp,ecr_i,SF,30,0,0,0,0,0,0,0,0,0,0,0,0,0,0,0,0,1,1,0,0,0,0,1,0,0,152,152,1,0,1,0,0,0,0,0,normal
23,tcp,ftp,SF,248,774,0,0,0,4,0,1,0,0,0,0,0,0,0,0,1,1,1,0,0,0,0,1,0,0,217,58,0.27,0.02,0,0,0,0,0,0,normal
0,tcp,http,SF,319,1338,0,0,0,0,0,1,0,0,0,0,0,0,0,0,0,8,8,0,0,0,0,1,0,0,83,255,1,0,0.01,0.04,0,0,0,0,normal
0,udp,other,SF,147,0,0,0,0,0,0,0,0,0,0,0,0,0,0,0,0,5,1,0,0,0,0,0.2,0.6,0,255,1,0,0.45,0.93,0,0,0,0,0,normal
0,tcp,http,SF,254,3497,0,0,0,0,0,1,0,0,0,0,0,0,0,0,0,10,11,0,0,0,0,1,0,0.18,255,255,1,0,0,0,0,0,0,0,normal
0,tcp,smtp,SF,2455,333,0,0,0,0,0,1,0,0,0,0,0,0,0,0,0,1,1,0,0,0,0,1,0,0,247,154,0.62,0.09,0,0,0,0,0,0,normal
0,tcp,http,SF,337,664,0,0,0,0,0,1,0,0,0,0,0,0,0,0,0,2,24,0,0,0,0,1,0,0.12,255,255,1,0,0,0,0.01,0.01,0,0,normal
0,icmp,eco_i,SF,30,0,0,0,0,0,0,0,0,0,0,0,0,0,0,0,0,1,1,0,0,0,0,1,0,0,18,124,1,0,1,0.44,0,0,0,0,normal
0,tcp,http,SF,213,603,0,0,0,0,0,1,0,0,0,0,0,0,0,0,0,14,14,0,0,0,0,1,0,0,33,255,1,0,0.03,0.04,0,0,0,0,normal
0,tcp,http,SF,213,122,0,0,0,0,0,1,0,0,0,0,0,0,0,0,0,1,1,0,0,0,0,1,0,0,255,255,1,0,0,0,0,0,0,0,normal
0,tcp,http,SF,354,1875,0,0,0,0,0,1,0,0,0,0,0,0,0,0,0,3,9,0,0,0,0,1,0,0.33,247,255,1,0,0,0.01,0,0,0,0,normal
0,tcp,http,SF,309,306,0,0,0,0,0,1,0,0,0,0,0,0,0,0,0,1,1,0,0,0,0,1,0,0,66,255,1,0,0.02,0.02,0,0,0,0,normal
0,tcp,ftp_data,SF,26,0,0,0,0,0,0,0,0,0,0,0,0,0,0,0,0,2,2,0,0,0,0,1,0,0,5,54,0.8,0.4,0.8,0.06,0,0.02,0,0,normal
0,tcp,smtp,SF,889,367,0,0,0,0,0,1,0,0,0,0,0,0,0,0,0,1,2,0,0,0,0,1,0,1,161,95,0.54,0.04,0.01,0.02,0,0,0,0,normal
0,icmp,urp_i,SF,78,0,0,0,0,0,0,0,0,0,0,0,0,0,0,0,0,22,6,0,0,0,0,0.23,0.09,0.33,255,26,0.1,0.01,0.1,0,0,0,0,0,normal
0,tcp,http,SF,216,1651,0,0,0,0,0,1,0,0,0,0,0,0,0,0,0,10,11,0,0,0,0,1,0,0.18,255,255,1,0,0,0,0,0,0,0,normal
0,icmp,urp_i,SF,183,0,0,0,0,0,0,0,0,0,0,0,0,0,0,0,0,2,1,0,0,0,0,0.5,1,0,255,21,0.08,0.01,0.09,0,0,0,0,0,normal
0,tcp,ftp_data,SF,1874,0,0,0,0,0,0,1,0,0,0,0,0,0,0,0,0,10,10,0,0,0,0,1,0,0,111,38,0.34,0.03,0.34,0,0,0,0,0,normal
0,tcp,http,SF,316,1054,0,0,0,0,0,1,0,0,0,0,0,0,0,0,0,5,5,0,0,0,0,1,0,0,169,255,1,0,0.01,0.01,0,0,0,0,normal
0,udp,other,SF,147,0,0,0,0,0,0,0,0,0,0,0,0,0,0,0,0,4,1,0,0,0,0,0.25,0.75,0,255,1,0,0.65,0.97,0,0,0,0,0,normal
0,tcp,http,SF,292,318,0,0,0,0,0,1,0,0,0,0,0,0,0,0,0,3,25,0,0,0,0,1,0,0.16,255,255,1,0,0,0,0,0,0,0,normal
0,tcp,http,SF,197,1259,0,0,0,0,0,1,0,0,0,0,0,0,0,0,0,4,4,0,0,0,0,1,0,0,160,255,1,0,0.01,0.02,0,0,0,0,normal
0,udp,domain_u,SF,45,135,0,0,0,0,0,0,0,0,0,0,0,0,0,0,0,165,165,0,0,0,0,1,0,0,90,51,0.57,0.03,0.01,0,0,0,0,0,normal
0,tcp,http,SF,266,7546,0,0,0,0,0,1,0,0,0,0,0,0,0,0,0,4,4,0,0,0,0,1,0,0,255,255,1,0,0,0,0,0,0,0,normal
0,tcp,smtp,SF,1369,333,0,0,0,0,0,1,0,0,0,0,0,0,0,0,0,1,1,0,0,0,0,1,0,0,53,191,0.94,0.08,0.02,0.01,0,0,0,0,normal
0,tcp,http,SF,211,294,0,0,0,0,0,1,0,0,0,0,0,0,0,0,0,6,6,0,0,0,0,1,0,0,88,255,1,0,0.01,0.05,0,0,0,0,normal
0,tcp,http,SF,359,2118,0,0,0,0,0,1,0,0,0,0,0,0,0,0,0,8,9,0,0,0,0,1,0,0.22,35,255,1,0,0.03,0.03,0,0,0,0,normal
0,tcp,http,REJ,0,0,0,0,0,0,0,0,0,0,0,0,0,0,0,0,0,1,1,0,0,1,1,1,0,0,8,251,1,0,0.12,0.14,0,0,1,0.96,normal
0,tcp,http,SF,307,7712,0,0,0,0,0,1,0,0,0,0,0,0,0,0,0,3,11,0,0,0,0,1,0,0.36,8,255,1,0,0.12,0.06,0,0,0,0,normal
0,tcp,http,SF,224,5024,0,0,0,0,0,1,0,0,0,0,0,0,0,0,0,9,18,0,0,0,0,1,0,0.11,9,255,1,0,0.11,0.06,0,0.01,0,0,normal
0,tcp,http,REJ,0,0,0,0,0,0,0,0,0,0,0,0,0,0,0,0,0,1,1,0,0,1,1,1,0,0,66,255,1,0,0.02,0.15,0,0,0.58,0.85,normal
0,tcp,http,SF,158,4030,0,0,0,0,0,1,0,0,0,0,0,0,0,0,0,3,3,0,0,0,0,1,0,0,213,255,1,0,0,0.02,0,0.01,0,0,normal
0,tcp,smtp,SF,1754,328,0,0,0,0,0,1,0,0,0,0,0,0,0,0,0,1,3,0,0,0,0,1,0,1,150,192,0.61,0.02,0.01,0.01,0,0,0,0,normal
0,tcp,http,SF,309,742,0,0,0,0,0,1,0,0,0,0,0,0,0,0,0,3,5,0,0,0,0,1,0,0.6,120,255,1,0,0.01,0.05,0,0,0,0,normal
0,tcp,http,SF,187,887,0,0,0,0,0,1,0,0,0,0,0,0,0,0,0,1,5,0,0,0,0,1,0,0.8,96,255,1,0,0.01,0.04,0,0,0,0,normal
0,tcp,http,SF,316,1382,0,0,0,0,0,1,0,0,0,0,0,0,0,0,0,16,16,0,0,0,0,1,0,0,29,255,1,0,0.03,0.03,0,0,0,0,normal
0,tcp,http,SF,199,3413,0,0,0,0,0,1,0,0,0,0,0,0,0,0,0,18,26,0,0,0,0,1,0,0.12,115,255,1,0,0.01,0.02,0,0,0,0,normal
0,tcp,http,SF,215,2735,0,0,0,0,0,1,0,0,0,0,0,0,0,0,0,6,6,0,0,0,0,1,0,0,6,255,1,0,0.17,0.03,0,0,0,0,normal
0,tcp,http,SF,247,2431,0,0,0,0,0,1,0,0,0,0,0,0,0,0,0,8,9,0,0,0,0,1,0,0.22,255,255,1,0,0,0,0,0,0,0,normal
0,udp,domain_u,SF,44,128,0,0,0,0,0,0,0,0,0,0,0,0,0,0,0,62,277,0,0,0,0,1,0,0.01,120,200,0.88,0.02,0.88,0.01,0,0,0.09,0,normal
0,tcp,http,SF,313,3247,0,0,0,0,0,1,0,0,0,0,0,0,0,0,0,7,7,0,0,0.14,0.14,1,0,0,7,255,1,0,0.14,0.04,0,0,0.14,0,normal
0,tcp,ftp_data,SF,2056,0,0,0,0,0,0,1,0,0,0,0,0,0,0,0,0,6,6,0,0,0,0,1,0,0,21,49,0.57,0.14,0.57,0.04,0.05,0,0,0,normal
0,tcp,http,SF,319,302,0,0,0,0,0,1,0,0,0,0,0,0,0,0,0,9,9,0,0,0,0,1,0,0,202,255,1,0,0,0.02,0,0,0,0,normal
4,tcp,ftp_data,SF,2194619,0,0,0,0,0,0,0,0,0,0,0,0,0,0,0,0,1,1,0,0,0,0,1,0,0,117,37,0.21,0.04,0.21,0.05,0.03,0,0,0,normal
0,tcp,http,SF,339,684,0,0,0,0,0,1,0,0,0,0,0,0,0,0,0,6,6,0,0,0,0,1,0,0,225,255,1,0,0,0.03,0,0,0,0,normal
0,tcp,http,SF,246,1600,0,0,0,0,0,1,0,0,0,0,0,0,0,0,0,6,36,0,0,0,0,1,0,0.14,138,255,1,0,0.01,0.02,0,0,0,0,normal
0,tcp,http,SF,213,900,0,0,0,0,0,1,0,0,0,0,0,0,0,0,0,8,10,0,0,0,0,1,0,0.2,130,255,1,0,0.01,0.02,0.01,0,0,0,normal
0,tcp,http,SF,200,3119,0,0,0,0,0,1,0,0,0,0,0,0,0,0,0,1,4,0,0,0,0,1,0,0.5,3,255,1,0,0.33,0.02,0,0,0,0,normal
0,udp,domain_u,SF,46,131,0,0,0,0,0,0,0,0,0,0,0,0,0,0,0,68,148,0,0,0,0,1,0,0.01,255,254,1,0.01,0,0,0,0,0,0,normal
0,tcp,smtp,SF,204768,332,0,0,0,0,0,1,0,0,0,0,0,0,0,0,0,1,1,0,0,0,0,1,0,0,32,85,0.81,0.06,0.03,0.02,0,0,0,0,normal
0,tcp,other,SF,4539,0,0,0,0,0,0,1,0,0,0,0,0,0,0,0,0,21,1,0.14,0,0,0,0.05,0.67,0,130,1,0.01,0.23,0.33,0,0.05,0,0,0,normal
0,tcp,smtp,SF,937,333,0,0,0,0,0,1,0,0,0,0,0,0,0,0,0,3,2,0,0,0,0,0.33,0.67,1,255,134,0.53,0.02,0,0,0,0,0,0,normal
0,tcp,http,SF,232,2012,0,0,0,0,0,1,0,0,0,0,0,0,0,0,0,14,14,0,0,0,0,1,0,0,73,255,1,0,0.01,0.03,0,0,0,0,normal
0,tcp,http,SF,279,494,0,0,0,0,0,1,0,0,0,0,0,0,0,0,0,2,2,0,0,0,0,1,0,0,255,255,1,0,0,0,0,0,0,0,normal
0,tcp,telnet,S1,145,13236,0,0,0,0,0,1,31,1,2,38,0,0,0,0,0,1,1,1,1,0,0,1,0,0,29,10,0.28,0.1,0.03,0.2,0.07,0.2,0,0,normal
0,tcp,auth,SF,9,38,0,0,0,0,0,1,0,0,0,0,0,0,0,0,0,1,1,0,0,0,0,1,0,0,30,2,0.03,0.13,0.03,1,0,0,0,0,normal
0,tcp,http,SF,295,703,0,0,0,0,0,1,0,0,0,0,0,0,0,0,0,18,21,0,0,0,0,1,0,0.14,255,255,1,0,0,0,0,0,0,0,normal
0,tcp,http,SF,291,2669,0,0,0,0,0,1,0,0,0,0,0,0,0,0,0,29,29,0,0,0,0,1,0,0,255,255,1,0,0,0,0,0,0,0,normal
0,udp,domain_u,SF,46,127,0,0,0,0,0,0,0,0,0,0,0,0,0,0,0,14,14,0,0,0,0,1,0,0,255,254,1,0.01,0,0,0,0,0,0,normal
0,tcp,ftp_data,SF,8766,0,0,0,0,0,0,0,0,0,0,0,0,0,0,0,0,4,4,0,0,0,0,1,0,0,158,33,0.21,0.03,0.21,0,0,0,0.04,0,normal
1,tcp,smtp,SF,752,345,0,0,0,0,0,1,0,0,0,0,0,0,0,0,0,1,1,0,0,0,0,1,0,0,255,109,0.43,0.02,0,0,0,0,0,0,normal
1,tcp,smtp,SF,2143,328,0,0,0,0,0,1,0,0,0,0,0,0,0,0,0,2,3,0,0,0,0,1,0,0.67,197,95,0.48,0.03,0.01,0,0.01,0.01,0,0,normal
0,tcp,http,SF,352,8260,0,0,0,0,0,1,0,0,0,0,0,0,0,0,0,2,16,0,0,0,0,1,0,0.19,70,255,1,0,0.03,0.01,0,0,0,0,normal
0,tcp,smtp,SF,987,359,0,0,0,0,0,1,0,0,0,0,0,0,0,0,0,1,1,0,0,0,0,1,0,0,106,140,0.6,0.06,0.01,0.01,0,0,0,0,normal
0,tcp,http,SF,219,511,0,0,0,0,0,1,0,0,0,0,0,0,0,0,0,20,43,0,0,0,0,1,0,0.14,255,255,1,0,0,0,0,0,0,0,normal
0,tcp,http,SF,333,10861,0,0,0,0,0,1,0,0,0,0,0,0,0,0,0,18,30,0,0,0,0,1,0,0.07,220,255,1,0,0.01,0.01,0,0,0,0,normal
0,tcp,http,SF,246,346,0,0,0,0,0,1,0,0,0,0,0,0,0,0,0,4,7,0,0,0,0,1,0,0.43,107,255,1,0,0.01,0.02,0,0,0,0,normal
0,tcp,http,SF,230,620,0,0,0,0,0,1,0,0,0,0,0,0,0,0,0,26,52,0,0,0,0,1,0,0.1,228,255,1,0,0,0.02,0,0,0,0,normal
0,tcp,http,SF,305,1380,0,0,0,0,0,1,0,0,0,0,0,0,0,0,0,2,6,0,0,0,0,1,0,0.67,255,223,0.87,0.01,0,0,0,0,0,0,normal
0,tcp,http,SF,207,885,0,0,0,0,0,1,0,0,0,0,0,0,0,0,0,16,25,0,0,0,0,1,0,0.12,255,255,1,0,0,0,0,0,0,0,normal
10340,udp,other,SF,146,105,0,0,0,0,0,0,0,0,0,0,0,0,0,0,0,1,1,0,0,0,0,1,0,0,255,1,0,0.79,1,0,0,0,0,0,normal
0,udp,domain_u,SF,43,132,0,0,0,0,0,0,0,0,0,0,0,0,0,0,0,71,151,0,0,0,0,1,0,0.01,255,240,0.94,0.02,0,0,0,0,0,0,normal
0,udp,other,SF,516,4,0,0,0,0,0,0,0,0,0,0,0,0,0,0,0,12,12,0,0,0,0,1,0,0,12,12,1,0,1,0,0,0,0,0,normal
0,tcp,http,SF,234,1075,0,0,0,0,0,1,0,0,0,0,0,0,0,0,0,5,5,0,0,0,0,1,0,0,255,245,0.96,0.01,0,0,0.02,0.02,0,0,normal
0,udp,domain_u,SF,45,123,0,0,0,0,0,0,0,0,0,0,0,0,0,0,0,54,53,0,0,0,0,0.98,0.04,0,255,162,0.64,0.01,0,0,0,0,0,0,normal
4,tcp,smtp,SF,737,334,0,0,0,0,0,1,0,0,0,0,0,0,0,0,0,1,21,0,0.95,0,0,1,0,0.1,163,86,0.53,0.04,0.01,0,0.01,0.01,0,0,normal
0,tcp,http,SF,281,406,0,0,0,0,0,1,0,0,0,0,0,0,0,0,0,1,17,0,0,0,0,1,0,0.12,1,255,1,0,1,0.06,0,0,0,0,normal
0,tcp,http,SF,146,3846,0,0,0,0,0,1,0,0,0,0,0,0,0,0,0,9,9,0,0,0,0,1,0,0,9,255,1,0,0.11,0.06,0,0,0,0,normal
0,tcp,smtp,SF,865,453,0,0,0,0,0,1,0,0,0,0,0,0,0,0,0,1,1,0,0,0,0,1,0,0,255,31,0.12,0.06,0,0,0.67,0,0,0,normal
0,tcp,http,SF,246,4686,0,0,0,0,0,1,0,0,0,0,0,0,0,0,0,20,21,0,0,0,0,1,0,0.1,208,255,1,0,0,0.01,0,0,0,0,normal
0,udp,domain_u,SF,104,0,0,0,0,0,0,0,0,0,0,0,0,0,0,0,0,1,2,0,0,0,0,1,0,1,255,255,1,0,0.05,0,0,0,0,0,normal
0,tcp,http,SF,221,294,0,0,0,0,0,1,0,0,0,0,0,0,0,0,0,16,16,0,0,0,0,1,0,0,187,255,1,0,0.01,0.01,0,0,0,0,normal
6,tcp,smtp,SF,2597,331,0,0,0,0,0,1,0,0,0,0,0,0,0,0,0,1,4,0,0,0,0,1,0,1,59,163,0.56,0.22,0.02,0.01,0.02,0,0,0.05,normal
0,tcp,http,SF,227,20791,0,0,0,0,0,1,0,0,0,0,0,0,0,0,0,4,4,0.25,0.25,0,0,1,0,0,4,255,1,0,0.25,0.06,0.25,0.01,0,0,normal
0,tcp,http,SF,312,7764,0,0,0,0,0,1,0,0,0,0,0,0,0,0,0,2,5,0,0,0,0,1,0,0.4,11,255,1,0,0.09,0.05,0,0,0,0,normal
0,tcp,http,SF,218,20131,0,0,0,0,0,1,0,0,0,0,0,0,0,0,0,1,1,0,0,0,0,1,0,0,1,255,1,0,1,0.01,0,0,0,0.01,normal
0,udp,other,SF,147,0,0,0,0,0,0,0,0,0,0,0,0,0,0,0,0,3,1,0,0,0,0,0.33,0.67,0,255,1,0,0.55,0.89,0,0,0,0,0,normal
0,tcp,http,SF,224,1998,0,0,0,0,0,1,0,0,0,0,0,0,0,0,0,16,16,0,0,0,0,1,0,0,37,255,1,0,0.03,0.03,0,0,0,0,normal
3,tcp,http,SF,255,37867,0,0,0,0,0,1,0,0,0,0,0,0,0,0,0,1,1,0,0,0,0,1,0,0,255,244,0.96,0.01,0,0,0,0,0,0,normal
0,tcp,http,SF,324,10647,0,0,0,0,0,1,0,0,0,0,0,0,0,0,0,2,2,0,0,0,0,1,0,0,11,14,1,0,0.09,0.14,0,0.14,0,0.07,normal
0,tcp,ftp_data,SF,637,0,0,0,0,0,0,1,0,0,0,0,0,0,0,0,0,8,8,0,0,0,0,1,0,0,180,78,0.41,0.02,0.41,0.03,0,0,0,0,normal
0,icmp,urp_i,SF,70,0,0,0,0,0,0,0,0,0,0,0,0,0,0,0,0,18,2,0,0,0,0,0.11,0.17,0,255,21,0.08,0.01,0.08,0,0,0,0,0,normal
0,udp,domain_u,SF,41,73,0,0,0,0,0,0,0,0,0,0,0,0,0,0,0,183,183,0,0,0,0,1,0,0,255,229,0.9,0.01,0,0,0,0,0,0,normal
0,tcp,http,SF,325,185,0,0,0,0,0,1,0,0,0,0,0,0,0,0,0,6,8,0,0,0,0,1,0,0.25,235,255,1,0,0,0.01,0,0,0,0,normal
0,udp,domain_u,SF,46,146,0,0,0,0,0,0,0,0,0,0,0,0,0,0,0,143,223,0,0,0,0,1,0,0.01,255,255,1,0,0,0,0,0,0,0,normal
0,tcp,http,SF,232,12268,0,0,0,0,0,1,0,0,0,0,0,0,0,0,0,2,2,0,0,0,0,1,0,0,10,149,1,0,0.1,0.01,0,0,0,0,normal
0,udp,domain_u,SF,45,139,0,0,0,0,0,0,0,0,0,0,0,0,0,0,0,79,159,0,0,0,0,1,0,0.01,255,254,1,0.01,0,0,0,0,0,0,normal
0,udp,other,SF,147,0,0,0,0,0,0,0,0,0,0,0,0,0,0,0,0,5,1,0,0,0,0,0.2,0.6,0,255,1,0,0.28,0.58,0,0,0,0,0,normal
0,udp,private,SF,105,0,0,0,0,0,0,0,0,0,0,0,0,0,0,0,0,1,1,0,0,0,0,1,0,0,40,4,0.1,0.05,0.03,0,0,0,0,0,normal
0,tcp,http,SF,342,1555,0,0,0,0,0,1,0,0,0,0,0,0,0,0,0,21,22,0.05,0.05,0,0,1,0,0.09,255,255,1,0,0,0,0,0,0,0,normal
0,udp,domain_u,SF,43,116,0,0,0,0,0,0,0,0,0,0,0,0,0,0,0,24,23,0,0,0,0,0.96,0.08,0,255,162,0.64,0.01,0,0,0,0,0,0,normal
0,tcp,http,SF,241,658,0,0,0,0,0,1,0,0,0,0,0,0,0,0,0,2,2,0,0,0,0,1,0,0,9,255,1,0,0.11,0.05,0,0.01,0,0,normal
0,tcp,http,SF,322,656,0,0,0,0,0,1,0,0,0,0,0,0,0,0,0,9,9,0,0,0,0,1,0,0,22,250,1,0,0.05,0.13,0,0,0.59,0.5,normal
0,tcp,http,SF,234,1707,0,0,0,0,0,1,0,0,0,0,0,0,0,0,0,9,9,0,0,0,0,1,0,0,9,255,1,0,0.11,0.04,0,0,0,0,normal
0,tcp,http,SF,209,1093,0,0,0,0,0,1,0,0,0,0,0,0,0,0,0,4,5,0,0,0,0,1,0,0.4,125,255,1,0,0.01,0.04,0,0,0,0,normal
0,tcp,http,SF,319,583,0,0,0,0,0,1,0,0,0,0,0,0,0,0,0,9,23,0,0,0,0,1,0,0.09,28,255,1,0,0.04,0.03,0,0,0,0,normal
0,tcp,http,REJ,0,0,0,0,0,0,0,0,0,0,0,0,0,0,0,0,0,1,2,0,0,1,1,1,0,1,35,118,1,0,0.03,0.22,0,0,1,1,normal
0,tcp,http,SF,285,3999,0,0,0,0,0,1,0,0,0,0,0,0,0,0,0,3,3,0,0,0,0,1,0,0,3,255,1,0,0.33,0.02,0,0,0,0,normal
0,udp,domain_u,SF,44,133,0,0,0,0,0,0,0,0,0,0,0,0,0,0,0,89,155,0,0,0,0,1,0,0.01,255,255,1,0,0,0,0,0,0,0,normal
0,tcp,http,SF,237,5939,0,0,0,0,0,1,0,0,0,0,0,0,0,0,0,10,10,0,0,0,0,1,0,0,255,255,1,0,0,0,0,0,0,0,normal
0,tcp,http,SF,235,1889,0,0,0,0,0,1,0,0,0,0,0,0,0,0,0,1,19,0,0,0,0,1,0,0.16,1,255,1,0,1,0.01,0,0,0,0,normal
0,tcp,smtp,SF,2143,331,0,0,0,0,0,1,0,0,0,0,0,0,0,0,0,1,1,0,0,0,0,1,0,0,62,193,0.77,0.06,0.02,0.01,0,0,0,0,normal
0,tcp,http,SF,216,710,0,0,0,0,0,1,0,0,0,0,0,0,0,0,0,26,26,0,0,0,0,1,0,0,178,255,1,0,0.01,0.02,0,0,0,0,normal
0,udp,other,SF,147,0,0,0,0,0,0,0,0,0,0,0,0,0,0,0,0,3,1,0,0,0,0,0.33,0.67,0,255,1,0,0.61,0.97,0,0,0,0,0,normal
0,tcp,http,SF,203,481,0,0,0,0,0,1,0,0,0,0,0,0,0,0,0,5,7,0,0,0,0,1,0,0.43,255,255,1,0,0,0,0,0,0,0,normal
0,tcp,ftp_data,SF,383,0,0,0,0,0,0,1,0,0,0,0,0,0,0,0,0,2,2,0,0,0,0,1,0,0,175,53,0.21,0.02,0.21,0.04,0,0,0,0,normal
2,tcp,ftp_data,SF,2194619,0,0,0,0,0,0,0,0,0,0,0,0,0,0,0,0,1,1,0,0,0,0,1,0,0,119,31,0.26,0.04,0.26,0,0,0,0,0,normal
0,tcp,http,SF,321,2006,0,0,0,0,0,1,0,0,0,0,0,0,0,0,0,5,5,0,0,0,0,1,0,0,255,255,1,0,0,0,0,0,0,0,normal
0,tcp,http,SF,215,2288,0,0,0,0,0,1,0,0,0,0,0,0,0,0,0,6,6,0,0,0,0,1,0,0,42,176,1,0,0.02,0.06,0,0,0,0,normal
0,udp,domain_u,SF,43,125,0,0,0,0,0,0,0,0,0,0,0,0,0,0,0,35,250,0,0,0,0,1,0,0.01,93,200,0.84,0.02,0.84,0.01,0,0,0.12,0,normal
0,tcp,smtp,SF,1537,328,0,0,0,0,0,1,0,0,0,0,0,0,0,0,0,1,3,0,0,0,0,1,0,1,104,164,0.6,0.05,0.01,0.01,0,0,0,0,normal
0,udp,domain_u,SF,33,88,0,0,0,0,0,0,0,0,0,0,0,0,0,0,0,1,5,0,0,0,0,1,0,0.8,95,61,0.64,0.03,0.01,0,0,0,0,0,normal
0,icmp,urp_i,SF,182,0,0,0,0,0,0,0,0,0,0,0,0,0,0,0,0,8,5,0,0,0,0,0.62,0.38,0,255,24,0.09,0.01,0.12,0,0,0,0,0,normal
0,tcp,http,SF,304,1762,0,0,0,0,0,1,0,0,0,0,0,0,0,0,0,17,20,0,0,0,0,1,0,0.15,74,255,1,0,0.01,0.04,0,0,0,0,normal
0,tcp,http,SF,323,11111,0,0,0,0,0,1,0,0,0,0,0,0,0,0,0,3,3,0,0,0,0,1,0,0,255,255,1,0,0,0,0,0,0,0,normal
0,tcp,X11,REJ,0,0,0,0,0,0,0,0,0,0,0,0,0,0,0,0,0,3,3,0,0,1,1,1,0,0,255,4,0.02,0.03,0,0,0,0,0.02,1,normal
0,tcp,http,SF,297,1442,0,0,0,0,0,1,0,0,0,0,0,0,0,0,0,11,16,0,0,0,0,1,0,0.19,255,255,1,0,0,0,0,0,0,0,normal
0,udp,domain_u,SF,44,69,0,0,0,0,0,0,0,0,0,0,0,0,0,0,0,256,260,0,0,0,0,1,0,0.01,255,220,0.86,0.01,0,0,0,0,0,0,normal
0,tcp,http,REJ,0,0,0,0,0,0,0,0,0,0,0,0,0,0,0,0,0,1,1,0,0,1,1,1,0,0,68,68,1,0,0.01,0,0,0,1,1,normal
0,tcp,http,SF,339,1164,0,0,0,0,0,1,0,0,0,0,0,0,0,0,0,9,16,0,0,0,0,1,0,0.12,255,255,1,0,0,0,0,0,0,0,normal
0,udp,domain_u,SF,46,75,0,0,0,0,0,0,0,0,0,0,0,0,0,0,0,117,117,0,0,0,0,1,0,0,255,254,1,0.01,0.01,0,0,0,0,0,normal
0,tcp,smtp,S1,0,0,0,0,0,0,0,0,0,0,0,0,0,0,0,0,0,1,3,1,0.33,0,0,1,0,1,84,148,0.82,0.04,0.01,0.01,0.02,0.01,0,0,normal
0,tcp,ftp_data,SF,245,0,0,0,0,0,0,1,0,0,0,1,0,0,0,0,0,1,1,0,0,0,0,1,0,0,110,93,0.24,0.05,0.24,0.02,0,0,0,0,normal
0,tcp,http,SF,271,10462,0,0,0,0,0,1,0,0,0,0,0,0,0,0,0,6,28,0,0,0,0,1,0,0.11,98,255,1,0,0.01,0.03,0,0,0,0,normal
0,tcp,http,SF,278,5651,0,0,0,0,0,1,0,0,0,0,0,0,0,0,0,8,8,0,0,0,0,1,0,0,8,255,1,0,0.12,0.02,0,0,0,0,normal
0,tcp,http,SF,193,12164,0,0,0,0,0,1,0,0,0,0,0,0,0,0,0,1,4,0,0,0,0,1,0,1,255,254,1,0.01,0,0,0,0,0,0,normal
0,tcp,smtp,SF,49,285,0,0,0,0,0,1,1,0,0,0,0,0,0,0,0,1,1,0,0,0,0,1,0,0,159,134,0.67,0.04,0.01,0.01,0,0,0,0,normal
0,tcp,smtp,SF,107,408,0,0,0,0,0,1,0,0,0,0,0,0,0,0,0,1,2,0,0,0,0,1,0,1,81,13,0.16,0.05,0.01,0,0,0,0,0,normal
0,tcp,http,SF,232,5309,0,0,0,0,0,1,0,0,0,0,0,0,0,0,0,21,21,0,0,0,0,1,0,0,23,255,1,0,0.04,0.01,0,0,0,0,normal
0,tcp,smtp,SF,125,236,0,0,0,0,0,1,0,0,0,0,0,0,0,0,0,1,1,0,0,0,0,1,0,0,90,81,0.22,0.79,0.01,0.02,0,0,0.72,0,normal
0,tcp,http,SF,0,20256,0,0,0,0,0,0,0,0,0,0,0,0,0,0,0,7,7,0.14,0.14,0,0,1,0,0,7,255,1,0,0.14,0.05,0.14,0,0,0,normal
0,tcp,http,SF,252,8260,0,0,0,0,0,1,0,0,0,0,0,0,0,0,0,2,16,0,0,0,0,1,0,0.25,134,255,1,0,0.01,0.01,0,0,0,0,normal
0,tcp,http,SF,337,1535,0,0,0,0,0,1,0,0,0,0,0,0,0,0,0,18,28,0,0,0,0,1,0,0.07,43,255,1,0,0.02,0.04,0,0,0,0,normal
0,tcp,ftp_data,SF,12,0,0,0,0,0,0,1,0,0,0,0,0,0,0,0,0,2,3,0,0,0,0,1,0,0.67,20,67,0.3,0.15,0.3,0.03,0,0,0,0,normal
0,tcp,http,S0,0,0,0,0,0,0,0,0,0,0,0,0,0,0,0,0,0,2,4,0.5,0.25,0,0,1,0,0.5,28,255,1,0,0.07,0.02,0.07,0.01,0,0,normal
0,tcp,http,SF,337,1173,0,0,0,0,0,1,0,0,0,0,0,0,0,0,0,2,3,0,0,0,0,1,0,0.67,218,255,1,0,0,0.01,0,0.01,0.15,0.13,normal
0,udp,domain_u,SF,45,82,0,0,0,0,0,0,0,0,0,0,0,0,0,0,0,114,114,0,0,0,0,1,0,0,255,254,1,0.01,0,0,0,0,0,0,normal
0,tcp,http,SF,154,12990,0,0,0,0,0,1,0,0,0,0,0,0,0,0,0,1,1,0,0,0,0,1,0,0,70,255,1,0,0.01,0.06,0.01,0.01,0,0,normal
0,udp,ntp_u,SF,48,48,0,0,0,0,0,0,0,0,0,0,0,0,0,0,0,4,1,0,0,0,0,0.25,0.5,0,255,201,0.79,0.01,0.79,0,0,0,0,0,normal
0,tcp,http,SF,295,2966,0,0,0,0,0,1,0,0,0,0,0,0,0,0,0,6,8,0,0,0,0,1,0,0.38,255,255,1,0,0,0,0,0,0,0,normal
0,udp,domain_u,SF,29,29,0,0,0,0,0,0,0,0,0,0,0,0,0,0,0,2,5,0,0,0,0,1,0,0.6,197,193,0.98,0.02,0.01,0,0,0,0,0,normal
0,tcp,http,SF,296,1497,0,0,0,0,0,1,0,0,0,0,0,0,0,0,0,2,3,0,0,0,0,1,0,0.67,2,255,1,0,0.5,0.03,0,0,0,0,normal
0,udp,domain_u,SF,44,44,0,0,0,0,0,0,0,0,0,0,0,0,0,0,0,110,110,0,0,0,0,1,0,0,255,254,1,0.01,0,0,0,0,0,0,normal
0,tcp,http,SF,236,357,0,0,0,0,0,1,0,0,0,0,0,0,0,0,0,18,18,0,0,0,0,1,0,0,58,255,1,0,0.02,0.04,0,0,0,0,normal
0,tcp,http,SF,213,7203,0,0,0,0,0,1,0,0,0,0,0,0,0,0,0,6,6,0,0,0,0,1,0,0,255,255,1,0,0,0,0,0,0,0,normal
0,udp,domain_u,SF,46,132,0,0,0,0,0,0,0,0,0,0,0,0,0,0,0,151,231,0,0,0,0,1,0,0.01,255,255,1,0,0,0,0,0,0,0,normal
0,udp,domain_u,SF,44,44,0,0,0,0,0,0,0,0,0,0,0,0,0,0,0,130,212,0,0,0,0,1,0,0.02,255,255,1,0,0.01,0,0,0,0,0,normal
0,tcp,http,SF,269,9317,0,0,0,0,0,1,0,0,0,0,0,0,0,0,0,6,6,0,0,0,0,1,0,0,25,255,1,0,0.04,0.05,0,0,0,0,normal
0,tcp,http,SF,203,4104,0,0,0,0,0,1,0,0,0,0,0,0,0,0,0,5,5,0,0,0,0,1,0,0,49,255,1,0,0.02,0.1,0,0,0.02,0.7,normal
0,tcp,smtp,SF,3798,583,0,0,0,0,0,1,0,0,0,0,0,0,0,0,0,1,1,0,0,0,0,1,0,0,55,181,0.93,0.05,0.02,0.03,0,0,0,0,normal
0,tcp,http,SF,223,1139,0,0,0,0,0,1,0,0,0,0,0,0,0,0,0,28,28,0,0,0,0,1,0,0,63,255,1,0,0.02,0.07,0,0,0,0,normal
0,tcp,http,SF,358,3781,0,0,0,0,0,1,0,0,0,0,0,0,0,0,0,4,5,0,0,0,0,1,0,0.4,255,255,1,0,0,0,0,0,0,0,normal
0,udp,private,SF,105,147,0,0,0,0,0,0,0,0,0,0,0,0,0,0,0,1,1,0,0,0,0,1,0,0,69,68,0.99,0.03,0.01,0,0,0,0,0,normal
0,tcp,http,SF,292,23238,0,0,0,0,0,1,0,0,0,0,0,0,0,0,0,11,12,0,0,0,0,1,0,0.17,241,255,1,0,0,0.02,0,0,0,0,normal
0,tcp,http,SF,311,293,0,0,0,0,0,1,0,0,0,0,0,0,0,0,0,4,4,0,0,0,0,1,0,0,196,255,1,0,0.01,0.01,0,0,0.01,0,normal
0,tcp,http,REJ,0,0,0,0,0,0,0,0,0,0,0,0,0,0,0,0,0,1,2,0,0,1,1,1,0,1,38,27,0.71,0.05,0.03,0,0,0,0.71,1,normal
0,tcp,http,REJ,0,0,0,0,0,0,0,0,0,0,0,0,0,0,0,0,0,1,1,0,0,1,1,1,0,0,1,201,1,0,1,0.1,0,0,1,1,normal
0,tcp,http,SF,160,4437,0,0,0,0,0,1,0,0,0,0,0,0,0,0,0,7,34,0,0,0,0,1,0,0.09,44,255,1,0,0.02,0.01,0,0,0.02,0,normal
0,tcp,smtp,SF,1451,373,0,0,0,0,0,1,0,0,0,0,0,0,0,0,0,1,2,0,0,0,0,1,0,1,125,244,0.95,0.02,0.01,0.01,0,0,0,0,normal
0,tcp,http,SF,199,30328,0,0,0,0,0,1,0,0,0,0,0,0,0,0,0,2,2,0,0,0,0,1,0,0,255,255,1,0,0,0,0,0,0,0,normal
0,udp,domain_u,SF,46,135,0,0,0,0,0,0,0,0,0,0,0,0,0,0,0,153,233,0,0,0,0,1,0,0.01,255,255,1,0,0,0,0,0,0,0,normal
0,tcp,http,SF,284,657,0,0,0,0,0,1,0,0,0,0,0,0,0,0,0,16,16,0,0,0,0,1,0,0,220,255,1,0,0,0.02,0,0,0,0,normal
0,tcp,http,SF,193,2969,0,0,0,0,0,1,0,0,0,0,0,0,0,0,0,12,12,0,0,0,0,1,0,0,24,255,1,0,0.04,0.03,0,0,0,0,normal
0,udp,domain_u,SF,45,130,0,0,0,0,0,0,0,0,0,0,0,0,0,0,0,68,145,0,0,0,0,1,0,0.01,255,189,0.74,0.02,0.01,0,0,0,0,0,normal
0,udp,private,SF,105,145,0,0,0,0,0,0,0,0,0,0,0,0,0,0,0,1,1,0,0,0,0,1,0,0,87,86,0.99,0.02,0.01,0,0,0,0,0,normal
0,tcp,http,SF,179,816,0,0,0,0,0,1,0,0,0,0,0,0,0,0,0,1,2,0,0,0,0,1,0,1,161,255,1,0,0.01,0.02,0,0,0,0,normal
0,tcp,smtp,SF,3843,333,0,0,0,0,0,1,0,0,0,0,1,0,0,0,0,1,1,0,0,0,0,1,0,0,153,139,0.54,0.04,0.01,0.01,0,0,0,0,normal
0,tcp,smtp,SF,3001,640,0,0,0,0,0,1,0,0,0,0,0,0,0,0,0,1,2,0,0,0,0,1,0,1,255,133,0.52,0.01,0,0,0.73,0.75,0,0,normal
0,tcp,http,SF,217,13389,0,0,0,0,0,1,0,0,0,0,0,0,0,0,0,2,2,0,0,0,0,1,0,0,45,255,1,0,0.02,0.03,0,0,0,0,normal
0,tcp,http,SF,210,1801,0,0,0,0,0,1,0,0,0,0,0,0,0,0,0,10,10,0,0,0,0,1,0,0,71,255,1,0,0.01,0.02,0,0,0,0,normal
0,udp,domain_u,SF,40,40,0,0,0,0,0,0,0,0,0,0,0,0,0,0,0,2,6,0,0,0,0,1,0,0.33,157,153,0.97,0.02,0.01,0,0,0,0,0,normal
0,tcp,http,S0,0,0,0,0,0,0,0,0,0,0,0,0,0,0,0,0,0,2,2,0.5,0.5,0,0,1,0,0,3,255,1,0,0.67,0.04,0.33,0,0,0,normal
0,tcp,http,SF,201,4364,0,0,0,0,0,1,0,0,0,0,0,0,0,0,0,8,8,0,0,0,0,1,0,0,77,255,1,0,0.01,0.02,0,0,0,0,normal
0,tcp,http,S0,0,0,0,0,0,0,0,0,0,0,0,0,0,0,0,0,0,2,3,0.5,0.33,0,0,1,0,0.67,3,12,1,0,0.67,0.33,0.33,0.08,0,0,normal
0,tcp,ftp_data,SF,641,0,0,0,0,0,0,0,0,0,0,0,0,0,0,0,0,2,2,0,0,0,0,1,0,0,51,5,0.1,0.08,0.1,0,0,0,0,0,normal
3,tcp,pop_3,SF,38,130,0,0,0,0,0,1,0,0,0,0,0,0,0,0,0,3,1,0,0,0,0,0.33,0.67,0,33,4,0.09,0.18,0.03,0.5,0,0,0,0,normal
0,tcp,smtp,SF,851,479,0,0,0,0,0,1,0,0,0,0,0,0,0,0,0,1,1,0,0,0,0,1,0,0,255,37,0.15,0.02,0.01,0,0,0,0.83,0,normal
0,tcp,http,SF,197,873,0,0,0,0,0,1,0,0,0,0,0,0,0,0,0,22,31,0,0,0,0,1,0,0.06,22,255,1,0,0.05,0.03,0,0,0,0,normal
0,tcp,ftp_data,SF,37,0,0,0,0,0,0,1,0,0,0,0,0,0,0,0,0,2,2,0,0,0,0,1,0,0,88,83,0.27,0.03,0.27,0.02,0,0,0,0,normal
0,tcp,ftp_data,SF,8737,0,0,0,0,0,0,0,0,0,0,0,0,0,0,0,0,1,1,0,0,0,0,1,0,0,147,37,0.25,0.03,0.25,0,0,0,0,0,normal
0,udp,other,SF,516,4,0,0,0,0,0,0,0,0,0,0,0,0,0,0,0,417,417,0,0,0,0,1,0,0,255,255,1,0,1,0,0,0,0,0,normal
33,tcp,ftp,SF,938,2720,0,0,0,19,0,1,0,0,0,0,0,0,0,0,1,1,1,0,0,0,0,1,0,0,171,43,0.25,0.03,0.01,0,0,0,0.01,0.02,normal
3,tcp,smtp,SF,2289,332,0,0,0,0,0,1,0,0,0,0,0,0,0,0,0,1,1,0,0,0,0,1,0,0,78,126,0.36,0.04,0.01,0.02,0,0,0,0,normal
0,tcp,http,SF,267,11798,0,0,0,0,0,1,0,0,0,0,0,0,0,0,0,4,5,0,0,0,0,1,0,0.4,8,255,1,0,0.12,0.02,0,0,0,0,normal
0,tcp,http,SF,211,1696,0,0,0,0,0,1,0,0,0,0,0,0,0,0,0,1,6,0,0,0,0,1,0,0.67,13,255,1,0,0.08,0.04,0,0,0,0,normal
9,tcp,telnet,SF,106,1423,0,0,0,0,0,1,0,0,0,0,0,0,0,0,0,1,1,0,0,0,0,1,0,0,137,3,0.01,0.04,0.01,0.67,0,0,0,0,normal
0,udp,domain_u,SF,30,90,0,0,0,0,0,0,0,0,0,0,0,0,0,0,0,1,3,0,0,0,0,1,0,1,255,234,0.92,0.01,0,0,0,0,0,0,normal
0,tcp,other,SF,59,0,0,0,0,0,0,0,0,0,0,0,0,0,0,0,0,12,1,0.08,0,0,0,0.08,0.33,0,228,1,0,0.04,0.4,0,0.02,0,0,0,normal
0,tcp,http,SF,294,18177,0,0,0,0,0,1,0,0,0,0,0,0,0,0,0,1,1,0,0,0,0,1,0,0,62,255,1,0,0.02,0.04,0,0,0,0,normal
0,tcp,http,REJ,0,0,0,0,0,0,0,0,0,0,0,0,0,0,0,0,0,14,14,0,0,0.64,0.64,1,0,0,14,255,1,0,0.07,0.01,0,0,0.64,0.05,normal
0,tcp,http,SF,312,1592,0,0,0,0,0,1,0,0,0,0,0,0,0,0,0,4,5,0,0,0,0,1,0,0.4,21,255,1,0,0.05,0.08,0,0,0,0,normal
0,tcp,http,REJ,0,0,0,0,0,0,0,0,0,0,0,0,0,0,0,0,0,1,2,0,0,1,1,1,0,1,17,177,1,0,0.06,0.16,0,0,1,0.94,normal
0,tcp,http,SF,163,19076,0,0,0,0,0,1,0,0,0,0,0,0,0,0,0,1,1,0,0,0,0,1,0,0,255,255,1,0,0,0,0,0,0.13,0.13,normal
0,tcp,smtp,SF,1038,330,0,0,0,0,0,1,0,0,0,0,0,0,0,0,0,1,1,0,0,0,0,1,0,0,146,172,0.75,0.02,0.01,0.01,0,0,0,0,normal
0,tcp,smtp,SF,2931,326,0,0,0,0,0,1,0,0,0,0,0,0,0,0,0,2,1,0,0,0,0,0.5,1,0,255,128,0.5,0.05,0,0,0.01,0,0,0,normal
0,tcp,http,SF,298,4930,0,0,0,0,0,1,0,0,0,0,0,0,0,0,0,4,24,0,0,0,0,1,0,0.08,178,255,1,0,0.01,0.02,0,0,0,0,normal
0,tcp,http,SF,217,13110,0,0,0,0,0,1,0,0,0,0,0,0,0,0,0,1,17,0,0,0,0,1,0,0.12,11,255,1,0,0.09,0.04,0,0,0,0,normal
0,tcp,http,SF,199,19835,0,0,0,0,0,1,0,0,0,0,0,0,0,0,0,1,1,0,0,0,0,1,0,0,112,255,1,0,0.01,0.02,0,0,0,0,normal
0,udp,domain_u,SF,45,135,0,0,0,0,0,0,0,0,0,0,0,0,0,0,0,9,28,0,0,0,0,1,0,0.07,255,254,1,0.01,0,0,0,0,0,0,normal
0,tcp,http,SF,268,4175,0,0,0,0,0,1,0,0,0,0,0,0,0,0,0,14,14,0,0,0,0,1,0,0,255,255,1,0,0,0,0,0,0,0,normal
0,icmp,ecr_i,SF,64,0,0,0,0,0,0,0,0,0,0,0,0,0,0,0,0,1,1,0,0,0,0,1,0,0,30,1,0.03,0.13,0.03,0,0.03,0,0,0,normal
0,tcp,http,SF,324,344,0,0,0,0,0,1,0,0,0,0,0,0,0,0,0,7,7,0,0,0,0,1,0,0,75,255,1,0,0.01,0.03,0,0,0,0,normal
0,tcp,http,SF,220,184,0,0,0,0,0,1,0,0,0,0,0,0,0,0,0,1,1,0,0,0,0,1,0,0,11,255,1,0,0.09,0.09,0,0,0,0,normal
0,udp,private,SF,105,146,0,0,0,0,0,0,0,0,0,0,0,0,0,0,0,7,1,0,0,0,0,0.14,0.29,0,255,233,0.91,0.01,0,0,0,0,0,0,normal
0,tcp,http,SF,211,3712,0,0,0,0,0,1,0,0,0,0,0,0,0,0,0,3,3,0,0,0,0,1,0,0,3,83,1,0,0.33,0.04,0,0,0,0,normal
0,tcp,http,REJ,0,0,0,0,0,0,0,0,0,0,0,0,0,0,0,0,0,1,1,0,0,1,1,1,0,0,19,229,1,0,0.05,0.11,0,0,1,0.97,normal
0,tcp,http,REJ,0,0,0,0,0,0,0,0,0,0,0,0,0,0,0,0,0,1,2,0,0,1,1,1,0,1,128,114,0.89,0.03,0.01,0,0,0,0.89,1,normal
2,tcp,smtp,SF,1273,367,0,0,0,0,0,1,0,0,0,0,0,0,0,0,0,1,1,0,0,0,0,1,0,0,27,160,0.96,0.07,0.04,0.01,0,0,0,0,normal
0,udp,domain_u,SF,44,128,0,0,0,0,0,0,0,0,0,0,0,0,0,0,0,46,46,0,0,0,0,1,0,0,184,121,0.66,0.02,0.01,0,0,0,0,0,normal
0,tcp,ftp_data,SF,175337,0,0,0,0,0,0,1,0,0,0,0,0,0,0,0,0,1,1,0,0,0,0,1,0,0,99,133,0.75,0.04,0.75,0.02,0.01,0,0,0,normal
0,tcp,http,SF,254,390,0,0,0,0,0,1,0,0,0,0,0,0,0,0,0,13,14,0,0,0,0,1,0,0.14,176,255,1,0,0.01,0.01,0,0,0,0,normal
0,udp,private,SF,105,146,0,0,0,0,0,0,0,0,0,0,0,0,0,0,0,1,1,0,0,0,0,1,0,0,19,16,0.84,0.11,0.05,0,0,0,0,0,normal
0,tcp,http,SF,466,3177,0,0,0,0,0,1,0,0,0,0,0,0,0,0,0,1,4,0,0,0,0,1,0,0.75,2,255,1,0,0.5,0.07,0,0,0,0,normal
0,tcp,http,SF,332,887,0,0,0,0,0,1,0,0,0,0,0,0,0,0,0,6,6,0.17,0.17,0,0,1,0,0,255,255,1,0,0,0,0,0,0,0,normal
0,tcp,http,SF,373,1575,0,0,0,0,0,1,0,0,0,0,0,0,0,0,0,7,7,0,0,0,0,1,0,0,72,255,1,0,0.01,0.03,0.01,0,0,0,normal
0,tcp,http,SF,204,633,0,0,0,0,0,1,0,0,0,0,0,0,0,0,0,2,3,0,0,0,0,1,0,0.67,161,255,1,0,0.01,0.04,0.01,0.01,0,0.02,normal
0,udp,domain_u,SF,39,39,0,0,0,0,0,0,0,0,0,0,0,0,0,0,0,2,13,0,0,0,0,0.5,1,0.15,255,235,0.92,0.01,0.01,0,0,0,0,0,normal
0,tcp,http,REJ,0,0,0,0,0,0,0,0,0,0,0,0,0,0,0,0,0,15,15,0,0,0.73,0.73,1,0,0,33,113,1,0,0.03,0.18,0,0,0.88,0.96,normal
0,udp,private,SF,105,147,0,0,0,0,0,0,0,0,0,0,0,0,0,0,0,1,1,0,0,0,0,1,0,0,10,10,1,0,0.1,0,0,0,0,0,normal
0,tcp,http,SF,319,498,0,0,0,0,0,1,0,0,0,0,0,0,0,0,0,3,3,0,0,0,0,1,0,0,255,255,1,0,0,0,0,0,0,0,normal
0,tcp,http,SF,334,382,0,0,0,0,0,1,0,0,0,0,0,0,0,0,0,18,19,0,0,0,0,1,0,0.11,255,255,1,0,0,0,0,0,0,0,normal
0,tcp,ftp_data,SF,2881,0,0,0,0,0,0,0,0,0,0,0,0,0,0,0,0,5,5,0,0,0,0,1,0,0,255,46,0.18,0.02,0.18,0,0.53,0,0,0,normal
0,tcp,auth,SF,10,39,0,0,0,0,0,0,0,0,0,0,0,0,0,0,0,1,1,0,0,0,0,1,0,0,69,3,0.01,0.06,0.01,0.67,0,0,0,0,normal
0,tcp,http,SF,261,391,0,0,0,0,0,1,0,0,0,0,0,0,0,0,0,12,16,0,0,0,0,1,0,0.12,255,255,1,0,0,0,0,0,0,0,normal
22,tcp,ftp,SF,318,1054,0,0,0,6,0,1,0,0,0,0,0,0,0,0,1,1,1,0,0,0,0,1,0,0,114,35,0.31,0.03,0.01,0,0,0,0,0,normal
0,tcp,http,SF,313,55704,0,0,0,0,0,1,0,0,0,0,0,0,0,0,0,1,1,0,0,0,0,1,0,0,5,255,1,0,0.2,0.13,0,0,0.8,0.97,normal
0,tcp,http,REJ,0,0,0,0,0,0,0,0,0,0,0,0,0,0,0,0,0,1,1,0,0,1,1,1,0,0,5,62,1,0,0.2,0.24,0,0,1,1,normal
0,udp,domain_u,SF,45,133,0,0,0,0,0,0,0,0,0,0,0,0,0,0,0,2,67,0,0,0,0,1,0,0.03,255,254,1,0.01,0,0,0,0,0,0,normal
0,tcp,http,REJ,0,0,0,0,0,0,0,0,0,0,0,0,0,0,0,0,0,2,2,0,0,1,1,1,0,0,44,53,1,0,0.02,0.04,0,0,0.39,0.49,normal
0,tcp,http,REJ,0,0,0,0,0,0,0,0,0,0,0,0,0,0,0,0,0,1,1,0,0,1,1,1,0,0,1,120,1,0,1,0.22,0,0,1,1,normal
0,tcp,http,SF,298,1241,0,0,0,0,0,1,0,0,0,0,0,0,0,0,0,4,11,0,0,0,0,1,0,0.45,48,225,1,0,0.02,0.04,0.02,0,0,0,normal
2603,udp,other,SF,146,105,0,0,0,0,0,0,0,0,0,0,0,0,0,0,0,1,1,0,0,0,0,1,0,0,255,1,0,0.67,0.97,0,0,0,0,0,normal
0,tcp,http,SF,242,1735,0,0,0,0,0,1,0,0,0,0,0,0,0,0,0,2,2,0,0,0,0,1,0,0,224,255,1,0,0,0.02,0,0,0,0,normal
0,tcp,http,SF,338,392,0,0,0,0,0,1,0,0,0,0,0,0,0,0,0,3,3,0,0,0,0,1,0,0,255,255,1,0,0,0,0,0,0,0,normal
0,udp,domain_u,SF,45,76,0,0,0,0,0,0,0,0,0,0,0,0,0,0,0,228,228,0,0,0,0,1,0,0,255,255,1,0,0.01,0,0,0,0,0,normal
0,tcp,http,SF,309,2698,0,0,0,0,0,1,0,0,0,0,0,0,1,0,0,2,2,0,0,0,0,1,0,0,255,228,0.89,0.01,0,0,0,0,0,0,normal
0,tcp,http,SF,320,420,0,0,0,0,0,1,0,0,0,0,0,0,0,0,0,7,7,0,0,0,0,1,0,0,255,255,1,0,0.01,0,0,0,0,0,normal
0,tcp,http,REJ,0,0,0,0,0,0,0,0,0,0,0,0,0,0,0,0,0,1,2,0,0,1,1,1,0,1,103,255,1,0,0.01,0.13,0,0,1,1,normal
0,tcp,smtp,SF,2381,326,0,0,0,0,0,1,0,0,0,0,0,0,0,0,0,1,1,0,0,0,0,1,0,0,254,167,0.65,0.03,0.01,0.01,0,0.01,0,0,normal
1,tcp,smtp,SF,1184,280,0,0,0,0,0,1,0,0,0,0,0,0,0,0,0,1,1,0,0,0,0,1,0,0,255,36,0.14,0.53,0,0,0,0,0,0,normal
0,tcp,http,SF,317,1571,0,0,0,0,0,1,0,0,0,0,0,0,0,0,0,4,4,0,0,0,0,1,0,0,6,255,1,0,0.17,0.02,0,0,0,0,normal
0,udp,domain_u,SF,45,67,0,0,0,0,0,0,0,0,0,0,0,0,0,0,0,236,235,0,0,0,0,1,0.01,0,255,247,0.97,0.01,0,0,0,0,0,0,normal
0,tcp,http,SF,214,480,0,0,0,0,0,1,0,0,0,0,0,0,0,0,0,9,25,0,0,0,0,1,0,0.08,9,255,1,0,0.11,0.01,0,0,0,0,normal
0,tcp,ftp_data,S2,1153,0,0,0,0,0,0,1,0,0,0,0,0,0,0,0,0,1,1,1,1,0,0,1,0,0,104,27,0.26,0.07,0.29,0,0.02,0.07,0,0,normal
1,tcp,smtp,SF,1483,363,0,0,0,0,0,1,0,0,0,0,0,0,0,0,0,1,4,0,0,0,0,1,0,1,24,126,1,0,0.04,0.02,0,0,0,0,normal
4610,udp,other,SF,146,105,0,0,0,0,0,0,0,0,0,0,0,0,0,0,0,3,2,0,0,0,0,0.67,0.67,0,255,2,0.01,0.83,1,0,0,0,0,0,normal
0,tcp,ftp_data,SF,1874,0,0,0,0,0,0,1,0,0,0,0,0,0,0,0,0,1,1,0,0,0,0,1,0,0,7,7,1,0,1,0,0,0,0,0,normal
0,tcp,http,SF,212,882,0,0,0,0,0,1,0,0,0,0,0,0,0,0,0,23,23,0,0,0,0,1,0,0,255,255,1,0,0,0,0,0,0,0,normal
8122,udp,other,SF,147,105,0,0,0,0,0,0,0,0,0,0,0,0,0,0,0,3,1,0,0,0,0,0.33,0.67,0,255,1,0,0.65,0.95,0,0,0,0,0,normal
0,udp,domain_u,SF,44,44,0,0,0,0,0,0,0,0,0,0,0,0,0,0,0,107,107,0,0,0,0,1,0,0,255,255,1,0,0,0,0,0,0,0,normal
0,tcp,http,SF,230,52465,0,0,0,0,0,1,0,0,0,0,0,0,0,0,0,1,9,0,0,0,0,1,0,0.33,255,255,1,0,0,0,0,0,0,0,normal
0,tcp,http,SF,260,2198,0,0,0,0,0,1,0,0,0,0,0,0,0,0,0,4,4,0,0,0,0,1,0,0,25,255,1,0,0.04,0.07,0,0.01,0,0,normal
0,tcp,http,REJ,0,0,0,0,0,0,0,0,0,0,0,0,0,0,0,0,0,1,1,0,0,1,1,1,0,0,1,218,1,0,1,0.16,0,0,1,0.92,normal
0,tcp,http,REJ,0,0,0,0,0,0,0,0,0,0,0,0,0,0,0,0,0,1,1,0,0,1,1,1,0,0,17,255,1,0,0.06,0.16,0,0,1,0.92,normal
0,tcp,http,SF,236,15777,0,0,0,0,0,1,0,0,0,0,0,0,0,0,0,1,17,0,0,0,0,1,0,0.18,1,255,1,0,1,0.05,0,0,0,0,normal
0,tcp,http,SF,314,2527,0,0,0,0,0,1,0,0,0,0,0,0,0,0,0,14,14,0,0,0,0,1,0,0,255,255,1,0,0,0,0,0,0,0,normal
0,tcp,http,SF,226,1195,0,0,0,0,0,1,0,0,0,0,0,0,0,0,0,7,12,0,0,0,0,1,0,0.17,7,255,1,0,0.14,0.03,0,0,0,0,normal
0,tcp,http,SF,278,1761,0,0,0,0,0,1,0,0,0,0,0,0,0,0,0,6,8,0,0,0,0,1,0,0.25,87,255,1,0,0.01,0.02,0,0,0,0,normal
0,tcp,http,SF,199,530,0,0,0,0,0,1,0,0,0,0,0,0,0,0,0,6,6,0,0,0,0,1,0,0,163,255,1,0,0.01,0.02,0.01,0.01,0,0,normal
0,tcp,ftp_data,SF,10073,0,0,0,0,0,0,0,0,0,0,0,0,0,0,0,0,15,15,0,0,0,0,1,0,0,244,67,0.27,0.02,0.27,0,0,0,0,0,normal
0,udp,domain_u,SF,44,44,0,0,0,0,0,0,0,0,0,0,0,0,0,0,0,86,166,0,0,0,0,1,0,0.01,255,255,1,0,0.01,0,0,0,0,0,normal
0,udp,domain_u,SF,46,129,0,0,0,0,0,0,0,0,0,0,0,0,0,0,0,73,153,0,0,0,0,1,0,0.01,255,254,1,0.01,0,0,0,0,0,0,normal
0,tcp,http,SF,286,1425,0,0,0,0,0,1,0,0,0,0,0,0,0,0,0,2,2,0,0,0,0,1,0,0,221,225,1,0,0,0.01,0.01,0.01,0,0,normal
0,udp,domain_u,SF,46,75,0,0,0,0,0,0,0,0,0,0,0,0,0,0,0,116,116,0,0,0,0,1,0,0,255,175,0.69,0.01,0,0,0,0,0,0,normal
0,tcp,http,SF,346,1943,0,0,0,0,0,1,0,0,0,0,0,0,0,0,0,36,36,0,0,0,0,1,0,0,255,255,1,0,0,0,0,0,0,0,normal
0,tcp,smtp,SF,2096,421,0,0,0,0,0,1,0,0,0,0,0,0,0,0,0,1,3,0,0,0,0,1,0,1,57,238,0.93,0.07,0.02,0.02,0,0,0,0,normal
0,tcp,http,SF,289,174,0,0,0,0,0,1,0,0,0,0,0,0,0,0,0,13,13,0,0,0,0,1,0,0,18,255,1,0,0.06,0.05,0,0,0,0.01,normal
0,udp,domain_u,SF,46,46,0,0,0,0,0,0,0,0,0,0,0,0,0,0,0,138,138,0,0,0,0,1,0,0,255,247,0.97,0.01,0.01,0,0,0,0,0,normal
0,tcp,http,SF,196,857,0,0,0,0,0,1,0,0,0,0,0,0,0,0,0,3,10,0.33,0.1,0,0,1,0,0.2,1,255,1,0,1,0.04,0,0,0,0,normal
0,tcp,http,SF,202,1352,0,0,0,0,0,1,0,0,0,0,0,0,0,0,0,22,22,0,0,0,0,1,0,0,22,255,1,0,0.05,0.05,0,0,0,0,normal
0,tcp,http,SF,196,5670,0,0,0,0,0,1,0,0,0,0,0,0,0,0,0,2,2,0,0,0,0,1,0,0,24,255,1,0,0.04,0.05,0,0,0,0,normal
0,tcp,http,SF,211,2251,0,0,0,0,0,1,0,0,0,0,0,0,0,0,0,26,29,0,0,0,0,1,0,0.14,255,255,1,0,0,0,0,0,0,0,normal
0,tcp,http,SF,200,468,0,0,0,0,0,1,0,0,0,0,0,0,0,0,0,2,3,0,0,0,0,1,0,0.67,41,255,1,0,0.02,0.02,0,0,0,0,normal
10,tcp,finger,SF,6,139,0,0,0,0,0,0,0,0,0,0,0,0,0,0,0,1,1,0,0,0,0,1,0,0,111,7,0.03,0.03,0.01,0.29,0,0,0,0,normal
0,udp,domain_u,SF,46,135,0,0,0,0,0,0,0,0,0,0,0,0,0,0,0,178,244,0,0,0,0,0.99,0.01,0.01,255,242,0.95,0.02,0,0,0,0,0,0,normal
0,tcp,http,SF,215,1761,0,0,0,0,0,1,0,0,0,0,0,0,0,0,0,30,32,0,0,0,0,1,0,0.06,255,255,1,0,0,0,0,0,0,0,normal
0,tcp,http,SF,145,532,0,0,0,0,0,1,0,0,0,0,0,0,0,0,0,2,2,0,0,0,0,1,0,0,3,255,1,0,0.33,0.19,0,0,0.33,0.85,normal
0,udp,domain_u,SF,45,148,0,0,0,0,0,0,0,0,0,0,0,0,0,0,0,68,148,0,0,0,0,1,0,0.01,255,255,1,0,0,0,0,0,0,0,normal
1,tcp,smtp,SF,1759,334,0,0,0,0,0,1,0,0,0,0,0,0,0,0,0,1,2,0,0,0,0,1,0,1,125,172,0.54,0.04,0.01,0.01,0,0,0,0,normal
3735,udp,other,SF,147,105,0,0,0,0,0,0,0,0,0,0,0,0,0,0,0,4,2,0,0,0,0,0.5,0.5,0,255,2,0.01,0.83,1,0,0,0,0,0,normal
0,tcp,http,SF,232,64983,0,0,0,0,0,1,0,0,0,0,0,0,0,0,0,1,1,0,0,0,0,1,0,0,9,255,1,0,0.11,0.04,0,0,0,0,normal
0,tcp,http,SF,250,8467,0,0,0,0,0,1,0,0,0,0,0,0,0,0,0,6,7,0,0,0,0,1,0,0.29,37,255,1,0,0.03,0.04,0,0,0,0,normal
0,tcp,http,SF,224,1636,0,0,0,0,0,1,0,0,0,0,0,0,0,0,0,8,8,0,0,0,0,1,0,0,51,255,1,0,0.02,0.04,0,0,0,0,normal
0,tcp,finger,SF,8,222,0,0,0,0,0,0,0,0,0,0,0,0,0,0,0,1,1,0,0,0,0,1,0,0,250,13,0.05,0.02,0,0,0,0,0.04,0.08,normal
0,tcp,ftp_data,SF,12,0,0,0,0,0,0,1,0,0,0,0,0,0,0,0,0,1,1,0,0,0,0,1,0,0,132,35,0.27,0.03,0.27,0,0,0,0,0,normal
0,tcp,http,SF,210,955,0,0,0,0,0,1,0,0,0,0,0,0,0,0,0,9,32,0,0,0,0,1,0,0.19,255,255,1,0,0,0,0,0,0,0,normal
0,tcp,http,SF,208,524,0,0,0,0,0,1,0,0,0,0,0,0,0,0,0,4,4,0,0,0,0,1,0,0,255,255,1,0,0,0,0,0,0,0,normal
0,tcp,ftp_data,SF,9311,0,0,0,0,0,0,1,0,0,0,0,0,0,0,0,0,11,11,0,0,0,0,1,0,0,200,87,0.44,0.01,0.44,0,0,0.01,0,0,normal
0,tcp,http,SF,379,1669,0,0,0,0,0,1,0,0,0,0,0,0,0,0,0,1,1,0,0,0,0,1,0,0,54,255,1,0,0.02,0.03,0,0,0,0,normal
103,tcp,telnet,SF,179,24566,0,0,0,0,0,1,0,0,0,0,0,0,0,0,0,1,1,0,0,0,0,1,0,0,1,6,1,0,1,0.5,0,0.17,0,0.17,normal
0,tcp,http,SF,339,1164,0,0,0,0,0,1,0,0,0,0,0,0,0,0,0,9,16,0,0,0,0,1,0,0.12,255,255,1,0,0,0,0,0,0,0,normal
0,tcp,http,SF,326,1639,0,0,0,0,0,1,0,0,0,0,0,0,0,0,0,6,6,0,0,0,0,1,0,0,76,255,1,0,0.01,0.05,0,0,0,0,normal
0,tcp,http,SF,182,886,0,0,0,0,0,1,0,0,0,0,0,0,0,0,0,3,3,0,0,0,0,1,0,0,29,255,1,0,0.03,0.02,0,0,0,0,normal
0,udp,domain_u,SF,42,42,0,0,0,0,0,0,0,0,0,0,0,0,0,0,0,5,10,0,0,0,0,1,0,0.4,255,235,0.92,0.01,0,0,0,0,0,0,normal
0,tcp,http,SF,254,732,0,0,0,0,0,1,0,0,0,0,0,0,0,0,0,14,14,0,0,0,0,1,0,0,255,255,1,0,0,0,0,0,0,0,normal
9,tcp,smtp,SF,1293,325,0,0,0,0,0,1,0,0,0,0,0,0,0,0,0,1,2,0,0,0,0,1,0,1,172,93,0.54,0.03,0.01,0,0,0,0,0,normal
0,tcp,time,SF,0,4,0,0,0,0,0,0,0,0,0,0,0,0,0,0,0,1,1,0,0,0,0,1,0,0,24,24,1,0,0.04,0,0.12,0.12,0,0,normal
0,tcp,http,SF,229,855,0,0,0,0,0,1,0,0,0,0,0,0,0,0,0,2,22,0,0,0,0,1,0,0.18,79,255,1,0,0.01,0.03,0,0,0,0,normal
0,tcp,http,SF,221,14561,0,0,0,0,0,1,0,0,0,0,0,0,0,0,0,20,20,0.05,0.05,0,0,1,0,0,255,255,1,0,0,0,0,0,0,0,normal
0,tcp,http,SF,201,2435,0,0,0,0,0,1,0,0,0,0,0,0,0,0,0,14,14,0,0,0,0,1,0,0,255,255,1,0,0,0,0,0,0,0,normal
0,tcp,http,SF,337,1493,0,0,0,0,0,1,0,0,0,0,0,0,0,0,0,11,11,0,0,0,0,1,0,0,56,255,1,0,0.02,0.06,0,0,0,0,normal
0,tcp,http,SF,234,685,0,0,0,0,0,1,0,0,0,0,0,0,0,0,0,2,18,0,0,0,0,1,0,0.11,154,255,1,0,0.01,0.01,0,0,0.01,0,normal
0,tcp,http,SF,258,11758,0,0,0,0,0,1,0,0,0,0,0,0,0,0,0,14,16,0,0,0,0,1,0,0.19,132,255,1,0,0.01,0.04,0.01,0.01,0,0,normal
0,tcp,http,SF,206,1286,0,0,0,0,0,1,0,0,0,0,0,0,0,0,0,4,46,0,0,0,0.02,1,0,0.09,255,255,1,0,0,0,0,0,0,0,normal
0,tcp,http,SF,224,1546,0,0,0,0,0,1,0,0,0,0,0,0,0,0,0,4,13,0,0,0,0,1,0,0.15,4,255,1,0,0.25,0.06,0,0.01,0,0,normal
0,tcp,http,SF,315,599,0,0,0,0,0,1,0,0,0,0,0,0,0,0,0,15,15,0,0,0,0,1,0,0,202,255,1,0,0,0.02,0,0,0,0,normal
0,tcp,http,SF,213,1713,0,0,0,0,0,1,0,0,0,0,0,0,0,0,0,12,13,0,0,0,0,1,0,0.15,41,255,1,0,0.02,0.04,0,0,0,0,normal
465,udp,other,SF,147,105,0,0,0,0,0,0,0,0,0,0,0,0,0,0,0,1,1,0,0,0,0,1,0,0,255,1,0,0.58,0.93,0,0,0,0,0,normal
0,udp,domain_u,SF,45,45,0,0,0,0,0,0,0,0,0,0,0,0,0,0,0,92,92,0,0,0,0,1,0,0,255,254,1,0.01,0,0,0,0,0,0,normal
0,tcp,ftp_data,SF,1378,0,0,0,0,0,0,1,0,0,0,0,0,0,0,0,0,1,1,0,0,0,0,1,0,0,166,97,0.52,0.02,0.52,0.02,0,0,0,0,normal
2,tcp,ftp_data,SF,2194619,0,0,0,0,0,0,0,0,0,0,0,0,0,0,0,0,2,2,0,0,0,0,1,0,0,11,75,0.55,0.36,0.55,0.03,0,0,0,0,normal
0,tcp,http,SF,303,2239,0,0,0,0,0,1,0,0,0,0,0,0,0,0,0,7,6,0,0,0,0,0.86,0.29,0,104,61,0.59,0.04,0.01,0,0,0,0,0,normal
0,tcp,http,SF,346,570,0,0,0,0,0,1,0,0,0,0,0,0,1,0,0,5,5,0,0,0,0,1,0,0,125,255,1,0,0.01,0.03,0,0,0,0,normal
0,udp,domain_u,SF,44,115,0,0,0,0,0,0,0,0,0,0,0,0,0,0,0,112,117,0,0,0,0,1,0,0.03,255,255,1,0,0,0,0,0,0,0,normal
0,tcp,http,SF,317,2186,0,0,0,0,0,1,0,0,0,0,0,0,0,0,0,22,23,0,0,0,0,1,0,0.09,255,255,1,0,0,0,0,0,0,0,normal
0,tcp,http,SF,293,296,0,0,0,0,0,1,0,0,0,0,0,0,0,0,0,3,4,0,0,0,0,1,0,0.5,216,255,1,0,0,0.02,0,0,0,0.02,normal
0,tcp,smtp,SF,771,374,0,0,0,0,0,1,0,0,0,0,0,0,0,0,0,1,2,0,0,0,0,1,0,1,112,172,0.88,0.04,0.01,0.01,0,0,0,0,normal
0,tcp,http,SF,298,947,0,0,0,0,0,1,0,0,0,0,0,0,0,0,0,6,6,0,0,0,0,1,0,0,17,255,1,0,0.06,0.09,0,0.01,0,0,normal
2708,udp,other,SF,147,105,0,0,0,0,0,0,0,0,0,0,0,0,0,0,0,6,2,0,0,0,0,0.33,0.5,0,255,3,0.01,0.78,0.99,0,0,0,0,0,normal
0,tcp,finger,SF,10,139,0,0,0,0,0,0,0,0,0,0,0,0,0,0,0,1,1,0,0,0,0,1,0,0,126,5,0.04,0.03,0.01,0,0,0,0,0,normal
0,tcp,http,SF,327,270,0,0,0,0,0,1,0,0,0,0,0,0,0,0,0,5,5,0,0,0,0,1,0,0,255,246,0.96,0.01,0,0,0,0,0,0,normal
0,tcp,http,SF,297,324,0,0,0,0,0,1,0,0,0,0,0,0,0,0,0,10,23,0,0,0,0,1,0,0.09,49,255,1,0,0.02,0.02,0,0,0,0,normal
0,tcp,smtp,SF,1038,332,0,0,0,0,0,1,0,0,0,0,0,0,0,0,0,1,1,0,0,0,0,1,0,0,86,136,0.45,0.08,0.01,0.01,0,0,0,0,normal
0,tcp,http,SF,176,925,0,0,0,0,0,1,0,0,0,0,0,0,0,0,0,24,25,0,0,0,0,1,0,0.08,45,255,1,0,0.02,0.02,0,0,0,0,normal
0,tcp,http,SF,316,505,0,0,0,0,0,1,0,0,0,0,0,0,0,0,0,19,19,0,0,0,0,1,0,0,19,255,1,0,0.05,0.03,0,0.01,0,0,normal
0,tcp,http,SF,282,3200,0,0,0,0,0,1,0,0,0,0,0,0,0,0,0,7,7,0,0,0,0,1,0,0,255,255,1,0,0,0,0,0,0,0,normal
0,tcp,http,SF,192,950,0,0,0,0,0,1,0,0,0,0,0,0,0,0,0,3,3,0,0,0,0,1,0,0,203,255,1,0,0,0.03,0,0,0,0,normal
0,udp,domain_u,SF,36,0,0,0,0,0,0,0,0,0,0,0,0,0,0,0,0,1,5,0,0,0,0,1,0,0.8,151,38,0.12,0.14,0.12,0.05,0.01,0,0,0,normal
0,tcp,http,REJ,0,0,0,0,0,0,0,0,0,0,0,0,0,0,0,0,0,1,3,0,0,1,1,1,0,1,8,16,1,0,0.12,0.19,0,0,1,1,normal
0,udp,domain_u,SF,44,69,0,0,0,0,0,0,0,0,0,0,0,0,0,0,0,261,261,0,0,0,0,1,0,0,255,236,0.93,0.01,0,0,0,0,0,0,normal
0,tcp,http,SF,333,1326,0,0,0,0,0,1,0,0,0,0,0,0,0,0,0,12,12,0,0,0,0,1,0,0,255,255,1,0,0,0,0,0,0,0,normal
0,tcp,http,SF,333,5369,0,0,0,0,0,1,0,0,0,0,0,0,0,0,0,18,18,0,0,0,0,1,0,0,255,255,1,0,0,0,0,0,0,0,normal
6552,tcp,IRC,RSTR,858,5503,0,0,0,0,0,1,0,0,0,0,0,0,0,0,0,13,6,0,0,0.38,0.83,0.46,0.15,0,148,26,0.18,0.02,0.01,0,0,0,0.13,0.73,normal
0,tcp,ftp_data,SF,641,0,0,0,0,0,0,1,0,0,0,0,0,0,0,0,0,1,1,0,0,0,0,1,0,0,255,105,0.41,0.03,0.41,0,0.01,0.01,0,0,normal
0,icmp,ecr_i,SF,64,0,0,0,0,0,0,0,0,0,0,0,0,0,0,0,0,1,1,0,0,0,0,1,0,0,77,1,0.01,0.94,0.01,0,0,0,0.9,0,normal
0,udp,domain_u,SF,46,46,0,0,0,0,0,0,0,0,0,0,0,0,0,0,0,88,168,0,0,0,0,1,0,0.01,255,250,0.98,0.01,0.01,0,0,0,0,0,normal
0,tcp,http,SF,325,3636,0,0,0,0,0,1,0,0,0,0,0,0,0,0,0,7,7,0,0,0,0,1,0,0,162,255,1,0,0.01,0.02,0,0,0,0,normal
0,tcp,ftp_data,SF,4189,0,0,0,0,0,0,0,0,0,0,0,0,0,0,0,0,1,1,0,0,0,0,1,0,0,49,31,0.2,0.08,0.2,0.06,0,0,0,0,normal
0,tcp,http,SF,296,1484,0,0,0,0,0,1,0,0,0,0,0,0,0,0,0,1,1,0,0,0,0,1,0,0,255,255,1,0,0,0,0,0,0,0,normal
0,udp,domain_u,SF,45,135,0,0,0,0,0,0,0,0,0,0,0,0,0,0,0,270,269,0,0,0,0,1,0.01,0,255,251,0.98,0.01,0,0,0,0,0,0,normal
0,udp,private,SF,105,145,0,0,0,0,0,0,0,0,0,0,0,0,0,0,0,1,1,0,0,0,0,1,0,0,13,5,0.38,0.23,0.08,0,0,0,0,0,normal
0,tcp,http,SF,286,20424,0,0,0,0,0,1,0,0,0,0,0,0,0,0,0,1,3,0,0,0,0,1,0,0.67,255,255,1,0,0,0,0,0,0,0,normal
0,tcp,http,SF,251,13491,0,0,0,0,0,1,0,0,0,0,0,0,0,0,0,1,1,0,0,0,0,1,0,0,11,255,1,0,0.09,0.14,0,0,0.27,0.93,normal
0,tcp,http,SF,304,11472,0,0,0,0,0,1,0,0,0,0,0,0,0,0,0,21,21,0,0,0,0,1,0,0,255,255,1,0,0,0,0,0,0,0,normal
0,tcp,ftp_data,SF,1363,0,0,0,0,0,0,1,0,0,0,0,0,0,0,0,0,11,12,0,0,0,0,1,0,0.17,31,56,0.55,0.1,0.55,0.05,0,0,0,0,normal
0,icmp,eco_i,SF,30,0,0,0,0,0,0,0,0,0,0,0,0,0,0,0,0,1,1,0,0,0,0,1,0,0,238,238,1,0,1,0,0,0,0,0,normal
0,tcp,http,SF,374,267,0,0,0,0,0,1,0,0,0,0,0,0,0,0,0,5,5,0.2,0.2,0,0,1,0,0,255,255,1,0,0,0,0,0,0,0,normal
0,tcp,http,SF,162,8378,0,0,0,0,0,1,0,0,0,0,0,0,0,0,0,3,6,0,0,0,0,1,0,0.5,14,255,1,0,0.07,0.09,0,0,0,0,normal
3049,udp,other,SF,147,105,0,0,0,0,0,0,0,0,0,0,0,0,0,0,0,1,1,0,0,0,0,1,0,0,255,1,0,0.77,0.98,0,0,0,0,0,normal
0,tcp,ftp_data,SF,3775,0,0,0,0,0,0,0,0,0,0,0,0,0,0,0,0,22,22,0,0,0,0,1,0,0,162,72,0.44,0.02,0.44,0,0,0,0,0,normal
0,tcp,http,SF,249,484,0,0,0,0,0,1,0,0,0,0,0,0,0,0,0,22,23,0,0,0,0,1,0,0.09,255,255,1,0,0,0,0,0,0,0,normal
0,tcp,http,SF,306,1380,0,0,0,0,0,1,0,0,0,0,0,0,0,0,0,2,2,0,0,0,0,1,0,0,255,248,0.97,0.01,0,0,0,0,0,0,normal
0,tcp,http,SF,231,2842,0,0,0,0,0,1,0,0,0,0,0,0,0,0,0,4,18,0.25,0.06,0,0,1,0,0.11,4,255,1,0,0.25,0.01,0.25,0,0,0,normal
0,icmp,eco_i,SF,30,0,0,0,0,0,0,0,0,0,0,0,0,0,0,0,0,1,1,0,0,0,0,1,0,0,56,131,1,0,1,0.3,0,0,0,0,normal
0,tcp,http,SF,202,1923,0,0,0,0,0,1,0,0,0,0,0,0,0,0,0,16,17,0,0,0,0,1,0,0.12,21,255,1,0,0.05,0.02,0,0,0,0,normal
0,udp,domain_u,SF,45,45,0,0,0,0,0,0,0,0,0,0,0,0,0,0,0,203,202,0,0,0,0,1,0.01,0,255,254,1,0.01,0,0,0,0,0,0,normal
0,tcp,smtp,SF,678,478,0,0,0,0,0,1,0,0,0,0,0,0,0,0,0,6,4,0,0,0,0,0.17,0.33,1,255,8,0.03,0.01,0,0,0,0,0,0,normal
0,tcp,http,SF,308,5166,0,0,0,0,0,1,0,0,0,0,0,0,0,0,0,6,6,0,0,0,0,1,0,0,114,255,1,0,0.01,0.02,0,0,0,0,normal
0,tcp,http,SF,225,16193,0,0,0,0,0,1,0,0,0,0,0,0,0,0,0,1,4,0,0,0,0,1,0,0.75,2,255,1,0,0.5,0.03,0,0,0,0,normal
0,tcp,http,SF,275,833,0,0,0,0,0,1,0,0,0,0,0,0,0,0,0,4,5,0,0,0,0,1,0,0.4,162,255,1,0,0.01,0.02,0,0,0,0,normal
0,tcp,http,SF,320,4760,0,0,0,0,0,1,0,0,0,0,0,0,0,0,0,19,19,0,0,0,0,1,0,0,29,255,1,0,0.03,0.04,0,0,0,0,normal
0,tcp,http,SF,364,513,0,0,0,0,0,1,0,0,0,0,0,0,0,0,0,5,5,0,0,0,0,1,0,0,255,255,1,0,0,0,0,0,0,0,normal
0,tcp,http,SF,222,539,0,0,0,0,0,1,0,0,0,0,0,0,0,0,0,20,20,0,0,0,0,1,0,0,255,255,1,0,0,0,0,0,0,0,normal
0,tcp,http,SF,218,683,0,0,0,0,0,1,0,0,0,0,0,0,0,0,0,6,49,0,0,0,0,1,0,0.04,255,255,1,0,0,0,0,0,0,0,normal
0,tcp,http,SF,186,8658,0,0,0,0,0,1,0,0,0,0,0,0,0,0,0,5,5,0,0,0,0,1,0,0,19,255,1,0,0.05,0.04,0,0,0,0,normal
0,tcp,other,REJ,0,0,0,0,0,0,0,0,0,0,0,0,0,0,0,0,0,1,1,0,0,1,1,1,0,0,32,32,1,0,0.03,0,0,0,1,1,normal
0,tcp,http,SF,241,443,0,0,0,0,0,1,0,0,0,0,0,0,0,0,0,4,4,0,0,0,0,1,0,0,255,255,1,0,0,0,0,0,0,0,normal
0,tcp,http,SF,221,1408,0,0,0,0,0,1,0,0,0,0,0,0,0,0,0,13,13,0,0,0,0,1,0,0,255,255,1,0,0,0,0,0,0,0,normal
7070,udp,other,SF,146,105,0,0,0,0,0,0,0,0,0,0,0,0,0,0,0,5,1,0,0,0,0,0.2,0.6,0,255,1,0,0.81,1,0,0,0,0,0,normal
0,udp,domain_u,SF,46,128,0,0,0,0,0,0,0,0,0,0,0,0,0,0,0,222,302,0,0,0,0,1,0,0.01,255,253,0.99,0.01,0,0,0,0,0,0,normal
0,tcp,http,SF,301,310,0,0,0,0,0,1,0,0,0,0,0,0,0,0,0,2,2,0,0,0,0,1,0,0,64,255,1,0,0.02,0.02,0,0,0,0,normal
0,tcp,http,SF,277,308,0,0,0,0,0,1,0,0,0,0,0,0,0,0,0,1,5,0,0,0,0,1,0,0.6,255,255,1,0,0,0,0,0,0,0,normal
0,tcp,smtp,SF,1930,279,0,0,0,0,0,1,0,0,0,0,0,0,0,0,0,2,1,0,0,0,0,0.5,1,0,25,18,0.72,0.16,0.04,0,0,0,0,0,normal
0,udp,other,SF,516,4,0,0,0,0,0,0,0,0,0,0,0,0,0,0,0,211,211,0,0,0,0,1,0,0,211,211,1,0,1,0,0,0,0,0,normal
0,tcp,http,SF,252,1133,0,0,0,0,0,1,0,0,0,0,0,0,0,0,0,6,19,0,0,0,0,1,0,0.11,12,255,1,0,0.08,0.06,0,0,0,0,normal
0,udp,private,SF,105,147,0,0,0,0,0,0,0,0,0,0,0,0,0,0,0,1,1,0,0,0,0,1,0,0,142,140,0.99,0.01,0.01,0,0,0,0,0,normal
0,tcp,http,SF,333,492,0,0,0,0,0,1,0,0,0,0,0,0,0,0,0,34,41,0,0,0,0,1,0,0.12,255,255,1,0,0,0,0,0,0,0,normal
0,tcp,http,SF,280,912,0,0,0,0,0,1,0,0,0,0,0,0,0,0,0,24,24,0,0,0,0,1,0,0,156,255,1,0,0.01,0.02,0,0,0,0,normal
0,tcp,http,SF,311,293,0,0,0,0,0,1,0,0,0,0,0,0,0,0,0,4,4,0,0,0,0,1,0,0,196,255,1,0,0.01,0.01,0,0,0.01,0,normal
0,tcp,ftp_data,SF,276,0,0,0,0,0,0,1,0,0,0,0,0,0,0,0,0,4,4,0,0,0,0,1,0,0,165,83,0.39,0.03,0.39,0.02,0,0,0,0,normal
0,tcp,http,SF,314,1614,0,0,0,0,0,1,0,0,0,0,0,0,0,0,0,16,16,0,0,0,0,1,0,0,16,255,1,0,0.06,0.04,0,0,0,0,normal
0,tcp,http,SF,261,240,0,0,0,0,0,1,0,0,0,0,0,0,0,0,0,2,2,0,0,0,0,1,0,0,141,255,1,0,0.01,0.01,0,0,0,0,normal
2289,tcp,X11,SF,7665876,1281000,0,0,0,0,0,0,0,0,0,0,0,0,0,0,0,1,1,0,0,0,0,1,0,0,150,1,0.01,0.04,0.01,0,0,0,0,0,normal
0,tcp,http,SF,190,29363,0,0,0,0,0,1,0,0,0,0,0,0,0,0,0,1,1,0,0,0,0,1,0,0,22,255,1,0,0.05,0.01,0,0,0,0,normal
0,tcp,http,SF,350,280,0,0,0,0,0,1,0,0,0,0,0,0,0,0,0,1,1,0,0,0,0,1,0,0,255,255,1,0,0,0,0,0,0,0,normal
0,udp,private,SF,105,147,0,0,0,0,0,0,0,0,0,0,0,0,0,0,0,1,1,0,0,0,0,1,0,0,221,190,0.86,0.01,0,0,0,0,0,0,normal
0,tcp,http,SF,287,1432,0,0,0,0,0,1,0,0,0,0,0,0,0,0,0,21,21,0,0,0,0,1,0,0,255,255,1,0,0,0,0,0,0,0,normal
0,tcp,ftp_data,SF,59,0,0,0,0,0,0,1,0,0,0,0,0,0,0,0,0,13,13,0,0,0,0,1,0,0,34,87,0.56,0.09,0.56,0.03,0,0,0,0,normal
0,udp,private,SF,105,147,0,0,0,0,0,0,0,0,0,0,0,0,0,0,0,1,1,0,0,0,0,1,0,0,83,82,0.99,0.02,0.01,0,0,0,0,0,normal
0,tcp,http,SF,235,2523,0,0,0,0,0,1,0,0,0,0,0,0,0,0,0,16,55,0,0,0,0,1,0,0.11,30,255,1,0,0.03,0.06,0,0,0,0,normal
0,tcp,http,SF,226,2663,0,0,0,0,0,1,0,0,0,0,0,0,0,0,0,3,24,0,0,0,0,1,0,0.21,141,255,1,0,0.01,0.01,0.01,0,0,0,normal
0,udp,domain_u,SF,44,133,0,0,0,0,0,0,0,0,0,0,0,0,0,0,0,89,155,0,0,0,0,1,0,0.01,255,255,1,0,0,0,0,0,0,0,normal
0,tcp,ftp_data,SF,4539,0,0,0,0,0,0,1,0,0,0,0,0,0,0,0,0,12,12,0,0,0,0,1,0,0,255,18,0.07,0.02,0.07,0,0,0,0.78,0,normal
0,tcp,http,SF,185,383,0,0,0,0,0,1,0,0,0,0,0,0,0,0,0,14,14,0,0,0,0,1,0,0,14,255,1,0,0.07,0.03,0,0.01,0,0.02,normal
0,udp,domain_u,SF,43,146,0,0,0,0,0,0,0,0,0,0,0,0,0,0,0,75,155,0,0,0,0,1,0,0.01,255,203,0.8,0.01,0,0,0,0,0,0,normal
0,tcp,smtp,SF,3270,332,0,0,0,0,0,1,0,0,0,0,0,0,0,0,0,1,1,0,0,0,0,1,0,0,26,152,0.62,0.19,0.04,0.01,0,0,0,0,normal
0,tcp,ftp_data,SF,491,0,0,0,0,0,0,0,0,0,0,0,0,0,0,0,0,2,2,0,0,0,0,1,0,0,36,36,0.06,0.08,0.06,0.08,0,0,0.03,0,normal
0,tcp,http,SF,354,2085,0,0,0,0,0,1,0,0,0,0,0,0,0,0,0,7,10,0,0,0,0,1,0,0.3,139,255,1,0,0.01,0.05,0,0,0,0,normal
0,tcp,http,SF,204,377,0,0,0,0,0,1,0,0,0,0,0,0,0,0,0,3,3,0,0,0,0,1,0,0,32,255,1,0,0.03,0.06,0,0,0,0,normal
0,tcp,ftp_data,SF,641,0,0,0,0,0,0,0,0,0,0,0,0,0,0,0,0,2,2,0,0,0,0,1,0,0,51,5,0.1,0.08,0.1,0,0,0,0,0,normal
0,tcp,http,SF,246,692,0,0,0,0,0,1,0,0,0,0,0,0,0,0,0,6,6,0,0,0,0,1,0,0,6,255,1,0,0.17,0.06,0,0,0,0,normal
1,tcp,smtp,SF,978,334,0,0,0,0,0,1,0,0,0,0,0,0,0,0,0,1,3,0,0,0,0,1,0,1,128,164,0.75,0.03,0.01,0.02,0,0,0,0,normal
0,tcp,http,SF,201,19572,0,0,0,0,0,1,0,0,0,0,0,0,0,0,0,5,5,0,0,0,0,1,0,0,5,255,1,0,0.2,0.02,0,0,0,0,normal
0,tcp,time,S2,0,0,0,0,0,1,0,0,0,0,0,0,0,0,0,0,0,2,2,1,1,0,0,1,0,0,22,22,1,0,0.09,0,0.09,0.09,0.05,0.05,normal
0,tcp,smtp,SF,1436,433,0,0,0,0,0,1,0,0,0,0,0,0,0,0,0,1,1,0,0,0,0,1,0,0,22,199,0.77,0.18,0.05,0.01,0,0,0,0,normal
0,tcp,http,REJ,0,0,0,0,0,0,0,0,0,0,0,0,0,0,0,0,0,2,2,0,0,1,1,1,0,0,217,255,1,0,0,0.02,0,0,0.25,0.36,normal
0,tcp,http,SF,219,1407,0,0,0,0,0,1,0,0,0,0,0,0,0,0,0,22,22,0,0,0,0,1,0,0,22,255,1,0,0.05,0.02,0,0,0,0,normal
1,tcp,smtp,SF,1156,521,0,0,0,0,0,1,0,0,0,0,0,0,0,0,0,1,2,0,0,0,0,1,0,1,47,243,0.89,0.09,0.02,0.01,0,0,0,0,normal
0,udp,domain_u,SF,44,133,0,0,0,0,0,0,0,0,0,0,0,0,0,0,0,182,262,0,0,0,0,1,0,0.01,255,253,0.99,0.01,0,0,0,0,0,0,normal
0,tcp,http,REJ,0,0,0,0,0,0,0,0,0,0,0,0,0,0,0,0,0,1,2,0,0,1,1,1,0,1,25,255,1,0,0.04,0.11,0,0,1,1,normal
0,tcp,http,SF,323,3581,0,0,0,0,0,1,0,0,0,0,0,0,0,0,0,5,11,0,0,0,0,1,0,0.36,47,255,1,0,0.02,0.02,0,0,0,0,normal
0,udp,domain_u,SF,134,44,0,0,0,0,0,0,0,0,0,0,0,0,0,0,0,273,272,0,0,0,0,1,0.01,0,162,129,0.8,0.01,0.34,0,0,0,0,0,normal
0,tcp,http,SF,279,255,0,0,0,0,0,1,0,0,0,0,0,0,0,0,0,1,1,0,0,0,0,1,0,0,107,255,1,0,0.01,0.05,0,0,0.23,0.65,normal
0,udp,domain_u,SF,88,0,0,0,0,0,0,0,0,0,0,0,0,0,0,0,0,1,1,0,0,0,0,1,0,0,113,68,0.6,0.03,0.6,0,0,0,0,0,normal
1,tcp,smtp,SF,1403,337,0,0,0,0,0,1,0,0,0,0,0,0,0,0,0,1,1,0,0,0,0,1,0,0,59,177,0.71,0.07,0.02,0.01,0,0,0,0,normal
0,tcp,http,SF,291,574,0,0,0,0,0,1,0,0,0,0,0,0,0,0,0,14,14,0,0,0,0,1,0,0,255,255,1,0,0,0,0,0,0,0,normal
14608,tcp,telnet,SF,251,38322,0,0,0,0,0,1,1,0,0,1,0,0,0,0,0,1,1,0,0,0,0,1,0,0,255,55,0.22,0.02,0,0,0.5,0.6,0,0,normal
0,udp,domain_u,SF,32,0,0,0,0,0,0,0,0,0,0,0,0,0,0,0,0,1,2,0,0,0,0,1,0,1,165,25,0.06,0.05,0.06,0.08,0.01,0,0,0,normal
0,tcp,http,SF,265,2862,0,0,0,0,0,1,0,0,0,0,0,0,0,0,0,18,18,0,0,0,0,1,0,0,255,255,1,0,0,0,0,0,0,0,normal
2,tcp,ftp_data,SF,2194619,0,0,0,0,0,0,1,0,0,0,0,0,0,0,0,0,2,2,0,0,0,0,1,0,0,120,77,0.43,0.03,0.43,0.03,0,0,0,0,normal
0,tcp,http,SF,265,309,0,0,0,0,0,1,0,0,0,0,0,0,0,0,0,29,33,0,0,0,0,1,0,0.09,255,255,1,0,0,0,0,0,0,0,normal
0,udp,private,SF,105,147,0,0,0,0,0,0,0,0,0,0,0,0,0,0,0,1,1,0,0,0,0,1,0,0,221,190,0.86,0.01,0,0,0,0,0,0,normal
0,tcp,auth,SF,10,37,0,0,0,0,0,1,0,0,0,0,0,0,0,0,0,2,1,0,0,0,0,0.5,1,0,1,14,1,0,1,0.21,0,0,0,0,normal
0,tcp,http,SF,296,554,0,0,0,0,0,1,0,0,0,0,0,0,0,0,0,1,8,0,0,0,0,1,0,0.25,14,255,1,0,0.07,0.06,0,0,0,0,normal
0,tcp,http,SF,217,790,0,0,0,0,0,1,0,0,0,0,0,0,0,0,0,51,51,0,0,0,0,1,0,0,169,255,1,0,0.01,0.01,0,0,0,0,normal
0,tcp,http,SF,312,882,0,0,0,0,0,1,0,0,0,0,0,0,0,0,0,10,10,0,0,0,0,1,0,0,18,255,1,0,0.06,0.03,0,0,0,0,normal
0,tcp,smtp,SF,979,329,0,0,0,0,0,1,0,0,0,0,0,0,0,0,0,1,1,0,0,0,0,1,0,0,255,15,0.06,0.64,0,0,0,0.07,0,0,normal
0,tcp,http,SF,219,608,0,0,0,0,0,1,0,0,0,0,0,0,0,0,0,7,7,0,0,0,0,1,0,0,58,255,1,0,0.02,0.01,0,0,0,0,normal
0,tcp,ftp_data,SF,637,0,0,0,0,0,0,0,0,0,0,0,0,0,0,0,0,7,7,0,0,0,0,1,0,0,255,107,0.42,0.02,0.42,0,0,0,0,0,normal
0,udp,domain_u,SF,44,44,0,0,0,0,0,0,0,0,0,0,0,0,0,0,0,113,112,0,0,0,0,0.99,0.02,0,255,254,1,0.01,0.01,0,0,0,0,0,normal
0,tcp,http,SF,298,356,0,0,0,0,0,1,0,0,0,0,0,0,0,0,0,26,27,0,0,0,0,1,0,0.07,46,255,1,0,0.02,0.02,0,0,0,0,normal
0,tcp,http,SF,238,646,0,0,0,0,0,1,0,0,0,0,0,0,0,0,0,10,12,0,0,0,0,1,0,0.25,32,255,1,0,0.03,0.02,0,0,0,0,normal
0,tcp,http,SF,320,520,0,0,0,0,0,1,0,0,0,0,0,0,0,0,0,23,43,0,0,0,0,1,0,0.12,255,255,1,0,0,0,0,0,0,0,normal
0,tcp,http,SF,318,1342,0,0,0,0,0,1,0,0,0,0,0,0,0,0,0,18,18,0,0,0,0,1,0,0,255,255,1,0,0,0,0,0,0,0,normal
0,udp,domain_u,SF,43,74,0,0,0,0,0,0,0,0,0,0,0,0,0,0,0,148,148,0,0,0,0,1,0,0,255,254,1,0.01,0.01,0,0,0,0,0,normal
0,tcp,http,SF,213,1400,0,0,0,0,0,1,0,0,0,0,0,0,0,0,0,22,22,0,0,0,0,1,0,0,255,255,1,0,0,0,0,0,0,0,normal
0,udp,domain_u,SF,46,86,0,0,0,0,0,0,0,0,0,0,0,0,0,0,0,247,247,0,0,0,0,1,0.01,0.01,255,254,1,0.01,0,0,0,0,0,0,normal
0,tcp,ftp_data,SF,12286,0,0,0,0,0,0,1,0,0,0,0,0,0,0,0,0,3,4,0,0,0,0,1,0,0.5,9,54,1,0,1,0.04,0,0,0,0,normal
0,tcp,http,SF,220,1158,0,0,0,0,0,1,0,0,0,0,0,0,0,0,0,7,7,0,0,0,0,1,0,0,255,255,1,0,0,0,0,0,0,0,normal
0,tcp,http,SF,321,14779,0,0,0,0,0,1,0,0,0,0,0,0,0,0,0,4,4,0,0,0,0,1,0,0,37,135,1,0,0.03,0.01,0,0,0,0,normal
0,tcp,http,S1,312,16060,0,0,0,0,0,1,0,0,0,0,0,0,0,0,0,1,3,1,0.67,0,0,1,0,0.67,230,255,1,0,0,0.01,0,0,0,0,normal
2,tcp,smtp,SF,1139,331,0,0,0,0,0,1,0,0,0,0,0,0,0,0,0,1,1,0,0,0,0,1,0,0,61,160,0.9,0.05,0.02,0.01,0,0,0,0,normal
19,udp,domain_u,SF,95,42,0,0,0,0,0,0,0,0,0,0,0,0,0,0,0,1,1,0,0,0,0,1,0,0,22,11,0.5,0.09,0.5,0,0,0,0,0,normal
0,tcp,http,SF,192,248,0,0,0,0,0,1,0,0,0,0,0,0,0,0,0,13,13,0,0,0,0,1,0,0,13,239,1,0,0.08,0.03,0,0,0,0,normal
0,tcp,http,SF,278,7227,0,0,0,0,0,1,0,0,0,0,0,0,0,0,0,3,3,0,0,0,0,1,0,0,153,255,1,0,0.01,0.05,0,0,0,0,normal
0,tcp,finger,SF,7,363,0,0,0,0,0,0,0,0,0,0,0,0,0,0,0,1,1,0,0,0,0,1,0,0,83,5,0.04,0.05,0.01,0.4,0,0,0,0.2,normal
0,tcp,http,SF,209,2071,0,0,0,0,0,1,0,0,0,0,0,0,0,0,0,6,7,0,0,0,0,1,0,0.29,255,255,1,0,0,0,0,0,0,0,normal
0,tcp,smtp,SF,984,337,0,0,0,0,0,1,0,0,0,0,0,0,0,0,0,1,1,0,0,0,0,1,0,0,102,169,0.68,0.04,0.01,0.01,0,0,0,0,normal
1,tcp,smtp,SF,1171,332,0,0,0,0,0,1,0,0,0,0,0,0,0,0,0,1,5,0,0,0,0,1,0,1,165,206,0.82,0.04,0.01,0.01,0,0,0,0,normal
0,udp,domain_u,SF,43,129,0,0,0,0,0,0,0,0,0,0,0,0,0,0,0,148,214,0,0,0,0,0.99,0.01,0.01,255,227,0.89,0.02,0,0,0,0,0,0,normal
0,tcp,http,SF,334,15650,0,0,0,0,0,1,0,0,0,0,0,0,0,0,0,1,1,0,0,0,0,1,0,0,68,255,1,0,0.01,0.02,0,0,0,0,normal
0,tcp,http,SF,210,9076,0,0,0,0,0,1,0,0,0,0,0,0,0,0,0,6,6,0,0,0,0,1,0,0,89,255,1,0,0.01,0.05,0.01,0,0,0,normal
0,udp,domain_u,SF,44,127,0,0,0,0,0,0,0,0,0,0,0,0,0,0,0,75,155,0,0,0,0,1,0,0.01,255,254,1,0.01,0,0,0,0,0,0,normal
0,tcp,http,SF,236,819,0,0,0,0,0,1,0,0,0,0,0,0,0,0,0,1,1,0,0,0,0,1,0,0,34,255,1,0,0.03,0.05,0,0,0,0,normal
0,tcp,http,SF,355,2761,0,0,0,0,0,1,0,0,0,0,0,0,0,0,0,2,3,0,0,0,0,1,0,0.67,236,255,1,0,0,0.02,0.01,0.01,0.07,0.07,normal
2586,udp,other,SF,146,105,0,0,0,0,0,0,0,0,0,0,0,0,0,0,0,5,1,0,0,0,0,0.2,0.6,0,255,1,0,0.86,0.98,0,0,0,0,0,normal
0,tcp,http,SF,264,2825,0,0,0,0,0,1,0,0,0,0,0,0,0,0,0,8,9,0,0,0,0,1,0,0.22,100,255,1,0,0.01,0.01,0,0,0,0,normal
0,tcp,http,SF,342,453,0,0,0,0,0,1,0,0,0,0,0,0,0,0,0,23,23,0,0,0,0,1,0,0,255,255,1,0,0,0,0,0,0,0,normal
0,tcp,http,SF,292,246,0,0,0,0,0,1,0,0,0,0,0,0,0,0,0,33,34,0,0,0,0,1,0,0.06,33,255,1,0,0.03,0.03,0,0,0,0,normal
0,udp,domain_u,SF,43,79,0,0,0,0,0,0,0,0,0,0,0,0,0,0,0,232,231,0,0,0,0,1,0.01,0,255,246,0.96,0.01,0,0,0,0,0,0,normal
0,tcp,http,SF,348,2280,0,0,0,0,0,1,0,0,0,0,0,0,0,0,0,23,26,0,0,0,0,1,0,0.08,23,255,1,0,0.04,0.06,0,0,0,0,normal
136,tcp,telnet,SF,188,38126,0,0,0,0,0,1,1,0,0,1,0,0,0,0,0,1,1,0,0,0,0,1,0,0,185,1,0.01,0.03,0.01,0,0,0,0.01,0,normal
0,tcp,smtp,SF,1323,332,0,0,0,0,0,1,0,0,0,0,0,0,0,0,0,1,2,0,0,0,0,1,0,1,209,151,0.62,0.02,0,0.01,0,0,0,0,normal
0,tcp,ftp_data,SF,5891,0,0,0,0,0,0,0,0,0,0,0,0,0,0,0,0,17,17,0,0,0,0,1,0,0,255,23,0.09,0.07,0.09,0,0.85,0,0,0,normal
0,udp,domain_u,SF,44,118,0,0,0,0,0,0,0,0,0,0,0,0,0,0,0,236,237,0,0,0,0,1,0,0.01,255,193,0.76,0.01,0,0,0,0,0,0,normal
0,udp,domain_u,SF,35,95,0,0,0,0,0,0,0,0,0,0,0,0,0,0,0,1,1,0,0,0,0,1,0,0,55,212,0.56,0.05,0.42,0.01,0,0,0.25,0,normal
0,tcp,http,SF,296,1484,0,0,0,0,0,1,0,0,0,0,0,0,0,0,0,1,1,0,0,0,0,1,0,0,255,255,1,0,0,0,0,0,0,0,normal
0,tcp,time,SF,0,4,0,0,0,0,0,0,0,0,0,0,0,0,0,0,0,1,1,0,0,0,0,1,0,0,21,21,1,0,0.05,0,0.14,0.14,0,0,normal
0,tcp,http,SF,193,28696,0,0,0,0,0,1,0,0,0,0,0,0,0,0,0,2,2,0,0,0,0,1,0,0,8,255,1,0,0.12,0.04,0,0,0,0,normal
0,tcp,http,SF,284,9847,0,0,0,0,0,1,0,0,0,0,0,0,0,0,0,1,1,0,0,0,0,1,0,0,186,255,1,0,0.01,0.02,0,0,0,0,normal
0,tcp,ftp_data,SF,11,0,0,0,0,0,0,1,0,0,0,0,0,0,0,0,0,2,2,0,0,0,0,1,0,0,150,33,0.22,0.03,0.22,0,0.01,0,0,0,normal
0,tcp,finger,SF,9,141,0,0,0,0,0,0,0,0,0,0,0,0,0,0,0,2,1,0,0,0,0,0.5,1,0,255,11,0.04,0.03,0,0,0,0,0,0,normal
0,tcp,http,SF,410,6726,0,0,0,0,0,1,0,0,0,0,0,0,0,0,0,12,12,0,0,0,0,1,0,0,138,247,1,0,0.01,0.12,0,0,0.09,0.49,normal
0,tcp,http,REJ,0,0,0,0,0,0,0,0,0,0,0,0,0,0,0,0,0,1,1,0,0,1,1,1,0,0,13,19,1,0,0.08,0.26,0,0,1,1,normal
0,tcp,http,SF,196,16143,0,0,0,0,0,1,0,0,0,0,0,0,0,0,0,5,33,0,0,0,0,1,0,0.09,230,255,1,0,0,0.02,0,0,0,0,normal
0,tcp,http,SF,298,784,0,0,0,0,0,1,0,0,0,0,0,0,0,0,0,5,9,0,0,0,0,1,0,0.56,255,255,1,0,0,0,0,0,0,0,normal
318,tcp,http,SF,334,281,0,0,0,0,0,1,0,0,0,0,0,0,0,0,0,5,6,0,0,0,0.17,1,0,0.33,255,246,0.96,0.01,0,0,0,0,0.02,0.02,normal
1,tcp,smtp,SF,1340,364,0,0,0,0,0,1,0,0,0,0,0,0,0,0,0,1,3,0,0,0,0,1,0,1,136,105,0.65,0.02,0.01,0.02,0,0,0,0,normal
1,tcp,smtp,SF,3057,343,0,0,0,0,0,1,0,0,0,0,0,0,0,0,0,1,2,0,0,0,0,1,0,1,7,146,0.86,0.29,0.14,0.01,0,0,0,0,normal
0,tcp,ftp_data,SF,14052,0,0,0,0,0,0,1,0,0,0,0,0,0,0,0,0,1,1,0,0,0,0,1,0,0,78,63,0.21,0.06,0.21,0.03,0,0,0,0,normal
0,udp,other,SF,146,0,0,0,0,0,0,0,0,0,0,0,0,0,0,0,0,3,1,0,0,0,0,0.33,0.67,0,255,1,0,0.75,0.93,0,0,0,0,0,normal
0,tcp,smtp,SF,4170,329,0,0,0,0,0,1,0,0,0,0,0,0,0,0,0,1,1,0,0,0,0,1,0,0,255,5,0.02,0.59,0,0,0,0,0,0,normal
0,tcp,http,SF,229,900,0,0,0,0,0,1,0,0,0,0,0,0,0,0,0,27,44,0,0,0,0,1,0,0.14,97,255,1,0,0.01,0.02,0,0,0,0,normal
0,tcp,http,SF,339,684,0,0,0,0,0,1,0,0,0,0,0,0,0,0,0,6,6,0,0,0,0,1,0,0,225,255,1,0,0,0.03,0,0,0,0,normal
1,tcp,smtp,SF,2146,332,0,0,0,0,0,1,0,0,0,0,0,0,0,0,0,1,2,0,0,0,0,1,0,1,210,212,0.85,0.02,0,0.01,0,0,0,0,normal
0,icmp,eco_i,SF,30,0,0,0,0,0,0,0,0,0,0,0,0,0,0,0,0,1,1,0,0,0,0,1,0,0,23,129,1,0,1,0.42,0,0,0,0,normal
0,tcp,http,SF,216,655,0,0,0,0,0,1,0,0,0,0,0,0,0,0,0,4,4,0,0,0,0,1,0,0,255,255,1,0,0,0,0,0,0,0,normal
0,tcp,telnet,S1,1191,3023,0,0,0,0,0,1,0,0,0,0,4,0,0,0,0,1,1,1,1,0,0,1,0,0,137,15,0.11,0.04,0.01,0,0.03,0.27,0,0,normal
0,tcp,http,SF,259,295,0,0,0,0,0,1,0,0,0,0,0,0,0,0,0,11,11,0,0,0,0,1,0,0,11,255,1,0,0.09,0.06,0,0,0,0,normal
0,tcp,http,SF,164,9785,0,0,0,0,0,1,0,0,0,0,0,0,0,0,0,1,1,0,0,0,0,1,0,0,83,255,1,0,0.01,0.05,0,0,0,0,normal
0,tcp,ftp_data,SF,641,0,0,0,0,0,0,1,0,0,0,0,0,0,0,0,0,2,3,0,0,0,0,1,0,0.67,76,71,0.49,0.07,0.49,0.03,0,0,0,0,normal
0,udp,domain_u,SF,46,139,0,0,0,0,0,0,0,0,0,0,0,0,0,0,0,70,150,0,0,0,0,0.99,0.03,0.01,255,214,0.84,0.02,0,0,0,0,0,0,normal
0,tcp,http,S1,278,7958,0,0,0,0,0,1,0,0,0,0,0,0,0,0,0,1,2,1,0.5,0,0,1,0,1,3,255,1,0,0.33,0.03,0.33,0,0,0,normal
29,tcp,smtp,SF,1179,328,0,0,0,0,0,1,0,0,0,0,0,0,0,0,0,1,1,0,0,0,0,1,0,0,136,71,0.52,0.02,0.01,0,0,0,0,0,normal
0,udp,domain_u,SF,45,132,0,0,0,0,0,0,0,0,0,0,0,0,0,0,0,68,146,0,0,0,0,1,0,0.01,246,162,0.66,0.01,0,0,0,0,0,0,normal
0,tcp,ftp_data,SF,965,0,0,0,0,0,0,1,0,0,0,0,0,0,0,0,0,1,1,0,0,0,0,1,0,0,69,60,0.36,0.06,0.36,0.03,0,0,0,0,normal
0,tcp,http,SF,245,188,0,0,0,0,0,1,0,0,0,0,0,0,0,0,0,1,36,0,0,0,0,1,0,0.17,30,255,1,0,0.03,0.04,0.03,0.01,0,0.01,normal
0,tcp,http,SF,253,1487,0,0,0,0,0,1,0,0,0,0,0,0,0,0,0,3,3,0,0,0,0,1,0,0,255,250,0.98,0.01,0,0,0,0,0,0,normal
0,tcp,http,SF,327,1817,0,0,0,0,0,1,0,0,0,0,0,0,0,0,0,2,2,0,0,0,0,1,0,0,255,255,1,0,0,0,0,0,0,0,normal
0,tcp,http,REJ,0,0,0,0,0,0,0,0,0,0,0,0,0,0,0,0,0,1,2,0,0,1,1,1,0,1,25,251,1,0,0.04,0.17,0,0,1,1,normal
0,tcp,http,SF,308,553,0,0,0,0,0,1,0,0,0,0,0,0,0,0,0,2,2,0,0,0,0,1,0,0,32,35,1,0,0.03,0.06,0,0.06,0,0.03,normal
27,tcp,ftp,SF,1473,4152,0,0,0,30,0,1,0,0,0,0,0,0,0,0,1,1,1,0,0,0,0,1,0,0,110,25,0.23,0.05,0.01,0,0,0,0.03,0.04,normal
0,tcp,ftp_data,SF,567,0,0,0,0,0,0,1,0,0,0,6,0,0,0,0,0,1,1,0,0,0,0,1,0,0,116,45,0.39,0.03,0.39,0,0,0,0,0,normal
0,tcp,http,SF,207,1588,0,0,0,0,0,1,0,0,0,0,0,0,0,0,0,1,8,0,0,0,0,1,0,0.38,116,255,1,0,0.01,0.01,0,0,0,0,normal
0,tcp,http,SF,372,415,0,0,0,0,0,1,0,0,0,0,0,0,0,0,0,3,4,0,0,0,0,1,0,0.5,255,255,1,0,0,0,0,0,0,0,normal
45,udp,domain_u,SF,48,45,0,0,0,0,0,0,0,0,0,0,0,0,0,0,0,1,1,0,0,0,0,1,0,0,255,241,0.95,0.01,0.06,0,0,0,0,0,normal
0,tcp,http,SF,227,9703,0,0,0,0,0,1,0,0,0,0,0,0,0,0,0,17,17,0,0,0,0,1,0,0,255,255,1,0,0,0,0,0,0,0,normal
0,tcp,http,SF,154,12990,0,0,0,0,0,1,0,0,0,0,0,0,0,0,0,1,1,0,0,0,0,1,0,0,70,255,1,0,0.01,0.06,0.01,0.01,0,0,normal
0,tcp,http,SF,306,1380,0,0,0,0,0,1,0,0,0,0,0,0,0,0,0,3,41,0,0,0,0,1,0,0.05,255,226,0.89,0.01,0,0,0,0,0,0,normal
0,tcp,http,SF,194,679,0,0,0,0,0,1,0,0,0,0,0,0,0,0,0,10,17,0,0,0,0,1,0,0.12,10,255,1,0,0.1,0.02,0,0,0,0,normal
0,tcp,http,SF,301,392,0,0,0,0,0,1,0,0,0,0,0,0,0,0,0,45,49,0,0,0,0,1,0,0.06,72,219,1,0,0.01,0.03,0,0,0,0,normal
0,udp,other,SF,516,4,0,0,0,0,0,0,0,0,0,0,0,0,0,0,0,467,467,0,0,0,0,1,0,0,255,255,1,0,1,0,0,0,0,0,normal
14,udp,private,SF,105,145,0,0,0,0,0,0,0,0,0,0,0,0,0,0,0,2,2,0,0,0,0,1,0,0,255,216,0.85,0.01,0.01,0,0,0,0,0,normal
58,tcp,smtp,SF,2672,325,0,0,0,0,0,1,0,0,0,0,0,0,0,0,0,1,3,0,0,0,0,1,0,0.67,123,145,0.65,0.02,0.01,0.01,0,0,0,0,normal
0,tcp,http,SF,159,21375,0,0,0,0,0,1,0,0,0,0,0,0,0,0,0,2,38,0,0,0,0,1,0,0.16,2,255,1,0,0.5,0.01,0,0,0,0,normal
0,tcp,http,SF,237,3355,0,0,0,0,0,1,0,0,0,0,0,0,0,0,0,14,32,0,0,0,0,1,0,0.06,255,255,1,0,0,0,0,0,0,0,normal
0,tcp,other,REJ,0,0,0,0,0,0,0,0,0,0,0,0,0,0,0,0,0,1,1,0,0,1,1,1,0,0,12,12,1,0,0.08,0,0,0,1,1,normal
0,tcp,http,SF,313,25519,0,0,0,0,0,1,0,0,0,0,0,0,0,0,0,1,1,0,0,0,0,1,0,0,182,255,1,0,0.01,0.02,0.01,0,0,0,normal
35,tcp,ftp,SF,1496,4152,0,0,0,30,0,1,0,0,0,0,0,0,0,0,1,1,1,0,0,0,0,1,0,0,1,1,1,0,1,0,0,0,0,0,normal
0,tcp,http,REJ,0,0,0,0,0,0,0,0,0,0,0,0,0,0,0,0,0,1,1,0,0,1,1,1,0,0,10,255,1,0,0.1,0.06,0,0,1,0.41,normal
0,tcp,http,SF,342,12009,0,0,0,0,0,1,0,0,0,0,0,0,0,0,0,8,8,0,0,0,0,1,0,0,182,255,1,0,0.01,0.02,0,0,0,0,normal
0,tcp,http,SF,285,619,0,0,0,0,0,1,0,0,0,0,0,0,0,0,0,5,5,0,0,0,0,1,0,0,26,255,1,0,0.04,0.05,0,0,0,0,normal
0,tcp,http,SF,207,3090,0,0,0,0,0,1,0,0,0,0,0,0,0,0,0,4,18,0,0,0,0,1,0,0.17,24,255,1,0,0.04,0.08,0,0,0,0,normal
0,tcp,http,SF,319,4143,0,0,0,0,0,1,0,0,0,0,0,0,0,0,0,14,16,0,0,0,0,1,0,0.19,255,255,1,0,0,0,0,0,0,0,normal
0,tcp,http,SF,226,1787,0,0,0,0,0,1,0,0,0,0,0,0,0,0,0,9,9,0,0,0,0,1,0,0,219,255,1,0,0,0.01,0,0,0,0,normal
0,tcp,http,SF,300,1380,0,0,0,0,0,1,0,0,0,0,0,0,0,0,0,7,8,0,0,0,0,1,0,0.25,255,246,0.96,0.01,0,0,0,0,0,0,normal
0,tcp,http,SF,338,664,0,0,0,0,0,1,0,0,0,0,0,0,0,0,0,2,2,0,0,0,0,1,0,0,76,255,1,0,0.01,0.07,0,0.01,0,0,normal
0,tcp,http,SF,157,607,0,0,0,0,0,1,0,0,0,0,0,0,0,0,0,1,1,0,0,0,0,1,0,0,3,255,1,0,0.33,0.02,0.33,0,0,0,normal
0,tcp,http,SF,216,720,0,0,0,0,0,1,0,0,0,0,0,0,0,0,0,11,11,0,0,0,0,1,0,0,31,255,1,0,0.03,0.07,0,0,0,0,normal
0,tcp,http,SF,288,421,0,0,0,0,0,1,0,0,0,0,0,0,0,0,0,22,23,0,0,0,0,1,0,0.09,255,255,1,0,0,0,0,0,0,0,normal
0,tcp,http,SF,303,555,0,0,0,0,0,1,0,0,0,0,0,0,0,0,0,9,9,0,0,0,0,1,0,0,9,255,1,0,0.11,0.01,0,0,0,0,normal
0,tcp,http,S3,199,10449,0,0,0,0,0,1,0,0,0,0,0,0,0,0,0,5,5,0.2,0.2,0,0,1,0,0,13,255,1,0,0.08,0.05,0.08,0,0,0,normal
0,tcp,http,SF,213,4663,0,0,0,0,0,1,0,0,0,0,0,0,0,0,0,5,5,0,0,0,0,1,0,0,255,255,1,0,0,0,0,0,0,0,normal
0,tcp,ftp_data,SF,3468,0,0,0,0,0,0,0,0,0,0,0,0,0,0,0,0,23,23,0,0,0,0,1,0,0,85,99,0.62,0.02,0.62,0.02,0,0,0,0,normal
0,tcp,http,SF,210,2446,0,0,0,0,0,1,0,0,0,0,0,0,0,0,0,7,8,0,0,0,0,1,0,0.25,116,255,1,0,0.01,0.02,0.01,0,0,0,normal
0,tcp,http,SF,203,1745,0,0,0,0,0,1,0,0,0,0,0,0,0,0,0,18,55,0,0,0,0,1,0,0.09,72,255,1,0,0.01,0.01,0,0,0,0,normal
0,tcp,http,SF,231,2239,0,0,0,0,0,1,0,0,0,0,0,0,0,0,0,5,6,0,0,0,0.17,1,0,0.33,255,254,1,0.01,0,0,0,0,0,0,normal
0,tcp,http,SF,235,439,0,0,0,0,0,1,0,0,0,0,0,0,0,0,0,11,11,0,0,0,0,1,0,0,94,255,1,0,0.01,0.01,0,0,0,0,normal
0,tcp,http,SF,236,7610,0,0,0,0,0,1,0,0,0,0,0,0,0,0,0,14,15,0,0,0,0,1,0,0.13,35,255,1,0,0.03,0.04,0,0,0,0.01,normal
0,tcp,http,SF,344,1247,0,0,0,0,0,1,0,0,0,0,0,0,0,0,0,10,10,0,0,0,0,1,0,0,255,255,1,0,0,0,0,0,0,0,normal
0,tcp,http,SF,150,6818,0,0,0,0,0,1,0,0,0,0,0,0,0,0,0,1,2,0,0,0,0,1,0,1,13,255,1,0,0.08,0.04,0,0,0,0,normal
0,tcp,http,SF,332,29468,0,0,0,0,0,1,0,0,0,0,0,0,0,0,0,1,1,0,0,0,0,1,0,0,10,201,1,0,0.1,0.05,0,0,0,0,normal
0,tcp,http,SF,282,8544,0,0,0,0,0,1,0,0,0,0,0,0,0,0,0,1,12,0,0,0,0,1,0,0.25,4,78,1,0,0.25,0.1,0.25,0.01,0,0,normal
0,udp,domain_u,SF,43,76,0,0,0,0,0,0,0,0,0,0,0,0,0,0,0,4,4,0,0,0,0,1,0,0,255,251,0.98,0.01,0,0,0,0,0,0,normal
0,tcp,http,SF,200,267,0,0,0,0,0,1,0,0,0,0,0,0,0,0,0,5,5,0,0,0,0,1,0,0,59,255,1,0,0.02,0.02,0.02,0,0,0,normal
0,tcp,http,SF,254,943,0,0,0,0,0,1,0,0,0,0,0,0,0,0,0,13,34,0,0,0,0,1,0,0.12,48,255,1,0,0.02,0.03,0,0,0,0,normal
0,udp,domain_u,SF,46,143,0,0,0,0,0,0,0,0,0,0,0,0,0,0,0,74,154,0,0,0,0,1,0,0.01,255,254,1,0.01,0,0,0,0,0,0,normal
0,tcp,http,SF,207,342,0,0,0,0,0,1,0,0,0,0,0,0,0,0,0,21,25,0,0,0.05,0.12,1,0,0.08,255,255,1,0,0,0,0,0,0,0,normal
0,tcp,http,REJ,0,0,0,0,0,0,0,0,0,0,0,0,0,0,0,0,0,1,1,0,0,1,1,1,0,0,4,185,1,0,0.25,0.08,0,0,1,1,normal
0,tcp,http,SF,211,24786,0,0,0,0,0,1,0,0,0,0,0,0,0,0,0,19,19,0,0,0,0,1,0,0,255,255,1,0,0,0,0,0,0,0,normal
0,tcp,http,SF,157,3990,0,0,0,0,0,1,0,0,0,0,0,0,0,0,0,1,1,0,0,0,0,1,0,0,7,255,1,0,0.14,0.08,0,0.01,0,0,normal
0,tcp,smtp,SF,2645,332,0,0,0,0,0,1,0,0,0,0,0,0,0,0,0,1,1,0,0,0,0,1,0,0,255,99,0.39,0.03,0,0,0,0,0,0,normal
0,tcp,ftp_data,SF,9,0,0,0,0,0,0,0,0,0,0,0,0,0,0,0,0,2,2,0,0,0,0,1,0,0,255,18,0.07,0.01,0.07,0,0.78,0,0,0,normal
0,tcp,telnet,S1,1191,3023,0,0,0,0,0,1,0,0,0,0,4,0,0,0,0,1,1,1,1,0,0,1,0,0,137,15,0.11,0.04,0.01,0,0.03,0.27,0,0,normal
0,udp,domain_u,SF,44,115,0,0,0,0,0,0,0,0,0,0,0,0,0,0,0,1,4,0,0,0,0,1,0,0.75,255,247,0.97,0.01,0,0,0,0,0,0,normal
0,udp,domain_u,SF,42,70,0,0,0,0,0,0,0,0,0,0,0,0,0,0,0,132,132,0,0,0,0,1,0,0,255,224,0.88,0.01,0,0,0,0,0,0,normal
0,tcp,http,SF,311,2271,0,0,0,0,0,1,0,0,0,0,0,0,0,0,0,15,15,0,0,0,0,1,0,0,15,255,1,0,0.07,0.04,0,0,0,0,normal
10,tcp,smtp,SF,2039,335,0,0,0,0,0,1,0,0,0,0,0,0,0,0,0,2,1,0,0,0,0,0.5,1,0,134,146,0.71,0.04,0.01,0.01,0,0,0,0,normal
0,tcp,ftp_data,SF,175337,0,0,0,0,0,0,0,0,0,0,0,0,0,0,0,0,1,1,0,0,0,0,1,0,0,255,90,0.35,0.02,0.35,0,0,0,0,0,normal
0,tcp,smtp,SF,1358,329,0,0,0,0,0,1,0,0,0,0,0,0,0,0,0,1,2,0,0,0,0,1,0,1,41,179,0.95,0.05,0.02,0.02,0,0,0,0,normal
0,tcp,ftp_data,SF,9178,0,0,0,0,0,0,1,0,0,0,0,0,0,0,0,0,10,10,0,0,0,0,1,0,0,153,84,0.35,0.04,0.35,0.02,0,0,0,0,normal
0,udp,private,SF,105,146,0,0,0,0,0,0,0,0,0,0,0,0,0,0,0,1,1,0,0,0,0,1,0,0,97,84,0.87,0.02,0.01,0,0,0,0,0,normal
0,tcp,http,SF,298,2809,0,0,0,0,0,1,0,0,0,0,0,0,0,0,0,2,5,0,0,0,0,1,0,0.4,62,255,1,0,0.02,0.01,0,0.01,0,0,normal
0,tcp,http,SF,201,1464,0,0,0,0,0,1,0,0,0,0,0,0,0,0,0,13,54,0,0,0,0,1,0,0.04,13,255,1,0,0.08,0.02,0,0,0,0,normal
0,tcp,http,SF,337,255,0,0,0,0,0,1,0,0,0,0,0,0,0,0,0,29,29,0,0,0,0,1,0,0,141,255,1,0,0.01,0.03,0,0,0,0,normal
0,tcp,http,SF,193,12164,0,0,0,0,0,1,0,0,0,0,0,0,0,0,0,1,4,0,0,0,0,1,0,1,255,254,1,0.01,0,0,0,0,0,0,normal
0,tcp,http,SF,213,3125,0,0,0,0,0,1,0,0,0,0,0,0,0,0,0,8,37,0,0,0,0,1,0,0.05,96,255,1,0,0.01,0.01,0,0,0,0,normal
0,udp,domain_u,SF,46,144,0,0,0,0,0,0,0,0,0,0,0,0,0,0,0,146,145,0,0,0,0,0.99,0.01,0,255,254,1,0.01,0,0,0,0,0,0,normal
0,tcp,http,SF,210,1117,0,0,0,0,0,1,0,0,0,0,0,0,0,0,0,5,5,0,0,0,0,1,0,0,55,228,1,0,0.02,0.03,0,0,0,0,normal
0,tcp,http,SF,281,17449,0,0,0,0,0,1,0,0,0,0,0,0,0,0,0,3,3,0,0,0,0,1,0,0,19,255,1,0,0.05,0.01,0,0,0,0,normal
3487,udp,other,SF,146,105,0,0,0,0,0,0,0,0,0,0,0,0,0,0,0,1,1,0,0,0,0,1,0,0,255,1,0,0.7,0.96,0,0,0,0,0,normal
0,tcp,http,SF,339,1164,0,0,0,0,0,1,0,0,0,0,0,0,0,0,0,9,16,0,0,0,0,1,0,0.12,255,255,1,0,0,0,0,0,0,0,normal
0,udp,domain_u,SF,42,42,0,0,0,0,0,0,0,0,0,0,0,0,0,0,0,7,14,0,0,0,0,1,0,0.21,255,227,0.89,0.01,0,0,0,0,0,0,normal
0,tcp,http,SF,194,6396,0,0,0,0,0,1,0,0,0,0,0,0,0,0,0,12,12,0,0,0,0,1,0,0,12,255,1,0,0.08,0.04,0,0,0,0,normal
5,tcp,smtp,SF,1266,330,0,0,0,0,0,1,0,0,0,0,0,0,0,0,0,1,1,0,0,0,0,1,0,0,232,172,0.69,0.02,0,0.01,0,0,0,0,normal
0,udp,domain_u,SF,45,140,0,0,0,0,0,0,0,0,0,0,0,0,0,0,0,81,162,0,0,0,0,1,0,0.01,255,219,0.86,0.02,0,0,0,0,0,0,normal
0,udp,domain_u,SF,45,135,0,0,0,0,0,0,0,0,0,0,0,0,0,0,0,59,139,0,0,0,0,1,0,0.01,249,190,0.76,0.01,0,0,0,0,0,0,normal
0,tcp,http,SF,300,760,0,0,0,0,0,1,0,0,0,0,0,0,0,0,0,6,6,0,0,0,0,1,0,0,6,255,1,0,0.17,0.02,0,0,0,0,normal
0,udp,domain_u,SF,46,136,0,0,0,0,0,0,0,0,0,0,0,0,0,0,0,79,158,0,0,0,0,1,0,0.01,255,255,1,0,0,0,0,0,0,0,normal
0,tcp,http,SF,289,1080,0,0,0,0,0,1,0,0,0,0,0,0,0,0,0,3,3,0,0,0,0,1,0,0,255,255,1,0,0,0,0,0,0,0,normal
0,tcp,http,SF,252,1628,0,0,0,0,0,1,0,0,0,0,0,0,0,0,0,1,2,0,0,0,0.5,1,0,1,41,40,0.98,0.05,0.02,0,0,0,0,0,normal
0,tcp,http,SF,217,821,0,0,0,0,0,1,0,0,0,0,0,0,0,0,0,7,7,0,0,0,0,1,0,0,7,255,1,0,0.14,0.03,0,0,0,0,normal
0,tcp,http,SF,188,1291,0,0,0,0,0,1,0,0,0,0,0,0,0,0,0,15,16,0.07,0.06,0,0,1,0,0.12,15,255,1,0,0.07,0.03,0.07,0.01,0,0,normal
0,tcp,http,SF,224,4414,0,0,0,0,0,1,0,0,0,0,0,0,0,0,0,16,16,0,0,0,0,1,0,0,139,255,1,0,0.01,0.02,0,0,0,0,normal
12202,udp,other,SF,147,105,0,0,0,0,0,0,0,0,0,0,0,0,0,0,0,1,1,0,0,0,0,1,0,0,255,1,0,0.89,1,0,0,0,0,0,normal
0,icmp,eco_i,SF,30,0,0,0,0,0,0,0,0,0,0,0,0,0,0,0,0,1,1,0,0,0,0,1,0,0,82,131,1,0,1,0.2,0,0,0,0,normal
0,tcp,http,SF,349,1719,0,0,0,0,0,1,0,0,0,0,0,0,0,0,0,13,13,0,0,0,0,1,0,0,187,255,1,0,0.01,0.02,0,0,0,0,normal
0,udp,domain_u,SF,44,69,0,0,0,0,0,0,0,0,0,0,0,0,0,0,0,261,261,0,0,0,0,1,0,0,255,236,0.93,0.01,0,0,0,0,0,0,normal
0,tcp,http,SF,248,1374,0,0,0,0,0,1,0,0,0,0,0,0,0,0,0,12,12,0,0,0,0,1,0,0,255,255,1,0,0,0,0,0,0,0,normal
1,tcp,smtp,SF,1553,329,0,0,0,0,0,1,0,0,0,0,0,0,0,0,0,1,4,0,0,0,0,1,0,1,34,26,0.76,0.09,0.03,0,0,0,0,0,normal
0,udp,domain_u,SF,45,115,0,0,0,0,0,0,0,0,0,0,0,0,0,0,0,190,190,0,0,0,0,1,0,0,255,255,1,0,0,0,0,0,0,0,normal
0,tcp,ftp_data,SF,748,0,0,0,0,0,0,1,0,0,0,9,0,0,0,0,0,1,1,0,0,0,0,1,0,0,186,46,0.25,0.02,0.25,0,0,0,0,0,normal
0,tcp,ftp_data,SF,59,0,0,0,0,0,0,1,0,0,0,0,0,0,0,0,0,12,12,0,0,0,0,1,0,0,87,44,0.51,0.03,0.51,0,0,0,0,0,normal
0,udp,domain_u,SF,44,133,0,0,0,0,0,0,0,0,0,0,0,0,0,0,0,71,151,0,0,0,0,1,0,0.01,255,255,1,0,0,0,0,0,0,0,normal
0,tcp,http,SF,190,244,0,0,0,0,0,1,0,0,0,0,0,0,0,0,0,27,28,0,0,0,0,1,0,0.07,255,255,1,0,0,0,0,0,0.01,0.01,normal
0,tcp,http,REJ,0,0,0,0,0,0,0,0,0,0,0,0,0,0,0,0,0,1,1,0,0,1,1,1,0,0,5,235,1,0,0.2,0.18,0,0,1,0.59,normal
0,tcp,http,SF,237,11283,0,0,0,0,0,1,0,0,0,0,0,0,0,0,0,24,24,0,0,0,0,1,0,0,255,255,1,0,0,0,0,0,0,0,normal
0,tcp,http,SF,210,1425,0,0,0,0,0,1,0,0,0,0,0,0,0,0,0,10,10,0,0,0,0,1,0,0,65,255,1,0,0.02,0.04,0,0,0,0,normal
0,tcp,http,SF,343,520,0,0,0,0,0,1,0,0,0,0,0,0,0,0,0,1,1,0,0,0,0,1,0,0,3,255,1,0,0.33,0.04,0,0,0,0,normal
1,tcp,smtp,SF,2225,364,0,0,0,0,0,1,0,0,0,0,0,0,0,0,0,1,3,0,0,0,0,1,0,1,21,242,0.86,0.1,0.05,0.01,0,0,0,0,normal
81,tcp,http,SF,328,189,0,0,0,0,0,1,0,0,0,0,0,0,0,0,0,25,25,0,0,0,0,1,0,0,255,255,1,0,0,0,0,0,0,0,normal
0,udp,domain_u,SF,45,110,0,0,0,0,0,0,0,0,0,0,0,0,0,0,0,1,2,0,0,0,0,1,0,1,255,234,0.92,0.01,0,0,0,0,0.02,0,normal
0,tcp,smtp,SF,2297,336,0,0,0,0,0,1,0,0,0,0,0,0,0,0,0,1,2,0,0,0,0,1,0,1,255,26,0.1,0.5,0,0,0,0,0,0,normal
0,tcp,smtp,SF,2302,332,0,0,0,0,0,1,0,0,0,0,0,0,0,0,0,1,2,0,0,0,0,1,0,1,197,146,0.74,0.03,0.01,0,0.01,0.01,0,0,normal
0,tcp,http,SF,342,453,0,0,0,0,0,1,0,0,0,0,0,0,0,0,0,23,23,0,0,0,0,1,0,0,255,255,1,0,0,0,0,0,0,0,normal
24,tcp,ftp,SF,338,1054,0,0,0,6,0,1,0,0,0,0,0,0,0,0,1,1,1,0,0,0,0,1,0,0,240,44,0.18,0.03,0,0,0,0,0.01,0.05,normal
0,icmp,eco_i,SF,30,0,0,0,0,0,0,0,0,0,0,0,0,0,0,0,0,1,1,0,0,0,0,1,0,0,88,131,1,0,1,0.18,0,0,0,0,normal
1,tcp,smtp,SF,874,333,0,0,0,0,0,1,0,0,0,0,0,0,0,0,0,1,3,0,0,0,0,1,0,1,112,136,0.56,0.05,0.01,0.01,0.04,0.01,0,0,normal
2,tcp,smtp,SF,1258,359,0,0,0,0,0,1,0,0,0,0,0,0,0,0,0,1,1,0,0,0,0,1,0,0,214,192,0.72,0.02,0,0.01,0,0,0,0,normal
0,tcp,http,SF,268,2238,0,0,0,0,0,1,0,0,0,0,0,0,0,0,0,27,27,0,0,0,0,1,0,0,255,255,1,0,0,0,0,0,0,0,normal
0,tcp,http,SF,203,1560,0,0,0,0,0,1,0,0,0,0,0,0,0,0,0,3,4,0,0,0,0,1,0,0.5,255,255,1,0,0,0,0,0,0,0,normal
2,tcp,ftp_data,SF,2194619,0,0,0,0,0,0,0,0,0,0,0,0,0,0,0,0,2,2,0,0,0,0,1,0,0,151,61,0.4,0.03,0.4,0,0.01,0.02,0,0,normal
0,tcp,http,SF,288,2881,0,0,0,0,0,1,0,0,0,0,0,0,0,0,0,14,16,0,0,0,0,1,0,0.12,14,255,1,0,0.07,0.05,0,0,0,0,normal
0,tcp,http,SF,203,56215,0,0,0,0,0,1,0,0,0,0,0,0,0,0,0,2,2,0,0,0,0,1,0,0,34,255,1,0,0.03,0.06,0,0,0,0,normal
23,tcp,ftp,SF,295,903,0,0,0,5,0,1,0,0,0,0,0,0,0,0,1,1,1,0,0,0,0,1,0,0,146,27,0.18,0.05,0.01,0,0,0,0.01,0.07,normal
0,tcp,http,SF,299,181,0,0,0,0,0,1,0,0,0,0,0,0,0,0,0,4,6,0.25,0.33,0,0,1,0,0.33,255,255,1,0,0,0,0,0,0,0,normal
0,tcp,ftp_data,SF,1690,0,0,0,0,0,0,1,0,0,0,0,0,0,0,0,0,3,3,0,0,0,0,1,0,0,43,92,0.91,0.05,0.91,0.03,0,0,0,0,normal
0,udp,domain_u,SF,42,42,0,0,0,0,0,0,0,0,0,0,0,0,0,0,0,10,17,0,0,0,0,1,0,0.24,255,255,1,0,0,0,0,0,0,0,normal
0,udp,domain_u,SF,43,73,0,0,0,0,0,0,0,0,0,0,0,0,0,0,0,72,150,0,0,0,0,1,0,0.01,255,211,0.83,0.01,0,0,0,0,0,0,normal
0,icmp,urp_i,SF,181,0,0,0,0,0,0,0,0,0,0,0,0,0,0,0,0,2,1,0,0,0,0,0.5,1,0,255,118,0.46,0.01,0.58,0,0,0,0,0,normal
0,udp,other,SF,147,147,0,0,0,0,0,0,0,0,0,0,0,0,0,0,0,2,2,0,0,0,0,1,0,0,255,2,0.01,0.59,0.98,0,0,0,0,0,normal
0,tcp,http,SF,226,2431,0,0,0,0,0,1,0,0,0,0,0,0,0,0,0,14,14,0,0,0,0,1,0,0,87,255,1,0,0.01,0.02,0,0,0,0,normal
0,tcp,http,SF,330,4793,0,0,0,0,0,1,0,0,0,0,0,0,0,0,0,3,5,0,0,0,0,1,0,0.6,36,255,1,0,0.03,0.07,0,0.01,0,0,normal
0,tcp,http,SF,325,1724,0,0,0,0,0,1,0,0,0,0,0,0,0,0,0,4,4,0,0,0,0,1,0,0,255,255,1,0,0,0,0,0,0,0,normal
0,tcp,http,SF,342,253,0,0,0,0,0,1,0,0,0,0,0,0,0,0,0,4,4,0,0,0,0,1,0,0,255,255,1,0,0,0,0,0,0,0,normal
0,icmp,urp_i,SF,78,0,0,0,0,0,0,0,0,0,0,0,0,0,0,0,0,54,9,0,0,0,0,0.17,0.04,0,226,9,0.04,0.02,0.05,0,0,0,0,0,normal
0,tcp,http,SF,321,3683,0,0,0,0,0,1,0,0,0,0,0,0,0,0,0,12,12,0,0,0,0,1,0,0,152,255,1,0,0.01,0.01,0,0,0.08,0.05,normal
0,tcp,http,SF,308,4504,0,0,0,0,0,1,0,0,0,0,0,0,0,0,0,10,38,0,0,0,0,1,0,0.08,10,255,1,0,0.1,0.05,0,0,0,0.01,normal
0,tcp,http,SF,214,3011,0,0,0,0,0,1,0,0,0,0,0,0,0,0,0,7,7,0,0,0,0,1,0,0,46,255,1,0,0.02,0.05,0,0,0,0,normal
0,tcp,http,SF,234,5280,0,0,0,0,0,1,0,0,0,0,0,0,0,0,0,3,3,0,0,0,0,1,0,0,255,255,1,0,0,0,0,0,0,0,normal
0,tcp,http,SF,336,2710,0,0,0,0,0,1,0,0,0,0,0,0,0,0,0,8,8,0,0,0,0,1,0,0,20,255,1,0,0.05,0.03,0,0,0,0,normal
0,tcp,ftp_data,SF,2881,0,0,0,0,0,0,1,0,0,0,0,0,0,0,0,0,5,5,0,0,0,0,1,0,0,16,57,0.69,0.19,0.69,0.04,0,0,0,0,normal
0,tcp,http,SF,296,1511,0,0,0,0,0,1,0,0,0,0,0,0,0,0,0,3,3,0.33,0.33,0,0,1,0,0,245,255,1,0,0,0.01,0,0,0,0,normal
0,tcp,http,REJ,0,0,0,0,0,0,0,0,0,0,0,0,0,0,0,0,0,1,1,0,0,1,1,1,0,0,8,231,1,0,0.12,0.09,0,0,1,0.67,normal
0,tcp,http,SF,240,308,0,0,0,0,0,1,0,0,0,0,0,0,0,0,0,6,10,0,0,0,0,1,0,0.2,102,255,1,0,0.01,0.02,0,0,0,0,normal
0,tcp,http,SF,319,3432,0,0,0,0,0,1,0,0,0,0,0,0,0,0,0,9,9,0,0,0,0,1,0,0,9,255,1,0,0.11,0.01,0,0,0,0,normal
0,udp,domain_u,SF,43,126,0,0,0,0,0,0,0,0,0,0,0,0,0,0,0,198,275,0,0,0,0,0.99,0.01,0.01,200,161,0.81,0.01,0,0,0,0,0,0,normal
0,tcp,ftp_data,SF,748,0,0,0,0,0,0,1,0,0,0,9,0,0,0,0,0,1,1,0,0,0,0,1,0,0,6,92,0.83,0.33,0.83,0.03,0,0,0,0,normal
0,tcp,smtp,SF,1970,401,0,0,0,0,0,1,0,0,0,0,0,0,0,0,0,1,2,0,0,0,0,1,0,1,92,156,0.76,0.04,0.01,0.01,0,0,0,0,normal
0,tcp,http,SF,306,541,0,0,0,0,0,1,0,0,0,0,0,0,0,0,0,14,14,0,0,0,0,1,0,0,166,255,1,0,0.01,0.02,0,0,0,0,normal
0,udp,domain_u,SF,45,121,0,0,0,0,0,0,0,0,0,0,0,0,0,0,0,153,158,0,0,0,0,1,0,0.01,255,254,1,0.01,0,0,0,0,0,0,normal
0,udp,domain_u,SF,44,76,0,0,0,0,0,0,0,0,0,0,0,0,0,0,0,209,209,0,0,0,0,1,0,0,255,254,1,0.01,0,0,0,0,0,0,normal
666,tcp,telnet,SF,634,20143,0,0,0,0,0,1,3,0,0,0,0,0,0,0,0,1,1,0,0,0,0,1,0,0,223,109,0.49,0.01,0,0,0.9,0.92,0,0,normal
0,tcp,http,SF,380,1398,0,0,0,0,0,1,0,0,0,0,0,0,0,0,0,14,27,0,0,0,0,1,0,0.11,255,255,1,0,0,0,0,0,0,0,normal
0,udp,domain_u,SF,45,135,0,0,0,0,0,0,0,0,0,0,0,0,0,0,0,71,149,0,0,0,0,1,0,0.01,255,174,0.68,0.02,0,0,0,0,0,0,normal
0,tcp,http,SF,213,188,0,0,0,0,0,1,0,0,0,0,0,0,0,0,0,3,3,0,0,0,0,1,0,0,255,255,1,0,0,0,0,0,0,0,normal
0,udp,domain_u,SF,46,46,0,0,0,0,0,0,0,0,0,0,0,0,0,0,0,144,224,0,0,0,0,1,0,0.01,255,255,1,0,0.01,0,0,0,0,0,normal
8220,udp,other,SF,145,105,0,0,0,0,0,0,0,0,0,0,0,0,0,0,0,10,2,0,0,0,0,0.2,0.2,0,255,2,0.01,0.62,0.9,0,0,0,0,0,normal
0,tcp,http,SF,359,2282,0,0,0,0,0,1,0,0,0,0,0,0,0,0,0,4,4,0,0,0,0,1,0,0,133,255,1,0,0.01,0.09,0,0,0.15,0.48,normal
0,udp,private,SF,105,0,0,0,0,0,0,0,0,0,0,0,0,0,0,0,0,2,2,0,0,0,0,1,0,0,177,151,0.85,0.01,0.01,0,0,0,0,0,normal
0,tcp,http,SF,207,3018,0,0,0,0,0,1,0,0,0,0,0,0,0,0,0,2,2,0,0,0,0,1,0,0,2,255,1,0,0.5,0.05,0,0,0,0,normal
0,udp,domain_u,SF,44,137,0,0,0,0,0,0,0,0,0,0,0,0,0,0,0,67,147,0,0,0,0,1,0,0.01,255,254,1,0.01,0,0,0,0,0,0,normal
0,tcp,http,SF,250,2577,0,0,0,0,0,1,0,0,0,0,0,0,0,0,0,5,6,0,0,0,0,1,0,0.33,169,255,1,0,0.01,0.02,0,0,0,0,normal
0,tcp,http,SF,167,709,0,0,0,0,0,1,0,0,0,0,0,0,0,0,0,1,4,0,0,0,0.25,1,0,0.75,5,255,1,0,0.2,0.02,0,0,0,0,normal
0,tcp,http,REJ,0,0,0,0,0,0,0,0,0,0,0,0,0,0,0,0,0,2,2,0,0,1,1,1,0,0,2,255,1,0,0.5,0.11,0,0,1,0.53,normal
0,tcp,http,SF,289,1080,0,0,0,0,0,1,0,0,0,0,0,0,0,0,0,3,3,0,0,0,0,1,0,0,255,255,1,0,0,0,0,0,0,0,normal
0,tcp,http,SF,224,4835,0,0,0,0,0,1,0,0,0,0,0,0,0,0,0,15,15,0,0,0,0,1,0,0,255,255,1,0,0,0,0,0,0,0,normal
0,tcp,http,SF,235,1075,0,0,0,0,0,1,0,0,0,0,0,0,0,0,0,7,7,0,0,0,0,1,0,0,255,251,0.98,0.01,0,0,0,0,0,0,normal
0,tcp,smtp,SF,626,388,0,0,0,0,0,1,0,0,0,0,0,0,0,0,0,1,1,0,0,0,0,1,0,0,255,51,0.2,0.07,0,0,0.62,0,0.01,0,normal
0,udp,domain_u,SF,43,107,0,0,0,0,0,0,0,0,0,0,0,0,0,0,0,6,11,0,0,0,0,1,0,0.27,246,225,0.91,0.01,0,0,0,0,0.02,0,normal
0,udp,other,SF,102,102,0,0,0,0,0,0,0,0,0,0,0,0,0,0,0,1,1,0,0,0,0,1,0,0,7,1,0.14,0.29,0.14,0,0,0,0,0,normal
0,tcp,http,SF,358,1640,0,0,0,0,0,1,0,0,0,0,0,0,0,0,0,7,9,0,0,0,0,1,0,0.22,255,255,1,0,0,0,0,0,0,0,normal
0,tcp,http,SF,216,7103,0,0,0,0,0,1,0,0,0,0,0,0,0,0,0,12,21,0,0,0,0,1,0,0.14,193,255,1,0,0.01,0.01,0.01,0.01,0.01,0,normal
0,tcp,http,SF,240,2698,0,0,0,0,0,1,0,0,0,0,0,0,1,0,0,9,19,0,0.05,0,0,1,0,0.37,253,239,0.94,0.02,0,0,0,0,0,0,normal
3,tcp,ftp_data,SF,2194619,0,0,0,0,0,0,1,0,0,0,0,0,0,0,0,0,2,3,0,0,0,0,1,0,0.67,126,43,0.22,0.03,0.22,0.05,0,0,0,0,normal
0,tcp,http,SF,328,788,0,0,0,0,0,1,0,0,0,0,0,0,0,0,0,3,3,0,0,0,0,1,0,0,255,255,1,0,0,0,0,0,0,0,normal
0,tcp,http,SF,192,950,0,0,0,0,0,1,0,0,0,0,0,0,0,0,0,3,3,0,0,0,0,1,0,0,203,255,1,0,0,0.03,0,0,0,0,normal
0,tcp,smtp,SF,896,333,0,0,0,0,0,1,0,0,0,0,0,0,0,0,0,1,1,0,0,0,0,1,0,0,64,168,0.62,0.11,0.02,0.01,0,0,0,0,normal
0,tcp,http,SF,302,2550,0,0,0,0,0,1,0,0,0,0,0,0,0,0,0,6,6,0,0,0,0,1,0,0,9,255,1,0,0.11,0.05,0,0,0,0,normal
0,tcp,http,SF,319,4509,0,0,0,0,0,1,0,0,0,0,0,0,0,0,0,6,13,0,0,0,0,1,0,0.23,26,255,1,0,0.04,0.03,0,0,0,0,normal
0,tcp,http,SF,300,1466,0,0,0,0,0,1,0,0,0,0,0,0,0,0,0,44,46,0.02,0.02,0,0,1,0,0.07,255,255,1,0,0,0,0,0,0,0,normal
0,tcp,http,SF,223,482,0,0,0,0,0,1,0,0,0,0,0,0,0,0,0,7,19,0,0,0,0,1,0,0.11,255,255,1,0,0,0,0,0,0,0,normal
0,udp,domain_u,SF,44,44,0,0,0,0,0,0,0,0,0,0,0,0,0,0,0,88,149,0,0,0,0,1,0,0.03,255,255,1,0,0.01,0,0,0,0,0,normal
0,tcp,http,SF,202,1032,0,0,0,0,0,1,0,0,0,0,0,0,0,0,0,2,3,0,0,0,0,1,0,0.67,14,255,1,0,0.07,0.04,0,0,0,0,normal
0,tcp,http,SF,210,3754,0,0,0,0,0,1,0,0,0,0,0,0,0,0,0,18,18,0,0,0,0,1,0,0,62,255,1,0,0.02,0.02,0,0.01,0,0,normal
0,tcp,http,SF,288,555,0,0,0,0,0,1,0,0,0,0,0,0,0,0,0,7,21,0,0,0,0,1,0,0.19,42,231,1,0,0.02,0.04,0,0,0,0,normal
0,tcp,time,S0,0,0,0,0,0,0,0,0,0,0,0,0,0,0,0,0,0,2,2,0.5,0.5,0,0,1,0,0,10,10,1,0,0.2,0,0.1,0.1,0,0,normal
0,tcp,ftp_data,SF,12286,0,0,0,0,0,0,1,0,0,0,0,0,0,0,0,0,1,1,0,0,0,0,1,0,0,155,55,0.35,0.02,0.35,0,0,0,0,0,normal
0,udp,other,SF,147,0,0,0,0,0,0,0,0,0,0,0,0,0,0,0,0,5,1,0,0,0,0,0.2,0.6,0,255,4,0.02,0.51,0.95,0,0,0,0,0,normal
0,tcp,http,SF,220,190,0,0,0,0,0,1,0,0,0,0,0,0,0,0,0,5,5,0,0,0,0,1,0,0,36,255,1,0,0.03,0.02,0,0,0,0,normal
5,tcp,smtp,SF,1898,364,0,0,0,0,0,1,0,0,0,0,0,0,0,0,0,1,2,0,0,0,0,1,0,1,21,142,0.76,0.1,0.05,0.01,0,0,0,0,normal
0,tcp,http,REJ,0,0,0,0,0,0,0,0,0,0,0,0,0,0,0,0,0,1,1,0,0,1,1,1,0,0,53,229,1,0,0.02,0.06,0,0,0.08,0.55,normal
0,udp,domain_u,SF,45,132,0,0,0,0,0,0,0,0,0,0,0,0,0,0,0,67,147,0,0,0,0,1,0,0.01,255,252,0.99,0.01,0,0,0,0,0,0,normal
0,tcp,http,REJ,0,0,0,0,0,0,0,0,0,0,0,0,0,0,0,0,0,1,1,0,0,1,1,1,0,0,2,255,1,0,0.5,0.05,0,0,1,0.75,normal
0,tcp,http,SF,369,4154,0,0,0,0,0,1,0,0,0,0,0,0,0,0,0,7,7,0,0,0,0,1,0,0,255,255,1,0,0,0,0,0,0,0,normal
28,tcp,ftp,SF,991,3081,0,0,0,22,0,1,0,0,0,0,0,0,0,0,1,1,1,0,0,0,0,1,0,0,255,47,0.18,0.02,0,0,0,0,0.06,0.13,normal
0,tcp,http,SF,297,1442,0,0,0,0,0,1,0,0,0,0,0,0,0,0,0,11,16,0,0,0,0,1,0,0.19,255,255,1,0,0,0,0,0,0,0,normal
0,tcp,http,RSTO,0,0,0,0,0,0,0,1,0,0,0,0,0,0,0,0,0,1,1,0,0,1,1,1,0,0,255,245,0.96,0.01,0,0,0,0,0.02,0.02,normal
0,tcp,ftp_data,SF,383,0,0,0,0,0,0,0,0,0,0,0,0,0,0,0,0,2,2,0,0,0,0,1,0,0,43,73,0.07,0.09,0.07,0.03,0,0,0.02,0,normal
0,tcp,http,REJ,0,0,0,0,0,0,0,0,0,0,0,0,0,0,0,0,0,1,1,0,0,1,1,1,0,0,169,118,0.7,0.02,0.01,0,0,0,0.7,1,normal
20,tcp,smtp,SF,2063,334,0,0,0,0,0,1,0,0,0,0,0,0,0,0,0,3,1,0,0,0,0,0.33,0.67,0,126,130,0.44,0.06,0.01,0.02,0,0,0,0,normal
27,tcp,ftp,SF,1220,3380,0,0,0,24,0,1,0,0,0,0,0,0,0,0,1,1,1,0,0,0,0,1,0,0,239,28,0.12,0.03,0,0,0,0,0,0,normal
0,tcp,http,SF,320,308,0,0,0,0,0,1,0,0,0,0,0,0,0,0,0,15,15,0,0,0,0,1,0,0,255,255,1,0,0,0,0,0,0,0,normal
0,tcp,http,SF,189,9345,0,0,0,0,0,1,0,0,0,0,0,0,0,0,0,3,4,0,0,0,0,1,0,0.5,3,255,1,0,0.33,0.04,0,0,0,0,normal
0,tcp,http,SF,290,2747,0,0,0,0,0,1,0,0,0,0,0,0,0,0,0,2,3,0,0,0,0,1,0,0.67,59,255,1,0,0.02,0.07,0,0,0,0,normal
0,tcp,http,SF,143,9598,0,0,0,0,0,1,0,0,0,0,0,0,0,0,0,1,1,0,0,0,0,1,0,0,87,255,1,0,0.01,0.01,0.01,0,0,0,normal
0,tcp,http,SF,239,655,0,0,0,0,0,1,0,0,0,0,0,0,0,0,0,21,27,0,0,0,0,1,0,0.11,187,255,1,0,0.01,0.03,0,0,0,0,normal
0,tcp,http,SF,295,465,0,0,0,0,0,1,0,0,0,0,0,0,0,0,0,11,12,0,0,0,0,1,0,0.17,69,255,1,0,0.01,0.04,0,0,0,0,normal
0,tcp,http,SF,299,3162,0,0,0,0,0,1,0,0,0,0,0,0,0,0,0,31,31,0,0,0,0,1,0,0,255,255,1,0,0,0,0,0,0,0,normal
0,tcp,http,SF,313,14073,0,0,0,0,0,1,0,0,0,0,0,0,0,0,0,8,10,0,0,0,0,1,0,0.3,8,209,1,0,0.12,0.01,0,0,0,0,normal
0,tcp,domain,SF,48,483,0,0,0,0,0,1,0,0,0,0,0,0,0,0,0,208,1,0,0,0,0,0,0.01,0,255,1,0,0.02,0,0,0,0,0,0,normal
6,tcp,smtp,SF,1447,328,0,0,0,0,0,1,0,0,0,0,0,0,0,0,0,1,4,0,0,0,0,1,0,1,47,138,0.3,0.04,0.02,0.01,0,0,0,0,normal
0,tcp,http,SF,278,5651,0,0,0,0,0,1,0,0,0,0,0,0,0,0,0,8,8,0,0,0,0,1,0,0,8,255,1,0,0.12,0.02,0,0,0,0,normal
0,tcp,http,SF,216,6979,0,0,0,0,0,1,0,0,0,0,0,0,0,0,0,13,13,0,0,0,0,1,0,0,255,255,1,0,0,0,0,0,0.03,0.03,normal
0,udp,domain_u,SF,42,75,0,0,0,0,0,0,0,0,0,0,0,0,0,0,0,110,111,0,0,0,0,1,0,0.02,255,254,1,0.01,0,0,0,0,0,0,normal
0,tcp,ftp_data,SF,172,0,0,0,0,0,0,1,0,0,0,0,0,0,0,0,0,1,1,0,0,0,0,1,0,0,7,7,1,0,1,0,0,0,0,0,normal
0,udp,domain_u,SF,31,0,0,0,0,0,0,0,0,0,0,0,0,0,0,0,0,1,2,0,0,0,0,1,0,1,6,24,0.33,0.33,0.33,0.08,0,0,0,0,normal
0,tcp,http,SF,302,2943,0,0,0,0,0,1,0,0,0,0,0,0,0,0,0,5,5,0,0,0,0,1,0,0,15,18,1,0,0.07,0.11,0,0,0,0,normal
0,tcp,smtp,SF,861,326,0,0,0,0,0,1,0,0,0,0,0,0,0,0,0,1,1,0,0,0,0,1,0,0,11,239,0.64,0.18,0.09,0.02,0,0,0,0,normal
0,tcp,http,REJ,0,0,0,0,0,0,0,0,0,0,0,0,0,0,0,0,0,1,1,0,0,1,1,1,0,0,6,161,1,0,0.17,0.16,0,0,1,0.98,normal
0,udp,domain_u,SF,46,46,0,0,0,0,0,0,0,0,0,0,0,0,0,0,0,104,104,0,0,0,0,1,0,0,255,199,0.78,0.01,0.01,0,0,0,0,0,normal
0,udp,domain_u,SF,45,166,0,0,0,0,0,0,0,0,0,0,0,0,0,0,0,204,281,0,0,0,0,1,0.01,0.01,206,167,0.81,0.01,0,0,0,0,0,0,normal
0,tcp,ftp_data,SF,1470,0,0,0,0,0,0,0,0,0,0,0,0,0,0,0,0,4,5,0,0,0,0,1,0,0.4,98,51,0.41,0.06,0.41,0.04,0.01,0,0.01,0,normal
0,icmp,eco_i,SF,30,0,0,0,0,0,0,0,0,0,0,0,0,0,0,0,0,4,1,0,0,0,0,0.25,0.75,0,255,3,0.01,0.01,0.04,0,0,0,0,0,normal
0,tcp,http,REJ,0,0,0,0,0,0,0,0,0,0,0,0,0,0,0,0,0,1,1,0,0,1,1,1,0,0,55,154,1,0,0.02,0.19,0,0,1,1,normal
0,tcp,http,REJ,0,0,0,0,0,0,0,0,0,0,0,0,0,0,0,0,0,13,13,0,0,0.85,0.85,1,0,0,47,255,1,0,0.02,0.17,0,0,0.94,0.99,normal
0,tcp,http,SF,296,11753,0,0,0,0,0,1,0,0,0,0,0,0,0,0,0,7,7,0,0,0,0,1,0,0,27,255,1,0,0.04,0.02,0,0,0,0,normal
0,tcp,http,SF,241,807,0,0,0,0,0,1,0,0,0,0,0,0,0,0,0,5,5,0,0,0,0,1,0,0,255,255,1,0,0,0,0,0,0,0,normal
0,tcp,ftp_data,SF,12,0,0,0,0,0,0,1,0,0,0,0,0,0,0,0,0,2,2,0,0,0,0,1,0,0,22,57,0.27,0.18,0.27,0.04,0,0.02,0,0,normal
0,udp,domain_u,SF,46,132,0,0,0,0,0,0,0,0,0,0,0,0,0,0,0,151,231,0,0,0,0,1,0,0.01,255,255,1,0,0,0,0,0,0,0,normal
0,tcp,http,REJ,0,0,0,0,0,0,0,0,0,0,0,0,0,0,0,0,0,1,1,0,0,1,1,1,0,0,2,253,1,0,0.5,0.04,0,0,1,0.84,normal
0,tcp,http,SF,307,1354,0,0,0,0,0,1,0,0,0,0,0,0,0,0,0,18,18,0,0,0,0,1,0,0,255,255,1,0,0,0,0,0,0,0,normal
0,tcp,ftp_data,SF,7196,0,0,0,0,0,0,0,0,0,0,0,0,0,0,0,0,2,2,0,0,0,0,1,0,0,81,89,0.27,0.04,0.27,0.02,0,0,0.01,0,normal
0,udp,other,SF,147,0,0,0,0,0,0,0,0,0,0,0,0,0,0,0,0,3,1,0,0,0,0,0.33,0.67,0,255,1,0,0.61,0.97,0,0,0,0,0,normal
0,tcp,http,SF,359,1960,0,0,0,0,0,1,0,0,0,0,0,0,0,0,0,26,26,0,0,0,0,1,0,0,255,255,1,0,0,0,0,0,0,0,normal
0,tcp,smtp,SF,1153,335,0,0,0,0,0,1,0,0,0,0,0,0,0,0,0,1,1,0,0,0,0,1,0,0,87,170,0.61,0.05,0.01,0.01,0,0.01,0,0,normal
0,udp,domain_u,SF,76,45,0,0,0,0,0,0,0,0,0,0,0,0,0,0,0,135,135,0,0,0,0,1,0,0,255,166,0.65,0.01,0.28,0,0,0,0,0,normal
0,icmp,urh_i,SF,36,0,0,0,0,0,0,0,0,0,0,0,0,0,0,0,0,2,1,0,0,0,0,0.5,1,0,195,81,0.25,0.04,0.25,0.02,0,0,0,0,normal
0,udp,domain_u,SF,39,99,0,0,0,0,0,0,0,0,0,0,0,0,0,0,0,1,1,0,0,0,0,1,0,0,58,201,1,0,1,0.01,0,0,0,0,normal
0,tcp,ftp_data,SF,5319,0,0,0,0,0,0,1,0,0,0,0,0,0,0,0,0,4,4,0,0,0,0,1,0,0,10,10,1,0,1,0,0,0,0,0,normal
0,tcp,http,SF,329,3982,0,0,0,0,0,1,0,0,0,0,0,0,0,0,0,2,31,0,0,0,0,1,0,0.1,24,255,1,0,0.04,0.05,0,0,0,0,normal
0,udp,domain_u,SF,44,72,0,0,0,0,0,0,0,0,0,0,0,0,0,0,0,173,173,0,0,0,0,1,0,0,255,234,0.92,0.01,0,0,0,0,0,0,normal
1,tcp,smtp,SF,2844,367,0,0,0,0,0,1,0,0,0,0,0,0,0,0,0,1,1,0,0,0,0,1,0,0,255,169,0.66,0.01,0,0,0,0,0,0,normal
0,tcp,http,SF,288,401,0,0,0,0,0,1,0,0,0,0,0,0,0,0,0,3,32,0,0,0,0,1,0,0.09,248,255,1,0,0,0.01,0,0,0,0,normal
0,tcp,http,SF,415,704,0,0,0,0,0,1,0,0,0,0,0,0,0,0,0,1,2,0,0,0,0,1,0,1,255,255,1,0,0,0,0,0,0,0,normal
0,udp,domain_u,SF,45,45,0,0,0,0,0,0,0,0,0,0,0,0,0,0,0,6,15,0,0,0,0,1,0,0.13,39,37,0.95,0.05,0.05,0,0,0,0,0,normal
0,tcp,http,SF,333,5726,0,0,0,0,0,1,0,0,0,0,0,0,0,0,0,5,5,0,0,0,0,1,0,0,99,255,1,0,0.01,0.01,0,0,0,0,normal
0,udp,domain_u,SF,44,128,0,0,0,0,0,0,0,0,0,0,0,0,0,0,0,2,82,0,0,0,0,1,0,0.02,255,254,1,0.01,0,0,0,0,0,0,normal
0,udp,domain_u,SF,44,133,0,0,0,0,0,0,0,0,0,0,0,0,0,0,0,82,162,0,0,0,0,0.99,0.02,0.01,255,254,1,0.01,0,0,0,0,0,0,normal
0,tcp,http,SF,223,4739,0,0,0,0,0,1,0,0,0,0,0,0,0,0,0,14,14,0,0,0,0,1,0,0,39,255,1,0,0.03,0.06,0,0,0,0.01,normal
0,tcp,http,SF,300,1075,0,0,0,0,0,1,0,0,0,0,0,0,0,0,0,2,2,0,0,0,0,1,0,0,255,241,0.95,0.01,0,0,0,0,0,0,normal
0,tcp,http,SF,280,12913,0,0,0,0,0,1,0,0,0,0,0,0,0,0,0,2,3,0,0,0,0,1,0,0.67,35,255,1,0,0.03,0.07,0,0,0,0,normal
0,tcp,http,SF,333,2547,0,0,0,0,0,1,0,0,0,0,0,0,0,0,0,4,4,0,0,0,0,1,0,0,255,255,1,0,0,0,0,0,0,0,normal
0,tcp,http,SF,241,1035,0,0,0,0,0,1,0,0,0,0,0,0,0,0,0,6,19,0,0,0,0,1,0,0.21,185,255,1,0,0.01,0.01,0.01,0.01,0,0,normal
0,udp,domain_u,SF,43,43,0,0,0,0,0,0,0,0,0,0,0,0,0,0,0,186,186,0,0,0,0,1,0,0,255,255,1,0,0,0,0,0,0,0,normal
0,udp,domain_u,SF,46,127,0,0,0,0,0,0,0,0,0,0,0,0,0,0,0,76,156,0,0,0,0,1,0,0.01,255,253,0.99,0.01,0,0,0,0,0,0,normal
0,tcp,http,SF,347,298,0,0,0,0,0,1,0,0,0,0,0,0,0,0,0,12,33,0,0,0,0,1,0,0.06,255,255,1,0,0,0,0,0,0,0,normal
1,tcp,smtp,SF,1161,329,0,0,0,0,0,1,0,0,0,0,0,0,0,0,0,1,3,0,0,0,0,1,0,1,83,181,0.41,0.04,0.01,0.02,0.01,0,0,0,normal
0,tcp,http,SF,240,1475,0,0,0,0,0,1,0,0,0,0,0,0,0,0,0,12,12,0,0,0,0,1,0,0,255,255,1,0,0,0,0,0,0,0,normal
0,tcp,smtp,SF,2524,332,0,0,0,0,0,1,0,0,0,0,0,0,0,0,0,1,2,0,0,0,0,1,0,1,132,121,0.5,0.05,0.01,0.02,0,0,0,0,normal
0,tcp,http,SF,229,770,0,0,0,0,0,1,0,0,0,0,0,0,0,0,0,10,14,0,0,0,0,1,0,0.14,255,255,1,0,0,0,0,0,0,0,normal
0,tcp,ftp_data,SF,4892,0,0,0,0,0,0,0,0,0,0,0,0,0,0,0,0,18,18,0,0,0,0,1,0,0,156,48,0.31,0.04,0.31,0,0,0,0,0,normal
0,tcp,http,SF,212,2739,0,0,0,0,0,1,0,0,0,0,0,0,0,0,0,17,18,0,0,0,0,1,0,0.11,18,255,1,0,0.06,0.04,0,0,0,0,normal
0,udp,domain_u,SF,46,138,0,0,0,0,0,0,0,0,0,0,0,0,0,0,0,316,316,0,0,0,0,1,0,0,255,251,0.98,0.01,0,0,0,0,0,0,normal
0,tcp,http,SF,212,2809,0,0,0,0,0,1,0,0,0,0,0,0,0,0,0,3,7,0,0,0,0,1,0,0.29,74,255,1,0,0.01,0.02,0,0,0,0,normal
0,udp,domain_u,SF,44,44,0,0,0,0,0,0,0,0,0,0,0,0,0,0,0,146,228,0,0,0,0,1,0,0.02,255,255,1,0,0.01,0,0,0,0,0,normal
0,tcp,ftp_data,SF,245,0,0,0,0,0,0,0,0,0,0,0,0,0,0,0,0,1,1,0,0,0,0,1,0,0,73,49,0.03,0.08,0.03,0.04,0,0,0,0,normal
0,udp,domain_u,SF,45,123,0,0,0,0,0,0,0,0,0,0,0,0,0,0,0,20,41,0,0,0,0,1,0,0.05,255,255,1,0,0,0,0,0,0,0,normal
0,tcp,smtp,SF,1154,370,0,0,0,0,0,1,0,0,0,0,0,0,0,0,0,1,2,0,0,0,0,1,0,1,172,160,0.63,0.02,0.01,0.01,0,0,0,0,normal
0,tcp,http,SF,216,280,0,0,0,0,0,1,0,0,0,0,0,0,0,0,0,6,12,0,0,0,0,1,0,0.17,255,255,1,0,0,0,0,0,0,0,normal
0,tcp,http,SF,331,868,0,0,0,0,0,1,0,0,0,0,0,0,0,0,0,41,41,0,0,0,0,1,0,0,255,255,1,0,0,0,0.01,0.01,0,0,normal
0,tcp,http,SF,299,1107,0,0,0,0,0,1,0,0,0,0,0,0,0,0,0,28,28,0,0,0,0,1,0,0,28,255,1,0,0.04,0.07,0,0,0,0,normal
0,tcp,http,SF,235,1840,0,0,0,0,0,1,0,0,0,0,0,0,0,0,0,2,2,0,0,0,0,1,0,0,255,255,1,0,0,0,0,0,0,0,normal
13,tcp,smtp,SF,954,328,0,0,0,0,0,1,0,0,0,0,0,0,0,0,0,1,2,0,0,0,0,1,0,1,40,28,0.7,0.05,0.03,0,0,0,0,0,normal
0,tcp,IRC,SF,66,18,0,0,0,0,0,0,0,0,0,0,0,0,0,0,0,1,1,0,0,0,0,1,0,0,48,11,0.23,0.04,0.02,0,0,0,0.15,0.64,normal
0,tcp,http,SF,228,990,0,0,0,0,0,1,0,0,0,0,0,0,0,0,0,32,34,0,0,0,0,1,0,0.06,74,255,1,0,0.01,0.02,0,0,0,0,normal
0,tcp,smtp,SF,3446,328,0,0,0,0,0,1,0,0,0,0,0,0,0,0,0,1,1,0,0,0,0,1,0,0,255,149,0.58,0.03,0,0,0,0.01,0,0,normal
0,tcp,http,SF,203,983,0,0,0,0,0,1,0,0,0,0,0,0,0,0,0,17,21,0,0,0,0,1,0,0.14,183,255,1,0,0.01,0.01,0,0,0.01,0,normal
0,udp,domain_u,SF,44,76,0,0,0,0,0,0,0,0,0,0,0,0,0,0,0,170,170,0,0,0,0,1,0,0,255,255,1,0,0.01,0,0,0,0,0,normal
0,tcp,smtp,SF,1024,331,0,0,0,0,0,1,0,0,0,0,0,0,0,0,0,1,1,0,0,0,0,1,0,0,135,111,0.51,0.04,0.01,0.02,0,0,0,0,normal
0,udp,other,SF,516,4,0,0,0,0,0,0,0,0,0,0,0,0,0,0,0,174,174,0,0,0,0,1,0,0,174,174,1,0,1,0,0,0,0,0,normal
0,tcp,http,SF,367,3200,0,0,0,0,0,1,0,0,0,0,0,0,0,0,0,8,14,0,0,0,0,1,0,0.29,169,255,1,0,0.01,0.02,0.01,0,0,0,normal
0,tcp,http,SF,221,398,0,0,0,0,0,1,0,0,0,0,0,0,0,0,0,1,1,0,0,0,0,1,0,0,40,255,1,0,0.03,0.05,0.03,0.01,0,0,normal
1,tcp,smtp,SF,1384,362,0,0,0,0,0,1,0,0,0,0,0,0,0,0,0,1,3,0,0,0,0,1,0,1,242,161,0.62,0.03,0,0.01,0,0,0,0,normal
0,tcp,http,SF,228,1305,0,0,0,0,0,1,0,0,0,0,0,0,0,0,0,8,8,0,0,0,0,1,0,0,8,255,1,0,0.12,0.05,0,0,0,0,normal
0,tcp,http,SF,277,1925,0,0,0,0,0,1,0,0,0,0,0,0,0,0,0,17,21,0,0,0,0,1,0,0.1,255,255,1,0,0,0,0,0,0,0,normal
0,tcp,http,SF,308,774,0,0,0,0,0,1,0,0,0,0,0,0,0,0,0,12,72,0,0,0,0,1,0,0.04,119,255,1,0,0.01,0.01,0,0,0,0,normal
0,tcp,http,SF,231,1225,0,0,0,0,0,1,0,0,0,0,0,0,0,0,0,1,1,0,0,0,0,1,0,0,176,255,1,0,0.01,0.01,0.01,0,0,0,normal
0,icmp,ecr_i,SF,30,0,0,0,0,0,0,0,0,0,0,0,0,0,0,0,0,2,2,0,0,0,0,1,0,0,48,48,1,0,1,0,0,0,0,0,normal
0,tcp,http,SF,257,1065,0,0,0,0,0,1,0,0,0,0,0,0,0,0,0,28,110,0,0,0,0,1,0,0.12,255,255,1,0,0,0,0,0,0,0,normal
0,tcp,http,SF,334,2783,0,0,0,0,0,1,0,0,0,0,0,0,0,0,0,1,2,0,0,0,0,1,0,1,5,255,1,0,0.2,0.03,0,0,0,0,normal
0,udp,private,SF,105,145,0,0,0,0,0,0,0,0,0,0,0,0,0,0,0,2,1,0,0,0,0,0.5,1,0,255,245,0.96,0.01,0,0,0,0,0,0,normal
0,tcp,ftp_data,SF,4539,0,0,0,0,0,0,0,0,0,0,0,0,0,0,0,0,20,20,0,0,0,0,1,0,0,217,62,0.29,0.02,0.29,0,0,0,0,0,normal
0,tcp,http,SF,249,976,0,0,0,0,0,1,0,0,0,0,0,0,0,0,0,19,22,0,0,0,0,1,0,0.18,255,255,1,0,0,0,0,0,0,0,normal
27,tcp,ftp,SF,1524,4152,0,0,0,30,0,1,0,0,0,0,0,0,0,0,1,1,1,0,0,0,0,1,0,0,75,5,0.05,0.95,0.01,0.4,0,0,0.87,0.4,normal
0,tcp,http,SF,241,429,0,0,0,0,0,1,0,0,0,0,0,0,0,0,0,5,5,0,0,0,0,1,0,0,54,255,1,0,0.02,0.05,0,0,0,0,normal
0,tcp,http,SF,204,2494,0,0,0,0,0,1,0,0,0,0,0,0,0,0,0,14,14,0,0,0,0,1,0,0,35,255,1,0,0.03,0.07,0,0,0,0.03,normal
0,tcp,smtp,SF,1133,329,0,0,0,0,0,1,0,0,0,0,0,0,0,0,0,1,1,0,0,0,0,1,0,0,155,157,0.65,0.03,0.01,0.01,0,0,0,0,normal
0,tcp,http,SF,193,2833,0,0,0,0,0,1,0,0,0,0,0,0,0,0,0,9,9,0,0,0,0,1,0,0,13,255,1,0,0.08,0.02,0,0,0,0,normal
0,tcp,http,SF,234,7203,0,0,0,0,0,1,0,0,0,0,0,0,0,0,0,1,1,0,0,0,0,1,0,0,34,255,1,0,0.03,0.04,0,0,0,0,normal
0,tcp,smtp,SF,2612,331,0,0,0,0,0,1,0,0,0,0,0,0,0,0,0,1,1,0,0,0,0,1,0,0,255,154,0.6,0.01,0,0,0,0,0,0,normal
0,tcp,http,SF,306,1104,0,0,0,0,0,1,0,0,0,0,0,0,0,0,0,11,12,0,0,0,0,1,0,0.17,11,255,1,0,0.09,0.04,0,0,0,0,normal
0,tcp,http,SF,363,492,0,0,0,0,0,1,0,0,0,0,0,0,0,0,0,3,10,0,0,0,0,1,0,0.4,255,255,1,0,0,0,0,0,0,0,normal
0,tcp,http,SF,208,1204,0,0,0,0,0,1,0,0,0,0,0,0,0,0,0,5,5,0,0,0,0,1,0,0,33,255,1,0,0.03,0.02,0,0,0,0,normal
29,tcp,ftp,SF,1458,4152,0,0,0,30,0,1,0,0,0,0,0,0,0,0,1,1,1,0,0,0,0,1,0,0,144,40,0.28,0.04,0.01,0,0,0,0,0,normal
0,tcp,http,SF,229,2090,0,0,0,0,0,1,0,0,0,0,0,0,0,0,0,11,28,0,0,0,0,1,0,0.07,255,255,1,0,0,0,0,0,0,0,normal
0,tcp,ftp_data,SF,1214,0,0,0,0,0,0,1,0,0,0,0,0,0,0,0,0,15,15,0,0,0,0,1,0,0,173,106,0.31,0.02,0.31,0.02,0,0,0,0,normal
0,udp,domain_u,SF,31,0,0,0,0,0,0,0,0,0,0,0,0,0,0,0,0,1,2,0,0,0,0,1,0,1,44,27,0.18,0.09,0.18,0.07,0,0,0,0,normal
9,tcp,smtp,SF,1686,488,0,0,0,0,0,1,0,0,0,0,0,0,0,0,0,1,1,0,0,0,0,1,0,0,255,45,0.18,0.02,0,0,0.74,0,0,0,normal
0,tcp,http,SF,180,2401,0,0,0,0,0,1,0,0,0,0,0,0,0,0,0,4,4,0,0,0,0,1,0,0,24,34,1,0,0.04,0.06,0,0,0,0,normal
0,udp,domain_u,SF,45,147,0,0,0,0,0,0,0,0,0,0,0,0,0,0,0,119,198,0,0,0,0,1,0,0.01,255,255,1,0,0,0,0,0,0,0,normal
0,tcp,http,SF,213,13357,0,0,0,0,0,1,0,0,0,0,0,0,0,0,0,1,3,0,0,0,0,1,0,1,24,255,1,0,0.04,0.06,0,0,0,0,normal
0,tcp,smtp,SF,787,332,0,0,0,0,0,1,0,0,0,0,0,0,0,0,0,1,1,0,0,0,0,1,0,0,51,167,0.65,0.08,0.02,0.01,0,0,0,0,normal
28,tcp,ftp,SF,855,2586,0,0,0,17,0,1,0,0,0,0,0,0,0,0,1,1,1,0,0,0,0,1,0,0,8,8,1,0,0.12,0,0,0,0,0,normal
0,udp,ntp_u,SF,48,48,0,0,0,0,0,0,0,0,0,0,0,0,0,0,0,3,1,0,0,0,0,0.33,0.67,0,116,72,0.62,0.02,0.62,0,0,0,0,0,normal
0,tcp,http,SF,255,1249,0,0,0,0,0,1,0,0,0,0,0,0,0,0,0,3,6,0,0,0,0,1,0,0.33,42,255,1,0,0.02,0.02,0,0,0,0,normal
0,tcp,http,SF,242,971,0,0,0,0,0,1,0,0,0,0,0,0,0,0,0,1,1,0,0,0,0,1,0,0,255,246,0.96,0.01,0,0,0,0,0,0,normal
0,tcp,http,SF,283,170,0,0,0,0,0,1,0,0,0,0,0,0,0,0,0,18,18,0,0,0,0,1,0,0,50,255,1,0,0.02,0.04,0,0,0,0,normal
0,tcp,http,SF,227,484,0,0,0,0,0,1,0,0,0,0,0,0,0,0,0,6,6,0,0,0,0,1,0,0,72,255,1,0,0.01,0.02,0.01,0,0,0,normal
0,tcp,http,SF,195,1042,0,0,0,0,0,1,0,0,0,0,0,0,0,0,0,5,9,0,0,0,0,1,0,0.22,255,255,1,0,0,0,0,0,0,0,normal
0,tcp,http,SF,331,3541,0,0,0,0,0,1,0,0,0,0,0,0,0,0,0,15,17,0,0,0,0,1,0,0.12,81,255,1,0,0.01,0.04,0,0.01,0,0,normal
0,tcp,pop_3,SF,35,130,0,0,0,0,0,1,0,0,0,0,0,0,0,0,0,1,1,0,0,0,0,1,0,0,255,5,0.02,0.03,0,0,0,0,0,0,normal
0,tcp,http,SF,250,1832,0,0,0,0,0,1,0,0,0,0,0,0,0,0,0,13,13,0,0,0,0,1,0,0,76,255,1,0,0.01,0.01,0,0,0,0,normal
1464,udp,other,SF,147,105,0,0,0,0,0,0,0,0,0,0,0,0,0,0,0,7,1,0,0,0,0,0.14,0.57,0,255,3,0.01,0.5,0.82,0,0,0,0,0,normal
0,tcp,http,SF,167,657,0,0,0,0,0,1,0,0,0,0,0,0,0,0,0,1,6,0,0,0,0,1,0,0.33,5,255,1,0,0.2,0.07,0,0,0,0,normal
5042,tcp,ftp_data,SF,0,5129964,0,0,0,0,0,0,0,0,0,0,0,0,0,0,0,1,1,0,0,0,0,1,0,0,255,64,0.25,0.02,0,0,0.72,0.83,0,0,normal
0,tcp,http,SF,234,193,0,0,0,0,0,1,0,0,0,0,0,0,0,0,0,1,1,0,0,0,0,1,0,0,6,255,1,0,0.17,0.04,0,0,0,0,normal
0,tcp,http,SF,235,654,0,0,0,0,0,1,0,0,0,0,0,0,0,0,0,9,9,0,0,0,0,1,0,0,255,255,1,0,0,0,0,0,0,0,normal
0,tcp,http,SF,215,2288,0,0,0,0,0,1,0,0,0,0,0,0,0,0,0,6,6,0,0,0,0,1,0,0,42,176,1,0,0.02,0.06,0,0,0,0,normal
0,tcp,ftp_data,SF,71,0,0,0,0,0,0,1,0,0,0,0,0,0,0,0,0,1,1,0,0,0,0,1,0,0,60,82,0.02,0.07,0.02,0.02,0,0,0,0,normal
0,tcp,http,SF,306,560,0,0,0,0,0,1,0,0,0,0,0,0,0,0,0,4,4,0.25,0.25,0,0,1,0,0,106,165,1,0,0.01,0.02,0.01,0.01,0,0,normal
0,tcp,http,SF,247,2431,0,0,0,0,0,1,0,0,0,0,0,0,0,0,0,8,9,0,0,0,0,1,0,0.22,255,255,1,0,0,0,0,0,0,0,normal
0,udp,domain_u,SF,45,140,0,0,0,0,0,0,0,0,0,0,0,0,0,0,0,123,123,0,0,0,0,1,0,0,255,254,1,0.01,0,0,0,0,0,0,normal
0,tcp,http,SF,196,3282,0,0,0,0,0,1,0,0,0,0,0,0,0,0,0,8,9,0,0,0,0,1,0,0.22,255,255,1,0,0,0,0,0,0,0,normal
0,udp,domain_u,SF,34,0,0,0,0,0,0,0,0,0,0,0,0,0,0,0,0,2,4,0,0,0,0,1,0,0.5,162,18,0.11,0.04,0.11,0,0,0,0,0,normal
0,tcp,http,SF,334,1694,0,0,0,0,0,1,0,0,0,0,0,0,0,0,0,12,12,0,0,0,0,1,0,0,255,255,1,0,0,0,0.01,0.01,0,0,normal
0,tcp,http,SF,313,1292,0,0,0,0,0,1,0,0,0,0,0,0,0,0,0,7,9,0,0,0,0,1,0,0.22,64,255,1,0,0.02,0.05,0,0,0,0,normal
1990,udp,other,SF,147,105,0,0,0,0,0,0,0,0,0,0,0,0,0,0,0,2,2,0,0,0,0,1,0,0,255,2,0.01,0.85,1,0,0,0,0,0,normal
0,tcp,http,REJ,0,0,0,0,0,0,0,0,0,0,0,0,0,0,0,0,0,1,1,0,0,1,1,1,0,0,6,255,1,0,0.17,0.14,0,0,1,0.99,normal
0,udp,domain_u,SF,46,46,0,0,0,0,0,0,0,0,0,0,0,0,0,0,0,102,182,0,0,0,0,1,0,0.01,255,254,1,0.01,0.01,0,0,0,0,0,normal
0,tcp,http,SF,309,390,0,0,0,0,0,1,0,0,0,0,0,0,0,0,0,1,2,0,0,0,0,1,0,1,7,255,1,0,0.14,0.04,0,0,0,0,normal
0,udp,domain_u,SF,36,0,0,0,0,0,0,0,0,0,0,0,0,0,0,0,0,2,4,0,0,0,0,1,0,0.75,67,171,1,0,1,0.01,0,0,0,0,normal
0,udp,private,SF,105,145,0,0,0,0,0,0,0,0,0,0,0,0,0,0,0,4,1,0,0,0,0,0.25,0.5,0,255,151,0.59,0.01,0,0,0,0,0,0,normal
0,udp,domain_u,SF,45,72,0,0,0,0,0,0,0,0,0,0,0,0,0,0,0,220,220,0,0,0,0,1,0,0,255,255,1,0,0.01,0,0,0,0,0,normal
0,udp,domain_u,SF,42,73,0,0,0,0,0,0,0,0,0,0,0,0,0,0,0,143,146,0,0,0,0,1,0,0.02,255,226,0.89,0.01,0,0,0,0,0,0,normal
0,udp,domain_u,SF,43,135,0,0,0,0,0,0,0,0,0,0,0,0,0,0,0,95,161,0,0,0,0,1,0,0.01,255,255,1,0,0,0,0,0,0,0,normal
17833,tcp,telnet,SF,5167,65909,0,0,0,0,0,1,0,0,0,0,1,0,0,0,0,2,1,0,0,0,0,0.5,1,0,255,51,0.2,0.02,0,0,0.64,0.78,0,0,normal
0,tcp,http,SF,241,1556,0,0,0,0,0,1,0,0,0,0,0,0,0,0,0,4,4,0,0,0,0,1,0,0,34,255,1,0,0.03,0.04,0,0,0,0,normal
0,tcp,http,SF,198,810,0,0,0,0,0,1,0,0,0,0,0,0,0,0,0,31,31,0,0,0,0,1,0,0,255,255,1,0,0,0,0,0,0,0,normal
0,tcp,http,SF,287,2537,0,0,0,0,0,1,0,0,0,0,0,0,0,0,0,7,12,0,0,0,0,1,0,0.17,255,255,1,0,0,0,0,0,0,0,normal
0,tcp,http,SF,335,580,0,0,0,0,0,1,0,0,0,0,0,0,0,0,0,3,23,0,0,0,0,1,0,0.26,82,255,1,0,0.01,0.04,0,0,0,0,normal
0,tcp,http,SF,218,302,0,0,0,0,0,1,0,0,0,0,0,0,0,0,0,17,17,0,0,0,0,1,0,0,39,255,1,0,0.03,0.03,0,0,0,0,normal
0,tcp,http,SF,247,1910,0,0,0,0,0,1,0,0,0,0,0,0,0,0,0,10,10,0,0,0,0,1,0,0,255,255,1,0,0,0,0,0,0,0,normal
0,udp,domain_u,SF,45,70,0,0,0,0,0,0,0,0,0,0,0,0,0,0,0,156,156,0,0,0,0,1,0,0,255,254,1,0.01,0,0,0,0,0,0,normal
0,tcp,http,SF,244,7207,0,0,0,0,0,1,0,0,0,0,0,0,0,0,0,5,5,0,0,0,0,1,0,0,255,255,1,0,0,0,0,0,0,0,normal
0,tcp,http,SF,215,288,0,0,0,0,0,1,0,0,0,0,0,0,0,0,0,39,39,0,0,0,0,1,0,0,255,255,1,0,0,0,0,0,0,0,normal
0,tcp,http,SF,281,1745,0,0,0,0,0,1,0,0,0,0,0,0,0,0,0,2,2,0,0,0,0,1,0,0,39,255,1,0,0.03,0.07,0,0,0,0,normal
0,tcp,smtp,SF,853,278,0,0,0,0,0,1,0,0,0,0,0,0,0,0,0,1,1,0,0,0,0,1,0,0,147,197,0.75,0.03,0.01,0.01,0,0,0,0,normal
0,tcp,http,SF,195,319,0,0,0,0,0,1,0,0,0,0,0,0,0,0,0,16,16,0,0,0,0,1,0,0,72,255,1,0,0.01,0.02,0,0,0,0,normal
0,tcp,http,SF,212,882,0,0,0,0,0,1,0,0,0,0,0,0,0,0,0,19,21,0,0,0,0,1,0,0.1,255,255,1,0,0,0,0,0,0,0,normal
0,udp,private,SF,105,145,0,0,0,0,0,0,0,0,0,0,0,0,0,0,0,7,1,0,0,0,0,0.14,0.29,0,255,222,0.87,0.01,0.01,0,0,0,0,0,normal
0,tcp,http,SF,231,2507,0,0,0,0,0,1,0,0,0,0,0,0,0,0,0,5,5,0,0,0,0,1,0,0,255,244,0.96,0.02,0,0,0,0,0,0,normal
0,tcp,http,SF,315,347,0,0,0,0,0,1,0,0,0,0,0,0,0,0,0,31,31,0,0,0,0,1,0,0,255,255,1,0,0,0,0,0,0,0,normal
0,tcp,http,REJ,0,0,0,0,0,0,0,0,0,0,0,0,0,0,0,0,0,1,1,0,0,1,1,1,0,0,19,101,1,0,0.05,0.03,0,0,1,1,normal
0,tcp,http,SF,302,18308,0,0,0,0,0,1,0,0,0,0,0,0,0,0,0,2,2,0,0,0,0,1,0,0,127,255,1,0,0.01,0.01,0,0,0,0,normal
0,tcp,http,SF,334,743,0,0,0,0,0,1,0,0,0,0,0,0,0,0,0,21,21,0,0,0,0,1,0,0,45,255,1,0,0.02,0.06,0,0,0,0,normal
0,tcp,http,SF,301,1075,0,0,0,0,0,1,0,0,0,0,0,0,0,0,0,3,5,0,0,0,0,1,0,0.4,255,249,0.98,0.01,0,0,0,0,0,0,normal
0,tcp,http,SF,275,313,0,0,0,0,0,1,0,0,0,0,0,0,0,0,0,9,13,0,0,0,0,1,0,0.15,255,255,1,0,0,0,0,0,0,0,normal
0,tcp,http,SF,219,3846,0,0,0,0,0,1,0,0,0,0,0,0,0,0,0,13,14,0,0,0,0,1,0,0.14,90,255,1,0,0.01,0.01,0,0,0,0,normal
0,tcp,http,SF,200,267,0,0,0,0,0,1,0,0,0,0,0,0,0,0,0,5,5,0,0,0,0,1,0,0,59,255,1,0,0.02,0.02,0.02,0,0,0,normal
0,tcp,smtp,SF,1136,340,0,0,0,0,0,1,0,0,0,0,0,0,0,0,0,1,1,0,0,0,0,1,0,0,157,180,0.64,0.03,0.01,0.01,0,0,0,0,normal
0,icmp,urp_i,SF,78,0,0,0,0,0,0,0,0,0,0,0,0,0,0,0,0,9,1,0,0,0,0,0.11,0.22,0,255,16,0.06,0.01,0.06,0,0,0,0,0,normal
0,udp,domain_u,SF,42,132,0,0,0,0,0,0,0,0,0,0,0,0,0,0,0,80,158,0,0,0,0,1,0,0.01,255,198,0.78,0.02,0,0,0,0,0,0,normal
0,tcp,http,SF,288,1279,0,0,0,0,0,1,0,0,0,0,0,0,0,0,0,21,28,0,0,0,0,1,0,0.07,21,255,1,0,0.05,0.01,0,0,0,0,normal
0,udp,domain_u,SF,44,44,0,0,0,0,0,0,0,0,0,0,0,0,0,0,0,114,194,0,0,0,0,1,0,0.01,255,255,1,0,0.01,0,0,0,0,0,normal
13,tcp,smtp,SF,991,330,0,0,0,0,0,1,0,0,0,0,0,0,0,0,0,1,1,0,0,0,0,1,0,0,201,149,0.74,0.01,0,0,0,0,0,0,normal
0,tcp,http,SF,218,281,0,0,0,0,0,1,0,0,0,0,0,0,0,0,0,2,3,0,0,0,0,1,0,0.67,53,255,1,0,0.02,0.04,0,0,0,0,normal
0,icmp,urp_i,SF,181,0,0,0,0,0,0,0,0,0,0,0,0,0,0,0,0,2,1,0,0,0,0,0.5,1,0,255,115,0.45,0.01,0.57,0,0,0,0,0,normal
0,tcp,http,SF,172,2595,0,0,0,0,0,1,0,0,0,0,0,0,0,0,0,1,1,0,0,0,0,1,0,0,31,255,1,0,0.03,0.02,0,0,0,0,normal
0,tcp,http,SF,223,347,0,0,0,0,0,1,0,0,0,0,0,0,0,0,0,12,12,0,0,0,0,1,0,0,76,255,1,0,0.01,0.02,0,0,0,0,normal
0,tcp,http,REJ,0,0,0,0,0,0,0,0,0,0,0,0,0,0,0,0,0,1,1,0,0,1,1,1,0,0,5,255,1,0,0.2,0.21,0,0,1,1,normal
0,tcp,http,SF,316,473,0,0,0,0,0,1,0,0,0,0,0,0,0,0,0,1,27,0,0,0,0,1,0,0.11,255,255,1,0,0,0,0,0,0,0,normal
27,tcp,ftp,SF,1511,4152,0,0,0,30,0,1,0,0,0,0,0,0,0,0,1,1,1,0,0,0,0,1,0,0,116,51,0.44,0.05,0.01,0,0,0,0,0,normal
232,tcp,telnet,SF,205,6096,0,0,0,0,0,1,2,0,0,0,0,0,0,0,0,1,1,0,0,0,0,1,0,0,255,26,0.1,0.05,0,0,0.51,0,0.02,0.15,normal
1,tcp,smtp,SF,3346,374,0,0,0,0,0,1,0,0,0,0,0,0,0,0,0,1,2,0,0,0,0,1,0,1,21,175,0.86,0.14,0.05,0.01,0,0.01,0,0,normal
0,tcp,http,SF,190,1227,0,0,0,0,0,1,0,0,0,0,0,0,0,0,0,39,57,0,0,0,0,1,0,0.07,220,255,1,0,0,0.02,0,0,0,0,normal
0,tcp,http,S2,256,15968,0,0,0,0,0,1,0,0,0,0,0,0,0,0,0,1,24,1,0.04,0,0,1,0,0.08,179,255,1,0,0.01,0.01,0.01,0,0.01,0,normal
0,tcp,http,SF,273,5189,0,0,0,0,0,1,0,0,0,0,0,0,0,0,0,1,1,0,0,0,0,1,0,0,40,255,1,0,0.03,0.04,0.03,0,0.15,0.04,normal
0,tcp,http,SF,307,5669,0,0,0,0,0,1,0,0,0,0,0,0,0,0,0,4,4,0,0,0,0,1,0,0,30,255,1,0,0.03,0.01,0,0,0.13,0.02,normal
0,tcp,http,SF,330,2445,0,0,0,0,0,1,0,0,0,0,0,0,0,0,0,2,4,0,0,0,0,1,0,0.5,177,255,1,0,0.01,0.02,0.01,0,0,0,normal
0,udp,domain_u,SF,43,43,0,0,0,0,0,0,0,0,0,0,0,0,0,0,0,2,5,0,0,0,0,1,0,0.6,255,253,0.99,0.01,0,0,0,0,0,0,normal
1,tcp,smtp,SF,1714,376,0,0,0,0,0,1,0,0,0,0,0,0,0,0,0,1,1,0,0,0,0,1,0,0,115,207,0.96,0.02,0.01,0.01,0,0,0,0,normal
0,tcp,ftp_data,SF,3775,0,0,0,0,0,0,1,0,0,0,0,0,0,0,0,0,20,20,0,0,0,0,1,0,0,167,130,0.55,0.02,0.55,0.02,0,0,0,0,normal
0,tcp,http,SF,310,3222,0,0,0,0,0,1,0,0,0,0,0,0,0,0,0,2,27,0,0,0,0,1,0,0.15,255,254,1,0.01,0,0,0,0,0,0,normal
0,tcp,smtp,SF,2194,337,0,0,0,0,0,1,0,0,0,0,0,0,0,0,0,1,3,0,0,0,0,1,0,1,123,157,0.88,0.05,0.01,0.01,0,0,0,0,normal
0,tcp,smtp,SF,1194,391,0,0,0,0,0,1,0,0,0,0,0,0,0,0,0,1,1,0,0,0,0,1,0,0,255,87,0.34,0.05,0,0,0.4,0,0.05,0.02,normal
0,tcp,http,SF,143,9598,0,0,0,0,0,1,0,0,0,0,0,0,0,0,0,1,1,0,0,0,0,1,0,0,87,255,1,0,0.01,0.01,0.01,0,0,0,normal
0,udp,domain_u,SF,46,72,0,0,0,0,0,0,0,0,0,0,0,0,0,0,0,184,184,0,0,0,0,1,0,0,255,255,1,0,0.01,0,0,0,0,0,normal
0,tcp,http,REJ,0,0,0,0,0,0,0,0,0,0,0,0,0,0,0,0,0,1,1,0,0,1,1,1,0,0,3,211,1,0,0.33,0.19,0,0,1,0.98,normal
0,tcp,ftp_data,SF,12165,0,0,0,0,0,0,1,0,0,0,0,0,0,0,0,0,1,2,0,0,0,0,1,0,1,13,79,0.62,0.15,0.62,0.03,0,0.01,0,0,normal
0,tcp,http,SF,247,9324,0,0,0,0,0,1,0,0,0,0,0,0,0,0,0,4,5,0,0,0,0,1,0,0.4,13,23,1,0,0.08,0.17,0,0,0,0,normal
0,tcp,http,SF,185,7129,0,0,0,0,0,1,0,0,0,0,0,0,0,0,0,4,4,0,0,0,0,1,0,0,255,246,0.96,0.01,0,0,0,0,0,0,normal
0,udp,domain_u,SF,46,75,0,0,0,0,0,0,0,0,0,0,0,0,0,0,0,214,213,0,0,0,0,1,0.01,0,255,254,1,0.01,0.01,0,0,0,0,0,normal
0,udp,private,SF,105,146,0,0,0,0,0,0,0,0,0,0,0,0,0,0,0,3,1,0,0,0,0,0.33,0.67,0,255,231,0.91,0.01,0,0,0,0,0,0,normal
0,tcp,smtp,SF,2099,368,0,0,0,0,0,1,0,0,0,0,0,0,0,0,0,1,1,0,0,0,0,1,0,0,200,117,0.43,0.03,0,0.02,0,0,0,0,normal
0,tcp,http,SF,334,280,0,0,0,0,0,1,0,0,0,0,0,0,0,0,0,10,10,0,0,0,0,1,0,0,255,255,1,0,0,0,0,0,0,0,normal
0,tcp,smtp,SF,667,332,0,0,0,0,0,1,0,0,0,0,0,0,0,0,0,1,4,0,0,0,0,1,0,0.75,122,104,0.43,0.05,0.01,0.02,0.01,0.01,0.01,0,normal
8,tcp,smtp,SF,525,335,0,0,0,0,0,1,0,0,0,0,0,0,0,0,0,1,2,0,0,0,0,1,0,1,67,178,0.99,0.03,0.01,0.01,0,0,0,0,normal
0,tcp,smtp,SF,1065,328,0,0,0,0,0,1,0,0,0,0,0,0,0,0,0,1,8,0,0.88,0,0,1,0,0.25,182,129,0.53,0.03,0.01,0.02,0,0,0.04,0.02,normal
0,udp,domain_u,SF,44,71,0,0,0,0,0,0,0,0,0,0,0,0,0,0,0,136,136,0,0,0,0,1,0,0,255,254,1,0.01,0,0,0,0,0,0,normal
0,tcp,smtp,SF,1052,284,0,0,0,0,0,1,0,0,0,0,0,0,0,0,0,1,1,0,0,0,0,1,0,0,127,174,0.66,0.04,0.01,0.01,0,0,0,0,normal
667,tcp,X11,SF,486700,231624,0,0,0,0,0,1,0,0,0,0,0,0,0,0,0,2,2,0,0,0,0,1,0,0,4,4,1,0,0.25,0,0,0,0.25,0.25,normal
0,udp,domain_u,SF,43,74,0,0,0,0,0,0,0,0,0,0,0,0,0,0,0,310,310,0,0,0,0,1,0,0,255,254,1,0.01,0,0,0,0,0,0,normal
0,tcp,http,SF,313,406,0,0,0,0,0,1,0,0,0,0,0,0,0,0,0,2,2,0,0,0,0,1,0,0,156,253,1,0,0.01,0.06,0,0,0.45,0.66,normal
0,tcp,http,SF,235,128,0,0,0,0,0,1,0,0,0,0,0,0,0,0,0,25,26,0,0,0,0,1,0,0.08,116,255,1,0,0.01,0.02,0,0,0,0,normal
0,tcp,http,SF,160,10210,0,0,0,0,0,1,0,0,0,0,0,0,0,0,0,1,1,0,0,0,0,1,0,0,5,255,1,0,0.2,0.02,0,0,0,0,normal
21,tcp,ftp,SF,238,772,0,0,0,4,0,1,0,0,0,0,0,0,0,0,1,1,1,0,0,0,0,1,0,0,79,29,0.37,0.04,0.01,0,0,0,0,0,normal
0,tcp,http,SF,210,6746,0,0,0,0,0,1,0,0,0,0,0,0,0,0,0,7,7,0,0,0,0,1,0,0,7,255,1,0,0.14,0.02,0,0,0,0,normal
0,udp,domain_u,SF,42,125,0,0,0,0,0,0,0,0,0,0,0,0,0,0,0,77,157,0,0,0,0,1,0,0.01,255,254,1,0.01,0,0,0,0,0,0,normal
0,tcp,http,SF,352,13356,0,0,0,0,0,1,0,0,0,0,0,0,0,0,0,5,6,0,0,0,0,1,0,0.33,255,255,1,0,0,0,0,0,0,0,normal
1,tcp,smtp,SF,122,232,0,0,0,0,0,1,0,0,0,0,0,0,0,0,0,1,1,0,0,0,0,1,0,0,87,43,0.2,0.82,0.01,0.05,0.01,0.02,0.78,0.05,normal
0,tcp,http,SF,260,301,0,0,0,0,0,1,0,0,0,0,0,0,0,0,0,4,4,0,0,0,0,1,0,0,26,255,1,0,0.04,0.06,0,0,0,0,normal
210,udp,other,SF,147,105,0,0,0,0,0,0,0,0,0,0,0,0,0,0,0,1,1,0,0,0,0,1,0,0,255,1,0,0.84,1,0,0,0,0,0,normal
0,tcp,http,SF,358,11355,0,0,0,0,0,1,0,0,0,0,0,0,0,0,0,5,6,0,0,0,0,1,0,0.33,255,255,1,0,0,0,0,0,0,0,normal
0,tcp,smtp,SF,1020,333,0,0,0,0,0,1,0,0,0,0,0,0,0,0,0,1,2,0,0,0,0,1,0,1,92,151,0.53,0.07,0.01,0.02,0,0,0,0,normal
0,tcp,http,SF,220,695,0,0,0,0,0,1,0,0,0,0,0,0,0,0,0,6,6,0,0,0,0,1,0,0,255,255,1,0,0,0,0,0,0,0,normal
0,tcp,http,SF,199,19271,0,0,0,0,0,1,0,0,0,0,0,0,0,0,0,19,19,0,0,0,0,1,0,0,47,255,1,0,0.02,0.07,0,0,0,0,normal
0,tcp,http,SF,300,891,0,0,0,0,0,1,0,0,0,0,0,0,0,0,0,9,10,0,0,0,0,1,0,0.2,255,255,1,0,0,0,0,0,0,0,normal
15,tcp,smtp,SF,992,329,0,0,0,0,0,1,0,0,0,0,0,0,0,0,0,1,1,0,0,0,0,1,0,0,74,120,0.74,0.05,0.01,0.02,0,0,0,0,normal
0,tcp,http,SF,299,2282,0,0,0,0,0,1,0,0,0,0,0,0,0,0,0,6,6,0,0,0,0,1,0,0,24,255,1,0,0.04,0.09,0,0,0,0,normal
0,tcp,http,SF,250,1832,0,0,0,0,0,1,0,0,0,0,0,0,0,0,0,13,13,0,0,0,0,1,0,0,76,255,1,0,0.01,0.01,0,0,0,0,normal
0,tcp,http,SF,202,421,0,0,0,0,0,1,0,0,0,0,0,0,0,0,0,13,24,0,0,0,0,1,0,0.17,246,246,1,0,0,0,0,0,0,0,normal
0,tcp,http,SF,326,276,0,0,0,0,0,1,0,0,0,0,0,0,0,0,0,5,5,0,0,0,0,1,0,0,255,247,0.97,0.01,0,0,0,0,0.01,0.01,normal
0,tcp,http,SF,309,752,0,0,0,0,0,1,0,0,0,0,0,0,0,0,0,3,8,0,0,0,0,1,0,0.25,96,255,1,0,0.01,0.02,0,0,0,0,normal
0,tcp,http,SF,249,484,0,0,0,0,0,1,0,0,0,0,0,0,0,0,0,22,23,0,0,0,0,1,0,0.09,255,255,1,0,0,0,0,0,0,0,normal
0,udp,domain_u,SF,45,81,0,0,0,0,0,0,0,0,0,0,0,0,0,0,0,170,172,0,0,0,0,1,0,0.01,255,231,0.91,0.01,0,0,0,0,0,0,normal
0,tcp,http,SF,339,11763,0,0,0,0,0,1,0,0,0,0,0,0,0,0,0,15,16,0,0,0,0,1,0,0.12,255,255,1,0,0,0,0,0,0,0,normal
0,tcp,ftp_data,SF,71,0,0,0,0,0,0,0,0,0,0,0,0,0,0,0,0,2,1,0,0,0,0,0.5,1,0,255,5,0.02,0.98,0.02,0,0.97,0,0,0,normal
0,udp,domain_u,SF,45,115,0,0,0,0,0,0,0,0,0,0,0,0,0,0,0,1,2,0,0,0,0,1,0,1,222,202,0.91,0.01,0,0,0,0,0.03,0,normal
3,tcp,ftp_data,SF,2194619,0,0,0,0,0,0,1,0,0,0,0,0,0,0,0,0,2,2,0,0,0,0,1,0,0,206,104,0.3,0.01,0.3,0.02,0,0,0,0,normal
0,udp,domain_u,SF,45,126,0,0,0,0,0,0,0,0,0,0,0,0,0,0,0,42,122,0,0,0,0,1,0,0.02,255,254,1,0.01,0,0,0,0,0,0,normal
0,tcp,http,SF,212,2809,0,0,0,0,0,1,0,0,0,0,0,0,0,0,0,3,7,0,0,0,0,1,0,0.29,74,255,1,0,0.01,0.02,0,0,0,0,normal
0,tcp,http,SF,212,5723,0,0,0,0,0,1,0,0,0,0,0,0,0,0,0,11,11,0,0,0,0,1,0,0,11,255,1,0,0.09,0.04,0,0,0,0,normal
0,tcp,http,SF,315,347,0,0,0,0,0,1,0,0,0,0,0,0,0,0,0,31,31,0,0,0,0,1,0,0,255,255,1,0,0,0,0,0,0,0,normal
0,tcp,http,SF,218,390,0,0,0,0,0,1,0,0,0,0,0,0,0,0,0,5,5,0,0,0,0,1,0,0,84,255,1,0,0.01,0.01,0,0,0,0,normal
1,tcp,smtp,SF,2061,335,0,0,0,0,0,1,0,0,0,0,0,0,0,0,0,1,2,0,0,0,0,1,0,1,148,146,0.71,0.02,0.01,0.01,0,0,0,0,normal
0,icmp,urp_i,SF,78,0,0,0,0,0,0,0,0,0,0,0,0,0,0,0,0,12,3,0,0,0,0,0.25,0.17,0,255,9,0.04,0.01,0.04,0,0,0,0,0,normal
0,tcp,http,SF,339,454,0,0,0,0,0,1,0,0,0,0,0,0,0,0,0,7,7,0,0,0,0,1,0,0,102,255,1,0,0.01,0.02,0,0,0,0,normal
5,tcp,smtp,SF,2540,323,0,0,0,0,0,1,0,0,0,0,0,0,0,0,0,1,1,0,0,0,0,1,0,0,255,124,0.49,0.02,0,0,0,0,0,0,normal
0,tcp,smtp,SF,1436,433,0,0,0,0,0,1,0,0,0,0,0,0,0,0,0,1,1,0,0,0,0,1,0,0,22,199,0.77,0.18,0.05,0.01,0,0,0,0,normal
0,tcp,http,SF,197,4966,0,0,0,0,0,1,0,0,0,0,0,0,0,0,0,5,5,0,0,0,0,1,0,0,8,255,1,0,0.12,0.05,0,0,0,0.01,normal
0,tcp,ftp_data,SF,879,0,0,0,0,0,0,0,0,0,0,0,0,0,0,0,0,10,10,0,0,0,0,1,0,0,255,112,0.44,0.03,0.44,0,0,0,0,0,normal
0,udp,domain_u,SF,43,129,0,0,0,0,0,0,0,0,0,0,0,0,0,0,0,234,310,0,0,0,0,1,0,0.01,255,253,0.99,0.01,0,0,0,0,0,0,normal
0,tcp,http,SF,247,2431,0,0,0,0,0,1,0,0,0,0,0,0,0,0,0,8,9,0,0,0,0,1,0,0.22,255,255,1,0,0,0,0,0,0,0,normal
0,udp,domain_u,SF,44,140,0,0,0,0,0,0,0,0,0,0,0,0,0,0,0,156,222,0,0,0,0,0.99,0.01,0.01,255,231,0.91,0.02,0,0,0,0,0,0,normal
0,tcp,http,SF,306,376,0,0,0,0,0,1,0,0,0,0,0,0,0,0,0,12,12,0,0,0,0,1,0,0,131,255,1,0,0.01,0.02,0,0,0,0,normal
0,tcp,smtp,SF,710,328,0,0,0,0,0,1,0,0,0,0,0,0,0,0,0,1,1,0,0,0,0,1,0,0,255,125,0.49,0.03,0,0,0,0,0,0,normal
0,tcp,http,SF,325,2794,0,0,0,0,0,1,0,0,0,0,0,0,0,0,0,6,6,0,0,0,0,1,0,0,255,255,1,0,0,0,0,0,0,0,normal
0,tcp,http,SF,268,2238,0,0,0,0,0,1,0,0,0,0,0,0,0,0,0,27,27,0,0,0,0,1,0,0,255,255,1,0,0,0,0,0,0,0,normal
0,tcp,http,SF,258,9595,0,0,0,0,0,1,0,0,0,0,0,0,0,0,0,3,5,0,0,0,0,1,0,0.6,255,255,1,0,0,0,0,0,0,0,normal
0,udp,other,SF,145,0,0,0,0,0,0,0,0,0,0,0,0,0,0,0,0,1,1,0,0,0,0,1,0,0,255,2,0.01,0.64,0.95,0,0,0,0,0,normal
0,tcp,http,SF,221,294,0,0,0,0,0,1,0,0,0,0,0,0,0,0,0,16,16,0,0,0,0,1,0,0,187,255,1,0,0.01,0.01,0,0,0,0,normal
0,tcp,http,REJ,0,0,0,0,0,0,0,0,0,0,0,0,0,0,0,0,0,1,2,0,0,1,1,1,0,1,21,255,1,0,0.05,0.1,0,0,1,0.8,normal
0,tcp,http,SF,313,8110,0,0,0,0,0,1,0,0,0,0,0,0,0,0,0,5,12,0,0,0,0,1,0,0.25,13,255,1,0,0.08,0.02,0,0,0,0,normal
0,tcp,finger,SF,6,147,0,0,0,0,0,0,0,0,0,0,0,0,0,0,0,1,1,0,0,0,0,1,0,0,255,3,0.01,0.05,0,0,0.56,0,0.01,0,normal
0,tcp,smtp,SF,2092,336,0,0,0,0,0,1,0,0,0,0,0,0,0,0,0,1,1,0,0,0,0,1,0,0,81,126,0.96,0.02,0.01,0.02,0,0,0,0,normal
0,udp,domain_u,SF,73,44,0,0,0,0,0,0,0,0,0,0,0,0,0,0,0,124,124,0,0,0,0,1,0,0,255,166,0.65,0.01,0.24,0,0,0,0,0,normal
0,tcp,http,SF,301,310,0,0,0,0,0,1,0,0,0,0,0,0,0,0,0,2,2,0,0,0,0,1,0,0,64,255,1,0,0.02,0.02,0,0,0,0,normal
0,udp,private,SF,105,0,0,0,0,0,0,0,0,0,0,0,0,0,0,0,0,2,2,0,0,0,0,1,0,0,3,3,1,0,0.67,0,0,0,0,0,normal
0,tcp,ftp_data,SF,373,0,0,0,0,0,0,1,0,0,0,0,0,0,0,0,0,1,2,0,0,0,0,1,0,1,8,69,0.88,0.25,0.88,0.03,0,0,0,0,normal
0,udp,domain_u,SF,46,130,0,0,0,0,0,0,0,0,0,0,0,0,0,0,0,66,146,0,0,0,0,1,0,0.01,255,196,0.77,0.01,0,0,0,0,0,0,normal
0,tcp,http,SF,192,4977,0,0,0,0,0,1,0,0,0,0,0,0,0,0,0,1,1,0,0,0,0,1,0,0,255,255,1,0,0,0,0.01,0.01,0,0,normal
0,tcp,http,SF,327,5220,0,0,0,0,0,1,0,0,0,0,0,0,0,0,0,3,3,0,0,0,0,1,0,0,65,255,1,0,0.02,0.01,0,0,0,0,normal
0,tcp,http,SF,338,11271,0,0,0,0,0,1,0,0,0,0,0,0,0,0,0,2,2,0,0,0,0,1,0,0,2,255,1,0,0.5,0.07,0,0,0,0,normal
0,tcp,http,SF,207,296,0,0,0,0,0,1,0,0,0,0,0,0,0,0,0,4,7,0,0,0,0,1,0,0.43,255,255,1,0,0,0,0,0,0,0,normal
0,udp,other,SF,516,4,0,0,0,0,0,0,0,0,0,0,0,0,0,0,0,230,230,0,0,0,0,1,0,0,230,230,1,0,1,0,0,0,0,0,normal
0,udp,domain_u,SF,46,75,0,0,0,0,0,0,0,0,0,0,0,0,0,0,0,241,246,0,0,0,0,1,0,0.01,255,254,1,0.01,0,0,0,0,0,0,normal
0,tcp,http,SF,250,2647,0,0,0,0,0,1,0,0,0,0,0,0,0,0,0,7,7,0,0,0,0,1,0,0,30,255,1,0,0.03,0.01,0,0,0,0,normal
0,tcp,http,SF,237,4428,0,0,0,0,0,1,0,0,0,0,0,0,0,0,0,11,11,0,0,0,0,1,0,0,23,255,1,0,0.04,0.04,0,0,0,0,normal
2,tcp,ftp_data,SF,2194619,0,0,0,0,0,0,1,0,0,0,0,0,0,0,0,0,2,2,0,0,0,0,1,0,0,10,35,0.6,0.4,0.6,0.06,0,0,0,0,normal
0,tcp,http,SF,256,2381,0,0,0,0,0,1,0,0,0,0,0,0,0,0,0,9,9,0,0,0,0,1,0,0,23,255,1,0,0.04,0.06,0,0,0,0,normal
0,tcp,http,REJ,0,0,0,0,0,0,0,0,0,0,0,0,0,0,0,0,0,1,1,0,0,1,1,1,0,0,23,249,1,0,0.04,0.1,0,0,1,0.96,normal
0,udp,domain_u,SF,43,132,0,0,0,0,0,0,0,0,0,0,0,0,0,0,0,71,151,0,0,0,0,1,0,0.01,255,240,0.94,0.02,0,0,0,0,0,0,normal
0,tcp,http,SF,189,314,0,0,0,0,0,1,0,0,0,0,0,0,0,0,0,33,34,0,0,0,0,1,0,0.06,154,255,1,0,0.01,0.02,0,0,0,0,normal
0,tcp,http,SF,200,8585,0,0,0,0,0,1,0,0,0,0,0,0,0,0,0,5,5,0,0,0,0,1,0,0,55,255,1,0,0.02,0.04,0,0,0,0,normal
0,tcp,smtp,SF,1086,334,0,0,0,0,0,1,0,0,0,0,0,0,0,0,0,1,1,0,0,0,0,1,0,0,255,95,0.37,0.03,0,0,0,0,0,0,normal
0,tcp,http,SF,336,1294,0,0,0,0,0,1,0,0,0,0,0,0,0,0,0,21,21,0,0,0,0,1,0,0,255,255,1,0,0,0,0,0,0,0,normal
3,tcp,smtp,SF,3946,332,0,0,0,0,0,1,0,0,0,0,0,0,0,0,0,1,1,0,0,0,0,1,0,0,68,176,0.91,0.04,0.01,0.02,0,0,0,0,normal
0,tcp,http,REJ,0,0,0,0,0,0,0,0,0,0,0,0,0,0,0,0,0,1,3,0,0,1,1,1,0,1,43,238,1,0,0.02,0.24,0,0,1,1,normal
0,tcp,smtp,S1,0,0,0,0,0,0,0,0,0,0,0,0,0,0,0,0,0,1,1,1,1,0,0,1,0,0,87,157,0.39,0.03,0.01,0.01,0.02,0.01,0,0,normal
0,tcp,finger,SF,13,144,0,0,0,0,0,0,0,0,0,0,0,0,0,0,0,1,1,0,0,0,0,1,0,0,168,11,0.07,0.03,0.01,0,0,0,0,0,normal
0,udp,private,SF,105,145,0,0,0,0,0,0,0,0,0,0,0,0,0,0,0,1,1,0,0,0,0,1,0,0,21,13,0.62,0.14,0.1,0,0,0,0,0,normal
10,tcp,finger,SF,6,139,0,0,0,0,0,0,0,0,0,0,0,0,0,0,0,1,1,0,0,0,0,1,0,0,111,7,0.03,0.03,0.01,0.29,0,0,0,0,normal
0,tcp,http,SF,221,1481,0,0,0,0,0,1,0,0,0,0,0,0,0,0,0,11,11,0,0,0,0,1,0,0,255,255,1,0,0,0,0,0,0,0,normal
0,udp,other,SF,113,0,0,0,0,0,0,0,0,0,0,0,0,0,0,0,0,15,14,0,0,0,0,0.93,0.13,0,255,14,0.05,0.57,0.05,0,0,0,0,0,normal
0,tcp,http,SF,195,5760,0,0,0,0,0,1,0,0,0,0,0,0,0,0,0,10,12,0,0,0,0,1,0,0.17,10,255,1,0,0.1,0.05,0,0,0,0,normal
0,tcp,http,SF,227,1317,0,0,0,0,0,1,0,0,0,0,0,0,0,0,0,18,24,0,0,0,0,1,0,0.08,64,255,1,0,0.02,0.02,0,0,0,0,normal
0,tcp,http,SF,283,255,0,0,0,0,0,1,0,0,0,0,0,0,0,0,0,8,8,0,0,0,0,1,0,0,255,255,1,0,0.01,0,0,0,0,0,normal
0,tcp,http,SF,312,284,0,0,0,0,0,1,0,0,0,0,0,0,0,0,0,14,15,0,0,0,0,1,0,0.13,255,255,1,0,0,0,0,0,0,0,normal
5682,udp,other,SF,147,105,0,0,0,0,0,0,0,0,0,0,0,0,0,0,0,1,1,0,0,0,0,1,0,0,255,1,0,0.68,0.98,0,0,0,0,0,normal
0,udp,domain_u,SF,42,42,0,0,0,0,0,0,0,0,0,0,0,0,0,0,0,144,226,0,0,0,0,1,0,0.02,255,255,1,0,0.01,0,0,0,0,0,normal
0,tcp,http,SF,274,2592,0,0,0,0,0,1,0,0,0,0,0,0,0,0,0,1,1,0,0,0,0,1,0,0,25,255,1,0,0.04,0.02,0,0,0,0,normal
0,tcp,http,SF,211,1719,0,0,0,0,0,1,0,0,0,0,0,0,0,0,0,16,16,0,0,0,0,1,0,0,82,255,1,0,0.01,0.04,0,0,0,0,normal
0,tcp,http,REJ,0,0,0,0,0,0,0,0,0,0,0,0,0,0,0,0,0,1,2,0,0,1,1,1,0,1,1,255,1,0,1,0.09,0,0,1,0.87,normal
27,tcp,ftp,SF,1206,3380,0,0,0,24,0,1,0,0,0,0,0,0,0,0,1,1,1,0,0,0,0,1,0,0,255,38,0.15,0.08,0,0,0.02,0,0,0,normal
0,udp,domain_u,SF,46,132,0,0,0,0,0,0,0,0,0,0,0,0,0,0,0,151,231,0,0,0,0,1,0,0.01,255,255,1,0,0,0,0,0,0,0,normal
0,udp,domain_u,SF,43,69,0,0,0,0,0,0,0,0,0,0,0,0,0,0,0,212,212,0,0,0,0,1,0.01,0.01,255,254,1,0.01,0,0,0,0,0,0,normal
0,tcp,http,SF,227,853,0,0,0,0,0,1,0,0,0,0,0,0,0,0,0,7,7,0,0,0,0,1,0,0,255,255,1,0,0,0,0,0,0,0,normal
0,tcp,http,SF,303,1380,0,0,0,0,0,1,0,0,0,0,0,0,0,0,0,5,6,0,0,0,0.17,1,0,0.33,255,255,1,0,0,0,0,0,0,0,normal
0,tcp,http,SF,328,16319,0,0,0,0,0,1,0,0,0,0,0,0,0,0,0,6,8,0,0,0,0,1,0,0.38,255,255,1,0,0,0,0,0,0,0,normal
0,tcp,http,SF,298,2239,0,0,0,0,0,1,0,0,0,0,0,0,0,0,0,6,6,0,0,0,0,1,0,0,255,248,0.97,0.01,0,0,0,0,0,0,normal
0,tcp,http,SF,215,1080,0,0,0,0,0,1,0,0,0,0,0,0,0,0,0,5,5,0,0,0,0,1,0,0,53,255,1,0,0.02,0.05,0,0,0,0,normal
0,udp,domain_u,SF,44,131,0,0,0,0,0,0,0,0,0,0,0,0,0,0,0,1,3,0,0,0,0,1,0,0.67,3,1,0.33,1,0.33,0,0,0,0,0,normal
0,udp,domain_u,SF,36,101,0,0,0,0,0,0,0,0,0,0,0,0,0,0,0,1,2,0,0,0,0,1,0,1,126,112,0.89,0.02,0.01,0,0,0,0.05,0,normal
0,udp,domain_u,SF,36,101,0,0,0,0,0,0,0,0,0,0,0,0,0,0,0,1,2,0,0,0,0,1,0,1,126,112,0.89,0.02,0.01,0,0,0,0.05,0,normal
0,tcp,http,SF,234,1244,0,0,0,0,0,1,0,0,0,0,0,0,0,0,0,19,19,0,0,0,0,1,0,0,106,255,1,0,0.01,0.05,0,0,0,0,normal
0,tcp,ftp_data,SF,12,0,0,0,0,0,0,1,0,0,0,0,0,0,0,0,0,1,1,0,0,0,0,1,0,0,189,65,0.34,0.03,0.34,0,0.01,0,0,0,normal
0,tcp,http,SF,373,3040,0,0,0,0,0,1,0,0,0,0,0,0,0,0,0,9,9,0,0,0,0,1,0,0,255,255,1,0,0,0,0,0,0,0,normal
0,tcp,http,SF,227,2047,0,0,0,0,0,1,0,0,0,0,0,0,0,0,0,4,4,0,0,0,0,1,0,0,255,255,1,0,0,0,0.01,0.01,0,0,normal
0,tcp,http,SF,295,559,0,0,0,0,0,1,0,0,0,0,0,0,0,0,0,5,26,0,0,0,0,1,0,0.15,177,255,1,0,0.01,0.01,0,0,0,0,normal
0,udp,domain_u,SF,44,75,0,0,0,0,0,0,0,0,0,0,0,0,0,0,0,55,55,0,0,0,0,1,0,0,255,254,1,0.01,0,0,0,0,0,0,normal
0,tcp,http,SF,258,1747,0,0,0,0,0,1,0,0,0,0,0,0,0,0,0,10,20,0,0,0,0,1,0,0.1,95,255,1,0,0.01,0.01,0,0,0,0,normal
0,tcp,http,SF,306,1248,0,0,0,0,0,1,0,0,0,0,0,0,0,0,0,2,4,0,0,0,0,1,0,0.5,255,255,1,0,0,0,0,0,0,0,normal
0,tcp,ftp_data,SF,29954,0,0,0,0,0,0,0,0,0,0,0,0,0,0,0,0,1,1,0,0,0,0,1,0,0,255,38,0.15,0.06,0.15,0,0.74,0,0,0,normal
1,udp,private,SF,105,146,0,0,0,0,0,0,0,0,0,0,0,0,0,0,0,2,2,0,0,0,0,1,0,0,2,2,1,0,1,0,0,0,0,0,normal
0,tcp,ftp_data,SF,854,0,0,0,0,0,0,1,0,0,0,0,0,0,0,0,0,2,2,0,0,0,0,1,0,0,89,103,0.37,0.07,0.37,0.03,0.01,0,0,0,normal
0,icmp,eco_i,SF,30,0,0,0,0,0,0,0,0,0,0,0,0,0,0,0,0,1,1,0,0,0,0,1,0,0,35,90,0.97,0.06,0.97,0.32,0,0,0,0,normal
0,udp,domain_u,SF,44,129,0,0,0,0,0,0,0,0,0,0,0,0,0,0,0,131,213,0,0,0,0,1,0,0.02,255,254,1,0.01,0,0,0,0,0,0,normal
1,udp,private,SF,105,147,0,0,0,0,0,0,0,0,0,0,0,0,0,0,0,2,2,0,0,0,0,1,0,0,41,5,0.12,0.05,0.05,0,0,0,0,0,normal
0,tcp,http,SF,320,2674,0,0,0,0,0,1,0,0,0,0,0,0,0,0,0,11,11,0,0,0,0,1,0,0,11,255,1,0,0.09,0.02,0,0,0,0,normal
0,udp,domain_u,SF,42,126,0,0,0,0,0,0,0,0,0,0,0,0,0,0,0,319,319,0,0,0,0,1,0,0,255,254,1,0.01,0,0,0,0,0,0,normal
0,tcp,http,SF,201,468,0,0,0,0,0,1,0,0,0,0,0,0,0,0,0,1,1,0,0,0,0,1,0,0,2,255,1,0,0.5,0.09,0,0,0,0.98,normal
0,tcp,http,SF,276,296,0,0,0,0,0,1,0,0,0,0,0,0,0,0,0,9,11,0,0,0,0,1,0,0.18,186,255,1,0,0.01,0.02,0,0,0.01,0.02,normal
3,tcp,smtp,SF,2010,334,0,0,0,0,0,1,0,0,0,0,0,0,0,0,0,1,2,0,0,0,0,1,0,1,213,148,0.61,0.07,0,0.01,0,0,0,0,normal
0,tcp,http,SF,213,3938,0,0,0,0,0,1,0,0,0,0,0,0,0,0,0,38,38,0,0,0,0,1,0,0,38,255,1,0,0.03,0.02,0,0.01,0,0,normal
0,tcp,http,REJ,0,0,0,0,0,0,0,0,0,0,0,0,0,0,0,0,0,1,1,0,0,1,1,1,0,0,72,255,1,0,0.01,0.14,0,0,1,1,normal
0,tcp,http,SF,307,863,0,0,0,0,0,1,0,0,0,0,0,0,0,0,0,11,11,0,0,0,0,1,0,0,236,255,1,0,0.01,0.01,0,0,0,0,normal
0,tcp,http,SF,369,4154,0,0,0,0,0,1,0,0,0,0,0,0,0,0,0,7,7,0,0,0,0,1,0,0,255,255,1,0,0,0,0,0,0,0,normal
0,tcp,smtp,SF,60814,387,0,0,0,0,0,1,0,0,0,0,0,0,0,0,0,1,2,0,0,0,0,1,0,1,255,36,0.14,0.75,0,0,0.74,0,0,0,normal
1,tcp,smtp,SF,758,332,0,0,0,0,0,1,0,0,0,0,0,0,0,0,0,1,5,0,0,0,0,1,0,1,161,146,0.54,0.04,0.01,0.01,0,0,0,0,normal
0,tcp,http,SF,323,1680,0,0,0,0,0,1,0,0,0,0,0,0,0,0,0,4,4,0,0,0,0,1,0,0,194,255,1,0,0.01,0.02,0.01,0,0,0,normal
0,udp,domain_u,SF,112,46,0,0,0,0,0,0,0,0,0,0,0,0,0,0,0,246,245,0,0,0,0,1,0.01,0,135,102,0.76,0.01,0.21,0,0,0,0,0,normal
63,tcp,http,SF,237,406,0,0,0,0,0,1,0,0,0,0,0,0,0,0,0,1,1,0,0,0,0,1,0,0,4,255,1,0,0.25,0.02,0,0,0,0,normal
0,tcp,http,SF,209,2445,0,0,0,0,0,1,0,0,0,0,0,0,0,0,0,21,34,0,0,0,0,1,0,0.06,255,255,1,0,0,0,0,0,0,0,normal
0,tcp,http,SF,232,347,0,0,0,0,0,1,0,0,0,0,0,0,0,0,0,32,42,0,0,0,0,1,0,0.1,255,255,1,0,0,0,0,0,0,0,normal
0,tcp,http,SF,302,1380,0,0,0,0,0,1,0,0,0,0,0,0,0,0,0,4,4,0,0,0,0,1,0,0,255,234,0.92,0.02,0,0,0,0,0,0,normal
0,tcp,http,SF,219,1042,0,0,0,0,0,1,0,0,0,0,0,0,0,0,0,19,21,0,0,0,0,1,0,0.1,244,255,1,0,0,0.01,0,0,0,0,normal
0,tcp,smtp,SF,851,479,0,0,0,0,0,1,0,0,0,0,0,0,0,0,0,1,1,0,0,0,0,1,0,0,255,37,0.15,0.02,0.01,0,0,0,0.83,0,normal
0,tcp,http,SF,317,15675,0,0,0,0,0,1,0,0,0,0,0,0,0,0,0,9,9,0,0,0,0,1,0,0,255,255,1,0,0,0,0,0,0,0,normal
0,tcp,ftp_data,SF,879,0,0,0,0,0,0,1,0,0,0,0,0,0,0,0,0,14,14,0,0,0,0,1,0,0,255,128,0.5,0.02,0.5,0,0,0,0,0,normal
0,tcp,smtp,SF,1723,330,0,0,0,0,0,1,0,0,0,0,0,0,0,0,0,1,2,0,0,0,0,1,0,1,16,12,0.75,0.12,0.06,0,0,0,0,0,normal
78,tcp,http,SF,303,185,0,0,0,0,0,1,0,0,0,0,0,0,0,0,0,5,25,0,0,0,0,1,0,0.08,255,255,1,0,0,0,0,0,0,0,normal
0,tcp,http,SF,347,1366,0,0,0,0,0,1,0,0,0,0,0,0,0,0,0,7,7,0,0,0,0,1,0,0,63,255,1,0,0.02,0.03,0,0,0,0,normal
0,tcp,http,SF,308,769,0,0,0,0,0,1,0,0,0,0,0,0,0,0,0,42,43,0,0,0,0,1,0,0.05,84,255,1,0,0.01,0.03,0,0,0,0,normal
0,tcp,http,SF,307,885,0,0,0,0,0,1,0,0,0,0,0,0,0,0,0,4,6,0,0,0,0,1,0,0.33,5,255,1,0,0.2,0.03,0,0,0,0,normal
0,tcp,http,SF,185,7225,0,0,0,0,0,1,0,0,0,0,0,0,0,0,0,1,1,0,0,0,0,1,0,0,7,25,1,0,0.14,0.08,0,0,0,0,normal
3,tcp,smtp,SF,2491,366,0,0,0,0,0,1,0,0,0,0,0,0,0,0,0,1,3,0,0,0,0,1,0,1,107,171,0.45,0.03,0.01,0.02,0.01,0,0,0,normal
0,tcp,http,SF,335,2370,0,0,0,0,0,1,0,0,0,0,0,0,0,0,0,10,10,0,0,0,0,1,0,0,135,255,1,0,0.01,0.02,0,0,0,0,normal
0,tcp,http,SF,235,2710,0,0,0,0,0,1,0,0,0,0,0,0,0,0,0,3,3,0,0,0,0,1,0,0,28,255,1,0,0.04,0.03,0,0,0,0,normal
0,tcp,http,SF,213,2713,0,0,0,0,0,1,0,0,0,0,0,0,0,0,0,1,1,0,0,0,0,1,0,0,1,255,1,0,1,0.05,0,0,0,0,normal
0,tcp,http,REJ,0,0,0,0,0,0,0,0,0,0,0,0,0,0,0,0,0,1,1,0,0,1,1,1,0,0,22,219,1,0,0.05,0.16,0,0,1,1,normal
0,udp,domain_u,SF,44,44,0,0,0,0,0,0,0,0,0,0,0,0,0,0,0,3,5,0,0,0,0,1,0,0.4,255,252,0.99,0.01,0.01,0,0,0,0,0,normal
0,tcp,smtp,SF,1721,387,0,0,0,0,0,1,0,0,0,0,0,0,0,0,0,1,1,0,0,0,0,1,0,0,255,65,0.25,0.02,0,0,0.52,0,0,0,normal
151,tcp,http,SF,252,238,0,0,0,0,0,1,0,0,0,0,0,0,0,0,0,1,9,0,0,0,0,1,0,0.22,80,255,1,0,0.01,0.07,0,0,0.03,0.02,normal
0,udp,domain_u,SF,45,82,0,0,0,0,0,0,0,0,0,0,0,0,0,0,0,229,229,0,0,0,0,1,0.01,0.01,255,255,1,0,0,0,0,0,0,0,normal
0,udp,domain_u,SF,49,115,0,0,0,0,0,0,0,0,0,0,0,0,0,0,0,1,2,0,0,0,0,1,0,1,255,234,0.92,0.02,0,0,0,0,0,0,normal
0,tcp,http,SF,314,2055,0,0,0,0,0,1,0,0,0,0,0,0,0,0,0,1,1,0,0,0,0,1,0,0,99,255,1,0,0.01,0.03,0,0,0,0,normal
0,udp,domain_u,SF,42,72,0,0,0,0,0,0,0,0,0,0,0,0,0,0,0,198,200,0,0,0,0,0.99,0.01,0.01,255,255,1,0,0,0,0,0,0,0,normal
0,icmp,eco_i,SF,30,0,0,0,0,0,0,0,0,0,0,0,0,0,0,0,0,2,2,0,0,0,0,1,0,0,207,207,1,0,1,0,0,0,0,0,normal
1,tcp,ftp,SF,57,170,0,0,0,0,1,0,0,0,0,0,0,0,0,0,0,1,1,0,0,0,0,1,0,0,23,7,0.3,0.17,0.04,0,0,0,0,0,normal
0,tcp,http,S0,0,0,0,0,0,0,0,0,0,0,0,0,0,0,0,0,0,2,3,0.5,0.33,0,0,1,0,0.67,15,255,1,0,0.13,0.04,0.07,0,0,0,normal
0,tcp,ftp_data,SF,276,0,0,0,0,0,0,1,0,0,0,0,0,0,0,0,0,12,12,0,0,0,0,1,0,0,187,95,0.38,0.05,0.4,0.02,0.03,0,0,0,normal
0,icmp,eco_i,SF,30,0,0,0,0,0,0,0,0,0,0,0,0,0,0,0,0,1,1,0,0,0,0,1,0,0,211,211,1,0,1,0,0,0,0,0,normal
0,tcp,http,SF,237,10432,0,0,0,0,0,1,0,0,0,0,0,0,1,0,0,2,3,0,0,0,0,1,0,0.67,6,255,1,0,0.17,0.03,0,0,0,0,normal
0,tcp,http,SF,175,1856,0,0,0,0,0,1,0,0,0,0,0,0,0,0,0,1,1,0,0,0,0,1,0,0,255,250,0.98,0.01,0,0,0,0,0,0,normal
0,udp,domain_u,SF,44,44,0,0,0,0,0,0,0,0,0,0,0,0,0,0,0,163,163,0,0,0,0,1,0,0,255,255,1,0,0.01,0,0,0,0,0,normal
0,tcp,http,SF,237,18604,0,0,0,0,0,1,0,0,0,0,0,0,0,0,0,8,9,0,0,0,0,1,0,0.22,255,255,1,0,0,0,0,0,0,0,normal
0,udp,domain_u,SF,44,78,0,0,0,0,0,0,0,0,0,0,0,0,0,0,0,244,243,0,0,0,0,1,0.01,0,255,250,0.98,0.01,0,0,0,0,0,0,normal
0,udp,domain_u,SF,44,44,0,0,0,0,0,0,0,0,0,0,0,0,0,0,0,113,113,0,0,0,0,1,0,0,255,254,1,0.01,0,0,0,0,0,0,normal
0,tcp,smtp,SF,637,329,0,0,0,0,0,1,0,0,0,0,0,0,0,0,0,1,1,0,0,0,0,1,0,0,160,247,0.97,0.01,0.01,0.01,0,0,0,0,normal
0,tcp,http,SF,284,292,0,0,0,0,0,1,0,0,0,0,0,0,0,0,0,7,7,0,0,0,0,1,0,0,22,255,1,0,0.05,0.04,0,0,0,0,normal
0,tcp,http,SF,221,8440,0,0,0,0,0,1,0,0,0,0,0,0,0,0,0,16,21,0,0,0,0,1,0,0.19,16,255,1,0,0.06,0.06,0,0,0,0,normal
0,udp,domain_u,SF,45,133,0,0,0,0,0,0,0,0,0,0,0,0,0,0,0,73,153,0,0,0,0,1,0,0.01,255,255,1,0,0,0,0,0,0,0,normal
0,tcp,ftp_data,SF,245,0,0,0,0,0,0,1,0,0,0,1,0,0,0,0,0,2,2,0,0,0,0,1,0,0,192,118,0.43,0.03,0.43,0.02,0,0,0,0,normal
297,tcp,telnet,SF,208,1820,0,0,0,0,0,1,5,0,0,0,0,0,0,0,0,1,1,0,0,0,0,1,0,0,53,13,0.25,0.09,0.02,0,0.02,0.08,0,0,normal
0,udp,domain_u,SF,44,115,0,0,0,0,0,0,0,0,0,0,0,0,0,0,0,192,194,0,0,0,0,1,0,0.01,255,233,0.91,0.01,0,0,0,0,0,0,normal
0,tcp,http,SF,244,7848,0,0,0,0,0,1,0,0,0,0,0,0,0,0,0,7,13,0,0,0,0,1,0,0.31,255,255,1,0,0,0,0,0,0,0,normal
0,tcp,http,SF,339,19790,0,0,0,0,0,1,0,0,0,0,0,0,0,0,0,2,14,0,0,0,0,1,0,0.14,62,255,1,0,0.02,0.03,0,0,0,0,normal
0,tcp,http,SF,156,307,0,0,0,0,0,1,0,0,0,0,0,0,0,0,0,1,1,0,0,0,0,1,0,0,36,36,1,0,0.03,0,0,0,0,0,normal
0,tcp,smtp,SF,1353,330,0,0,0,0,0,1,0,0,0,0,0,0,0,0,0,2,1,0,0,0,0,0.5,1,0,255,149,0.58,0.03,0,0,0.01,0.02,0,0.01,normal
0,tcp,http,SF,242,13292,0,0,0,0,0,1,0,0,0,0,0,0,0,0,0,20,20,0,0,0,0,1,0,0,64,255,1,0,0.02,0.02,0,0,0,0,normal
0,tcp,http,REJ,0,0,0,0,0,0,0,0,0,0,0,0,0,0,0,0,0,1,1,0,0,1,1,1,0,0,7,243,1,0,0.14,0.21,0,0,1,0.96,normal
0,udp,domain_u,SF,42,42,0,0,0,0,0,0,0,0,0,0,0,0,0,0,0,142,222,0,0,0,0,1,0,0.01,255,255,1,0,0.01,0,0,0,0,0,normal
0,tcp,http,SF,226,702,0,0,0,0,0,1,0,0,0,0,0,0,0,0,0,4,24,0,0.04,0,0.04,1,0,0.21,255,255,1,0,0.01,0,0,0,0,0,normal
0,tcp,http,SF,308,1899,0,0,0,0,0,1,0,0,0,0,0,0,0,0,0,7,7,0,0,0,0,1,0,0,65,255,1,0,0.02,0.02,0,0,0,0,normal
0,tcp,http,SF,292,3543,0,0,0,0,0,1,0,0,0,0,0,0,0,0,0,7,7,0,0,0,0,1,0,0,47,255,1,0,0.02,0.02,0,0,0,0,normal
0,tcp,http,SF,233,1075,0,0,0,0,0,1,0,0,0,0,0,0,0,0,0,1,2,0,0,0,0.5,1,0,1,249,223,0.9,0.02,0,0,0,0,0,0,normal
0,tcp,http,SF,317,24716,0,0,0,0,0,1,0,0,0,0,0,0,0,0,0,2,3,0,0,0,0,1,0,0.67,255,255,1,0,0,0,0,0,0,0,normal
0,icmp,urp_i,SF,182,0,0,0,0,0,0,0,0,0,0,0,0,0,0,0,0,2,1,0,0,0,0,0.5,1,0,255,21,0.08,0.01,0.1,0,0,0,0,0,normal
0,tcp,smtp,SF,1504,338,0,0,0,0,0,1,0,0,0,0,0,0,0,0,0,1,9,0,0,0,0,1,0,1,255,152,0.6,0.03,0,0,0,0,0,0,normal
0,tcp,http,SF,284,681,0,0,0,0,0,1,0,0,0,0,0,0,0,0,0,5,6,0,0,0,0,1,0,0.33,13,255,1,0,0.08,0.01,0,0.01,0,0,normal
0,tcp,http,SF,213,900,0,0,0,0,0,1,0,0,0,0,0,0,0,0,0,8,10,0,0,0,0,1,0,0.2,130,255,1,0,0.01,0.02,0.01,0,0,0,normal
0,tcp,http,SF,285,281,0,0,0,0,0,1,0,0,0,0,0,0,0,0,0,11,12,0,0,0,0,1,0,0.17,48,255,1,0,0.02,0.04,0,0,0,0,normal
0,udp,domain_u,SF,45,45,0,0,0,0,0,0,0,0,0,0,0,0,0,0,0,80,160,0,0,0,0,0.99,0.03,0.01,255,249,0.98,0.01,0,0,0,0,0,0,normal
0,tcp,http,SF,308,579,0,0,0,0,0,1,0,0,0,0,0,0,0,0,0,12,31,0,0,0,0,1,0,0.06,77,255,1,0,0.01,0.02,0,0,0,0,normal
0,tcp,http,SF,247,1656,0,0,0,0,0,1,0,0,0,0,0,0,0,0,0,11,13,0,0,0,0,1,0,0.15,255,255,1,0,0.01,0,0,0,0,0,normal
0,tcp,http,SF,320,2367,0,0,0,0,0,1,0,0,0,0,0,0,0,0,0,5,10,0,0,0,0,1,0,0.2,255,255,1,0,0,0,0,0,0,0,normal
0,tcp,http,SF,300,1466,0,0,0,0,0,1,0,0,0,0,0,0,0,0,0,44,46,0.02,0.02,0,0,1,0,0.07,255,255,1,0,0,0,0,0,0,0,normal
0,tcp,http,SF,304,2013,0,0,0,0,0,1,0,0,0,0,0,0,0,0,0,2,2,0,0,0,0,1,0,0,2,2,1,0,0.5,0,0,0,0,0,normal
0,udp,domain_u,SF,43,111,0,0,0,0,0,0,0,0,0,0,0,0,0,0,0,261,265,0,0,0,0,1,0,0.01,255,222,0.87,0.01,0,0,0,0,0,0,normal
0,udp,domain_u,SF,46,46,0,0,0,0,0,0,0,0,0,0,0,0,0,0,0,15,22,0,0,0,0,1,0,0.14,255,255,1,0,0.02,0,0,0,0,0,normal
0,tcp,http,SF,194,1366,0,0,0,0,0,1,0,0,0,0,0,0,0,0,0,4,4,0,0,0,0,1,0,0,14,255,1,0,0.07,0.06,0,0,0,0,normal
0,udp,domain_u,SF,43,70,0,0,0,0,0,0,0,0,0,0,0,0,0,0,0,245,245,0,0,0,0,1,0,0,255,254,1,0.01,0,0,0,0,0,0,normal
13335,udp,other,SF,145,105,0,0,0,0,0,0,0,0,0,0,0,0,0,0,0,1,1,0,0,0,0,1,0,0,255,1,0,0.66,0.96,0,0,0,0,0,normal
0,tcp,http,SF,293,491,0,0,0,0,0,1,0,0,0,0,0,0,0,0,0,34,41,0,0,0,0,1,0,0.12,255,255,1,0,0,0,0,0,0,0,normal
0,tcp,http,SF,286,1368,0,0,0,0,0,1,0,0,0,0,0,0,0,0,0,1,1,0,0,0,0,1,0,0,1,255,1,0,1,0.07,0,0.01,0,0,normal
0,tcp,ftp_data,SF,63,0,0,0,0,0,0,1,0,0,0,0,0,0,0,0,0,1,1,0,0,0,0,1,0,0,255,70,0.27,0.04,0.27,0,0.17,0,0.02,0,normal
0,tcp,ftp_data,SF,192,0,0,0,0,0,0,1,0,0,0,0,0,0,0,0,0,1,1,0,0,0,0,1,0,0,37,89,0.49,0.08,0.49,0.02,0,0.01,0,0,normal
5,tcp,smtp,SF,11895,1359,0,0,0,0,0,1,0,0,0,0,0,0,0,0,0,1,2,0,0,0,0,1,0,1,201,134,0.67,0.02,0,0,0,0,0,0,normal
0,tcp,http,SF,222,1483,0,0,0,0,0,1,0,0,0,0,0,0,0,0,0,3,3,0,0,0,0,1,0,0,255,255,1,0,0.01,0,0,0,0,0,normal
0,udp,other,SF,147,0,0,0,0,0,0,0,0,0,0,0,0,0,0,0,0,1,1,0,0,0,0,1,0,0,255,1,0,0.72,0.95,0,0,0,0,0,normal
0,tcp,ftp_data,SF,4539,0,0,0,0,0,0,1,0,0,0,0,0,0,0,0,0,19,19,0,0,0,0,1,0,0,26,84,0.96,0.08,0.96,0.04,0,0,0,0,normal
0,tcp,http,SF,219,283,0,0,0,0,0,1,0,0,0,0,0,0,0,0,0,21,21,0,0,0,0,1,0,0,21,255,1,0,0.05,0.03,0,0,0,0,normal
0,tcp,http,SF,323,1651,0,0,0,0,0,1,0,0,0,0,0,0,0,0,0,2,17,0,0,0,0,1,0,0.12,6,255,1,0,0.17,0.05,0,0,0,0,normal
0,icmp,urp_i,SF,182,0,0,0,0,0,0,0,0,0,0,0,0,0,0,0,0,2,1,0,0,0,0,0.5,1,0,255,9,0.04,0.01,0.05,0,0,0,0,0,normal
0,udp,domain_u,SF,36,101,0,0,0,0,0,0,0,0,0,0,0,0,0,0,0,2,2,0,0,0,0,1,0,0,132,76,0.58,0.03,0.01,0,0,0,0,0,normal
0,tcp,http,SF,260,1160,0,0,0,0,0,1,0,0,0,0,0,0,0,0,0,18,18,0,0,0,0,1,0,0,35,255,1,0,0.03,0.02,0,0,0,0,normal
0,tcp,http,SF,233,636,0,0,0,0,0,1,0,0,0,0,0,0,0,0,0,4,8,0,0,0,0,1,0,0.25,40,255,1,0,0.03,0.01,0,0.01,0,0,normal
0,tcp,http,SF,240,885,0,0,0,0,0,1,0,0,0,0,0,0,0,0,0,5,5,0,0,0,0,1,0,0,255,255,1,0,0,0,0,0,0,0,normal
0,tcp,http,SF,226,2006,0,0,0,0,0,1,0,0,0,0,0,0,0,0,0,17,17,0,0,0,0,1,0,0,36,255,1,0,0.03,0.02,0,0,0,0,normal
0,tcp,http,REJ,0,0,0,0,0,0,0,0,0,0,0,0,0,0,0,0,0,1,1,0,0,1,1,1,0,0,17,249,1,0,0.06,0.01,0,0,1,0.07,normal
0,tcp,http,SF,218,923,0,0,0,0,0,1,0,0,0,0,0,0,0,0,0,4,4,0,0,0,0,1,0,0,169,255,1,0,0.01,0.01,0,0,0,0,normal
0,udp,domain_u,SF,44,128,0,0,0,0,0,0,0,0,0,0,0,0,0,0,0,74,154,0,0,0,0,1,0,0.01,255,254,1,0.01,0,0,0,0,0,0,normal
0,tcp,http,SF,352,376,0,0,0,0,0,1,0,0,0,0,0,0,0,0,0,1,1,0,0,0,0,1,0,0,127,255,1,0,0.01,0.02,0.01,0,0,0,normal
2,tcp,finger,SF,7,136,0,0,0,0,0,0,0,0,0,0,0,0,0,0,0,1,1,0,0,0,0,1,0,0,93,11,0.12,0.04,0.01,0,0,0,0,0,normal
4,tcp,smtp,SF,2462,332,0,0,0,0,0,1,0,0,0,0,0,0,0,0,0,1,1,0,0,0,0,1,0,0,151,206,0.74,0.02,0.01,0.01,0,0.01,0,0,normal
0,tcp,smtp,SF,126,243,0,0,0,0,0,1,0,0,0,0,0,0,0,0,0,1,1,0,0,0,0,1,0,0,120,65,0.13,0.59,0.01,0.03,0.01,0,0.55,0,normal
0,tcp,http,SF,307,635,0,0,0,0,0,1,0,0,0,0,0,0,0,0,0,35,35,0,0,0,0,1,0,0,255,255,1,0,0,0,0,0,0,0,normal
0,tcp,smtp,SF,2522,326,0,0,0,0,0,1,0,0,0,0,0,0,0,0,0,1,1,0,0,0,0,1,0,0,255,141,0.55,0.03,0.01,0,0,0,0,0,normal
0,tcp,http,SF,354,1875,0,0,0,0,0,1,0,0,0,0,0,0,0,0,0,3,9,0,0,0,0,1,0,0.33,247,255,1,0,0,0.01,0,0,0,0,normal
0,tcp,ftp_data,SF,7767,0,0,0,0,0,0,0,0,0,0,0,0,0,0,0,0,1,1,0,0,0,0,1,0,0,143,32,0.17,0.05,0.17,0.06,0,0,0,0,normal
1,tcp,smtp,SF,1180,335,0,0,0,0,0,1,0,0,0,0,0,0,0,0,0,1,4,0,0,0,0,1,0,1,100,161,0.78,0.05,0.01,0.01,0,0,0,0,normal
0,tcp,ftp_data,SF,305,0,0,0,0,0,0,1,0,0,0,2,0,0,0,0,0,2,3,0,0,0,0,1,0,0.67,102,38,0.37,0.03,0.37,0,0,0,0,0,normal
0,tcp,http,SF,233,636,0,0,0,0,0,1,0,0,0,0,0,0,0,0,0,4,8,0,0,0,0,1,0,0.25,40,255,1,0,0.03,0.01,0,0.01,0,0,normal
2532,udp,other,SF,146,105,0,0,0,0,0,0,0,0,0,0,0,0,0,0,0,4,2,0,0,0,0,0.5,0.5,0,255,3,0.01,0.64,0.95,0,0,0,0,0,normal
0,tcp,http,SF,316,1054,0,0,0,0,0,1,0,0,0,0,0,0,0,0,0,5,5,0,0,0,0,1,0,0,169,255,1,0,0.01,0.01,0,0,0,0,normal
0,tcp,http,SF,321,22780,0,0,0,0,0,1,0,0,0,0,0,0,0,0,0,12,13,0,0,0,0,1,0,0.15,255,255,1,0,0,0,0,0,0,0,normal
0,icmp,ecr_i,SF,30,0,0,0,0,0,0,0,0,0,0,0,0,0,0,0,0,1,1,0,0,0,0,1,0,0,6,7,1,0,1,0.29,0,0,0,0,normal
0,tcp,http,SF,337,578,0,0,0,0,0,1,0,0,0,0,0,0,0,0,0,7,7,0,0,0,0,1,0,0,65,255,1,0,0.02,0.05,0,0,0,0,normal
0,tcp,http,SF,327,1469,0,0,0,0,0,1,0,0,0,0,0,0,0,0,0,7,8,0,0,0,0,1,0,0.25,47,255,1,0,0.02,0.03,0,0,0,0,normal
5,tcp,smtp,SF,3007,334,0,0,0,0,0,1,0,0,0,0,1,0,0,0,0,1,2,0,0,0,0,1,0,1,39,124,0.85,0.08,0.03,0.02,0,0,0,0,normal
0,tcp,http,SF,227,23473,0,0,0,0,0,1,0,0,0,0,0,0,0,0,0,7,7,0,0,0,0,1,0,0,91,255,1,0,0.01,0.03,0,0,0,0,normal
0,tcp,http,SF,319,1338,0,0,0,0,0,1,0,0,0,0,0,0,0,0,0,8,8,0,0,0,0,1,0,0,83,255,1,0,0.01,0.04,0,0,0,0,normal
0,tcp,smtp,SF,1599,330,0,0,0,0,0,1,0,0,0,0,0,0,0,0,0,1,1,0,0,0,0,1,0,0,39,131,0.69,0.13,0.03,0.02,0,0.02,0,0,normal
0,tcp,http,SF,253,2099,0,0,0,0,0,1,0,0,0,0,0,0,0,0,0,1,1,0,0,0,0,1,0,0,255,255,1,0,0,0,0,0,0,0,normal
0,tcp,http,SF,284,5989,0,0,0,0,0,1,0,0,0,0,0,0,0,0,0,6,14,0,0,0,0,1,0,0.21,255,255,1,0,0,0,0,0,0,0,normal
0,tcp,http,SF,339,2431,0,0,0,0,0,1,0,0,0,0,0,0,0,0,0,8,8,0,0,0,0,1,0,0,150,255,1,0,0.01,0.01,0,0,0,0,normal
0,tcp,http,SF,218,974,0,0,0,0,0,1,0,0,0,0,0,0,0,0,0,6,6,0,0,0,0,1,0,0,6,255,1,0,0.17,0.02,0,0.01,0,0,normal
0,tcp,http,SF,251,352,0,0,0,0,0,1,0,0,0,0,0,0,0,0,0,11,11,0,0,0,0,1,0,0,255,255,1,0,0,0,0,0,0,0,normal
0,udp,domain_u,SF,44,44,0,0,0,0,0,0,0,0,0,0,0,0,0,0,0,209,209,0,0,0,0,1,0,0,255,255,1,0,0,0,0,0,0,0,normal
0,tcp,http,SF,328,3200,0,0,0,0,0,1,0,0,0,0,0,0,0,0,0,3,3,0,0,0,0,1,0,0,255,255,1,0,0,0,0,0,0,0,normal
0,icmp,eco_i,SF,30,0,0,0,0,0,0,0,0,0,0,0,0,0,0,0,0,9,1,0,0,0,0,0.11,0.33,0,255,5,0.02,0.01,0.17,0,0,0,0,0,normal
0,tcp,http,SF,265,8646,0,0,0,0,0,1,0,0,0,0,0,0,0,0,0,1,1,0,0,0,0,1,0,0,1,255,1,0,1,0.02,0,0,0,0,normal
0,udp,private,SF,105,145,0,0,0,0,0,0,0,0,0,0,0,0,0,0,0,7,1,0,0,0,0,0.14,0.29,0,255,228,0.89,0.01,0,0,0,0,0,0,normal
0,tcp,http,SF,293,2325,0,0,0,0,0,1,0,0,0,0,0,0,0,0,0,10,11,0,0,0,0,1,0,0.18,239,255,1,0,0,0.01,0,0,0,0,normal
0,tcp,http,SF,243,2006,0,0,0,0,0,1,0,0,0,0,0,0,0,0,0,26,26,0,0,0,0,1,0,0,255,255,1,0,0,0,0,0,0,0,normal
0,tcp,http,SF,214,1651,0,0,0,0,0,1,0,0,0,0,0,0,0,0,0,3,4,0,0,0,0,1,0,0.5,255,255,1,0,0,0,0,0,0,0,normal
0,tcp,smtp,SF,1723,334,0,0,0,0,0,1,0,0,0,0,0,0,0,0,0,3,1,0,0,0,0,0.33,0.67,0,211,102,0.45,0.03,0,0.02,0,0,0,0,normal
0,tcp,http,SF,334,2280,0,0,0,0,0,1,0,0,0,0,0,0,0,0,0,31,36,0,0,0,0,1,0,0.08,255,255,1,0,0,0,0,0,0,0,normal
0,tcp,http,SF,218,36749,0,0,0,0,0,1,0,0,0,0,0,0,0,0,0,1,1,0,0,0,0,1,0,0,35,255,1,0,0.03,0.04,0,0,0,0,normal
0,udp,domain_u,SF,45,135,0,0,0,0,0,0,0,0,0,0,0,0,0,0,0,79,159,0,0,0,0,1,0,0.01,255,254,1,0.01,0,0,0,0,0,0,normal
0,tcp,telnet,S1,0,0,0,0,0,0,0,0,0,0,0,0,0,0,0,0,0,1,1,1,1,0,0,1,0,0,16,2,0.06,0.25,0.06,1,0.06,0.5,0,0,normal
0,tcp,http,RSTO,0,0,0,0,0,0,0,1,0,0,0,0,0,0,0,0,0,1,1,0,0,1,1,1,0,0,255,245,0.96,0.01,0,0,0,0,0.02,0.02,normal
0,tcp,http,SF,204,2674,0,0,0,0,0,1,0,0,0,0,0,0,0,0,0,13,13,0,0,0,0,1,0,0,255,255,1,0,0,0,0,0,0,0,normal
0,tcp,http,SF,223,866,0,0,0,0,0,1,0,0,0,0,0,0,0,0,0,11,11,0,0,0,0,1,0,0,53,255,1,0,0.02,0.02,0,0,0,0,normal
0,tcp,finger,SF,6,147,0,0,0,0,0,0,0,0,0,0,0,0,0,0,0,1,1,0,0,0,0,1,0,0,255,1,0,0.07,0,0,0.67,0,0.01,0,normal
0,tcp,http,SF,293,1875,0,0,0,0,0,1,0,0,0,0,0,0,0,0,0,11,11,0,0,0,0,1,0,0,255,255,1,0,0,0,0,0,0,0,normal
0,tcp,http,SF,295,2649,0,0,0,0,0,1,0,0,0,0,0,0,0,0,0,2,28,0,0,0,0,1,0,0.07,255,255,1,0,0,0,0,0,0,0,normal
0,tcp,http,SF,210,284,0,0,0,0,0,1,0,0,0,0,0,0,0,0,0,5,7,0,0,0,0,1,0,0.43,32,255,1,0,0.03,0.04,0,0.01,0,0.01,normal
0,tcp,http,SF,288,337,0,0,0,0,0,1,0,0,0,0,0,0,0,0,0,21,21,0,0,0,0,1,0,0,255,255,1,0,0.01,0,0,0,0,0,normal
0,tcp,http,SF,211,362,0,0,0,0,0,1,0,0,0,0,0,0,0,0,0,19,20,0,0,0,0,1,0,0.1,255,255,1,0,0,0,0,0,0,0,normal
7,tcp,smtp,SF,1381,340,0,0,0,0,0,1,0,0,0,0,0,0,0,0,0,1,1,0,0,0,0,1,0,0,127,178,0.74,0.03,0.01,0.01,0,0,0,0,normal
2005,udp,other,SF,147,105,0,0,0,0,0,0,0,0,0,0,0,0,0,0,0,1,1,0,0,0,0,1,0,0,255,2,0.01,0.64,0.95,0,0,0,0,0,normal
0,tcp,http,S0,0,0,0,0,0,0,0,0,0,0,0,0,0,0,0,0,0,2,5,0.5,0.2,0,0,1,0,0.4,2,255,1,0,1,0.04,0.5,0,0,0,normal
0,udp,domain_u,SF,129,45,0,0,0,0,0,0,0,0,0,0,0,0,0,0,0,287,286,0,0,0,0,1,0.01,0,176,143,0.81,0.01,0.39,0,0,0,0,0,normal
0,tcp,http,SF,318,8230,0,0,0,0,0,1,0,0,0,0,0,0,0,0,0,1,1,0,0,0,0,1,0,0,90,255,1,0,0.01,0.02,0,0,0,0,normal
0,tcp,http,SF,243,1322,0,0,0,0,0,1,0,0,0,0,0,0,0,0,0,17,17,0,0,0,0,1,0,0,255,255,1,0,0,0,0,0,0,0,normal
0,tcp,http,SF,283,29165,0,0,0,0,0,1,0,0,0,0,0,0,0,0,0,4,4,0,0,0,0,1,0,0,15,255,1,0,0.07,0.05,0,0,0,0,normal
0,tcp,http,SF,212,1448,0,0,0,0,0,1,0,0,0,0,0,0,0,0,0,8,10,0,0,0,0,1,0,0.3,167,255,1,0,0.01,0.02,0,0,0,0,normal
0,tcp,http,SF,213,310,0,0,0,0,0,1,0,0,0,0,0,0,0,0,0,6,6,0,0,0,0,1,0,0,89,255,1,0,0.01,0.05,0,0,0,0,normal
0,tcp,smtp,SF,930,333,0,0,0,0,0,1,0,0,0,0,0,0,0,0,0,3,4,0,0,0,0,0.33,1,1,98,160,0.79,0.04,0.01,0.01,0,0,0,0,normal
0,tcp,http,SF,376,4675,0,0,0,0,0,1,0,0,0,0,0,0,0,0,0,1,1,0,0,0,0,1,0,0,4,254,1,0,0.25,0.06,0,0,0,0,normal
0,tcp,ftp_data,SF,7321,0,0,0,0,0,0,0,0,0,0,0,0,0,0,0,0,2,2,0,0,0,0,1,0,0,57,77,0.51,0.05,0.51,0.03,0,0,0,0,normal
0,tcp,http,SF,303,3629,0,0,0,0,0,1,0,0,0,0,0,0,0,0,0,4,4,0,0,0,0,1,0,0,231,231,1,0,0,0,0,0,0,0,normal
0,icmp,eco_i,SF,30,0,0,0,0,0,0,0,0,0,0,0,0,0,0,0,0,4,1,0,0,0,0,0.25,0.75,0,255,3,0.01,0.01,0.04,0,0,0,0,0,normal
0,udp,private,SF,105,105,0,0,0,0,0,0,0,0,0,0,0,0,0,0,0,10,1,0,0,0,0,0.1,0.2,0,255,240,0.94,0.01,0,0,0,0,0,0,normal
0,tcp,http,SF,236,2033,0,0,0,0,0,1,0,0,0,0,0,0,0,0,0,7,7,0,0,0,0,1,0,0,144,255,1,0,0.01,0.02,0,0,0,0,normal
0,tcp,smtp,SF,1224,328,0,0,0,0,0,1,0,0,0,0,0,0,0,0,0,1,1,0,0,0,0,1,0,0,245,152,0.62,0.09,0,0,0,0,0,0,normal
0,tcp,http,SF,342,253,0,0,0,0,0,1,0,0,0,0,0,0,0,0,0,4,4,0,0,0,0,1,0,0,255,255,1,0,0,0,0,0,0,0,normal
0,tcp,smtp,SF,705,330,0,0,0,0,0,1,0,0,0,0,0,0,0,0,0,1,1,0,0,0,0,1,0,0,39,129,0.77,0.13,0.03,0.02,0,0,0,0,normal
0,tcp,http,SF,211,480,0,0,0,0,0,1,0,0,0,0,0,0,0,0,0,30,30,0,0,0,0,1,0,0,30,255,1,0,0.03,0.03,0,0.01,0,0,normal
0,tcp,http,SF,231,1187,0,0,0,0,0,1,0,0,0,0,0,0,0,0,0,3,3,0,0,0,0,1,0,0,255,255,1,0,0,0,0,0,0,0,normal
0,tcp,smtp,SF,1577,330,0,0,0,0,0,1,0,0,0,0,0,0,0,0,0,1,2,0,0,0,0,1,0,1,103,214,0.64,0.03,0.01,0.01,0,0,0,0,normal
0,tcp,http,SF,212,383,0,0,0,0,0,1,0,0,0,0,0,0,0,0,0,4,12,0,0,0,0,1,0,0.25,4,255,1,0,0.25,0.01,0,0,0,0,normal
0,tcp,http,SF,299,1719,0,0,0,0,0,1,0,0,0,0,0,0,0,0,0,18,39,0,0,0,0,1,0,0.1,92,255,1,0,0.01,0.06,0,0,0,0,normal
0,tcp,http,SF,306,5080,0,0,0,0,0,1,0,0,0,0,0,0,0,0,0,16,19,0,0,0,0,1,0,0.21,255,255,1,0,0,0,0,0,0,0,normal
0,tcp,smtp,SF,1289,391,0,0,0,0,0,1,0,0,0,0,0,0,0,0,0,1,1,0,0,0,0,1,0,0,255,83,0.33,0.05,0,0,0.32,0,0.02,0,normal
0,udp,domain_u,SF,35,91,0,0,0,0,0,0,0,0,0,0,0,0,0,0,0,1,4,0,0,0,0,1,0,0.75,255,249,0.98,0.01,0.01,0,0,0,0,0,normal
0,udp,domain_u,SF,130,44,0,0,0,0,0,0,0,0,0,0,0,0,0,0,0,236,235,0,0,0,0,1,0.01,0,125,92,0.74,0.02,0.14,0,0,0,0,0,normal
0,udp,domain_u,SF,35,51,0,0,0,0,0,0,0,0,0,0,0,0,0,0,0,2,5,0,0,0,0,1,0,0.6,255,255,1,0,0.01,0,0,0,0,0,normal
0,tcp,http,SF,332,405,0,0,0,0,0,1,0,0,0,0,0,0,0,0,0,9,9,0,0,0,0,1,0,0,255,255,1,0,0,0,0,0,0.02,0.02,normal
0,tcp,http,SF,361,370,0,0,0,0,0,1,0,0,0,0,0,0,0,0,0,4,4,0,0,0,0,1,0,0,26,255,1,0,0.04,0.01,0,0,0,0,normal
0,tcp,smtp,SF,854,328,0,0,0,0,0,1,0,0,0,0,0,0,0,0,0,1,2,0,0,0,0,1,0,1,102,192,0.95,0.03,0.01,0.01,0,0,0,0,normal
0,tcp,http,SF,210,1295,0,0,0,0,0,1,0,0,0,0,0,0,0,0,0,3,16,0,0,0,0,1,0,0.19,34,218,1,0,0.03,0.02,0.03,0.01,0.38,0.27,normal
0,udp,other,SF,516,4,0,0,0,0,0,0,0,0,0,0,0,0,0,0,0,284,284,0,0,0,0,1,0,0,255,255,1,0,1,0,0,0,0,0,normal
81,tcp,http,SF,328,189,0,0,0,0,0,1,0,0,0,0,0,0,0,0,0,25,25,0,0,0,0,1,0,0,255,255,1,0,0,0,0,0,0,0,normal
0,udp,domain_u,SF,45,77,0,0,0,0,0,0,0,0,0,0,0,0,0,0,0,247,252,0,0,0,0,1,0,0.01,255,254,1,0.01,0,0,0,0,0,0,normal
81,tcp,telnet,RSTO,137,4101,0,0,0,0,0,0,0,0,0,0,0,0,0,0,0,1,1,0,0,1,1,1,0,0,48,1,0.02,0.1,0.02,0,0,0,0.02,1,normal
0,tcp,http,SF,252,8260,0,0,0,0,0,1,0,0,0,0,0,0,0,0,0,2,16,0,0,0,0,1,0,0.25,134,255,1,0,0.01,0.01,0,0,0,0,normal
0,udp,domain_u,SF,44,136,0,0,0,0,0,0,0,0,0,0,0,0,0,0,0,73,153,0,0,0,0,0.99,0.03,0.01,255,241,0.95,0.01,0,0,0,0,0,0,normal
0,tcp,http,SF,262,6604,0,0,0,0,0,1,0,0,0,0,0,0,0,0,0,2,2,0,0,0,0,1,0,0,255,255,1,0,0,0,0,0,0,0,normal
0,udp,domain_u,SF,44,115,0,0,0,0,0,0,0,0,0,0,0,0,0,0,0,1,8,0,0,0,0,1,0,0.38,255,248,0.97,0.01,0,0,0,0,0,0,normal
0,udp,domain_u,SF,46,127,0,0,0,0,0,0,0,0,0,0,0,0,0,0,0,14,14,0,0,0,0,1,0,0,255,254,1,0.01,0,0,0,0,0,0,normal
0,tcp,http,SF,308,7003,0,0,0,0,0,1,0,0,0,0,0,0,0,0,0,3,3,0.33,0.33,0,0,1,0,0,3,255,1,0,0.33,0.02,0.33,0,0,0,normal
0,tcp,ftp_data,SF,71,0,0,0,0,0,0,1,0,0,0,0,0,0,0,0,0,1,25,0,0.04,0,0,1,0,0.08,255,58,0.23,0.02,0.03,0,0.67,0.79,0,0,normal
0,tcp,ftp_data,SF,567,0,0,0,0,0,0,1,0,0,0,6,0,0,0,0,0,2,2,0,0,0,0,1,0,0,255,110,0.43,0.02,0.44,0,0,0.01,0,0,normal
0,tcp,http,SF,215,2664,0,0,0,0,0,1,0,0,0,0,0,0,0,0,0,1,3,0,0,0,0,1,0,1,52,255,1,0,0.02,0.01,0,0,0,0,normal
0,udp,domain_u,SF,43,43,0,0,0,0,0,0,0,0,0,0,0,0,0,0,0,235,235,0,0,0,0,1,0,0,255,255,1,0,0,0,0,0,0,0,normal
0,tcp,http,SF,288,392,0,0,0,0,0,1,0,0,0,0,0,0,0,0,0,21,41,0,0,0,0,1,0,0.1,255,255,1,0,0,0,0,0,0,0,normal
0,tcp,http,SF,304,651,0,0,0,0,0,1,0,0,0,0,0,0,0,0,0,3,7,0,0,0,0,1,0,0.43,147,255,1,0,0.01,0.01,0,0,0,0,normal
9725,udp,other,SF,147,105,0,0,0,0,0,0,0,0,0,0,0,0,0,0,0,1,1,0,0,0,0,1,0,0,255,1,0,0.9,0.99,0,0,0,0,0,normal
0,tcp,http,SF,260,1160,0,0,0,0,0,1,0,0,0,0,0,0,0,0,0,18,18,0,0,0,0,1,0,0,35,255,1,0,0.03,0.02,0,0,0,0,normal
0,tcp,http,SF,301,480,0,0,0,0,0,1,0,0,0,0,0,0,0,0,0,19,19,0,0,0,0,1,0,0,255,255,1,0,0,0,0,0,0,0,normal
0,tcp,ftp_data,SF,960,0,0,0,0,0,0,0,0,0,0,0,0,0,0,0,0,2,2,0,0,0,0,1,0,0,15,6,0.4,0.13,0.4,0,0,0,0,0,normal
0,tcp,http,SF,224,1551,0,0,0,0,0,1,0,0,0,0,0,0,0,0,0,15,15,0,0,0,0,1,0,0,42,255,1,0,0.02,0.02,0,0,0,0,normal
0,udp,domain_u,SF,42,73,0,0,0,0,0,0,0,0,0,0,0,0,0,0,0,143,146,0,0,0,0,1,0,0.02,255,226,0.89,0.01,0,0,0,0,0,0,normal
0,tcp,http,SF,337,1158,0,0,0,0,0,1,0,0,0,0,0,0,0,0,0,7,7,0,0,0,0,1,0,0,255,255,1,0,0,0,0,0,0,0,normal
0,tcp,http,SF,237,302,0,0,0,0,0,1,0,0,0,0,0,0,0,0,0,3,3,0,0,0,0,1,0,0,8,255,1,0,0.12,0.07,0,0,0,0,normal
0,tcp,ftp_data,SF,19,0,0,0,0,0,0,1,0,0,0,0,0,0,0,0,0,2,2,0,0,0,0,1,0,0,7,57,0.86,0.29,0.86,0.04,0,0,0,0,normal
0,tcp,smtp,SF,895,328,0,0,0,0,0,1,0,0,0,0,0,0,0,0,0,1,1,0,0,0,0,1,0,0,171,119,0.7,0.02,0.01,0,0,0,0,0,normal
0,tcp,http,SF,312,296,0,0,0,0,0,1,0,0,0,0,0,0,0,0,0,1,1,0,0,0,0,1,0,0,18,255,1,0,0.06,0.04,0,0,0,0,normal
0,tcp,http,SF,244,1215,0,0,0,0,0,1,0,0,0,0,0,0,0,0,0,8,12,0,0,0,0,1,0,0.33,187,255,1,0,0.01,0.01,0,0,0,0,normal
0,tcp,http,SF,214,4115,0,0,0,0,0,1,0,0,0,0,0,0,0,0,0,2,2,0,0,0,0,1,0,0,47,255,1,0,0.02,0.03,0,0,0,0,normal
0,tcp,smtp,SF,803,389,0,0,0,0,0,1,0,0,0,0,0,0,0,0,0,1,1,0,0,0,0,1,0,0,255,123,0.48,0.02,0,0,0.46,0.49,0,0,normal
0,tcp,http,SF,285,6356,0,0,0,0,0,1,0,0,0,0,0,0,0,0,0,6,6,0,0,0,0,1,0,0,255,255,1,0,0,0,0,0,0,0,normal
0,tcp,http,SF,209,1965,0,0,0,0,0,1,0,0,0,0,0,0,0,0,0,36,36,0,0,0,0,1,0,0,255,255,1,0,0,0,0,0,0,0,normal
0,tcp,http,SF,228,596,0,0,0,0,0,1,0,0,0,0,0,0,0,0,0,3,3,0,0,0,0,1,0,0,255,255,1,0,0,0,0,0,0,0,normal
0,udp,domain_u,SF,42,42,0,0,0,0,0,0,0,0,0,0,0,0,0,0,0,8,12,0,0,0,0,1,0,0.17,255,187,0.73,0.01,0,0,0,0,0,0,normal
27,tcp,ftp,SF,246,772,0,0,0,4,0,1,0,0,0,0,0,0,0,0,1,2,1,0,0,0,0,0.5,1,0,251,44,0.18,0.03,0,0,0.01,0,0,0,normal
0,tcp,http,SF,222,314,0,0,0,0,0,1,0,0,0,0,0,0,0,0,0,2,2,0,0,0,0,1,0,0,2,255,1,0,0.5,0.04,0,0,0,0,normal
0,tcp,http,REJ,0,0,0,0,0,0,0,0,0,0,0,0,0,0,0,0,0,1,1,0,0,1,1,1,0,0,1,251,1,0,1,0.05,0,0,1,0.45,normal
0,tcp,ftp_data,SF,8737,0,0,0,0,0,0,0,0,0,0,0,0,0,0,0,0,1,1,0,0,0,0,1,0,0,147,37,0.25,0.03,0.25,0,0,0,0,0,normal
0,tcp,http,SF,326,1672,0,0,0,0,0,1,0,0,0,0,0,0,0,0,0,1,5,0,0,0,0,1,0,0.4,72,255,1,0,0.01,0.01,0.01,0,0,0,normal
0,tcp,http,SF,256,398,0,0,0,0,0,1,0,0,0,0,0,0,0,0,0,9,10,0,0,0,0,1,0,0.2,255,255,1,0,0,0,0,0,0,0,normal
0,tcp,http,SF,297,526,0,0,0,0,0,1,0,0,0,0,0,0,0,0,0,14,23,0,0,0,0,1,0,0.17,255,255,1,0,0.01,0,0,0,0,0,normal
0,udp,domain_u,SF,45,135,0,0,0,0,0,0,0,0,0,0,0,0,0,0,0,71,149,0,0,0,0,1,0,0.01,255,174,0.68,0.02,0,0,0,0,0,0,normal
0,tcp,ftp_data,SF,383,0,0,0,0,0,0,0,0,0,0,0,0,0,0,0,0,2,2,0,0,0,0,1,0,0,85,27,0.32,0.07,0.32,0,0,0,0.01,0,normal
0,tcp,http,SF,178,368,0,0,0,0,0,1,0,0,0,0,0,0,0,0,0,2,3,0,0,0,0,1,0,0.67,255,255,1,0,0,0,0,0,0,0,normal
0,tcp,ftp_data,SF,748,0,0,0,0,0,0,0,0,0,0,0,0,0,0,0,0,1,1,0,0,0,0,1,0,0,172,81,0.25,0.02,0.25,0.02,0,0,0,0,normal
0,tcp,http,SF,195,1993,0,0,0,0,0,1,0,0,0,0,0,0,0,0,0,9,9,0,0,0,0,1,0,0,134,255,1,0,0.01,0.04,0,0,0.01,0.01,normal
4,tcp,smtp,SF,1116,333,0,0,0,0,0,1,0,0,0,0,0,0,0,0,0,1,2,0,0,0,0,1,0,1,105,63,0.6,0.05,0.01,0,0.01,0.02,0,0,normal
0,tcp,http,SF,228,328,0,0,0,0,0,1,0,0,0,0,0,0,0,0,0,3,3,0,0,0,0,1,0,0,9,255,1,0,0.11,0.02,0,0,0,0,normal
0,tcp,http,SF,206,49083,0,0,0,0,0,1,0,0,0,0,0,0,0,0,0,4,8,0,0,0,0,1,0,0.38,6,144,1,0,0.17,0.03,0,0,0,0,normal
102,tcp,ftp,SF,1466,4152,0,0,0,30,0,1,0,0,0,0,0,0,0,0,1,1,1,0,0,0,0,1,0,0,133,33,0.25,0.03,0.01,0,0,0,0,0,normal
0,tcp,http,SF,343,520,0,0,0,0,0,1,0,0,0,0,0,0,0,0,0,1,1,0,0,0,0,1,0,0,3,255,1,0,0.33,0.04,0,0,0,0,normal
0,tcp,http,SF,236,324,0,0,0,0,0,1,0,0,0,0,0,0,0,0,0,11,11,0,0,0,0,1,0,0,255,255,1,0,0,0,0,0,0,0,normal
0,tcp,http,SF,199,986,0,0,0,0,0,1,0,0,0,0,0,0,0,0,0,5,10,0,0,0,0,1,0,0.2,14,255,1,0,0.07,0.05,0,0,0,0,normal
1609,udp,other,SF,145,105,0,0,0,0,0,0,0,0,0,0,0,0,0,0,0,1,1,0,0,0,0,1,0,0,255,1,0,0.51,0.91,0,0,0,0,0,normal
0,tcp,http,SF,227,2047,0,0,0,0,0,1,0,0,0,0,0,0,0,0,0,4,4,0,0,0,0,1,0,0,255,255,1,0,0,0,0.01,0.01,0,0,normal
0,udp,domain_u,SF,43,43,0,0,0,0,0,0,0,0,0,0,0,0,0,0,0,155,154,0,0,0,0,0.99,0.01,0,255,254,1,0.01,0.01,0,0,0,0,0,normal
0,tcp,http,S2,352,13336,0,0,0,0,0,1,0,0,0,0,0,0,0,0,0,1,1,1,1,0,0,1,0,0,133,255,1,0,0.01,0.04,0.01,0,0.13,0.08,normal
0,tcp,http,SF,241,429,0,0,0,0,0,1,0,0,0,0,0,0,0,0,0,5,5,0,0,0,0,1,0,0,54,255,1,0,0.02,0.05,0,0,0,0,normal
0,tcp,http,SF,301,310,0,0,0,0,0,1,0,0,0,0,0,0,0,0,0,2,2,0,0,0,0,1,0,0,64,255,1,0,0.02,0.02,0,0,0,0,normal
0,tcp,http,SF,224,1998,0,0,0,0,0,1,0,0,0,0,0,0,0,0,0,16,16,0,0,0,0,1,0,0,37,255,1,0,0.03,0.03,0,0,0,0,normal
0,tcp,http,SF,235,1211,0,0,0,0,0,1,0,0,0,0,0,0,0,0,0,12,12,0,0,0,0,1,0,0,255,255,1,0,0,0,0,0,0,0,normal
0,tcp,http,REJ,0,0,0,0,0,0,0,0,0,0,0,0,0,0,0,0,0,1,1,0,0,1,1,1,0,0,13,94,1,0,0.08,0.31,0,0,1,1,normal
0,tcp,http,SF,255,310,0,0,0,0,0,1,0,0,0,0,0,0,0,0,0,12,17,0,0,0,0,1,0,0.18,255,255,1,0,0,0,0,0,0,0,normal
0,tcp,http,REJ,0,0,0,0,0,0,0,0,0,0,0,0,0,0,0,0,0,1,1,0,0,1,1,1,0,0,83,255,1,0,0.01,0.05,0,0,1,1,normal
0,tcp,http,SF,331,1397,0,0,0,0,0,1,0,0,0,0,0,0,0,0,0,12,12,0,0,0,0,1,0,0,116,255,1,0,0.01,0.02,0,0,0,0,normal
0,tcp,smtp,SF,1163,489,0,0,0,0,0,1,0,0,0,0,0,0,0,0,0,1,1,0,0,0,0,1,0,0,255,121,0.47,0.02,0,0,0.47,0.5,0,0,normal
0,tcp,http,SF,337,578,0,0,0,0,0,1,0,0,0,0,0,0,0,0,0,7,7,0,0,0,0,1,0,0,65,255,1,0,0.02,0.05,0,0,0,0,normal
0,tcp,http,SF,210,1659,0,0,0,0,0,1,0,0,0,0,0,0,0,0,0,8,8,0,0,0,0,1,0,0,11,255,1,0,0.09,0.02,0.09,0,0,0,normal
0,tcp,smtp,SF,711,336,0,0,0,0,0,1,0,0,0,0,0,0,0,0,0,1,1,0,0,0,0,1,0,0,60,130,0.42,0.05,0.02,0.02,0,0,0,0,normal
0,tcp,finger,SF,9,0,0,0,0,0,0,0,0,0,0,0,0,0,0,0,0,1,1,0,0,0,0,1,0,0,35,10,0.09,0.09,0.03,0.3,0,0,0,0,normal
0,tcp,ftp_data,SF,16787,0,0,0,0,0,0,0,0,0,0,0,0,0,0,0,0,11,11,0,0,0,0,1,0,0,255,55,0.22,0.46,0.22,0,0.46,0,0,0,normal
0,udp,domain_u,SF,44,77,0,0,0,0,0,0,0,0,0,0,0,0,0,0,0,138,138,0,0,0,0,1,0,0,255,166,0.65,0.01,0,0,0,0,0,0,normal
0,tcp,http,SF,222,717,0,0,0,0,0,1,0,0,0,0,0,0,0,0,0,6,6,0,0,0,0,1,0,0,43,255,1,0,0.02,0.02,0,0,0,0,normal
0,tcp,http,SF,293,1257,0,0,0,0,0,1,0,0,0,0,0,0,0,0,0,9,9,0,0,0,0,1,0,0,255,255,1,0,0.01,0,0,0,0,0,normal
0,tcp,ftp_data,SF,40494,0,0,0,0,0,0,1,0,0,0,0,0,0,0,0,0,15,15,0,0,0,0,1,0,0,255,62,0.24,0.02,0.15,0,0.28,0.32,0,0,normal
0,udp,other,SF,147,0,0,0,0,0,0,0,0,0,0,0,0,0,0,0,0,1,1,0,0,0,0,1,0,0,255,1,0,0.67,0.92,0,0,0,0,0,normal
0,udp,domain_u,SF,45,134,0,0,0,0,0,0,0,0,0,0,0,0,0,0,0,67,147,0,0,0,0,1,0,0.01,255,255,1,0,0,0,0,0,0,0,normal
0,tcp,http,REJ,0,0,0,0,0,0,0,0,0,0,0,0,0,0,0,0,0,1,5,0,0,1,1,1,0,0.8,2,255,1,0,0.5,0.24,0,0,1,1,normal
0,tcp,http,SF,256,2052,0,0,0,0,0,1,0,0,0,0,0,0,0,0,0,2,35,0,0.57,0,0,1,0,0.09,55,255,1,0,0.02,0.02,0,0,0,0,normal
0,tcp,http,SF,288,475,0,0,0,0,0,1,0,0,0,0,0,0,0,0,0,13,48,0,0,0,0,1,0,0.12,255,255,1,0,0.01,0,0,0,0,0,normal
0,tcp,http,REJ,0,0,0,0,0,0,0,0,0,0,0,0,0,0,0,0,0,1,1,0,0,1,1,1,0,0,1,65,1,0,1,0.31,0,0,1,1,normal
27,tcp,ftp,SF,704,2070,0,0,0,14,0,1,0,0,0,0,0,0,0,0,1,1,1,0,0,0,0,1,0,0,100,31,0.31,0.07,0.01,0,0,0,0,0,normal
0,tcp,http,REJ,0,0,0,0,0,0,0,0,0,0,0,0,0,0,0,0,0,1,2,0,0,1,1,1,0,1,43,255,1,0,0.02,0.07,0,0,1,0.97,normal
0,tcp,http,SF,327,4058,0,0,0,0,0,1,0,0,0,0,0,0,0,0,0,6,6,0,0,0,0,1,0,0,27,255,1,0,0.04,0.13,0,0,0.52,0.65,normal
0,udp,domain_u,SF,45,45,0,0,0,0,0,0,0,0,0,0,0,0,0,0,0,134,216,0,0,0,0,1,0,0.02,255,255,1,0,0.01,0,0,0,0,0,normal
0,tcp,http,SF,219,841,0,0,0,0,0,1,0,0,0,0,0,0,0,0,0,6,6,0,0,0,0,1,0,0,12,255,1,0,0.08,0.01,0,0,0,0,normal
0,tcp,http,SF,250,2196,0,0,0,0,0,1,0,0,0,0,0,0,0,0,0,17,36,0,0,0,0,1,0,0.06,255,255,1,0,0,0,0.01,0.01,0,0,normal
31,tcp,ftp,SF,1453,4152,0,0,0,30,0,1,0,0,0,0,0,0,0,0,1,1,1,0,0,0,0,1,0,0,192,50,0.26,0.02,0.01,0,0,0,0,0,normal
1,tcp,smtp,SF,851,334,0,0,0,0,0,1,0,0,0,0,0,0,0,0,0,1,2,0,0,0,0,1,0,1,175,158,0.59,0.02,0.01,0.01,0,0,0,0,normal
81,tcp,telnet,RSTO,137,4101,0,0,0,0,0,0,0,0,0,0,0,0,0,0,0,1,1,0,0,1,1,1,0,0,48,1,0.02,0.1,0.02,0,0,0,0.02,1,normal
2140,udp,other,SF,147,105,0,0,0,0,0,0,0,0,0,0,0,0,0,0,0,5,1,0,0,0,0,0.2,0.6,0,21,1,0.05,0.76,1,0,0,0,0,0,normal
0,tcp,http,SF,213,296,0,0,0,0,0,1,0,0,0,0,0,0,0,0,0,2,3,0,0,0,0,1,0,0.67,255,255,1,0,0,0,0,0,0,0,normal
0,udp,domain_u,SF,46,71,0,0,0,0,0,0,0,0,0,0,0,0,0,0,0,131,130,0,0,0,0,0.99,0.02,0,255,254,1,0.01,0.01,0,0,0,0,0,normal
0,tcp,http,SF,344,7333,0,0,0,0,0,1,0,0,0,0,0,0,0,0,0,10,10,0,0,0,0,1,0,0,255,255,1,0,0,0,0.01,0.01,0,0,normal
0,tcp,http,SF,294,478,0,0,0,0,0,1,0,0,0,0,0,0,0,0,0,23,30,0,0,0,0.03,1,0,0.13,255,255,1,0,0,0,0,0,0,0,normal
0,udp,domain_u,SF,42,42,0,0,0,0,0,0,0,0,0,0,0,0,0,0,0,5,10,0,0,0,0,1,0,0.2,255,245,0.96,0.01,0,0,0,0,0,0,normal
0,tcp,http,REJ,0,0,0,0,0,0,0,0,0,0,0,0,0,0,0,0,0,511,1,0,0,0,1,0,0,0,239,201,0.84,0.01,0,0,0,0,0.84,1,normal
0,tcp,http,SF,213,1053,0,0,0,0,0,1,0,0,0,0,0,0,0,0,0,7,9,0,0,0,0,1,0,0.22,95,255,1,0,0.01,0.02,0,0,0,0,normal
0,tcp,http,SF,294,220,0,0,0,0,0,1,0,0,0,0,0,0,0,0,0,7,8,0,0,0,0,1,0,0.25,7,255,1,0,0.14,0.02,0,0,0,0,normal
0,tcp,http,SF,221,6480,0,0,0,0,0,1,0,0,0,0,0,0,0,0,0,20,20,0,0,0,0,1,0,0,49,255,1,0,0.02,0.05,0,0,0,0,normal
0,udp,domain_u,SF,46,46,0,0,0,0,0,0,0,0,0,0,0,0,0,0,0,13,19,0,0,0,0,1,0,0.16,255,255,1,0,0.01,0,0,0,0,0,normal
0,tcp,http,SF,186,256,0,0,0,0,0,1,0,0,0,0,0,0,0,0,0,6,7,0,0,0,0,1,0,0.29,26,255,1,0,0.04,0.03,0,0,0,0,normal
1,tcp,smtp,SF,1386,328,0,0,0,0,0,1,0,0,0,0,0,0,0,0,0,1,2,0,0,0,0,1,0,1,183,99,0.54,0.02,0.01,0,0,0,0,0,normal
0,icmp,eco_i,SF,30,0,0,0,0,0,0,0,0,0,0,0,0,0,0,0,0,1,1,0,0,0,0,1,0,0,59,131,1,0,1,0.28,0,0,0,0,normal
0,udp,private,SF,105,147,0,0,0,0,0,0,0,0,0,0,0,0,0,0,0,3,1,0,0,0,0,0.33,1,0,255,245,0.96,0.01,0.01,0,0,0,0,0,normal
0,tcp,ftp_data,SF,749,0,0,0,0,0,0,1,0,0,0,0,0,0,0,0,0,4,4,0,0,0,0,1,0,0,12,10,0.83,0.17,0.83,0,0,0,0,0,normal
0,tcp,http,SF,198,810,0,0,0,0,0,1,0,0,0,0,0,0,0,0,0,31,31,0,0,0,0,1,0,0,255,255,1,0,0,0,0,0,0,0,normal
0,tcp,ftp_data,SF,5319,0,0,0,0,0,0,1,0,0,0,0,0,0,0,0,0,4,4,0,0,0,0,1,0,0,10,10,1,0,1,0,0,0,0,0,normal
0,tcp,http,SF,205,1651,0,0,0,0,0,1,0,0,0,0,0,0,0,0,0,1,1,0,0,0,0,1,0,0,255,255,1,0,0,0,0,0,0,0,normal
0,tcp,http,SF,296,1511,0,0,0,0,0,1,0,0,0,0,0,0,0,0,0,4,4,0,0,0,0,1,0,0,255,255,1,0,0,0,0,0,0,0,normal
0,tcp,http,SF,214,22841,0,0,0,0,0,1,0,0,0,0,0,0,0,0,0,31,44,0,0,0,0,1,0,0.09,175,255,1,0,0.01,0.01,0,0,0,0,normal
0,tcp,ldap,REJ,0,0,0,0,0,0,0,0,0,0,0,0,0,0,0,0,0,126,18,0,0,1,1,0.14,0.07,0,250,18,0.07,0.06,0,0,0,0,1,1,anomaly
0,tcp,private,SH,0,0,0,0,0,0,0,0,0,0,0,0,0,0,0,0,0,1,1,1,1,0,0,1,0,0,132,1,0.01,0.92,0.94,0,0.94,1,0,0,anomaly
0,tcp,private,S0,0,0,0,0,0,0,0,0,0,0,0,0,0,0,0,0,0,125,18,1,1,0,0,0.14,0.07,0,255,20,0.08,0.07,0,0,1,1,0,0,anomaly
0,udp,other,SF,1,0,0,0,0,0,0,0,0,0,0,0,0,0,0,0,0,3,3,0,0,0,0,1,0,0,255,3,0.01,0.16,1,0,0,0,0,0,anomaly
0,tcp,vmnet,S0,0,0,0,0,0,0,0,0,0,0,0,0,0,0,0,0,0,292,13,1,1,0,0,0.04,0.05,0,255,14,0.05,0.08,0,0,1,1,0,0,anomaly
0,icmp,ecr_i,SF,1032,0,0,0,0,0,0,0,0,0,0,0,0,0,0,0,0,167,167,0,0,0,0,1,0,0,255,167,0.65,0.01,0.65,0,0,0,0,0,anomaly
0,tcp,gopher,REJ,0,0,0,0,0,0,0,0,0,0,0,0,0,0,0,0,0,1,1,0,0,1,1,1,0,0,51,2,0.02,1,0.02,1,0,0,0.98,0.5,anomaly
0,tcp,name,S0,0,0,0,0,0,0,0,0,0,0,0,0,0,0,0,0,0,188,1,1,1,0,0,0.01,0.07,0,255,1,0,0.08,0,0,1,1,0,0,anomaly
0,tcp,gopher,S0,0,0,0,0,0,0,0,0,0,0,0,0,0,0,0,0,0,260,18,1,1,0,0,0.07,0.05,0,255,18,0.07,0.05,0,0,1,1,0,0,anomaly
0,icmp,eco_i,SF,8,0,0,0,0,0,0,0,0,0,0,0,0,0,0,0,0,1,13,0,0,0,0,1,0,1,3,195,1,0,1,0.25,0,0,0,0,anomaly
26983,tcp,private,RSTR,1,0,0,0,0,0,0,0,0,0,0,0,0,0,0,0,0,2,2,0,0,1,1,1,0,0,255,2,0.01,0.74,1,0,0,0,1,1,anomaly
0,tcp,ldap,S0,0,0,0,0,0,0,0,0,0,0,0,0,0,0,0,0,0,131,2,1,1,0,0,0.02,0.06,0,255,19,0.07,0.07,0,0,1,1,0,0,anomaly
0,tcp,ftp_data,SF,334,0,0,0,0,0,0,1,0,0,0,0,0,0,0,0,0,2,2,0,0,0,0,1,0,0,2,36,1,0,1,0.17,0,0,0,0,anomaly
0,tcp,private,S0,0,0,0,0,0,0,0,0,0,0,0,0,0,0,0,0,0,102,8,1,1,0,0,0.08,0.06,0,255,7,0.03,0.07,0,0,1,1,0,0,anomaly
0,tcp,private,S0,0,0,0,0,0,0,0,0,0,0,0,0,0,0,0,0,0,106,12,1,1,0,0,0.11,0.07,0,4,2,0.5,0.75,0.25,0,1,1,0,0,anomaly
0,icmp,ecr_i,SF,1032,0,0,0,0,0,0,0,0,0,0,0,0,0,0,0,0,511,511,0,0,0,0,1,0,0,255,154,0.6,0.01,0.6,0,0,0,0,0,anomaly
0,tcp,private,S0,0,0,0,0,0,0,0,0,0,0,0,0,0,0,0,0,0,147,19,1,1,0,0,0.13,0.05,0,255,15,0.06,0.07,0,0,1,1,0,0,anomaly
0,tcp,mtp,S0,0,0,0,0,0,0,0,0,0,0,0,0,0,0,0,0,0,246,20,1,1,0,0,0.08,0.07,0,255,20,0.08,0.07,0,0,1,1,0,0,anomaly
0,tcp,ftp_data,SF,334,0,0,0,0,0,0,1,0,0,0,0,0,0,0,0,0,2,2,0,0,0,0,1,0,0,2,50,1,0,1,0.1,0,0,0,0,anomaly
0,tcp,private,REJ,0,0,0,0,0,0,0,0,0,0,0,0,0,0,0,0,0,183,1,0.02,0,0.95,1,0.01,1,0,255,1,0,0.75,0,0,0.01,0,0.69,1,anomaly
0,tcp,uucp_path,S0,0,0,0,0,0,0,0,0,0,0,0,0,0,0,0,0,0,299,20,1,1,0,0,0.07,0.06,0,255,20,0.08,0.06,0,0,1,1,0,0,anomaly
0,tcp,name,RSTR,0,0,0,0,0,0,0,0,0,0,0,0,0,0,0,0,0,1,1,0,0,1,1,1,0,0,255,1,0,0.18,0.16,0,0,0,0.16,1,anomaly
0,icmp,eco_i,SF,18,0,0,0,0,0,0,0,0,0,0,0,0,0,0,0,0,1,1,0,0,0,0,1,0,0,1,249,1,0,1,1,0,0,0,0,anomaly
0,tcp,private,S0,0,0,0,0,0,0,0,0,0,0,0,0,0,0,0,0,0,176,1,1,1,0,0,0.01,0.06,0,255,1,0,0.06,0,0,1,1,0,0,anomaly
0,tcp,discard,S0,0,0,0,0,0,0,0,0,0,0,0,0,0,0,0,0,0,110,2,1,1,0,0,0.02,0.06,0,255,2,0.01,0.07,0,0,1,1,0,0,anomaly
0,tcp,private,REJ,0,0,0,0,0,0,0,0,0,0,0,0,0,0,0,0,0,1,1,0,0,1,1,1,0,0,59,1,0.02,1,0.02,0,0,0,0.95,1,anomaly
0,icmp,eco_i,SF,8,0,0,0,0,0,0,0,0,0,0,0,0,0,0,0,0,1,1,0,0,0,0,1,0,0,7,5,0.71,0.43,0.71,0,0,0,0,0,anomaly
0,tcp,ftp_data,S0,0,0,0,0,0,0,0,0,0,0,0,0,0,0,0,0,0,31,11,1,1,0,0,0.35,0.06,0,33,57,0.33,0.09,0.06,0.04,0.94,0.19,0,0,anomaly
0,tcp,http,SF,54540,8314,0,0,0,2,0,1,1,0,0,0,0,0,0,0,0,3,4,0,0,0,0.25,1,0,0.5,255,255,1,0,0,0,0.01,0.01,0.05,0.05,anomaly
0,tcp,gopher,REJ,0,0,0,0,0,0,0,0,0,0,0,0,0,0,0,0,0,259,16,0,0,1,1,0.06,0.05,0,255,16,0.06,0.06,0,0,0,0,1,1,anomaly
0,tcp,private,S0,0,0,0,0,0,0,0,0,0,0,0,0,0,0,0,0,0,298,25,1,1,0,0,0.08,0.04,0,158,25,0.16,0.06,0.01,0,0.99,1,0,0,anomaly
0,tcp,vmnet,REJ,0,0,0,0,0,0,0,0,0,0,0,0,0,0,0,0,0,111,8,0,0,1,1,0.07,0.06,0,255,8,0.03,0.08,0,0,0,0,1,1,anomaly
0,icmp,eco_i,SF,8,0,0,0,0,0,0,0,0,0,0,0,0,0,0,0,0,1,14,0,0,0,0,1,0,1,3,41,1,0,1,0.27,0,0,0,0,anomaly
0,icmp,ecr_i,SF,1032,0,0,0,0,0,0,0,0,0,0,0,0,0,0,0,0,511,511,0,0,0,0,1,0,0,255,127,0.5,0.02,0.5,0,0.02,0,0,0,anomaly
0,tcp,telnet,S0,0,0,0,0,0,0,0,0,0,0,0,0,0,0,0,0,0,229,10,1,1,0,0,0.04,0.07,0,255,10,0.04,0.07,0,0,1,1,0,0,anomaly
0,tcp,exec,S0,0,0,0,0,0,0,0,0,0,0,0,0,0,0,0,0,0,147,17,1,1,0,0,0.12,0.06,0,255,14,0.05,0.07,0,0,1,1,0,0,anomaly
0,tcp,ftp_data,S0,0,0,0,0,0,0,0,0,0,0,0,0,0,0,0,0,0,266,22,1,1,0,0,0.08,0.05,0,255,22,0.09,0.05,0,0,1,1,0,0,anomaly
0,tcp,private,REJ,0,0,0,0,0,0,0,0,0,0,0,0,0,0,0,0,0,313,1,0,0,1,1,0,0.5,0,255,1,0,0.51,1,0,0,0,1,1,anomaly
0,tcp,uucp,RSTO,0,0,0,0,0,0,0,0,0,0,0,0,0,0,0,0,0,110,16,0,0,1,1,0.15,0.06,0,255,16,0.06,0.07,0,0,0,0,1,1,anomaly
0,tcp,imap4,REJ,0,0,0,0,0,0,0,0,0,0,0,0,0,0,0,0,0,263,10,0,0,1,1,0.04,0.06,0,255,10,0.04,0.07,0,0,0,0,1,1,anomaly
0,tcp,mtp,S0,0,0,0,0,0,0,0,0,0,0,0,0,0,0,0,0,0,286,4,1,1,0,0,0.01,0.05,0,255,4,0.02,0.05,0,0,1,1,0,0,anomaly
0,tcp,private,S0,0,0,0,0,0,0,0,0,0,0,0,0,0,0,0,0,0,166,9,1,1,0,0,0.05,0.06,0,255,9,0.04,0.05,0,0,1,1,0,0,anomaly
0,icmp,eco_i,SF,8,0,0,0,0,0,0,0,0,0,0,0,0,0,0,0,0,1,32,0,0,0,0,1,0,1,1,255,1,0,1,0.5,0,0,0,0,anomaly
0,tcp,nnsp,S0,0,0,0,0,0,0,0,0,0,0,0,0,0,0,0,0,0,116,4,1,1,0,0,0.03,0.06,0,255,20,0.08,0.07,0,0,1,1,0,0,anomaly
37728,tcp,private,RSTR,1,0,0,0,0,0,0,0,0,0,0,0,0,0,0,0,0,2,2,0,0,1,1,1,0,0,255,2,0.01,0.5,1,0,0,0,1,1,anomaly
0,tcp,klogin,S0,0,0,0,0,0,0,0,0,0,0,0,0,0,0,0,0,0,141,5,1,1,0,0,0.04,0.06,0,255,4,0.02,0.07,0,0,1,1,0,0,anomaly
0,tcp,domain,S0,0,0,0,0,0,0,0,0,0,0,0,0,0,0,0,0,0,12,4,1,1,0,0,0.33,0.25,0,255,10,0.04,0.07,0,0,1,1,0,0,anomaly
0,icmp,ecr_i,SF,1032,0,0,0,0,0,0,0,0,0,0,0,0,0,0,0,0,511,511,0,0,0,0,1,0,0,255,72,0.28,0.2,0.28,0,0,0,0,0,anomaly
0,tcp,private,REJ,0,0,0,0,0,0,0,0,0,0,0,0,0,0,0,0,0,237,19,0,0,1,1,0.08,0.06,0,255,19,0.07,0.08,0,0,0,0,1,1,anomaly
0,tcp,private,S0,0,0,0,0,0,0,0,0,0,0,0,0,0,0,0,0,0,214,9,1,1,0,0,0.04,0.05,0,18,9,0.5,0.17,0.06,0,0.89,1,0,0,anomaly
0,icmp,eco_i,SF,8,0,0,0,0,0,0,0,0,0,0,0,0,0,0,0,0,1,18,0,0,0,0,1,0,1,2,96,1,0,1,0.51,0,0,0,0,anomaly
0,tcp,private,REJ,0,0,0,0,0,0,0,0,0,0,0,0,0,0,0,0,0,141,12,0,0,1,1,0.09,0.06,0,255,4,0.02,0.07,0,0,0,0,1,1,anomaly
0,tcp,private,REJ,0,0,0,0,0,0,0,0,0,0,0,0,0,0,0,0,0,1,1,0,0,1,1,1,0,0,255,1,0,0.66,0.64,0,0,0,0.64,1,anomaly
0,tcp,finger,S0,0,0,0,0,0,0,0,0,0,0,0,0,0,0,0,0,0,42,20,0.95,1,0.05,0,0.48,0.1,0,255,20,0.08,0.06,0,0,1,1,0,0,anomaly
0,tcp,private,RSTR,0,0,0,0,0,0,0,0,0,0,0,0,0,0,0,0,0,1,1,0,0,1,1,1,0,0,255,1,0,0.52,0.51,0,0,0,0.51,1,anomaly
0,icmp,eco_i,SF,8,0,0,0,0,0,0,0,0,0,0,0,0,0,0,0,0,1,10,0,0,0,0,1,0,1,1,35,1,0,1,0.51,0,0,0,0,anomaly
0,tcp,private,S0,0,0,0,0,0,0,0,0,0,0,0,0,0,0,0,0,0,148,9,1,1,0,0,0.06,0.05,0,99,9,0.09,0.07,0.01,0,1,1,0,0,anomaly
0,tcp,private,REJ,0,0,0,0,0,0,0,0,0,0,0,0,0,0,0,0,0,83,9,0,0,1,1,0.11,0.07,0,255,22,0.09,0.06,0,0,0,0,1,1,anomaly
0,tcp,name,S0,0,0,0,0,0,0,0,0,0,0,0,0,0,0,0,0,0,104,18,1,1,0,0,0.17,0.06,0,255,18,0.07,0.05,0,0,1,1,0,0,anomaly
0,tcp,name,S0,0,0,0,0,0,0,0,0,0,0,0,0,0,0,0,0,0,288,15,1,1,0,0,0.05,0.06,0,255,6,0.02,0.08,0,0,1,1,0,0,anomaly
0,tcp,private,S0,0,0,0,0,0,0,0,0,0,0,0,0,0,0,0,0,0,224,16,1,1,0,0,0.07,0.05,0,165,16,0.1,0.07,0.01,0,0.92,1,0.01,0,anomaly
0,tcp,private,REJ,0,0,0,0,0,0,0,0,0,0,0,0,0,0,0,0,0,150,1,0.01,0,0.95,1,0.01,1,0,255,1,0,0.62,0,0,0,0,0.57,1,anomaly
0,tcp,ftp_data,SF,334,0,0,0,0,0,0,1,0,0,0,0,0,0,0,0,0,1,1,0,0,0,0,1,0,0,5,25,1,0,1,0.2,0,0,0,0,anomaly
0,tcp,http,SF,54540,8314,0,0,0,2,0,1,1,0,0,0,0,0,0,0,0,3,3,0,0,0,0,1,0,0,46,46,1,0,0.02,0,0,0,0.26,0.26,anomaly
0,tcp,private,S0,0,0,0,0,0,0,0,0,0,0,0,0,0,0,0,0,0,234,11,1,1,0,0,0.05,0.05,0,255,11,0.04,0.05,0,0,1,1,0,0,anomaly
0,tcp,Z39_50,S0,0,0,0,0,0,0,0,0,0,0,0,0,0,0,0,0,0,200,1,1,1,0,0,0,0.05,0,255,1,0,0.06,0,0,1,1,0,0,anomaly
0,udp,private,SF,1,0,0,0,0,0,0,0,0,0,0,0,0,0,0,0,0,25,2,0,0,0,0,0.08,0.24,0,255,2,0.01,0.65,0.44,0,0,0,0.56,0,anomaly
0,tcp,netbios_dgm,REJ,0,0,0,0,0,0,0,0,0,0,0,0,0,0,0,0,0,277,15,0,0,1,1,0.05,0.06,0,255,15,0.06,0.06,0,0,0,0,1,1,anomaly
0,tcp,private,REJ,0,0,0,0,0,0,0,0,0,0,0,0,0,0,0,0,0,131,5,0,0,1,1,0.04,0.07,0,255,5,0.02,0.07,0,0,0,0,1,1,anomaly
0,tcp,bgp,S0,0,0,0,0,0,0,0,0,0,0,0,0,0,0,0,0,0,225,5,1,1,0,0,0.02,0.06,0,255,16,0.06,0.06,0,0,1,1,0,0,anomaly
0,tcp,private,S0,0,0,0,0,0,0,0,0,0,0,0,0,0,0,0,0,0,108,17,1,1,0,0,0.16,0.06,0,161,17,0.11,0.07,0.01,0,1,1,0,0,anomaly
0,tcp,http_443,S0,0,0,0,0,0,0,0,0,0,0,0,0,0,0,0,0,0,125,2,1,1,0,0,0.02,0.07,0,255,2,0.01,0.07,0,0,1,1,0,0,anomaly
0,tcp,private,S0,0,0,0,0,0,0,0,0,0,0,0,0,0,0,0,0,0,133,13,1,1,0,0,0.1,0.06,0,82,13,0.16,0.09,0.01,0,1,1,0,0,anomaly
0,tcp,private,REJ,0,0,0,0,0,0,0,0,0,0,0,0,0,0,0,0,0,140,17,0,0,1,1,0.12,0.06,0,255,17,0.07,0.05,0,0,0,0,1,1,anomaly
0,tcp,time,RSTO,0,0,0,0,0,0,0,0,0,0,0,0,0,0,0,0,0,256,4,0,0,1,1,0.02,0.06,0,255,4,0.02,0.07,0,0,0,0,1,1,anomaly
0,tcp,private,REJ,0,0,0,0,0,0,0,0,0,0,0,0,0,0,0,0,0,9,9,0,0,1,1,1,0,0,255,27,0.11,0.06,0,0,0,0,1,1,anomaly
0,tcp,private,S0,0,0,0,0,0,0,0,0,0,0,0,0,0,0,0,0,0,211,12,1,1,0,0,0.06,0.06,0,255,9,0.04,0.07,0,0,1,1,0,0,anomaly
0,tcp,vmnet,S0,0,0,0,0,0,0,0,0,0,0,0,0,0,0,0,0,0,290,15,1,1,0,0,0.05,0.06,0,255,15,0.06,0.06,0,0,1,1,0,0,anomaly
0,tcp,ftp_data,SF,334,0,0,0,0,0,0,1,0,0,0,0,0,0,0,0,0,2,2,0,0,0,0,1,0,0,6,38,0.67,0.33,0.67,0.16,0,0,0,0,anomaly
0,tcp,ctf,S0,0,0,0,0,0,0,0,0,0,0,0,0,0,0,0,0,0,265,8,1,1,0,0,0.03,0.06,0,255,8,0.03,0.07,0,0,1,1,0,0,anomaly
0,tcp,courier,S0,0,0,0,0,0,0,0,0,0,0,0,0,0,0,0,0,0,117,9,1,1,0,0,0.08,0.07,0,255,9,0.04,0.07,0,0,1,1,0,0,anomaly
0,icmp,ecr_i,SF,1032,0,0,0,0,0,0,0,0,0,0,0,0,0,0,0,0,390,390,0,0,0,0,1,0,0,234,140,0.6,0.03,0.6,0,0.01,0,0.27,0,anomaly
0,tcp,http,RSTR,24252,7300,0,0,0,1,0,1,0,0,0,0,0,0,0,0,0,2,2,0,0,0.5,0.5,1,0,0,255,255,1,0,0,0,0,0,0.05,0.05,anomaly
0,tcp,private,S0,0,0,0,0,0,0,0,0,0,0,0,0,0,0,0,0,0,296,16,1,1,0,0,0.05,0.06,0,255,17,0.07,0.09,0,0,1,1,0,0,anomaly
0,tcp,telnet,S0,0,0,0,0,0,0,0,0,0,0,0,0,0,0,0,0,0,33,8,1,1,0,0,0.24,0.12,0,255,67,0.26,0.02,0.01,0,1,1,0,0,anomaly
0,tcp,private,S0,0,0,0,0,0,0,0,0,0,0,0,0,0,0,0,0,0,108,24,1,1,0,0,0.22,0.06,0,255,6,0.02,0.06,0,0,1,1,0,0,anomaly
0,tcp,ftp_data,SF,334,0,0,0,0,0,0,1,0,0,0,0,0,0,0,0,0,2,2,0,0,0,0,1,0,0,4,10,1,0,1,0.2,0,0,0,0,anomaly
0,tcp,private,S0,0,0,0,0,0,0,0,0,0,0,0,0,0,0,0,0,0,57,12,1,1,0,0,0.21,0.11,0,255,12,0.05,0.07,0,0,1,1,0,0,anomaly
0,udp,private,SF,28,0,0,3,0,0,0,0,0,0,0,0,0,0,0,0,0,99,99,0,0,0,0,1,0,0,255,66,0.26,0.01,0.26,0,0,0,0,0,anomaly
0,tcp,ctf,REJ,0,0,0,0,0,0,0,0,0,0,0,0,0,0,0,0,0,267,11,0,0,1,1,0.04,0.06,0,255,11,0.04,0.07,0,0,0,0,1,1,anomaly
0,tcp,daytime,S0,0,0,0,0,0,0,0,0,0,0,0,0,0,0,0,0,0,281,25,1,1,0,0,0.09,0.05,0,255,25,0.1,0.05,0,0,1,1,0,0,anomaly
0,tcp,ctf,S0,0,0,0,0,0,0,0,0,0,0,0,0,0,0,0,0,0,231,11,1,1,0,0,0.05,0.06,0,255,10,0.04,0.06,0,0,1,1,0,0,anomaly
0,tcp,vmnet,REJ,0,0,0,0,0,0,0,0,0,0,0,0,0,0,0,0,0,216,17,0,0,1,1,0.08,0.07,0,255,17,0.07,0.08,0,0,0,0,1,1,anomaly
0,tcp,private,S0,0,0,0,0,0,0,0,0,0,0,0,0,0,0,0,0,0,144,18,1,1,0,0,0.12,0.06,0,255,17,0.07,0.06,0,0,1,1,0,0,anomaly
0,tcp,private,S0,0,0,0,0,0,0,0,0,0,0,0,0,0,0,0,0,0,5,1,1,1,0,0,0.2,0.6,0,255,17,0.07,0.09,0,0,1,1,0,0,anomaly
0,tcp,private,S0,0,0,0,0,0,0,0,0,0,0,0,0,0,0,0,0,0,286,4,1,1,0,0,0.01,0.06,0,255,15,0.06,0.08,0,0,1,1,0,0,anomaly
0,icmp,eco_i,SF,8,0,0,0,0,0,0,0,0,0,0,0,0,0,0,0,0,1,9,0,0,0,0,1,0,1,2,46,1,0,1,0.5,0,0,0,0,anomaly
0,tcp,private,RSTR,0,0,0,0,0,0,0,0,0,0,0,0,0,0,0,0,0,1,1,0,0,1,1,1,0,0,147,1,0.01,0.67,0.67,0,0.04,0,0.64,1,anomaly
0,tcp,private,S0,0,0,0,0,0,0,0,0,0,0,0,0,0,0,0,0,0,221,1,1,1,0,0,0,0.06,0,255,20,0.08,0.07,0,0,1,1,0,0,anomaly
0,tcp,ctf,S0,0,0,0,0,0,0,0,0,0,0,0,0,0,0,0,0,0,282,25,1,1,0,0,0.09,0.04,0,255,25,0.1,0.05,0,0,1,1,0,0,anomaly
0,tcp,private,S0,0,0,0,0,0,0,0,0,0,0,0,0,0,0,0,0,0,277,9,1,1,0,0,0.03,0.06,0,255,15,0.06,0.07,0,0,1,1,0,0,anomaly
0,tcp,gopher,S0,0,0,0,0,0,0,0,0,0,0,0,0,0,0,0,0,0,215,17,1,1,0,0,0.08,0.06,0,255,16,0.06,0.08,0,0,1,1,0,0,anomaly
0,tcp,whois,S0,0,0,0,0,0,0,0,0,0,0,0,0,0,0,0,0,0,113,13,1,1,0,0,0.12,0.06,0,255,13,0.05,0.07,0,0,1,1,0,0,anomaly
0,tcp,private,S0,0,0,0,0,0,0,0,0,0,0,0,0,0,0,0,0,0,225,20,1,1,0,0,0.09,0.07,0,255,10,0.04,0.07,0,0,1,1,0,0,anomaly
0,tcp,uucp,S0,0,0,0,0,0,0,0,0,0,0,0,0,0,0,0,0,0,127,5,1,1,0,0,0.04,0.06,0,255,16,0.06,0.07,0,0,1,1,0,0,anomaly
0,tcp,private,S0,0,0,0,0,0,0,0,0,0,0,0,0,0,0,0,0,0,111,11,1,1,0,0,0.1,0.06,0,58,10,0.17,0.1,0.02,0,1,1,0,0,anomaly
0,tcp,private,REJ,0,0,0,0,0,0,0,0,0,0,0,0,0,0,0,0,0,74,1,0.01,0,0.92,1,0.01,1,0,255,1,0,0.32,0,0,0,0,0.27,1,anomaly
0,icmp,eco_i,SF,8,0,0,0,0,0,0,0,0,0,0,0,0,0,0,0,0,1,7,0,0,0,0,1,0,1,2,255,1,0,1,0.5,0,0,0,0,anomaly
0,icmp,eco_i,SF,8,0,0,0,0,0,0,0,0,0,0,0,0,0,0,0,0,1,18,0,0,0,0,1,0,1,1,89,1,0,1,0.51,0,0,0,0,anomaly
0,tcp,nntp,RSTO,0,0,0,0,0,0,0,0,0,0,0,0,0,0,0,0,0,124,20,0,0,1,1,0.16,0.07,0,255,20,0.08,0.07,0,0,0,0,1,1,anomaly
0,tcp,daytime,RSTO,0,0,0,0,0,0,0,0,0,0,0,0,0,0,0,0,0,274,14,0,0,1,1,0.05,0.07,0,255,14,0.05,0.08,0,0,0,0,1,1,anomaly
0,icmp,eco_i,SF,8,0,0,0,0,0,0,0,0,0,0,0,0,0,0,0,0,1,35,0,0,0,0,1,0,1,1,65,1,0,1,0.26,0,0,0,0,anomaly
0,tcp,klogin,S0,0,0,0,0,0,0,0,0,0,0,0,0,0,0,0,0,0,144,8,1,1,0,0,0.06,0.06,0,255,1,0,0.07,0,0,1,1,0,0,anomaly
0,tcp,sunrpc,S0,0,0,0,0,0,0,0,0,0,0,0,0,0,0,0,0,0,278,3,1,1,0,0,0.01,0.06,0,255,18,0.07,0.08,0,0,1,1,0,0,anomaly
0,tcp,whois,S0,0,0,0,0,0,0,0,0,0,0,0,0,0,0,0,0,0,102,12,1,1,0,0,0.12,0.06,0,255,8,0.03,0.07,0,0,1,1,0,0,anomaly
0,tcp,courier,REJ,0,0,0,0,0,0,0,0,0,0,0,0,0,0,0,0,0,144,17,0,0,1,1,0.12,0.06,0,255,17,0.07,0.06,0,0,0,0,1,1,anomaly
0,tcp,private,S0,0,0,0,0,0,0,0,0,0,0,0,0,0,0,0,0,0,103,13,1,1,0,0,0.13,0.06,0,255,4,0.02,0.07,0,0,1,1,0,0,anomaly
0,tcp,http,SF,54540,8314,0,0,0,2,0,1,1,0,0,0,0,0,0,0,0,4,6,0,0,0.25,0.5,1,0,0.5,197,197,1,0,0.01,0,0,0,0.06,0.06,anomaly
0,tcp,private,S0,0,0,0,0,0,0,0,0,0,0,0,0,0,0,0,0,0,149,16,1,1,0,0,0.11,0.08,0,255,15,0.06,0.06,0,0,1,1,0,0,anomaly
0,tcp,private,S0,0,0,0,0,0,0,0,0,0,0,0,0,0,0,0,0,0,278,1,1,1,0,0,0,0.06,0,255,15,0.06,0.07,0,0,1,1,0,0,anomaly
0,tcp,finger,S0,0,0,0,0,0,0,0,0,0,0,0,0,0,0,0,0,0,237,6,1,1,0,0,0.03,0.06,0,255,6,0.02,0.06,0,0,1,1,0,0,anomaly
0,tcp,ftp,RSTO,0,0,0,0,0,0,0,0,0,0,0,0,0,0,0,0,0,244,4,0,0,1,1,0.02,0.07,0,255,4,0.02,0.08,0,0,0,0,1,1,anomaly
0,tcp,ftp_data,S0,0,0,0,0,0,0,0,0,0,0,0,0,0,0,0,0,0,25,6,0.96,1,0.04,0,0.24,0.2,0,255,48,0.19,0.04,0,0,1,1,0,0,anomaly
0,tcp,sunrpc,RSTO,0,0,0,0,0,0,0,0,0,0,0,0,0,0,0,0,0,131,5,0,0,1,1,0.04,0.06,0,255,5,0.02,0.07,0,0,0,0,1,1,anomaly
0,tcp,auth,S0,0,0,0,0,0,0,0,0,0,0,0,0,0,0,0,0,0,251,9,1,1,0,0,0.04,0.06,0,255,9,0.04,0.07,0,0,1,1,0,0,anomaly
0,tcp,private,S0,0,0,0,0,0,0,0,0,0,0,0,0,0,0,0,0,0,133,18,1,1,0,0,0.14,0.06,0,255,38,0.15,0.07,0,0,1,1,0,0,anomaly
0,tcp,iso_tsap,S0,0,0,0,0,0,0,0,0,0,0,0,0,0,0,0,0,0,255,16,1,1,0,0,0.06,0.07,0,255,17,0.07,0.07,0,0,1,1,0,0,anomaly
0,tcp,vmnet,S0,0,0,0,0,0,0,0,0,0,0,0,0,0,0,0,0,0,258,10,1,1,0,0,0.04,0.05,0,255,10,0.04,0.05,0,0,1,1,0,0,anomaly
0,udp,private,SF,1,0,0,0,0,0,0,0,0,0,0,0,0,0,0,0,0,8,6,0,0,0,0,0.75,0.38,0,255,6,0.02,0.35,0.85,0,0,0,0.15,0,anomaly
0,tcp,systat,S0,0,0,0,0,0,0,0,0,0,0,0,0,0,0,0,0,0,231,1,1,1,0,0,0,0.06,0,255,2,0.01,0.07,0,0,1,1,0,0,anomaly
0,tcp,ftp_data,S0,0,0,0,0,0,0,0,0,0,0,0,0,0,0,0,0,0,41,20,0.98,1,0.02,0,0.49,0.07,0,255,4,0.02,0.06,0,0,1,1,0,0,anomaly
0,tcp,ssh,S0,0,0,0,0,0,0,0,0,0,0,0,0,0,0,0,0,0,204,18,1,1,0,0,0.09,0.06,0,255,18,0.07,0.07,0,0,1,1,0,0,anomaly
0,tcp,ssh,S0,0,0,0,0,0,0,0,0,0,0,0,0,0,0,0,0,0,220,18,1,1,0,0,0.08,0.06,0,255,18,0.07,0.07,0,0,1,1,0,0,anomaly
179,tcp,telnet,SF,1559,2855,0,0,0,3,0,1,4,1,0,0,1,0,0,0,0,1,1,0,0,0,0,1,0,0,2,2,1,0,0.5,0,0,0,0,0,anomaly
0,tcp,netbios_dgm,REJ,0,0,0,0,0,0,0,0,0,0,0,0,0,0,0,0,0,241,6,0,0,1,1,0.02,0.07,0,255,6,0.02,0.07,0,0,0,0,1,1,anomaly
0,tcp,ftp_data,S0,0,0,0,0,0,0,0,0,0,0,0,0,0,0,0,0,0,74,16,1,1,0,0,0.22,0.05,0,255,69,0.27,0.02,0.01,0,1,1,0,0,anomaly
0,icmp,eco_i,SF,18,0,0,0,0,0,0,0,0,0,0,0,0,0,0,0,0,1,1,0,0,0,0,1,0,0,4,152,1,0,1,0.25,0,0,0,0,anomaly
0,tcp,private,RSTR,0,0,0,0,0,0,0,0,0,0,0,0,0,0,0,0,0,1,1,0,0,1,1,1,0,0,255,1,0,0.2,0.18,0,0,0,0.18,1,anomaly
0,tcp,daytime,RSTO,0,0,0,0,0,0,0,0,0,0,0,0,0,0,0,0,0,255,8,0,0,1,1,0.03,0.06,0,255,8,0.03,0.06,0,0,0,0,1,1,anomaly
0,tcp,kshell,S0,0,0,0,0,0,0,0,0,0,0,0,0,0,0,0,0,0,127,20,1,1,0,0,0.16,0.06,0,255,20,0.08,0.07,0,0,1,1,0,0,anomaly
0,tcp,other,REJ,0,0,0,0,0,0,0,0,0,0,0,0,0,0,0,0,0,511,1,0.26,0,0.74,1,0,1,0,255,1,0,1,0,0,0.18,0,0.82,1,anomaly
0,tcp,courier,S0,0,0,0,0,0,0,0,0,0,0,0,0,0,0,0,0,0,112,11,1,1,0,0,0.1,0.06,0,255,11,0.04,0.05,0,0,1,1,0,0,anomaly
0,tcp,netbios_dgm,S0,0,0,0,0,0,0,0,0,0,0,0,0,0,0,0,0,0,107,19,1,1,0,0,0.18,0.05,0,255,19,0.07,0.05,0,0,1,1,0,0,anomaly
0,tcp,uucp,S0,0,0,0,0,0,0,0,0,0,0,0,0,0,0,0,0,0,127,9,1,1,0,0,0.07,0.06,0,255,9,0.04,0.06,0,0,1,1,0,0,anomaly
0,tcp,courier,S0,0,0,0,0,0,0,0,0,0,0,0,0,0,0,0,0,0,124,6,1,1,0,0,0.05,0.06,0,255,12,0.05,0.06,0,0,1,1,0,0,anomaly
0,tcp,private,RSTR,0,0,0,0,0,0,0,0,0,0,0,0,0,0,0,0,0,1,1,0,0,1,1,1,0,0,255,1,0,0.16,0.15,0,0,0,0.15,1,anomaly
0,tcp,private,S0,0,0,0,0,0,0,0,0,0,0,0,0,0,0,0,0,0,102,16,1,1,0,0,0.16,0.06,0,255,20,0.08,0.07,0,0,1,1,0,0,anomaly
0,tcp,pop_3,S0,0,0,0,0,0,0,0,0,0,0,0,0,0,0,0,0,0,1,1,1,1,0,0,1,0,0,255,1,0,1,1,0,0.03,1,0.97,0,anomaly
0,icmp,eco_i,SF,8,0,0,0,0,0,0,0,0,0,0,0,0,0,0,0,0,1,20,0,0,0,0,1,0,1,3,163,1,0,1,0.25,0,0,0,0,anomaly
0,udp,private,SF,1,0,0,0,0,0,0,0,0,0,0,0,0,0,0,0,0,52,25,0,0,0,0,0.48,0.08,0,255,91,0.36,0.06,1,0,0,0,0,0,anomaly
0,tcp,other,S0,0,0,0,0,0,0,0,0,0,0,0,0,0,0,0,0,0,510,1,0.21,1,0.79,0,0,1,0,255,1,0,1,0,0,0.17,1,0.83,0,anomaly
0,tcp,exec,S0,0,0,0,0,0,0,0,0,0,0,0,0,0,0,0,0,0,146,9,1,1,0,0,0.06,0.05,0,255,8,0.03,0.07,0,0,1,1,0,0,anomaly
0,icmp,ecr_i,SF,1032,0,0,0,0,0,0,0,0,0,0,0,0,0,0,0,0,511,511,0,0,0,0,1,0,0,255,203,0.8,0.02,0.8,0,0,0,0,0,anomaly
0,tcp,netbios_ssn,REJ,0,0,0,0,0,0,0,0,0,0,0,0,0,0,0,0,0,247,6,0,0,1,1,0.02,0.06,0,255,6,0.02,0.07,0,0,0,0,1,1,anomaly
0,tcp,private,S0,0,0,0,0,0,0,0,0,0,0,0,0,0,0,0,0,0,128,14,1,1,0,0,0.11,0.05,0,255,14,0.05,0.07,0,0,1,1,0,0,anomaly
0,tcp,discard,RSTO,0,0,0,0,0,0,0,0,0,0,0,0,0,0,0,0,0,235,8,0,0,1,1,0.03,0.07,0,255,8,0.03,0.07,0,0,0,0,1,1,anomaly
0,tcp,http,S0,0,0,0,0,0,0,0,0,0,0,0,0,0,0,0,0,0,25,11,1,1,0,0,0.44,0.16,0,255,61,0.24,0.02,0,0,1,1,0,0,anomaly
0,udp,private,SF,28,0,0,3,0,0,0,0,0,0,0,0,0,0,0,0,0,52,52,0,0,0,0,1,0,0,255,52,0.2,0.02,0.2,0,0,0,0,0,anomaly
0,tcp,ldap,REJ,0,0,0,0,0,0,0,0,0,0,0,0,0,0,0,0,0,283,13,0,0,1,1,0.05,0.06,0,255,13,0.05,0.07,0,0,0,0,1,1,anomaly
0,tcp,http,S0,0,0,0,0,0,0,0,0,0,0,0,0,0,0,0,0,0,285,11,1,1,0,0,0.04,0.06,0,255,11,0.04,0.07,0,0,1,1,0,0,anomaly
3,tcp,private,REJ,0,0,0,0,0,0,0,0,0,0,0,0,0,0,0,0,0,222,1,0.04,0,0.93,1,0,1,0,255,1,0,0.89,0,0,0.04,0,0.82,1,anomaly
0,tcp,private,S0,0,0,0,0,0,0,0,0,0,0,0,0,0,0,0,0,0,213,12,1,1,0,0,0.06,0.07,0,255,9,0.04,0.08,0,0,1,1,0,0,anomaly
0,tcp,vmnet,REJ,0,0,0,0,0,0,0,0,0,0,0,0,0,0,0,0,0,299,17,0,0,1,1,0.06,0.06,0,255,17,0.07,0.06,0,0,0,0,1,1,anomaly
0,tcp,private,REJ,0,0,0,0,0,0,0,0,0,0,0,0,0,0,0,0,0,244,2,0,0,1,1,0.01,0.07,0,255,2,0.01,0.09,0,0,0,0,1,1,anomaly
0,tcp,sunrpc,S0,0,0,0,0,0,0,0,0,0,0,0,0,0,0,0,0,0,206,18,1,1,0,0,0.09,0.06,0,255,18,0.07,0.07,0,0,1,1,0,0,anomaly
0,tcp,private,S0,0,0,0,0,0,0,0,0,0,0,0,0,0,0,0,0,0,280,5,1,1,0,0,0.02,0.06,0,255,7,0.03,0.08,0,0,1,1,0,0,anomaly
0,tcp,private,S0,0,0,0,0,0,0,0,0,0,0,0,0,0,0,0,0,0,142,4,1,1,0,0,0.03,0.06,0,255,9,0.04,0.07,0,0,1,1,0,0,anomaly
0,tcp,auth,S0,0,0,0,0,0,0,0,0,0,0,0,0,0,0,0,0,0,230,2,1,1,0,0,0.01,0.06,0,255,3,0.01,0.07,0,0,1,1,0,0,anomaly
0,tcp,other,REJ,0,0,0,0,0,0,0,0,0,0,0,0,0,0,0,0,0,444,1,0.08,0,0.89,1,0,1,0,255,1,0,1,0,0,0.08,0,0.91,1,anomaly
0,tcp,whois,S0,0,0,0,0,0,0,0,0,0,0,0,0,0,0,0,0,0,233,5,1,1,0,0,0.02,0.06,0,255,5,0.02,0.07,0,0,1,1,0,0,anomaly
0,tcp,csnet_ns,REJ,0,0,0,0,0,0,0,0,0,0,0,0,0,0,0,0,0,149,19,0,0,1,1,0.13,0.05,0,255,14,0.05,0.07,0,0,0,0,1,1,anomaly
0,tcp,private,REJ,0,0,0,0,0,0,0,0,0,0,0,0,0,0,0,0,0,292,12,0,0,1,1,0.04,0.05,0,255,12,0.05,0.07,0,0,0,0,1,1,anomaly
0,icmp,eco_i,SF,8,0,0,0,0,0,0,0,0,0,0,0,0,0,0,0,0,1,49,0,0,0,0,1,0,1,2,134,1,0,1,0.5,0,0,0,0,anomaly
0,tcp,private,S0,0,0,0,0,0,0,0,0,0,0,0,0,0,0,0,0,0,12,5,1,1,0,0,0.42,0.33,0,255,5,0.02,0.1,0,0,1,1,0,0,anomaly
0,tcp,nnsp,S0,0,0,0,0,0,0,0,0,0,0,0,0,0,0,0,0,0,252,25,1,1,0,0,0.1,0.06,0,255,25,0.1,0.06,0,0,1,1,0,0,anomaly
0,tcp,pop_2,S0,0,0,0,0,0,0,0,0,0,0,0,0,0,0,0,0,0,249,9,1,1,0,0,0.04,0.07,0,255,9,0.04,0.08,0,0,1,1,0,0,anomaly
0,tcp,daytime,S0,0,0,0,0,0,0,0,0,0,0,0,0,0,0,0,0,0,102,13,1,1,0,0,0.13,0.06,0,255,2,0.01,0.07,0,0,1,1,0,0,anomaly
0,tcp,mtp,S0,0,0,0,0,0,0,0,0,0,0,0,0,0,0,0,0,0,240,19,1,1,0,0,0.08,0.06,0,255,19,0.07,0.07,0,0,1,1,0,0,anomaly
0,udp,private,SF,1,0,0,0,0,0,0,0,0,0,0,0,0,0,0,0,0,1,1,0,0,0,0,1,0,0,255,1,0,1,0,0,0.22,0,0.78,0,anomaly
0,tcp,private,S0,0,0,0,0,0,0,0,0,0,0,0,0,0,0,0,0,0,267,2,1,1,0,0,0.01,0.06,0,255,4,0.02,0.07,0,0,1,1,0,0,anomaly
0,tcp,ldap,S0,0,0,0,0,0,0,0,0,0,0,0,0,0,0,0,0,0,145,17,1,1,0,0,0.12,0.06,0,255,3,0.01,0.08,0,0,1,1,0,0,anomaly
0,tcp,sunrpc,S0,0,0,0,0,0,0,0,0,0,0,0,0,0,0,0,0,0,148,23,1,1,0,0,0.16,0.04,0,255,23,0.09,0.05,0,0,1,1,0,0,anomaly
0,tcp,private,S0,0,0,0,0,0,0,0,0,0,0,0,0,0,0,0,0,0,292,19,1,1,0,0,0.07,0.05,0,255,19,0.07,0.07,0,0,1,1,0,0,anomaly
0,tcp,netbios_ns,S0,0,0,0,0,0,0,0,0,0,0,0,0,0,0,0,0,0,225,19,1,1,0,0,0.08,0.06,0,255,19,0.07,0.07,0,0,1,1,0,0,anomaly
0,tcp,nnsp,REJ,0,0,0,0,0,0,0,0,0,0,0,0,0,0,0,0,0,70,5,0,0,1,1,0.07,0.09,0,255,5,0.02,0.07,0,0,0,0,1,1,anomaly
0,tcp,private,REJ,0,0,0,0,0,0,0,0,0,0,0,0,0,0,0,0,0,71,13,0,0,1,1,0.18,0.06,0,255,13,0.05,0.06,0,0,0,0,1,1,anomaly
0,tcp,ftp_data,REJ,0,0,0,0,0,0,0,0,0,0,0,0,0,0,0,0,0,1,1,0,0,1,1,1,0,0,1,100,1,0,1,0.03,0,0,1,0.02,anomaly
0,tcp,ssh,S0,0,0,0,0,0,0,0,0,0,0,0,0,0,0,0,0,0,225,19,1,1,0,0,0.08,0.05,0,255,19,0.07,0.05,0,0,1,1,0,0,anomaly
0,tcp,auth,S0,0,0,0,0,0,0,0,0,0,0,0,0,0,0,0,0,0,274,8,1,1,0,0,0.03,0.06,0,255,8,0.03,0.06,0,0,1,1,0,0,anomaly
0,tcp,shell,S0,0,0,0,0,0,0,0,0,0,0,0,0,0,0,0,0,0,147,14,1,1,0,0,0.1,0.05,0,255,14,0.05,0.06,0,0,1,1,0,0,anomaly
0,tcp,private,S0,0,0,0,0,0,0,0,0,0,0,0,0,0,0,0,0,0,183,16,1,1,0,0,0.09,0.06,0,255,5,0.02,0.08,0,0,1,1,0,0,anomaly
0,tcp,private,S0,0,0,0,0,0,0,0,0,0,0,0,0,0,0,0,0,0,232,13,1,1,0,0,0.06,0.07,0,255,13,0.05,0.06,0,0,1,1,0,0,anomaly
0,tcp,bgp,S0,0,0,0,0,0,0,0,0,0,0,0,0,0,0,0,0,0,277,14,1,1,0,0,0.05,0.06,0,255,14,0.05,0.06,0,0,1,1,0,0,anomaly
0,tcp,private,S0,0,0,0,0,0,0,0,0,0,0,0,0,0,0,0,0,0,210,12,1,1,0,0,0.06,0.06,0,255,13,0.05,0.07,0,0,1,1,0,0,anomaly
0,tcp,smtp,RSTO,0,0,0,0,0,0,0,0,0,0,0,0,0,0,0,0,0,202,2,0,0,1,1,0.01,0.06,0,255,2,0.01,0.09,0,0,0,0,1,1,anomaly
0,tcp,ftp_data,SF,334,0,0,0,0,0,0,1,0,0,0,0,0,0,0,0,0,2,2,0,0,0,0,1,0,0,4,22,1,0,1,0.18,0,0,0,0,anomaly
0,tcp,private,RSTR,0,0,0,0,0,0,0,0,0,0,0,0,0,0,0,0,0,1,1,0,0,1,1,1,0,0,255,1,0,0.95,0.95,0,0,0,0.94,1,anomaly
0,tcp,telnet,S0,0,0,0,0,0,0,0,0,0,0,0,0,0,0,0,0,0,37,6,1,1,0,0,0.16,0.11,0,255,65,0.25,0.03,0.01,0,1,1,0,0,anomaly
0,tcp,private,S0,0,0,0,0,0,0,0,0,0,0,0,0,0,0,0,0,0,188,15,1,1,0,0,0.08,0.06,0,255,5,0.02,0.07,0,0,1,1,0,0,anomaly
0,tcp,private,S0,0,0,0,0,0,0,0,0,0,0,0,0,0,0,0,0,0,143,20,1,1,0,0,0.14,0.06,0,255,12,0.05,0.07,0,0,1,1,0,0,anomaly
0,tcp,private,S0,0,0,0,0,0,0,0,0,0,0,0,0,0,0,0,0,0,296,15,1,1,0,0,0.05,0.05,0,255,13,0.05,0.06,0,0,1,1,0,0,anomaly
0,tcp,private,S0,0,0,0,0,0,0,0,0,0,0,0,0,0,0,0,0,0,203,8,1,1,0,0,0.04,0.06,0,255,18,0.07,0.06,0,0,1,1,0,0,anomaly
0,tcp,private,S0,0,0,0,0,0,0,0,0,0,0,0,0,0,0,0,0,0,96,24,1,1,0,0,0.25,0.05,0,255,24,0.09,0.05,0,0,1,1,0,0,anomaly
0,icmp,ecr_i,SF,1480,0,0,1,0,0,0,0,0,0,0,0,0,0,0,0,0,8,8,0,0,0,0,1,0,0,92,8,0.09,0.04,0.09,0,0,0,0,0,anomaly
0,tcp,auth,S0,0,0,0,0,0,0,0,0,0,0,0,0,0,0,0,0,0,267,5,1,1,0,0,0.02,0.06,0,255,5,0.02,0.08,0,0,1,1,0,0,anomaly
2,tcp,ftp,SF,1218,2447,0,0,0,28,0,1,0,0,0,0,0,0,0,0,1,1,1,0,0,0,0,1,0,0,255,71,0.28,0.02,0,0,0,0,0,0,anomaly
0,tcp,http,S0,0,0,0,0,0,0,0,0,0,0,0,0,0,0,0,0,0,292,20,1,1,0,0,0.07,0.06,0,255,19,0.07,0.05,0,0,1,1,0,0,anomaly
0,tcp,private,S0,0,0,0,0,0,0,0,0,0,0,0,0,0,0,0,0,0,120,2,1,1,0,0,0.02,0.07,0,255,13,0.05,0.05,0,0,1,1,0,0,anomaly
0,tcp,private,REJ,0,0,0,0,0,0,0,0,0,0,0,0,0,0,0,0,0,240,19,0,0,1,1,0.08,0.06,0,255,19,0.07,0.06,0,0,0,0,1,1,anomaly
0,tcp,http,S0,0,0,0,0,0,0,0,0,0,0,0,0,0,0,0,0,0,262,17,1,1,0,0,0.06,0.06,0,255,17,0.07,0.08,0,0,1,1,0,0,anomaly
0,tcp,time,S0,0,0,0,0,0,0,0,0,0,0,0,0,0,0,0,0,0,298,17,1,1,0,0,0.06,0.05,0,255,3,0.01,0.09,0,0,1,1,0,0,anomaly
0,tcp,csnet_ns,S0,0,0,0,0,0,0,0,0,0,0,0,0,0,0,0,0,0,275,15,1,1,0,0,0.05,0.06,0,255,15,0.06,0.09,0,0,1,1,0,0,anomaly
0,tcp,http,SF,54540,8314,0,0,0,2,0,1,1,0,0,0,0,0,0,0,0,4,5,0,0,0,0.2,1,0,0.4,255,255,1,0,0,0,0.01,0.01,0.02,0.02,anomaly
0,tcp,gopher,REJ,0,0,0,0,0,0,0,0,0,0,0,0,0,0,0,0,0,143,1,0,0,1,1,0.01,0.06,0,255,1,0,0.07,0,0,0,0,1,1,anomaly
0,tcp,http,S0,0,0,0,0,0,0,0,0,0,0,0,0,0,0,0,0,0,20,19,0.95,1,0.05,0,0.95,0.1,0,255,57,0.22,0.04,0,0,1,1,0,0,anomaly
0,tcp,netbios_dgm,S0,0,0,0,0,0,0,0,0,0,0,0,0,0,0,0,0,0,278,16,1,1,0,0,0.06,0.05,0,255,6,0.02,0.07,0,0,1,1,0,0,anomaly
13678,tcp,other,RSTR,1,0,0,0,0,0,0,0,0,0,0,0,0,0,0,0,0,2,2,0,0,1,1,1,0,0,255,2,0.01,0.68,1,0,0,0,1,1,anomaly
0,tcp,echo,S0,0,0,0,0,0,0,0,0,0,0,0,0,0,0,0,0,0,269,4,1,1,0,0,0.01,0.06,0,255,15,0.06,0.07,0,0,1,1,0,0,anomaly
0,tcp,vmnet,S0,0,0,0,0,0,0,0,0,0,0,0,0,0,0,0,0,0,258,10,1,1,0,0,0.04,0.05,0,255,10,0.04,0.05,0,0,1,1,0,0,anomaly
0,tcp,finger,S0,0,0,0,0,0,0,0,0,0,0,0,0,0,0,0,0,0,48,12,1,1,0,0,0.25,0.08,0,255,58,0.23,0.04,0,0,1,1,0,0,anomaly
0,tcp,private,S0,0,0,0,0,0,0,0,0,0,0,0,0,0,0,0,0,0,134,1,1,1,0,0,0.01,0.06,0,255,5,0.02,0.06,0,0,1,1,0,0,anomaly
0,tcp,netbios_dgm,S0,0,0,0,0,0,0,0,0,0,0,0,0,0,0,0,0,0,217,6,1,1,0,0,0.03,0.06,0,255,19,0.07,0.07,0,0,1,1,0,0,anomaly
0,tcp,courier,S0,0,0,0,0,0,0,0,0,0,0,0,0,0,0,0,0,0,99,2,1,1,0,0,0.02,0.06,0,255,8,0.03,0.05,0,0,1,1,0,0,anomaly
0,tcp,nnsp,S0,0,0,0,0,0,0,0,0,0,0,0,0,0,0,0,0,0,138,23,1,1,0,0,0.17,0.05,0,255,23,0.09,0.04,0,0,1,1,0,0,anomaly
0,tcp,kshell,S0,0,0,0,0,0,0,0,0,0,0,0,0,0,0,0,0,0,112,9,1,1,0,0,0.08,0.06,0,255,9,0.04,0.05,0,0,1,1,0,0,anomaly
0,icmp,ecr_i,SF,520,0,0,0,0,0,0,0,0,0,0,0,0,0,0,0,0,116,116,0,0,0,0,1,0,0,255,255,1,0,1,0,0,0,0,0,anomaly
0,tcp,http_443,S0,0,0,0,0,0,0,0,0,0,0,0,0,0,0,0,0,0,114,20,1,1,0,0,0.18,0.05,0,255,14,0.05,0.07,0,0,1,1,0,0,anomaly
0,icmp,eco_i,SF,8,0,0,0,0,0,0,0,0,0,0,0,0,0,0,0,0,1,24,0,0,0,0,1,0,1,2,86,1,0,1,0.5,0,0,0,0,anomaly
0,icmp,ecr_i,SF,520,0,0,0,0,0,0,0,0,0,0,0,0,0,0,0,0,181,181,0,0,0,0,1,0,0,255,255,1,0,1,0,0,0,0,0,anomaly
0,tcp,telnet,S0,0,0,0,0,0,0,0,0,0,0,0,0,0,0,0,0,0,19,19,1,1,0,0,1,0,0,181,101,0.56,0.01,0.01,0,0.99,0.98,0,0,anomaly
0,tcp,sunrpc,S0,0,0,0,0,0,0,0,0,0,0,0,0,0,0,0,0,0,298,5,1,1,0,0,0.02,0.06,0,255,5,0.02,0.07,0,0,1,1,0,0,anomaly
0,tcp,private,S0,0,0,0,0,0,0,0,0,0,0,0,0,0,0,0,0,0,140,5,1,1,0,0,0.04,0.06,0,255,10,0.04,0.07,0,0,1,1,0,0,anomaly
0,tcp,imap4,S0,0,0,0,0,0,0,0,0,0,0,0,0,0,0,0,0,0,13,3,1,1,0,0,0.23,0.23,0,255,3,0.01,0.08,0,0,1,1,0,0,anomaly
0,tcp,name,S0,0,0,0,0,0,0,0,0,0,0,0,0,0,0,0,0,0,259,1,1,1,0,0,0,0.06,0,255,1,0,0.06,0,0,1,1,0,0,anomaly
0,tcp,private,S0,0,0,0,0,0,0,0,0,0,0,0,0,0,0,0,0,0,41,1,1,1,0,0,0.02,0.12,0,255,1,0,0.08,0,0,1,1,0,0,anomaly
0,icmp,ecr_i,SF,1032,0,0,0,0,0,0,0,0,0,0,0,0,0,0,0,0,511,511,0,0,0,0,1,0,0,255,119,0.47,0.18,0.47,0,0,0,0,0,anomaly
0,tcp,login,S0,0,0,0,0,0,0,0,0,0,0,0,0,0,0,0,0,0,138,16,1,1,0,0,0.12,0.06,0,255,16,0.06,0.07,0,0,1,1,0,0,anomaly
0,tcp,bgp,S0,0,0,0,0,0,0,0,0,0,0,0,0,0,0,0,0,0,274,15,1,1,0,0,0.05,0.06,0,255,15,0.06,0.07,0,0,1,1,0,0,anomaly
0,tcp,private,S0,0,0,0,0,0,0,0,0,0,0,0,0,0,0,0,0,0,48,8,1,1,0,0,0.17,0.12,0,255,9,0.04,0.08,0,0,1,1,0,0,anomaly
0,udp,private,SF,1,0,0,0,0,0,0,0,0,0,0,0,0,0,0,0,0,17,1,0,0,0,0,0.06,0.18,0,255,1,0,0.38,0.67,0,0.16,0,0.18,0,anomaly
0,icmp,eco_i,SF,8,0,0,0,0,0,0,0,0,0,0,0,0,0,0,0,0,1,1,0,0,0,0,1,0,0,5,3,0.6,0.6,0.6,0,0,0,0,0,anomaly
0,tcp,private,S0,0,0,0,0,0,0,0,0,0,0,0,0,0,0,0,0,0,26,4,1,1,0,0,0.15,0.19,0,255,13,0.05,0.09,0,0,1,1,0,0,anomaly
0,tcp,auth,REJ,0,0,0,0,0,0,0,0,0,0,0,0,0,0,0,0,0,266,9,0,0,1,1,0.03,0.06,0,255,9,0.04,0.07,0,0,0,0,1,1,anomaly
0,tcp,ftp_data,S0,0,0,0,0,0,0,0,0,0,0,0,0,0,0,0,0,0,54,14,1,1,0,0,0.26,0.07,0,134,52,0.25,0.03,0.01,0.04,1,0.65,0,0,anomaly
0,tcp,finger,S0,0,0,0,0,0,0,0,0,0,0,0,0,0,0,0,0,0,55,20,1,1,0,0,0.36,0.07,0,255,40,0.16,0.06,0.01,0,1,1,0,0,anomaly
0,tcp,http_443,S0,0,0,0,0,0,0,0,0,0,0,0,0,0,0,0,0,0,128,20,1,1,0,0,0.16,0.07,0,255,20,0.08,0.07,0,0,1,1,0,0,anomaly
0,tcp,other,REJ,0,0,0,0,0,0,0,0,0,0,0,0,0,0,0,0,0,509,1,0.2,0,0.8,1,0,1,0,255,1,0,1,0,0,0.15,0,0.85,1,anomaly
0,tcp,other,REJ,0,0,0,0,0,0,0,0,0,0,0,0,0,0,0,0,0,496,1,0.07,0,0.93,1,0,1,0,255,1,0,1,0,0,0.04,0,0.96,1,anomaly
0,tcp,nntp,S0,0,0,0,0,0,0,0,0,0,0,0,0,0,0,0,0,0,94,4,1,1,0,0,0.04,0.06,0,255,1,0,0.07,0,0,1,1,0,0,anomaly
0,tcp,systat,S0,0,0,0,0,0,0,0,0,0,0,0,0,0,0,0,0,0,206,21,1,1,0,0,0.1,0.06,0,255,21,0.08,0.07,0,0,1,1,0,0,anomaly
0,tcp,Z39_50,S0,0,0,0,0,0,0,0,0,0,0,0,0,0,0,0,0,0,296,19,1,1,0,0,0.06,0.05,0,255,19,0.07,0.06,0,0,1,1,0,0,anomaly
0,tcp,private,S0,0,0,0,0,0,0,0,0,0,0,0,0,0,0,0,0,0,67,3,1,1,0,0,0.04,0.07,0,255,15,0.06,0.07,0,0,1,1,0,0,anomaly
0,tcp,private,S0,0,0,0,0,0,0,0,0,0,0,0,0,0,0,0,0,0,91,2,1,1,0,0,0.02,0.07,0,255,16,0.06,0.07,0,0,1,1,0,0,anomaly
0,tcp,private,RSTR,0,0,0,0,0,0,0,0,0,0,0,0,0,0,0,0,0,1,1,0,0,1,1,1,0,0,255,1,0,0.44,0.42,0,0,0,0.43,1,anomaly
0,tcp,telnet,S0,0,0,0,0,0,0,0,0,0,0,0,0,0,0,0,0,0,37,17,1,1,0,0,0.46,0.05,0,255,17,0.07,0.07,0.01,0,1,1,0,0,anomaly
0,tcp,private,REJ,0,0,0,0,0,0,0,0,0,0,0,0,0,0,0,0,0,259,1,0.08,0,0.87,1,0,1,0,255,1,0,1,0,0,0.08,0,0.87,1,anomaly
0,tcp,private,REJ,0,0,0,0,0,0,0,0,0,0,0,0,0,0,0,0,0,119,1,0.01,0,0.94,1,0.01,1,0,244,1,0,0.52,0,0,0,0,0.47,1,anomaly
0,tcp,private,S0,0,0,0,0,0,0,0,0,0,0,0,0,0,0,0,0,0,176,1,1,1,0,0,0.01,0.06,0,255,1,0,0.06,0,0,1,1,0,0,anomaly
0,tcp,private,S0,0,0,0,0,0,0,0,0,0,0,0,0,0,0,0,0,0,22,3,1,1,0,0,0.14,0.27,0,255,15,0.06,0.09,0,0,1,1,0,0,anomaly
0,tcp,daytime,RSTO,0,0,0,0,0,0,0,0,0,0,0,0,0,0,0,0,0,104,2,0,0,1,1,0.02,0.08,0,255,2,0.01,0.07,0,0,0,0,1,1,anomaly
0,tcp,gopher,S0,0,0,0,0,0,0,0,0,0,0,0,0,0,0,0,0,0,220,13,1,1,0,0,0.06,0.08,0,255,13,0.05,0.07,0,0,1,1,0,0,anomaly
0,tcp,vmnet,S0,0,0,0,0,0,0,0,0,0,0,0,0,0,0,0,0,0,281,2,1,1,0,0,0.01,0.06,0,255,3,0.01,0.07,0,0,1,1,0,0,anomaly
0,tcp,exec,S0,0,0,0,0,0,0,0,0,0,0,0,0,0,0,0,0,0,121,19,1,1,0,0,0.16,0.06,0,255,19,0.07,0.07,0,0,1,1,0,0,anomaly
0,tcp,csnet_ns,S0,0,0,0,0,0,0,0,0,0,0,0,0,0,0,0,0,0,240,18,1,1,0,0,0.08,0.05,0,255,18,0.07,0.06,0,0,1,1,0,0,anomaly
0,tcp,courier,REJ,0,0,0,0,0,0,0,0,0,0,0,0,0,0,0,0,0,2,1,0,0,1,1,0.5,1,0,255,1,0,0.98,0.97,0,0,0,0.97,1,anomaly
0,tcp,domain,S0,0,0,0,0,0,0,0,0,0,0,0,0,0,0,0,0,0,203,15,1,1,0,0,0.07,0.06,0,255,18,0.07,0.06,0,0,1,1,0,0,anomaly
0,udp,private,SF,1,0,0,0,0,0,0,0,0,0,0,0,0,0,0,0,0,8,7,0,0,0,0,0.88,0.25,0,255,7,0.03,0.23,1,0,0,0,0,0,anomaly
0,tcp,netbios_ns,S0,0,0,0,0,0,0,0,0,0,0,0,0,0,0,0,0,0,251,5,1,1,0,0,0.02,0.07,0,255,5,0.02,0.07,0,0,1,1,0,0,anomaly
0,tcp,private,S0,0,0,0,0,0,0,0,0,0,0,0,0,0,0,0,0,0,241,6,1,1,0,0,0.02,0.07,0,255,6,0.02,0.06,0,0,1,1,0,0,anomaly
0,tcp,private,S0,0,0,0,0,0,0,0,0,0,0,0,0,0,0,0,0,0,275,19,1,1,0,0,0.07,0.07,0,255,19,0.07,0.06,0,0,1,1,0,0,anomaly
0,tcp,private,S0,0,0,0,0,0,0,0,0,0,0,0,0,0,0,0,0,0,273,11,1,1,0,0,0.04,0.06,0,255,29,0.11,0.07,0,0,1,1,0,0,anomaly
0,tcp,private,S0,0,0,0,0,0,0,0,0,0,0,0,0,0,0,0,0,0,283,11,1,1,0,0,0.04,0.06,0,255,7,0.03,0.07,0,0,1,1,0,0,anomaly
0,tcp,imap4,S0,0,0,0,0,0,0,0,0,0,0,0,0,0,0,0,0,0,264,8,1,1,0,0,0.03,0.05,0,255,8,0.03,0.05,0,0,1,1,0,0,anomaly
0,tcp,netbios_dgm,S0,0,0,0,0,0,0,0,0,0,0,0,0,0,0,0,0,0,215,5,1,1,0,0,0.02,0.06,0,255,16,0.06,0.07,0,0,1,1,0,0,anomaly
0,tcp,discard,S0,0,0,0,0,0,0,0,0,0,0,0,0,0,0,0,0,0,264,15,1,1,0,0,0.06,0.06,0,255,15,0.06,0.07,0,0,1,1,0,0,anomaly
0,tcp,netbios_ns,S0,0,0,0,0,0,0,0,0,0,0,0,0,0,0,0,0,0,105,14,1,1,0,0,0.13,0.06,0,255,14,0.05,0.05,0,0,1,1,0,0,anomaly
0,tcp,private,REJ,0,0,0,0,0,0,0,0,0,0,0,0,0,0,0,0,0,122,7,0,0,1,1,0.06,0.07,0,255,27,0.11,0.06,0,0,0,0,1,1,anomaly
0,tcp,private,REJ,0,0,0,0,0,0,0,0,0,0,0,0,0,0,0,0,0,90,7,0,0,1,1,0.08,0.07,0,255,7,0.03,0.06,0,0,0,0,1,1,anomaly
0,tcp,private,REJ,0,0,0,0,0,0,0,0,0,0,0,0,0,0,0,0,0,145,9,0,0,1,1,0.06,0.07,0,255,9,0.04,0.07,0,0,0,0,1,1,anomaly
0,tcp,auth,S0,0,0,0,0,0,0,0,0,0,0,0,0,0,0,0,0,0,230,14,1,1,0,0,0.06,0.06,0,255,14,0.05,0.07,0,0,1,1,0,0,anomaly
0,tcp,ldap,S0,0,0,0,0,0,0,0,0,0,0,0,0,0,0,0,0,0,131,2,1,1,0,0,0.02,0.06,0,255,19,0.07,0.07,0,0,1,1,0,0,anomaly
0,tcp,private,S0,0,0,0,0,0,0,0,0,0,0,0,0,0,0,0,0,0,128,10,1,1,0,0,0.08,0.05,0,255,29,0.11,0.05,0,0,1,1,0,0,anomaly
0,icmp,eco_i,SF,8,0,0,0,0,0,0,0,0,0,0,0,0,0,0,0,0,1,28,0,0,0,0,1,0,1,2,66,1,0,1,0.5,0,0,0,0,anomaly
0,tcp,whois,S0,0,0,0,0,0,0,0,0,0,0,0,0,0,0,0,0,0,202,2,1,1,0,0,0.01,0.06,0,255,19,0.07,0.07,0,0,1,1,0,0,anomaly
0,tcp,nnsp,S0,0,0,0,0,0,0,0,0,0,0,0,0,0,0,0,0,0,103,3,1,1,0,0,0.03,0.09,0,255,3,0.01,0.06,0,0,1,1,0,0,anomaly
0,tcp,private,RSTR,0,0,0,0,0,0,0,0,0,0,0,0,0,0,0,0,0,1,1,0,0,1,1,1,0,0,239,1,0,0.32,0.3,0,0,0,0.3,1,anomaly
0,tcp,private,REJ,0,0,0,0,0,0,0,0,0,0,0,0,0,0,0,0,0,1,1,0,0,1,1,1,0,0,39,2,0.03,1,0.03,1,0,0,0.95,1,anomaly
0,tcp,ftp_data,SF,334,0,0,0,0,0,0,1,0,0,0,0,0,0,0,0,0,2,2,0,0,0,0,1,0,0,2,14,1,0,1,0.43,0,0,0,0,anomaly
0,tcp,telnet,RSTO,0,0,0,0,0,0,0,0,0,0,0,0,0,0,0,0,0,245,19,0,0,1,1,0.08,0.07,0,255,19,0.07,0.07,0,0,0,0,1,1,anomaly
0,tcp,http_443,S0,0,0,0,0,0,0,0,0,0,0,0,0,0,0,0,0,0,91,13,1,1,0,0,0.14,0.05,0,255,13,0.05,0.05,0,0,1,1,0,0,anomaly
0,icmp,ecr_i,SF,1480,0,0,1,0,0,0,0,0,0,0,0,0,0,0,0,0,11,11,0,0,0,0,1,0,0,255,13,0.05,0.02,0.05,0,0,0,0,0,anomaly
0,tcp,telnet,S0,0,0,0,0,0,0,0,0,0,0,0,0,0,0,0,0,0,10,3,0.9,1,0.1,0,0.3,0.4,0,255,3,0.01,0.08,0.01,0,1,1,0,0,anomaly
0,tcp,other,REJ,0,0,0,0,0,0,0,0,0,0,0,0,0,0,0,0,0,391,1,0.09,0,0.91,1,0,1,0,255,1,0,1,0,0,0.11,0,0.89,1,anomaly
0,tcp,private,S0,0,0,0,0,0,0,0,0,0,0,0,0,0,0,0,0,0,104,3,1,1,0,0,0.03,0.08,0,255,15,0.06,0.06,0,0,1,1,0,0,anomaly
0,tcp,ftp_data,SF,30,0,0,0,0,0,0,1,0,0,0,0,0,0,0,0,0,1,1,0,0,0,0,1,0,0,5,42,1,0,1,0.12,0,0,0,0,anomaly
0,tcp,http,SF,54540,8314,0,0,0,2,0,1,1,0,0,0,0,0,0,0,0,3,3,0,0,0,0,1,0,0,132,132,1,0,0.01,0,0,0,0.02,0.02,anomaly
0,tcp,http,S0,0,0,0,0,0,0,0,0,0,0,0,0,0,0,0,0,0,111,2,1,1,0,0,0.02,0.06,0,255,16,0.06,0.07,0,0,1,1,0,0,anomaly
0,icmp,ecr_i,SF,1480,0,0,1,0,0,0,0,0,0,0,0,0,0,0,0,0,2,2,0,0,0,0,1,0,0,2,2,1,0,1,0,0,0,0,0,anomaly
0,icmp,eco_i,SF,8,0,0,0,0,0,0,0,0,0,0,0,0,0,0,0,0,1,50,0,0,0,0,1,0,1,4,24,1,0,1,0.25,0,0,0,0,anomaly
0,tcp,private,S0,0,0,0,0,0,0,0,0,0,0,0,0,0,0,0,0,0,67,7,1,1,0,0,0.1,0.06,0,255,20,0.08,0.07,0,0,1,1,0,0,anomaly
0,tcp,auth,REJ,0,0,0,0,0,0,0,0,0,0,0,0,0,0,0,0,0,276,14,0,0,1,1,0.05,0.06,0,255,14,0.05,0.07,0,0,0,0,1,1,anomaly
16513,tcp,other,RSTR,1,0,0,0,0,0,0,0,0,0,0,0,0,0,0,0,0,2,2,0,0,1,1,1,0,0,255,2,0.01,0.62,1,0,0,0,1,1,anomaly
0,tcp,private,S0,0,0,0,0,0,0,0,0,0,0,0,0,0,0,0,0,0,271,12,1,1,0,0,0.04,0.06,0,255,9,0.04,0.06,0,0,1,1,0,0,anomaly
0,tcp,private,S0,0,0,0,0,0,0,0,0,0,0,0,0,0,0,0,0,0,102,10,1,1,0,0,0.1,0.06,0,255,5,0.02,0.07,0,0,1,1,0,0,anomaly
0,tcp,finger,RSTO,0,0,0,0,0,0,0,0,0,0,0,0,0,0,0,0,0,173,1,0,0,1,1,0.01,0.53,0,255,3,0.01,0.36,0.68,0,0,0,0.93,0.33,anomaly
0,udp,private,SF,28,0,0,3,0,0,0,0,0,0,0,0,0,0,0,0,0,56,56,0,0,0,0,1,0,0,255,56,0.22,0.01,0.22,0,0,0,0,0,anomaly
0,tcp,private,S0,0,0,0,0,0,0,0,0,0,0,0,0,0,0,0,0,0,283,18,1,1,0,0,0.06,0.06,0,255,10,0.04,0.08,0,0,1,1,0,0,anomaly
0,tcp,private,S0,0,0,0,0,0,0,0,0,0,0,0,0,0,0,0,0,0,263,7,1,1,0,0,0.03,0.05,0,255,7,0.03,0.09,0,0,1,1,0,0,anomaly
0,tcp,private,S0,0,0,0,0,0,0,0,0,0,0,0,0,0,0,0,0,0,127,17,1,1,0,0,0.13,0.06,0,255,4,0.02,0.06,0,0,1,1,0,0,anomaly
0,tcp,private,REJ,0,0,0,0,0,0,0,0,0,0,0,0,0,0,0,0,0,248,18,0,0,1,1,0.07,0.07,0,255,18,0.07,0.07,0,0,0,0,1,1,anomaly
0,tcp,whois,S0,0,0,0,0,0,0,0,0,0,0,0,0,0,0,0,0,0,257,2,1,1,0,0,0.01,0.06,0,255,2,0.01,0.06,0,0,1,1,0,0,anomaly
0,tcp,domain,S0,0,0,0,0,0,0,0,0,0,0,0,0,0,0,0,0,0,107,17,1,1,0,0,0.16,0.06,0,255,4,0.02,0.07,0,0,1,1,0,0,anomaly
0,tcp,private,S0,0,0,0,0,0,0,0,0,0,0,0,0,0,0,0,0,0,220,20,1,1,0,0,0.09,0.06,0,255,20,0.08,0.07,0,0,1,1,0,0,anomaly
0,tcp,klogin,S0,0,0,0,0,0,0,0,0,0,0,0,0,0,0,0,0,0,11,6,1,1,0,0,0.55,0.18,0,255,11,0.04,0.07,0,0,1,1,0,0,anomaly
0,tcp,private,REJ,0,0,0,0,0,0,0,0,0,0,0,0,0,0,0,0,0,27,11,0,0,1,1,0.41,0.11,0,255,31,0.12,0.05,0,0,0,0,1,1,anomaly
0,tcp,http,S0,0,0,0,0,0,0,0,0,0,0,0,0,0,0,0,0,0,21,11,1,1,0,0,0.52,0.1,0,255,61,0.24,0.04,0,0,1,1,0,0,anomaly
0,icmp,eco_i,SF,8,0,0,0,0,0,0,0,0,0,0,0,0,0,0,0,0,1,15,0,0,0,0,1,0,1,2,32,1,0,1,0.5,0,0,0,0,anomaly
0,udp,private,SF,28,0,0,3,0,0,0,0,0,0,0,0,0,0,0,0,0,163,63,0.61,0,0,0,0.39,0.04,0,255,63,0.25,0.76,0.25,0,0.09,0,0.67,0,anomaly
0,tcp,ftp_data,SF,30,0,0,0,0,0,0,1,0,0,0,0,0,0,0,0,0,1,1,0,0,0,0,1,0,0,5,39,1,0,1,0.15,0,0.03,0,0,anomaly
0,tcp,private,S0,0,0,0,0,0,0,0,0,0,0,0,0,0,0,0,0,0,254,22,1,1,0,0,0.09,0.05,0,58,22,0.38,0.1,0.02,0,0.97,1,0,0,anomaly
0,tcp,sql_net,S0,0,0,0,0,0,0,0,0,0,0,0,0,0,0,0,0,0,248,15,1,1,0,0,0.06,0.06,0,255,1,0,0.07,0,0,1,1,0,0,anomaly
0,tcp,ctf,S0,0,0,0,0,0,0,0,0,0,0,0,0,0,0,0,0,0,209,20,1,1,0,0,0.1,0.07,0,255,20,0.08,0.07,0,0,1,1,0,0,anomaly
0,tcp,private,S0,0,0,0,0,0,0,0,0,0,0,0,0,0,0,0,0,0,178,14,1,1,0,0,0.08,0.06,0,255,3,0.01,0.07,0,0,1,1,0,0,anomaly
0,icmp,eco_i,SF,8,0,0,0,0,0,0,0,0,0,0,0,0,0,0,0,0,1,11,0,0,0,0,1,0,1,4,200,1,0,1,0.25,0,0,0,0,anomaly
0,tcp,private,S0,0,0,0,0,0,0,0,0,0,0,0,0,0,0,0,0,0,149,6,1,1,0,0,0.04,0.06,0,255,4,0.02,0.07,0,0,1,1,0,0,anomaly
0,tcp,private,S0,0,0,0,0,0,0,0,0,0,0,0,0,0,0,0,0,0,135,19,1,1,0,0,0.14,0.05,0,255,20,0.08,0.06,0,0,1,1,0,0,anomaly
0,tcp,telnet,S0,0,0,0,0,0,0,0,0,0,0,0,0,0,0,0,0,0,31,11,1,1,0,0,0.35,0.06,0,255,11,0.04,0.07,0.01,0,1,1,0,0,anomaly
0,tcp,private,S0,0,0,0,0,0,0,0,0,0,0,0,0,0,0,0,0,0,95,6,1,1,0,0,0.06,0.06,0,255,29,0.11,0.07,0,0,1,1,0,0,anomaly
0,tcp,private,S0,0,0,0,0,0,0,0,0,0,0,0,0,0,0,0,0,0,11,7,1,1,0,0,0.64,0.18,0,255,7,0.03,0.09,0,0,1,1,0,0,anomaly
0,tcp,netbios_dgm,S0,0,0,0,0,0,0,0,0,0,0,0,0,0,0,0,0,0,198,7,1,1,0,0,0.04,0.07,0,255,7,0.03,0.07,0,0,1,1,0,0,anomaly
0,tcp,ftp_data,REJ,0,0,0,0,0,0,0,0,0,0,0,0,0,0,0,0,0,237,3,0,0,1,1,0.01,0.07,0,255,3,0.01,0.08,0,0,0,0,1,1,anomaly
0,icmp,ecr_i,SF,520,0,0,0,0,0,0,0,0,0,0,0,0,0,0,0,0,444,444,0,0,0,0,1,0,0,218,218,1,0,1,0,0,0,0,0,anomaly
0,tcp,iso_tsap,S0,0,0,0,0,0,0,0,0,0,0,0,0,0,0,0,0,0,258,19,1,1,0,0,0.07,0.06,0,255,19,0.07,0.07,0,0,1,1,0,0,anomaly
0,tcp,ldap,S0,0,0,0,0,0,0,0,0,0,0,0,0,0,0,0,0,0,136,4,1,1,0,0,0.03,0.06,0,255,13,0.05,0.06,0,0,1,1,0,0,anomaly
0,tcp,private,REJ,0,0,0,0,0,0,0,0,0,0,0,0,0,0,0,0,0,242,12,0,0,1,1,0.05,0.07,0,255,12,0.05,0.09,0,0,0,0,1,1,anomaly
0,tcp,private,S0,0,0,0,0,0,0,0,0,0,0,0,0,0,0,0,0,0,115,11,1,1,0,0,0.1,0.07,0,255,5,0.02,0.08,0,0,1,1,0,0,anomaly
4,tcp,ftp,SF,1232,2449,0,0,0,28,0,1,0,0,0,0,0,0,0,0,1,1,1,0,0,0,0,1,0,0,246,74,0.3,0.02,0,0,0,0,0.01,0,anomaly
0,tcp,name,S0,0,0,0,0,0,0,0,0,0,0,0,0,0,0,0,0,0,275,8,1,1,0,0,0.03,0.06,0,255,8,0.03,0.07,0,0,1,1,0,0,anomaly
1,tcp,private,RSTR,0,0,0,0,0,0,0,0,0,0,0,0,0,0,0,0,0,304,2,0,0,1,1,0.01,0.5,0,255,2,0.01,0.5,1,0,0,0,1,1,anomaly
0,tcp,private,S0,0,0,0,0,0,0,0,0,0,0,0,0,0,0,0,0,0,288,18,1,1,0,0,0.06,0.06,0,255,1,0,0.07,0,0,1,1,0,0,anomaly
0,icmp,ecr_i,SF,520,0,0,0,0,0,0,0,0,0,0,0,0,0,0,0,0,50,50,0,0,0,0,1,0,0,255,255,1,0,1,0,0,0,0,0,anomaly
0,tcp,private,REJ,0,0,0,0,0,0,0,0,0,0,0,0,0,0,0,0,0,96,9,0,0,1,1,0.09,0.06,0,255,9,0.04,0.05,0,0,0,0,1,1,anomaly
3,tcp,private,RSTR,0,0,0,0,0,0,0,0,0,0,0,0,0,0,0,0,0,335,2,0,0,1,1,0.01,0.52,0,255,2,0.01,0.52,1,0,0,0,1,1,anomaly
0,tcp,printer,RSTO,0,0,0,0,0,0,0,0,0,0,0,0,0,0,0,0,0,111,5,0,0,1,1,0.05,0.06,0,255,5,0.02,0.08,0,0,0,0,1,1,anomaly
0,icmp,eco_i,SF,18,0,0,0,0,0,0,0,0,0,0,0,0,0,0,0,0,1,1,0,0,0,0,1,0,0,4,176,1,0,1,0.25,0,0,0,0,anomaly
0,udp,private,SF,28,0,0,3,0,0,0,0,0,0,0,0,0,0,0,0,0,2,2,0,0,0,0,1,0,0,205,2,0.01,0.05,0.01,0,0.02,0,0,0,anomaly
0,tcp,private,S0,0,0,0,0,0,0,0,0,0,0,0,0,0,0,0,0,0,121,7,1,1,0,0,0.06,0.07,0,255,7,0.03,0.07,0,0,1,1,0,0,anomaly
0,tcp,netbios_ssn,S0,0,0,0,0,0,0,0,0,0,0,0,0,0,0,0,0,0,259,11,1,1,0,0,0.04,0.06,0,255,11,0.04,0.06,0,0,1,1,0,0,anomaly
0,tcp,finger,S0,0,0,0,0,0,0,0,0,0,0,0,0,0,0,0,0,0,30,16,1,1,0,0,0.53,0.07,0,255,60,0.24,0.04,0.01,0,1,1,0,0,anomaly
0,tcp,ftp_data,SF,334,0,0,0,0,0,0,1,0,0,0,0,0,0,0,0,0,1,1,0,0,0,0,1,0,0,3,11,1,0,1,0.27,0,0,0,0,anomaly
0,tcp,netbios_ssn,S0,0,0,0,0,0,0,0,0,0,0,0,0,0,0,0,0,0,293,10,1,1,0,0,0.03,0.05,0,255,4,0.02,0.07,0,0,1,1,0,0,anomaly
0,tcp,gopher,S0,0,0,0,0,0,0,0,0,0,0,0,0,0,0,0,0,0,232,3,1,1,0,0,0.01,0.06,0,255,3,0.01,0.06,0,0,1,1,0,0,anomaly
0,tcp,private,REJ,0,0,0,0,0,0,0,0,0,0,0,0,0,0,0,0,0,509,1,0.08,0,0.91,1,0,0.95,0,255,1,0,0.91,0,0,0.08,0,0.92,1,anomaly
0,tcp,private,S0,0,0,0,0,0,0,0,0,0,0,0,0,0,0,0,0,0,130,9,1,1,0,0,0.07,0.06,0,135,12,0.09,0.11,0.01,0,1,1,0,0,anomaly
0,icmp,eco_i,SF,8,0,0,0,0,0,0,0,0,0,0,0,0,0,0,0,0,1,29,0,0,0,0,1,0,1,1,86,1,0,1,0.51,0,0,0,0,anomaly
0,tcp,private,RSTR,0,0,0,0,0,0,0,0,0,0,0,0,0,0,0,0,0,1,1,0,0,1,1,1,0,0,255,1,0,0.37,0.37,0,0,0,0.37,1,anomaly
0,tcp,ftp_data,S0,0,0,0,0,0,0,0,0,0,0,0,0,0,0,0,0,0,284,19,1,1,0,0,0.07,0.06,0,255,18,0.07,0.06,0,0,1,1,0,0,anomaly
0,tcp,auth,REJ,0,0,0,0,0,0,0,0,0,0,0,0,0,0,0,0,0,247,9,0,0,1,1,0.04,0.07,0,255,9,0.04,0.07,0,0,0,0,1,1,anomaly
0,tcp,private,S0,0,0,0,0,0,0,0,0,0,0,0,0,0,0,0,0,0,128,19,1,1,0,0,0.15,0.05,0,255,3,0.01,0.06,0,0,1,1,0,0,anomaly
0,tcp,ftp_data,S0,0,0,0,0,0,0,0,0,0,0,0,0,0,0,0,0,0,211,2,1,1,0,0,0.01,0.06,0,255,2,0.01,0.08,0,0,1,1,0,0,anomaly
0,tcp,private,S0,0,0,0,0,0,0,0,0,0,0,0,0,0,0,0,0,0,111,6,1,1,0,0,0.05,0.06,0,255,2,0.01,0.07,0,0,1,1,0,0,anomaly
0,tcp,private,S0,0,0,0,0,0,0,0,0,0,0,0,0,0,0,0,0,0,216,8,1,1,0,0,0.04,0.06,0,255,13,0.05,0.08,0,0,1,1,0,0,anomaly
0,tcp,ftp,RSTO,0,0,0,0,0,0,0,0,0,0,0,0,0,0,0,0,0,245,14,0,0,1,1,0.06,0.07,0,255,14,0.05,0.08,0,0,0,0,1,1,anomaly
0,tcp,private,S0,0,0,0,0,0,0,0,0,0,0,0,0,0,0,0,0,0,259,10,1,1,0,0,0.04,0.05,0,200,10,0.05,0.06,0,0,0.93,1,0,0,anomaly
4721,tcp,other,RSTR,1,0,0,0,0,0,0,0,0,0,0,0,0,0,0,0,0,2,2,0,0,1,1,1,0,0,255,2,0.01,0.74,1,0,0,0,1,1,anomaly
0,tcp,private,S0,0,0,0,0,0,0,0,0,0,0,0,0,0,0,0,0,0,234,3,1,1,0,0,0.01,0.07,0,255,3,0.01,0.06,0,0,1,1,0,0,anomaly
0,tcp,discard,S0,0,0,0,0,0,0,0,0,0,0,0,0,0,0,0,0,0,230,22,1,1,0,0,0.1,0.05,0,255,22,0.09,0.05,0,0,1,1,0,0,anomaly
0,tcp,smtp,S0,0,0,0,0,0,0,0,0,0,0,0,0,0,0,0,0,0,7,9,1,0.78,0,0,1,0,0.33,29,141,0.24,0.07,0.03,0.01,0.93,0.05,0,0,anomaly
0,tcp,private,REJ,0,0,0,0,0,0,0,0,0,0,0,0,0,0,0,0,0,500,1,0.06,0,0.93,1,0,1,0,255,1,0,1,0,0,0.08,0,0.91,1,anomaly
0,tcp,finger,S0,0,0,0,0,0,0,0,0,0,0,0,0,0,0,0,0,0,55,20,1,1,0,0,0.36,0.07,0,255,40,0.16,0.06,0.01,0,1,1,0,0,anomaly
0,tcp,bgp,REJ,0,0,0,0,0,0,0,0,0,0,0,0,0,0,0,0,0,145,8,0,0,1,1,0.06,0.08,0,255,8,0.03,0.09,0,0,0,0,1,1,anomaly
0,icmp,eco_i,SF,8,0,0,0,0,0,0,0,0,0,0,0,0,0,0,0,0,1,17,0,0,0,0,1,0,1,1,205,1,0,1,0.5,0,0,0,0,anomaly
0,tcp,vmnet,S0,0,0,0,0,0,0,0,0,0,0,0,0,0,0,0,0,0,102,11,1,1,0,0,0.11,0.06,0,255,10,0.04,0.06,0,0,1,1,0,0,anomaly
0,tcp,private,REJ,0,0,0,0,0,0,0,0,0,0,0,0,0,0,0,0,0,235,19,0,0,1,1,0.08,0.06,0,255,19,0.07,0.06,0,0,0,0,1,1,anomaly
0,tcp,other,REJ,0,0,0,0,0,0,0,0,0,0,0,0,0,0,0,0,0,510,1,0.2,0,0.79,1,0,1,0,255,1,0,1,0,0,0.19,0,0.81,1,anomaly
0,tcp,kshell,S0,0,0,0,0,0,0,0,0,0,0,0,0,0,0,0,0,0,148,24,1,1,0,0,0.16,0.05,0,255,24,0.09,0.04,0,0,1,1,0,0,anomaly
0,tcp,private,S0,0,0,0,0,0,0,0,0,0,0,0,0,0,0,0,0,0,91,19,1,1,0,0,0.21,0.05,0,255,18,0.07,0.06,0,0,1,1,0,0,anomaly
0,tcp,ftp_data,S0,0,0,0,0,0,0,0,0,0,0,0,0,0,0,0,0,0,249,11,1,1,0,0,0.04,0.06,0,255,11,0.04,0.07,0,0,1,1,0,0,anomaly
0,tcp,private,S0,0,0,0,0,0,0,0,0,0,0,0,0,0,0,0,0,0,178,14,1,1,0,0,0.08,0.06,0,255,14,0.05,0.06,0,0,1,1,0,0,anomaly
0,tcp,supdup,S0,0,0,0,0,0,0,0,0,0,0,0,0,0,0,0,0,0,113,4,1,1,0,0,0.04,0.06,0,255,6,0.02,0.08,0,0,1,1,0,0,anomaly
0,tcp,ctf,S0,0,0,0,0,0,0,0,0,0,0,0,0,0,0,0,0,0,148,9,1,1,0,0,0.06,0.05,0,255,4,0.02,0.07,0,0,1,1,0,0,anomaly
0,tcp,private,S0,0,0,0,0,0,0,0,0,0,0,0,0,0,0,0,0,0,137,19,1,1,0,0,0.14,0.06,0,255,19,0.07,0.06,0,0,1,1,0,0,anomaly
0,tcp,link,S0,0,0,0,0,0,0,0,0,0,0,0,0,0,0,0,0,0,265,4,1,1,0,0,0.02,0.06,0,255,4,0.02,0.07,0,0,1,1,0,0,anomaly
0,tcp,echo,RSTO,0,0,0,0,0,0,0,0,0,0,0,0,0,0,0,0,0,197,5,0,0,1,1,0.03,0.07,0,255,5,0.02,0.07,0,0,0,0,1,1,anomaly
0,tcp,nntp,S0,0,0,0,0,0,0,0,0,0,0,0,0,0,0,0,0,0,202,2,1,1,0,0,0.01,0.06,0,255,18,0.07,0.06,0,0,1,1,0,0,anomaly
0,tcp,kshell,S0,0,0,0,0,0,0,0,0,0,0,0,0,0,0,0,0,0,109,7,1,1,0,0,0.06,0.06,0,255,20,0.08,0.05,0,0,1,1,0,0,anomaly
0,tcp,ctf,REJ,0,0,0,0,0,0,0,0,0,0,0,0,0,0,0,0,0,251,2,0,0,1,1,0.01,0.07,0,255,2,0.01,0.07,0,0,0,0,1,1,anomaly
0,icmp,eco_i,SF,8,0,0,0,0,0,0,0,0,0,0,0,0,0,0,0,0,1,5,0,0,0,0,1,0,1,2,46,1,0,1,0.5,0,0,0,0,anomaly
0,tcp,mtp,S0,0,0,0,0,0,0,0,0,0,0,0,0,0,0,0,0,0,266,2,1,1,0,0,0.01,0.06,0,255,13,0.05,0.07,0,0,1,1,0,0,anomaly
0,tcp,telnet,RSTO,0,0,0,0,0,0,0,0,0,0,0,0,0,0,0,0,0,224,12,0,0,1,1,0.05,0.07,0,255,12,0.05,0.09,0,0,0,0,1,1,anomaly
0,tcp,login,S0,0,0,0,0,0,0,0,0,0,0,0,0,0,0,0,0,0,119,8,1,1,0,0,0.07,0.07,0,255,1,0,0.09,0,0,1,1,0,0,anomaly
0,tcp,ftp_data,S0,0,0,0,0,0,0,0,0,0,0,0,0,0,0,0,0,0,33,12,0.97,1,0.03,0,0.36,0.09,0,255,5,0.02,0.06,0.01,0,1,1,0,0,anomaly
0,tcp,private,REJ,0,0,0,0,0,0,0,0,0,0,0,0,0,0,0,0,0,145,1,0.01,0,0.95,1,0.01,1,0,255,1,0,0.6,0,0,0,0,0.55,1,anomaly
0,tcp,private,S0,0,0,0,0,0,0,0,0,0,0,0,0,0,0,0,0,0,144,11,1,1,0,0,0.08,0.06,0,255,3,0.01,0.06,0,0,1,1,0,0,anomaly
0,tcp,private,S0,0,0,0,0,0,0,0,0,0,0,0,0,0,0,0,0,0,143,12,1,1,0,0,0.08,0.06,0,216,10,0.05,0.08,0,0,1,1,0,0,anomaly
0,tcp,time,S0,0,0,0,0,0,0,0,0,0,0,0,0,0,0,0,0,0,260,3,1,1,0,0,0.01,0.06,0,255,3,0.01,0.07,0,0,1,1,0,0,anomaly
0,icmp,eco_i,SF,8,0,0,0,0,0,0,0,0,0,0,0,0,0,0,0,0,1,26,0,0,0,0,1,0,1,1,153,1,0,1,0.5,0,0,0,0,anomaly
0,udp,private,SF,100,0,0,0,0,0,0,0,0,0,0,0,0,0,0,0,0,3,3,0,0,0,0,1,0,0,34,4,0.12,0.06,0.12,0,0,0,0,0,anomaly
0,tcp,private,S0,0,0,0,0,0,0,0,0,0,0,0,0,0,0,0,0,0,13,1,1,1,0,0,0.08,0.31,0,255,1,0,0.09,0,0,1,1,0,0,anomaly
0,tcp,time,S0,0,0,0,0,0,0,0,0,0,0,0,0,0,0,0,0,0,270,21,1,1,0,0,0.08,0.05,0,255,21,0.08,0.05,0,0,1,1,0,0,anomaly
0,tcp,name,REJ,0,0,0,0,0,0,0,0,0,0,0,0,0,0,0,0,0,235,19,0,0,1,1,0.08,0.06,0,255,19,0.07,0.07,0,0,0,0,1,1,anomaly
0,tcp,private,S0,0,0,0,0,0,0,0,0,0,0,0,0,0,0,0,0,0,199,7,1,1,0,0,0.04,0.06,0,255,7,0.03,0.07,0,0,1,1,0,0,anomaly
0,icmp,ecr_i,SF,520,0,0,0,0,0,0,0,0,0,0,0,0,0,0,0,0,149,149,0,0,0,0,1,0,0,255,255,1,0,1,0,0,0,0,0,anomaly
0,tcp,other,REJ,0,0,0,0,0,0,0,0,0,0,0,0,0,0,0,0,0,509,1,0.08,0,0.92,1,0,1,0,255,1,0,1,0,0,0.08,0,0.92,1,anomaly
0,icmp,eco_i,SF,8,0,0,0,0,0,0,0,0,0,0,0,0,0,0,0,0,1,11,0,0,0,0,1,0,1,5,254,0.8,0.4,0.8,0.25,0.2,0,0,0,anomaly
0,icmp,eco_i,SF,8,0,0,0,0,0,0,0,0,0,0,0,0,0,0,0,0,1,52,0,0,0,0,1,0,1,1,75,1,0,1,0.51,0,0,0,0,anomaly
0,tcp,discard,S0,0,0,0,0,0,0,0,0,0,0,0,0,0,0,0,0,0,211,20,1,1,0,0,0.09,0.07,0,255,20,0.08,0.08,0,0,1,1,0,0,anomaly
0,icmp,ecr_i,SF,1032,0,0,0,0,0,0,0,0,0,0,0,0,0,0,0,0,511,511,0,0,0,0,1,0,0,255,137,0.54,0.02,0.54,0,0.01,0,0.02,0,anomaly
0,icmp,ecr_i,SF,1032,0,0,0,0,0,0,0,0,0,0,0,0,0,0,0,0,88,88,0,0,0,0,1,0,0,255,88,0.35,0.02,0.35,0,0,0,0,0,anomaly
0,tcp,klogin,REJ,0,0,0,0,0,0,0,0,0,0,0,0,0,0,0,0,0,138,18,0,0,1,1,0.13,0.06,0,255,18,0.07,0.07,0,0,0,0,1,1,anomaly
2,tcp,finger,SF,0,0,0,0,0,0,0,0,0,0,0,0,0,0,0,0,0,1,1,0,0,0,0,1,0,0,60,4,0.02,1,0.02,0.5,0,0,0.9,0,anomaly
0,tcp,private,S0,0,0,0,0,0,0,0,0,0,0,0,0,0,0,0,0,0,210,6,1,1,0,0,0.03,0.06,0,255,8,0.03,0.06,0,0,1,1,0,0,anomaly
0,tcp,csnet_ns,S0,0,0,0,0,0,0,0,0,0,0,0,0,0,0,0,0,0,150,20,0.99,1,0,0,0.13,0.08,0,255,20,0.08,0.07,0,0,1,1,0,0,anomaly
0,tcp,ftp_data,SF,334,0,0,0,0,0,0,1,0,0,0,0,0,0,0,0,0,2,2,0,0,0,0,1,0,0,4,34,1,0,1,0.15,0,0,0,0,anomaly
0,tcp,private,S0,0,0,0,0,0,0,0,0,0,0,0,0,0,0,0,0,0,265,17,1,1,0,0,0.06,0.05,0,255,16,0.06,0.08,0,0,1,1,0,0,anomaly
0,icmp,eco_i,SF,8,0,0,0,0,0,0,0,0,0,0,0,0,0,0,0,0,1,2,0,0,0,0,1,0,1,1,17,1,0,1,0.53,0,0,0,0,anomaly
0,tcp,private,RSTR,0,0,0,0,0,0,0,0,0,0,0,0,0,0,0,0,0,1,1,0,0,1,1,1,0,0,162,1,0.01,0.7,0.7,0,0.04,0,0.63,1,anomaly
0,tcp,private,S0,0,0,0,0,0,0,0,0,0,0,0,0,0,0,0,0,0,284,12,1,1,0,0,0.04,0.06,0,255,9,0.04,0.07,0,0,1,1,0,0,anomaly
0,tcp,daytime,S0,0,0,0,0,0,0,0,0,0,0,0,0,0,0,0,0,0,270,13,1,1,0,0,0.05,0.07,0,255,13,0.05,0.07,0,0,1,1,0,0,anomaly
0,tcp,uucp_path,REJ,0,0,0,0,0,0,0,0,0,0,0,0,0,0,0,0,0,202,2,0,0,1,1,0.01,0.06,0,255,2,0.01,0.07,0,0,0,0,1,1,anomaly
0,tcp,login,S0,0,0,0,0,0,0,0,0,0,0,0,0,0,0,0,0,0,4,2,1,1,0,0,0.5,0.5,0,255,2,0.01,0.07,0,0,1,1,0,0,anomaly
0,icmp,ecr_i,SF,1032,0,0,0,0,0,0,0,0,0,0,0,0,0,0,0,0,511,511,0,0,0,0,1,0,0,255,28,0.11,0.24,0.11,0,0,0,0,0,anomaly
0,tcp,exec,S0,0,0,0,0,0,0,0,0,0,0,0,0,0,0,0,0,0,119,24,1,1,0,0,0.2,0.04,0,255,24,0.09,0.04,0,0,1,1,0,0,anomaly
0,tcp,exec,REJ,0,0,0,0,0,0,0,0,0,0,0,0,0,0,0,0,0,104,1,0.07,0,0.93,1,0.01,1,0,255,1,0,0.67,0,0,0.03,0,0.39,1,anomaly
0,tcp,private,S0,0,0,0,0,0,0,0,0,0,0,0,0,0,0,0,0,0,161,11,1,1,0,0,0.07,0.06,0,255,11,0.04,0.06,0,0,1,1,0,0,anomaly
0,tcp,netbios_dgm,REJ,0,0,0,0,0,0,0,0,0,0,0,0,0,0,0,0,0,242,16,0,0,1,1,0.07,0.07,0,255,16,0.06,0.07,0,0,0,0,1,1,anomaly
0,icmp,ecr_i,SF,1032,0,0,0,0,0,0,0,0,0,0,0,0,0,0,0,0,511,511,0,0,0,0,1,0,0,255,102,0.4,0.02,0.4,0,0.02,0,0.02,0,anomaly
0,tcp,discard,S0,0,0,0,0,0,0,0,0,0,0,0,0,0,0,0,0,0,266,1,1,1,0,0,0,0.06,0,255,1,0,0.07,0,0,1,1,0,0,anomaly
0,tcp,netbios_ns,S0,0,0,0,0,0,0,0,0,0,0,0,0,0,0,0,0,0,225,17,1,1,0,0,0.08,0.06,0,255,17,0.07,0.07,0,0,1,1,0,0,anomaly
0,tcp,private,S0,0,0,0,0,0,0,0,0,0,0,0,0,0,0,0,0,0,112,16,1,1,0,0,0.14,0.05,0,255,12,0.05,0.05,0,0,1,1,0,0,anomaly
0,tcp,courier,S0,0,0,0,0,0,0,0,0,0,0,0,0,0,0,0,0,0,114,6,1,1,0,0,0.05,0.06,0,255,6,0.02,0.05,0,0,1,1,0,0,anomaly
0,tcp,private,S0,0,0,0,0,0,0,0,0,0,0,0,0,0,0,0,0,0,114,5,1,1,0,0,0.04,0.07,0,255,5,0.02,0.05,0,0,1,1,0,0,anomaly
0,tcp,netbios_dgm,S0,0,0,0,0,0,0,0,0,0,0,0,0,0,0,0,0,0,233,7,1,1,0,0,0.03,0.06,0,255,8,0.03,0.07,0,0,1,1,0,0,anomaly
0,tcp,private,S0,0,0,0,0,0,0,0,0,0,0,0,0,0,0,0,0,0,168,6,1,1,0,0,0.04,0.07,0,255,18,0.07,0.08,0,0,1,1,0,0,anomaly
0,tcp,private,S0,0,0,0,0,0,0,0,0,0,0,0,0,0,0,0,0,0,135,11,1,1,0,0,0.08,0.04,0,255,11,0.04,0.06,0,0,1,1,0,0,anomaly
0,tcp,http,SF,54540,8314,0,0,0,2,0,1,1,0,0,0,0,0,0,0,0,3,3,0,0,0,0,1,0,0,91,91,1,0,0.01,0,0.01,0.01,0.01,0.01,anomaly
0,tcp,efs,S0,0,0,0,0,0,0,0,0,0,0,0,0,0,0,0,0,0,142,5,1,1,0,0,0.04,0.06,0,255,5,0.02,0.06,0,0,1,1,0,0,anomaly
0,tcp,X11,REJ,0,0,0,0,0,0,0,0,0,0,0,0,0,0,0,0,0,9,1,0,0,0.44,1,0.11,1,0,164,1,0.01,0.09,0.01,0,0.01,0,0.02,1,anomaly
0,tcp,vmnet,S0,0,0,0,0,0,0,0,0,0,0,0,0,0,0,0,0,0,98,1,1,1,0,0,0.01,0.06,0,255,1,0,0.07,0,0,1,1,0,0,anomaly
0,tcp,private,S0,0,0,0,0,0,0,0,0,0,0,0,0,0,0,0,0,0,157,12,1,1,0,0,0.08,0.05,0,255,12,0.05,0.05,0,0,1,1,0,0,anomaly
0,tcp,auth,S0,0,0,0,0,0,0,0,0,0,0,0,0,0,0,0,0,0,242,9,1,1,0,0,0.04,0.07,0,255,9,0.04,0.07,0,0,1,1,0,0,anomaly
0,tcp,private,S0,0,0,0,0,0,0,0,0,0,0,0,0,0,0,0,0,0,104,12,1,1,0,0,0.12,0.06,0,255,13,0.05,0.06,0,0,1,1,0,0,anomaly
0,tcp,supdup,S0,0,0,0,0,0,0,0,0,0,0,0,0,0,0,0,0,0,215,19,1,1,0,0,0.09,0.07,0,255,19,0.07,0.07,0,0,1,1,0,0,anomaly
0,tcp,private,S0,0,0,0,0,0,0,0,0,0,0,0,0,0,0,0,0,0,273,20,1,1,0,0,0.07,0.06,0,255,1,0,0.07,0,0,1,1,0,0,anomaly
0,icmp,ecr_i,SF,1032,0,0,0,0,0,0,0,0,0,0,0,0,0,0,0,0,511,511,0,0,0,0,1,0,0,255,69,0.27,0.15,0.27,0,0,0,0,0,anomaly
0,tcp,nnsp,S0,0,0,0,0,0,0,0,0,0,0,0,0,0,0,0,0,0,129,18,1,1,0,0,0.14,0.06,0,255,20,0.08,0.06,0,0,1,1,0,0,anomaly
0,tcp,bgp,S0,0,0,0,0,0,0,0,0,0,0,0,0,0,0,0,0,0,278,19,1,1,0,0,0.07,0.05,0,255,19,0.07,0.05,0,0,1,1,0,0,anomaly
0,tcp,private,S0,0,0,0,0,0,0,0,0,0,0,0,0,0,0,0,0,0,98,2,1,1,0,0,0.02,0.08,0,255,2,0.01,0.07,0,0,1,1,0,0,anomaly
0,udp,private,SF,28,0,0,3,0,0,0,0,0,0,0,0,0,0,0,0,0,32,32,0,0,0,0,1,0,0,235,32,0.14,0.05,0.14,0,0.02,0,0,0,anomaly
0,tcp,private,S0,0,0,0,0,0,0,0,0,0,0,0,0,0,0,0,0,0,190,4,1,1,0,0,0.02,0.06,0,255,4,0.02,0.06,0,0,1,1,0,0,anomaly
0,tcp,efs,S0,0,0,0,0,0,0,0,0,0,0,0,0,0,0,0,0,0,142,5,1,1,0,0,0.04,0.06,0,255,5,0.02,0.06,0,0,1,1,0,0,anomaly
0,tcp,private,REJ,0,0,0,0,0,0,0,0,0,0,0,0,0,0,0,0,0,82,13,0,0,1,1,0.16,0.06,0,255,13,0.05,0.06,0,0,0,0,1,1,anomaly
0,icmp,ecr_i,SF,1032,0,0,0,0,0,0,0,0,0,0,0,0,0,0,0,0,510,510,0,0,0,0,1,0,0,255,203,0.8,0.02,0.8,0,0,0,0,0,anomaly
0,tcp,courier,REJ,0,0,0,0,0,0,0,0,0,0,0,0,0,0,0,0,0,148,19,0,0,1,1,0.13,0.05,0,255,19,0.07,0.05,0,0,0,0,1,1,anomaly
0,tcp,discard,S0,0,0,0,0,0,0,0,0,0,0,0,0,0,0,0,0,0,253,7,1,1,0,0,0.03,0.06,0,255,7,0.03,0.06,0,0,1,1,0,0,anomaly
0,tcp,private,S0,0,0,0,0,0,0,0,0,0,0,0,0,0,0,0,0,0,204,4,1,1,0,0,0.02,0.06,0,255,14,0.05,0.08,0,0,1,1,0,0,anomaly
0,tcp,private,REJ,0,0,0,0,0,0,0,0,0,0,0,0,0,0,0,0,0,289,18,0,0,1,1,0.06,0.06,0,255,32,0.13,0.07,0,0,0,0,1,1,anomaly
0,tcp,klogin,S0,0,0,0,0,0,0,0,0,0,0,0,0,0,0,0,0,0,148,18,1,1,0,0,0.12,0.05,0,255,17,0.07,0.07,0,0,1,1,0,0,anomaly
0,tcp,private,S0,0,0,0,0,0,0,0,0,0,0,0,0,0,0,0,0,0,218,18,1,1,0,0,0.08,0.08,0,255,18,0.07,0.09,0,0,1,1,0,0,anomaly
0,tcp,private,S0,0,0,0,0,0,0,0,0,0,0,0,0,0,0,0,0,0,160,2,1,1,0,0,0.01,0.07,0,255,16,0.06,0.07,0,0,1,1,0,0,anomaly
0,tcp,ftp_data,S0,0,0,0,0,0,0,0,0,0,0,0,0,0,0,0,0,0,69,16,1,1,0,0,0.23,0.06,0,255,49,0.19,0.05,0.01,0,1,1,0,0,anomaly
0,tcp,supdup,S0,0,0,0,0,0,0,0,0,0,0,0,0,0,0,0,0,0,244,19,1,1,0,0,0.08,0.06,0,255,19,0.07,0.07,0,0,1,1,0,0,anomaly
0,tcp,private,S0,0,0,0,0,0,0,0,0,0,0,0,0,0,0,0,0,0,244,2,1,1,0,0,0.01,0.06,0,255,7,0.03,0.07,0,0,1,1,0,0,anomaly
0,tcp,netbios_dgm,S0,0,0,0,0,0,0,0,0,0,0,0,0,0,0,0,0,0,150,16,1,1,0,0,0.11,0.05,0,255,2,0.01,0.08,0,0,1,1,0,0,anomaly
0,tcp,bgp,S0,0,0,0,0,0,0,0,0,0,0,0,0,0,0,0,0,0,221,5,1,1,0,0,0.02,0.06,0,255,16,0.06,0.07,0,0,1,1,0,0,anomaly
0,tcp,http,S0,0,0,0,0,0,0,0,0,0,0,0,0,0,0,0,0,0,283,23,1,1,0,0,0.08,0.05,0,255,23,0.09,0.05,0,0,1,1,0,0,anomaly
0,tcp,uucp_path,S0,0,0,0,0,0,0,0,0,0,0,0,0,0,0,0,0,0,125,20,1,1,0,0,0.16,0.06,0,255,20,0.08,0.07,0,0,1,1,0,0,anomaly
0,tcp,private,RSTR,0,0,0,0,0,0,0,0,0,0,0,0,0,0,0,0,0,1,1,0,0,1,1,1,0,0,255,1,0,0.51,0.5,0,0,0,0.5,1,anomaly
0,icmp,eco_i,SF,8,0,0,0,0,0,0,0,0,0,0,0,0,0,0,0,0,1,48,0,0,0,0,1,0,1,1,159,1,0,1,0.5,0,0,0,0,anomaly
0,tcp,private,S0,0,0,0,0,0,0,0,0,0,0,0,0,0,0,0,0,0,127,5,1,1,0,0,0.04,0.06,0,255,14,0.05,0.08,0,0,1,1,0,0,anomaly
0,tcp,private,S0,0,0,0,0,0,0,0,0,0,0,0,0,0,0,0,0,0,216,14,1,1,0,0,0.06,0.05,0,255,14,0.05,0.06,0,0,1,1,0,0,anomaly
0,tcp,auth,S0,0,0,0,0,0,0,0,0,0,0,0,0,0,0,0,0,0,233,2,1,1,0,0,0.01,0.06,0,255,20,0.08,0.06,0,0,1,1,0,0,anomaly
0,tcp,nnsp,S0,0,0,0,0,0,0,0,0,0,0,0,0,0,0,0,0,0,98,5,1,1,0,0,0.05,0.07,0,205,5,0.02,0.07,0,0,1,1,0,0,anomaly
0,tcp,private,S0,0,0,0,0,0,0,0,0,0,0,0,0,0,0,0,0,0,198,6,1,1,0,0,0.03,0.07,0,255,6,0.02,0.09,0,0,1,1,0,0,anomaly
3,tcp,ftp,SF,1240,2451,0,0,0,28,0,1,0,0,0,0,0,0,0,0,1,1,1,0,0,0,0,1,0,0,255,33,0.13,0.02,0,0,0.09,0,0,0,anomaly
0,tcp,private,S0,0,0,0,0,0,0,0,0,0,0,0,0,0,0,0,0,0,28,14,1,1,0,0,0.5,0.14,0,255,16,0.06,0.07,0,0,1,1,0,0,anomaly
0,tcp,private,S0,0,0,0,0,0,0,0,0,0,0,0,0,0,0,0,0,0,267,6,1,1,0,0,0.02,0.06,0,255,27,0.11,0.06,0,0,1,1,0,0,anomaly
0,tcp,private,S0,0,0,0,0,0,0,0,0,0,0,0,0,0,0,0,0,0,147,17,1,1,0,0,0.12,0.05,0,255,6,0.02,0.07,0,0,1,1,0,0,anomaly
0,tcp,ldap,S0,0,0,0,0,0,0,0,0,0,0,0,0,0,0,0,0,0,146,14,1,1,0,0,0.1,0.05,0,255,8,0.03,0.06,0,0,1,1,0,0,anomaly
0,tcp,name,S0,0,0,0,0,0,0,0,0,0,0,0,0,0,0,0,0,0,171,2,1,1,0,0,0.01,0.08,0,255,2,0.01,0.07,0,0,1,1,0,0,anomaly
0,tcp,csnet_ns,S0,0,0,0,0,0,0,0,0,0,0,0,0,0,0,0,0,0,255,10,1,1,0,0,0.04,0.06,0,255,10,0.04,0.07,0,0,1,1,0,0,anomaly
0,tcp,bgp,S0,0,0,0,0,0,0,0,0,0,0,0,0,0,0,0,0,0,278,1,1,1,0,0,0,0.06,0,255,20,0.08,0.07,0,0,1,1,0,0,anomaly
0,tcp,http,S0,0,0,0,0,0,0,0,0,0,0,0,0,0,0,0,0,0,38,13,1,1,0,0,0.34,0.11,0,255,63,0.25,0.02,0.01,0,1,1,0,0,anomaly
0,tcp,imap4,S0,0,0,0,0,0,0,0,0,0,0,0,0,0,0,0,0,0,157,15,1,1,0,0,0.1,0.07,0,255,15,0.06,0.07,0,0,1,1,0,0,anomaly
0,tcp,private,REJ,0,0,0,0,0,0,0,0,0,0,0,0,0,0,0,0,0,181,1,0.03,0,0.9,1,0.01,0.99,0,255,1,0,0.72,0,0,0.02,0,0.64,1,anomaly
0,icmp,eco_i,SF,8,0,0,0,0,0,0,0,0,0,0,0,0,0,0,0,0,1,14,0,0,0,0,1,0,1,4,84,1,0,1,0.25,0,0,0,0,anomaly
0,tcp,bgp,S0,0,0,0,0,0,0,0,0,0,0,0,0,0,0,0,0,0,225,20,1,1,0,0,0.09,0.06,0,255,1,0,0.09,0,0,1,1,0,0,anomaly
0,tcp,Z39_50,S0,0,0,0,0,0,0,0,0,0,0,0,0,0,0,0,0,0,225,12,1,1,0,0,0.05,0.05,0,255,12,0.05,0.05,0,0,1,1,0,0,anomaly
0,tcp,private,S0,0,0,0,0,0,0,0,0,0,0,0,0,0,0,0,0,0,195,8,1,1,0,0,0.04,0.08,0,255,8,0.03,0.08,0,0,1,1,0,0,anomaly
0,tcp,ftp_data,S0,0,0,0,0,0,0,0,0,0,0,0,0,0,0,0,0,0,139,3,1,1,0,0,0.02,0.06,0,255,3,0.01,0.06,0,0,1,1,0,0,anomaly
0,icmp,eco_i,SF,8,0,0,0,0,0,0,0,0,0,0,0,0,0,0,0,0,1,46,0,0,0,0,1,0,1,1,15,1,0,1,0.53,0,0,0,0,anomaly
0,tcp,private,S0,0,0,0,0,0,0,0,0,0,0,0,0,0,0,0,0,0,226,16,1,1,0,0,0.07,0.07,0,255,11,0.04,0.07,0,0,1,1,0,0,anomaly
0,tcp,http,SF,54540,8314,0,0,0,2,0,1,1,0,0,0,0,0,0,0,0,4,4,0,0,0,0,1,0,0,67,67,1,0,0.01,0,0.01,0.01,0.01,0.01,anomaly
0,tcp,netbios_ns,S0,0,0,0,0,0,0,0,0,0,0,0,0,0,0,0,0,0,93,2,1,1,0,0,0.02,0.06,0,255,2,0.01,0.05,0,0,1,1,0,0,anomaly
0,tcp,private,S0,0,0,0,0,0,0,0,0,0,0,0,0,0,0,0,0,0,125,18,1,1,0,0,0.14,0.07,0,255,17,0.07,0.06,0,0,1,1,0,0,anomaly
0,tcp,private,S0,0,0,0,0,0,0,0,0,0,0,0,0,0,0,0,0,0,218,20,1,1,0,0,0.09,0.06,0,79,18,0.23,0.13,0.01,0,0.82,1,0.01,0,anomaly
0,tcp,domain,S0,0,0,0,0,0,0,0,0,0,0,0,0,0,0,0,0,0,253,1,1,1,0,0,0,0.07,0,255,1,0,0.08,0,0,1,1,0,0,anomaly
0,tcp,private,S0,0,0,0,0,0,0,0,0,0,0,0,0,0,0,0,0,0,236,19,1,1,0,0,0.08,0.04,0,40,19,0.47,0.08,0.03,0,0.95,1,0,0,anomaly
8437,tcp,other,RSTR,1,0,0,0,0,0,0,0,0,0,0,0,0,0,0,0,0,2,2,0,0,1,1,1,0,0,255,2,0.01,0.68,1,0,0,0,1,1,anomaly
0,icmp,ecr_i,SF,1032,0,0,0,0,0,0,0,0,0,0,0,0,0,0,0,0,511,511,0,0,0,0,1,0,0,255,60,0.24,0.2,0.24,0,0,0,0,0,anomaly
0,icmp,ecr_i,SF,520,0,0,0,0,0,0,0,0,0,0,0,0,0,0,0,0,226,226,0,0,0,0,1,0,0,255,255,1,0,1,0,0,0,0,0,anomaly
0,tcp,http,S0,0,0,0,0,0,0,0,0,0,0,0,0,0,0,0,0,0,40,20,1,1,0,0,0.5,0.05,0,255,71,0.28,0.02,0.01,0,1,1,0,0,anomaly
0,tcp,csnet_ns,S0,0,0,0,0,0,0,0,0,0,0,0,0,0,0,0,0,0,241,6,1,1,0,0,0.02,0.07,0,255,6,0.02,0.08,0,0,1,1,0,0,anomaly
0,tcp,daytime,S0,0,0,0,0,0,0,0,0,0,0,0,0,0,0,0,0,0,242,25,1,1,0,0,0.1,0.05,0,255,25,0.1,0.05,0,0,1,1,0,0,anomaly
0,icmp,eco_i,SF,8,0,0,0,0,0,0,0,0,0,0,0,0,0,0,0,0,1,4,0,0,0,0,1,0,1,2,98,1,0,1,0.26,0,0,0,0,anomaly
0,tcp,Z39_50,S0,0,0,0,0,0,0,0,0,0,0,0,0,0,0,0,0,0,221,9,1,1,0,0,0.04,0.08,0,255,9,0.04,0.09,0,0,1,1,0,0,anomaly
0,tcp,telnet,RSTR,0,0,0,0,0,0,0,0,0,0,0,0,0,0,0,0,0,1,1,0,0,1,1,1,0,0,165,1,0.01,0.15,0.27,0,0,0,0.27,1,anomaly
0,icmp,eco_i,SF,8,0,0,0,0,0,0,0,0,0,0,0,0,0,0,0,0,1,37,0,0,0,0,1,0,1,1,137,1,0,1,0.5,0,0,0,0,anomaly
0,icmp,ecr_i,SF,520,0,0,0,0,0,0,0,0,0,0,0,0,0,0,0,0,120,120,0,0,0,0,1,0,0,255,255,1,0,1,0,0,0,0,0,anomaly
0,tcp,private,S0,0,0,0,0,0,0,0,0,0,0,0,0,0,0,0,0,0,213,4,1,1,0,0,0.02,0.07,0,255,14,0.05,0.07,0,0,1,1,0,0,anomaly
0,tcp,Z39_50,S0,0,0,0,0,0,0,0,0,0,0,0,0,0,0,0,0,0,280,16,1,1,0,0,0.06,0.06,0,255,16,0.06,0.08,0,0,1,1,0,0,anomaly
0,tcp,vmnet,S0,0,0,0,0,0,0,0,0,0,0,0,0,0,0,0,0,0,238,17,1,1,0,0,0.07,0.05,0,255,17,0.07,0.06,0,0,1,1,0,0,anomaly
0,tcp,private,S0,0,0,0,0,0,0,0,0,0,0,0,0,0,0,0,0,0,219,15,1,1,0,0,0.07,0.07,0,255,15,0.06,0.07,0,0,1,1,0,0,anomaly
0,tcp,private,S0,0,0,0,0,0,0,0,0,0,0,0,0,0,0,0,0,0,113,12,1,1,0,0,0.11,0.06,0,153,9,0.06,0.1,0.01,0,1,1,0,0,anomaly
0,tcp,telnet,S0,0,0,0,0,0,0,0,0,0,0,0,0,0,0,0,0,0,28,6,1,1,0,0,0.21,0.14,0,255,39,0.15,0.04,0.01,0,1,1,0,0,anomaly
0,tcp,courier,REJ,0,0,0,0,0,0,0,0,0,0,0,0,0,0,0,0,0,124,1,0,0,1,1,0.01,0.07,0,255,1,0,0.07,0,0,0,0,1,1,anomaly
0,tcp,auth,S0,0,0,0,0,0,0,0,0,0,0,0,0,0,0,0,0,0,230,14,1,1,0,0,0.06,0.06,0,255,14,0.05,0.07,0,0,1,1,0,0,anomaly
0,tcp,klogin,S0,0,0,0,0,0,0,0,0,0,0,0,0,0,0,0,0,0,144,19,1,1,0,0,0.13,0.05,0,255,19,0.07,0.05,0,0,1,1,0,0,anomaly
0,tcp,pop_3,RSTO,0,0,0,0,0,0,0,0,0,0,0,0,0,0,0,0,0,249,12,0,0,1,1,0.05,0.07,0,255,12,0.05,0.07,0,0,0,0,1,1,anomaly
0,tcp,link,S0,0,0,0,0,0,0,0,0,0,0,0,0,0,0,0,0,0,174,8,1,1,0,0,0.05,0.06,0,255,10,0.04,0.07,0,0,1,1,0,0,anomaly
0,tcp,printer,S0,0,0,0,0,0,0,0,0,0,0,0,0,0,0,0,0,0,9,5,1,1,0,0,0.56,0.33,0,255,5,0.02,0.07,0,0,1,1,0,0,anomaly
0,icmp,ecr_i,SF,1032,0,0,0,0,0,0,0,0,0,0,0,0,0,0,0,0,98,98,0,0,0,0,1,0,0,152,58,0.38,0.05,0.38,0,0.01,0,0.41,0,anomaly
0,tcp,iso_tsap,S0,0,0,0,0,0,0,0,0,0,0,0,0,0,0,0,0,0,268,20,1,1,0,0,0.07,0.06,0,255,20,0.08,0.06,0,0,1,1,0,0,anomaly
0,icmp,ecr_i,SF,520,0,0,0,0,0,0,0,0,0,0,0,0,0,0,0,0,449,449,0,0,0,0,1,0,0,210,210,1,0,1,0,0,0,0,0,anomaly
0,icmp,eco_i,SF,8,0,0,0,0,0,0,0,0,0,0,0,0,0,0,0,0,1,27,0,0,0,0,1,0,1,2,255,1,0,1,0.5,0,0,0,0,anomaly
0,icmp,eco_i,SF,8,0,0,0,0,0,0,0,0,0,0,0,0,0,0,0,0,1,23,0,0,0,0,1,0,1,1,15,1,0,1,0.53,0,0,0,0,anomaly
0,icmp,ecr_i,SF,520,0,0,0,0,0,0,0,0,0,0,0,0,0,0,0,0,444,444,0,0,0,0,1,0,0,186,186,1,0,1,0,0,0,0,0,anomaly
0,tcp,Z39_50,REJ,0,0,0,0,0,0,0,0,0,0,0,0,0,0,0,0,0,245,4,0,0,1,1,0.02,0.07,0,255,4,0.02,0.08,0,0,0,0,1,1,anomaly
0,tcp,private,S0,0,0,0,0,0,0,0,0,0,0,0,0,0,0,0,0,0,170,2,1,1,0,0,0.01,0.07,0,255,13,0.05,0.07,0,0,1,1,0,0,anomaly
0,tcp,private,REJ,0,0,0,0,0,0,0,0,0,0,0,0,0,0,0,0,0,193,11,0,0,1,1,0.06,0.06,0,255,11,0.04,0.07,0,0,0,0,1,1,anomaly
0,icmp,ecr_i,SF,1032,0,0,0,0,0,0,0,0,0,0,0,0,0,0,0,0,390,390,0,0,0,0,1,0,0,234,140,0.6,0.03,0.6,0,0.01,0,0.27,0,anomaly
0,tcp,http,SF,54540,8314,0,0,0,2,0,1,1,0,0,0,0,0,0,0,0,3,3,0,0,0.33,0.33,1,0,0,3,3,1,0,0.33,0,0,0,0.33,0.33,anomaly
0,tcp,daytime,S0,0,0,0,0,0,0,0,0,0,0,0,0,0,0,0,0,0,110,9,1,1,0,0,0.08,0.06,0,255,9,0.04,0.06,0,0,1,1,0,0,anomaly
0,tcp,private,S0,0,0,0,0,0,0,0,0,0,0,0,0,0,0,0,0,0,179,9,1,1,0,0,0.05,0.06,0,255,19,0.07,0.06,0,0,1,1,0,0,anomaly
0,tcp,login,RSTO,0,0,0,0,0,0,0,0,0,0,0,0,0,0,0,0,0,126,20,0,0,1,1,0.16,0.07,0,255,20,0.08,0.07,0,0,0,0,1,1,anomaly
0,tcp,private,S0,0,0,0,0,0,0,0,0,0,0,0,0,0,0,0,0,0,237,9,1,1,0,0,0.04,0.06,0,255,12,0.05,0.08,0,0,1,1,0,0,anomaly
0,tcp,csnet_ns,REJ,0,0,0,0,0,0,0,0,0,0,0,0,0,0,0,0,0,265,20,0,0,1,1,0.08,0.06,0,255,20,0.08,0.07,0,0,0,0,1,1,anomaly
0,icmp,ecr_i,SF,520,0,0,0,0,0,0,0,0,0,0,0,0,0,0,0,0,15,15,0,0,0,0,1,0,0,255,255,1,0,1,0,0,0,0,0,anomaly
0,tcp,ldap,S0,0,0,0,0,0,0,0,0,0,0,0,0,0,0,0,0,0,123,23,1,1,0,0,0.19,0.05,0,255,23,0.09,0.05,0,0,1,1,0,0,anomaly
0,tcp,private,S0,0,0,0,0,0,0,0,0,0,0,0,0,0,0,0,0,0,278,10,1,1,0,0,0.04,0.06,0,255,16,0.06,0.06,0,0,1,1,0,0,anomaly
0,tcp,nntp,S0,0,0,0,0,0,0,0,0,0,0,0,0,0,0,0,0,0,242,17,1,1,0,0,0.07,0.07,0,255,17,0.07,0.07,0,0,1,1,0,0,anomaly
4,tcp,private,RSTR,0,0,0,0,0,0,0,0,0,0,0,0,0,0,0,0,0,124,2,0,0,1,1,0.02,0.52,0,255,2,0.01,0.26,0.49,0,0,0,0.9,1,anomaly
0,tcp,finger,S0,0,0,0,0,0,0,0,0,0,0,0,0,0,0,0,0,0,236,6,1,1,0,0,0.03,0.06,0,255,6,0.02,0.08,0,0,1,1,0,0,anomaly
0,tcp,courier,S0,0,0,0,0,0,0,0,0,0,0,0,0,0,0,0,0,0,121,13,1,1,0,0,0.11,0.07,0,255,13,0.05,0.06,0,0,1,1,0,0,anomaly
0,tcp,sunrpc,S0,0,0,0,0,0,0,0,0,0,0,0,0,0,0,0,0,0,235,1,1,1,0,0,0,0.06,0,255,1,0,0.07,0,0,1,1,0,0,anomaly
0,tcp,time,S0,0,0,0,0,0,0,0,0,0,0,0,0,0,0,0,0,0,284,10,1,1,0,0,0.04,0.05,0,255,10,0.04,0.05,0,0,1,1,0,0,anomaly
0,tcp,private,REJ,0,0,0,0,0,0,0,0,0,0,0,0,0,0,0,0,0,263,9,0,0,1,1,0.03,0.07,0,255,9,0.04,0.09,0,0,0,0,1,1,anomaly
0,tcp,private,REJ,0,0,0,0,0,0,0,0,0,0,0,0,0,0,0,0,0,135,5,0,0,1,1,0.04,0.07,0,60,5,0.08,0.1,0.02,0,0,0,1,1,anomaly
0,tcp,smtp,RSTO,0,0,0,0,0,0,0,0,0,0,0,0,0,0,0,0,0,253,2,0,0,1,1,0.01,0.06,0,255,2,0.01,0.08,0,0,0,0,1,1,anomaly
0,tcp,mtp,S0,0,0,0,0,0,0,0,0,0,0,0,0,0,0,0,0,0,60,5,1,1,0,0,0.08,0.08,0,255,5,0.02,0.07,0,0,1,1,0,0,anomaly
0,tcp,other,REJ,0,0,0,0,0,0,0,0,0,0,0,0,0,0,0,0,0,510,1,0.14,0,0.86,1,0,1,0,255,1,0,1,0.01,0,0.15,0,0.85,1,anomaly
0,tcp,gopher,S0,0,0,0,0,0,0,0,0,0,0,0,0,0,0,0,0,0,236,20,1,1,0,0,0.08,0.06,0,255,1,0,0.08,0,0,1,1,0,0,anomaly
0,tcp,uucp_path,S0,0,0,0,0,0,0,0,0,0,0,0,0,0,0,0,0,0,211,18,1,1,0,0,0.09,0.07,0,255,18,0.07,0.08,0,0,1,1,0,0,anomaly
0,tcp,private,S0,0,0,0,0,0,0,0,0,0,0,0,0,0,0,0,0,0,63,4,1,1,0,0,0.06,0.08,0,212,4,0.02,0.07,0,0,1,1,0,0,anomaly
0,tcp,sunrpc,S0,0,0,0,0,0,0,0,0,0,0,0,0,0,0,0,0,0,299,3,1,1,0,0,0.01,0.06,0,255,3,0.01,0.07,0,0,1,1,0,0,anomaly
0,tcp,klogin,REJ,0,0,0,0,0,0,0,0,0,0,0,0,0,0,0,0,0,103,10,0,0,1,1,0.1,0.08,0,255,10,0.04,0.06,0,0,0,0,1,1,anomaly
0,tcp,private,REJ,0,0,0,0,0,0,0,0,0,0,0,0,0,0,0,0,0,336,1,0.06,0,0.9,1,0,1,0,255,1,0,1,0,0,0.08,0,0.89,1,anomaly
0,tcp,efs,S0,0,0,0,0,0,0,0,0,0,0,0,0,0,0,0,0,0,142,5,1,1,0,0,0.04,0.06,0,255,5,0.02,0.06,0,0,1,1,0,0,anomaly
0,tcp,telnet,S0,0,0,0,0,0,0,0,0,0,0,0,0,0,0,0,0,0,22,13,1,1,0,0,0.59,0.09,0,255,53,0.21,0.04,0.01,0,1,1,0,0,anomaly
0,tcp,systat,REJ,0,0,0,0,0,0,0,0,0,0,0,0,0,0,0,0,0,299,20,0,0,1,1,0.07,0.06,0,255,20,0.08,0.07,0,0,0,0,1,1,anomaly
0,tcp,netbios_ssn,S0,0,0,0,0,0,0,0,0,0,0,0,0,0,0,0,0,0,222,20,1,1,0,0,0.09,0.06,0,255,18,0.07,0.07,0,0,1,1,0,0,anomaly
0,icmp,eco_i,SF,8,0,0,0,0,0,0,0,0,0,0,0,0,0,0,0,0,1,3,0,0,0,0,1,0,1,2,14,1,0,1,0.5,0,0,0,0,anomaly
0,tcp,http,S0,0,0,0,0,0,0,0,0,0,0,0,0,0,0,0,0,0,10,3,1,1,0,0,0.3,0.3,0,255,63,0.25,0.02,0,0,1,1,0,0,anomaly
0,tcp,exec,RSTO,0,0,0,0,0,0,0,0,0,0,0,0,0,0,0,0,0,138,10,0,0,1,1,0.07,0.06,0,255,4,0.02,0.07,0,0,0,0,1,1,anomaly
0,tcp,finger,S0,0,0,0,0,0,0,0,0,0,0,0,0,0,0,0,0,0,39,12,1,1,0,0,0.31,0.1,0,255,52,0.2,0.04,0,0,1,1,0,0,anomaly
0,tcp,Z39_50,S0,0,0,0,0,0,0,0,0,0,0,0,0,0,0,0,0,0,260,13,1,1,0,0,0.05,0.06,0,255,13,0.05,0.06,0,0,1,1,0,0,anomaly
0,tcp,netstat,S0,0,0,0,0,0,0,0,0,0,0,0,0,0,0,0,0,0,276,3,1,1,0,0,0.01,0.06,0,255,3,0.01,0.06,0,0,1,1,0,0,anomaly
0,tcp,private,S0,0,0,0,0,0,0,0,0,0,0,0,0,0,0,0,0,0,57,20,1,1,0,0,0.35,0.05,0,255,18,0.07,0.06,0,0,1,1,0,0,anomaly
0,tcp,private,S0,0,0,0,0,0,0,0,0,0,0,0,0,0,0,0,0,0,129,3,1,1,0,0,0.02,0.06,0,255,20,0.08,0.06,0,0,1,1,0,0,anomaly
0,tcp,ftp,S0,0,0,0,0,0,0,0,0,0,0,0,0,0,0,0,0,0,251,14,1,1,0,0,0.06,0.06,0,255,2,0.01,0.07,0,0,1,1,0,0,anomaly
0,tcp,finger,S0,0,0,0,0,0,0,0,0,0,0,0,0,0,0,0,0,0,67,17,1,1,0,0,0.25,0.06,0,255,64,0.25,0.02,0.02,0,1,1,0,0,anomaly
0,tcp,private,S0,0,0,0,0,0,0,0,0,0,0,0,0,0,0,0,0,0,296,5,1,1,0,0,0.02,0.06,0,255,5,0.02,0.07,0,0,1,1,0,0,anomaly
0,udp,private,SF,215,0,0,0,0,0,0,0,0,0,0,0,0,0,0,0,0,1,1,0,0,0,0,1,0,0,109,93,0.85,0.02,0.85,0,0,0,0,0,anomaly
0,tcp,private,S0,0,0,0,0,0,0,0,0,0,0,0,0,0,0,0,0,0,249,2,1,1,0,0,0.01,0.06,0,255,3,0.01,0.08,0,0,1,1,0,0,anomaly
0,tcp,private,S0,0,0,0,0,0,0,0,0,0,0,0,0,0,0,0,0,0,138,10,1,1,0,0,0.07,0.06,0,255,8,0.03,0.07,0,0,1,1,0,0,anomaly
0,tcp,time,RSTO,0,0,0,0,0,0,0,0,0,0,0,0,0,0,0,0,0,190,19,0,0,1,1,0.1,0.06,0,255,19,0.07,0.07,0,0,0,0,1,1,anomaly
13998,tcp,other,RSTR,1,0,0,0,0,0,0,0,0,0,0,0,0,0,0,0,0,2,2,0,0,1,1,1,0,0,255,2,0.01,0.68,1,0,0,0,1,1,anomaly
0,tcp,private,REJ,0,0,0,0,0,0,0,0,0,0,0,0,0,0,0,0,0,2,1,0,0,1,1,0.5,1,0,255,1,0,0.6,0.56,0,0.01,0,0.57,1,anomaly
0,tcp,private,S0,0,0,0,0,0,0,0,0,0,0,0,0,0,0,0,0,0,54,24,1,1,0,0,0.44,0.07,0,255,24,0.09,0.05,0,0,1,1,0,0,anomaly
0,icmp,ecr_i,SF,520,0,0,0,0,0,0,0,0,0,0,0,0,0,0,0,0,268,268,0,0,0,0,1,0,0,255,255,1,0,1,0,0,0,0,0,anomaly
0,tcp,login,S0,0,0,0,0,0,0,0,0,0,0,0,0,0,0,0,0,0,128,4,1,1,0,0,0.03,0.07,0,255,4,0.02,0.06,0,0,1,1,0,0,anomaly
0,tcp,private,S0,0,0,0,0,0,0,0,0,0,0,0,0,0,0,0,0,0,117,24,1,1,0,0,0.21,0.04,0,255,24,0.09,0.04,0,0,1,1,0,0,anomaly
0,tcp,other,REJ,0,0,0,0,0,0,0,0,0,0,0,0,0,0,0,0,0,509,1,0.08,0,0.92,1,0,1,0,255,1,0,1,0,0,0.08,0,0.92,1,anomaly
0,tcp,ftp_data,S0,0,0,0,0,0,0,0,0,0,0,0,0,0,0,0,0,0,11,3,1,1,0,0,0.27,0.27,0,251,63,0.25,0.02,0,0,1,1,0,0,anomaly
0,tcp,private,S0,0,0,0,0,0,0,0,0,0,0,0,0,0,0,0,0,0,299,20,1,1,0,0,0.07,0.06,0,255,6,0.02,0.07,0,0,1,1,0,0,anomaly
0,tcp,ftp_data,S0,0,0,0,0,0,0,0,0,0,0,0,0,0,0,0,0,0,38,6,1,1,0,0,0.16,0.11,0,255,62,0.24,0.02,0.02,0,1,1,0,0,anomaly
0,tcp,private,S0,0,0,0,0,0,0,0,0,0,0,0,0,0,0,0,0,0,268,3,1,1,0,0,0.01,0.07,0,255,18,0.07,0.07,0,0,1,1,0,0,anomaly
0,tcp,finger,S0,0,0,0,0,0,0,0,0,0,0,0,0,0,0,0,0,0,291,24,1,1,0,0,0.08,0.05,0,255,24,0.09,0.05,0,0,1,1,0,0,anomaly
0,tcp,private,S0,0,0,0,0,0,0,0,0,0,0,0,0,0,0,0,0,0,173,1,1,1,0,0,0.01,0.06,0,255,15,0.06,0.08,0,0,1,1,0,0,anomaly
0,icmp,eco_i,SF,8,0,0,0,0,0,0,0,0,0,0,0,0,0,0,0,0,1,37,0,0,0,0,1,0,1,2,76,1,0,1,0.5,0,0,0,0,anomaly
0,tcp,private,S0,0,0,0,0,0,0,0,0,0,0,0,0,0,0,0,0,0,195,16,1,1,0,0,0.08,0.06,0,234,16,0.07,0.07,0,0,0.94,1,0,0,anomaly
0,udp,private,SF,215,0,0,0,0,0,0,0,0,0,0,0,0,0,0,0,0,1,1,0,0,0,0,1,0,0,1,1,1,0,1,0,0,0,0,0,anomaly
6,tcp,time,SF,0,4,0,0,0,0,0,0,0,0,0,0,0,0,0,0,0,1,1,0,0,0,0,1,0,0,18,1,0.06,1,0.06,0,0,0,0.83,0,anomaly
0,tcp,uucp,S0,0,0,0,0,0,0,0,0,0,0,0,0,0,0,0,0,0,102,1,1,1,0,0,0.01,0.08,0,255,1,0,0.08,0,0,1,1,0,0,anomaly
0,tcp,ftp_data,S0,0,0,0,0,0,0,0,0,0,0,0,0,0,0,0,0,0,270,22,1,1,0,0,0.08,0.05,0,255,22,0.09,0.05,0,0,1,1,0,0,anomaly
0,tcp,efs,S0,0,0,0,0,0,0,0,0,0,0,0,0,0,0,0,0,0,12,11,1,1,0,0,0.92,0.17,0,255,11,0.04,0.07,0,0,1,1,0,0,anomaly
0,tcp,gopher,S0,0,0,0,0,0,0,0,0,0,0,0,0,0,0,0,0,0,260,19,1,1,0,0,0.07,0.07,0,255,19,0.07,0.07,0,0,1,1,0,0,anomaly
0,tcp,Z39_50,REJ,0,0,0,0,0,0,0,0,0,0,0,0,0,0,0,0,0,153,5,0,0,1,1,0.03,0.07,0,255,5,0.02,0.07,0,0,0,0,1,1,anomaly
0,icmp,eco_i,SF,18,0,0,0,0,0,0,0,0,0,0,0,0,0,0,0,0,1,1,0,0,0,0,1,0,0,1,152,1,0,1,1,0,0,0,0,anomaly
0,tcp,bgp,S0,0,0,0,0,0,0,0,0,0,0,0,0,0,0,0,0,0,265,3,1,1,0,0,0.01,0.05,0,255,3,0.01,0.05,0,0,1,1,0,0,anomaly
0,tcp,netbios_dgm,REJ,0,0,0,0,0,0,0,0,0,0,0,0,0,0,0,0,0,195,1,0,0,1,1,0.01,0.08,0,255,1,0,0.09,0,0,0,0,1,1,anomaly
0,tcp,private,S0,0,0,0,0,0,0,0,0,0,0,0,0,0,0,0,0,0,258,2,1,1,0,0,0.01,0.07,0,255,18,0.07,0.08,0,0,1,1,0,0,anomaly
0,icmp,ecr_i,SF,1032,0,0,0,0,0,0,0,0,0,0,0,0,0,0,0,0,209,209,0,0,0,0,1,0,0,255,255,1,0,1,0,0,0,0,0,anomaly
0,icmp,ecr_i,SF,520,0,0,0,0,0,0,0,0,0,0,0,0,0,0,0,0,440,440,0,0,0,0,1,0,0,255,255,1,0,1,0,0,0,0,0,anomaly
0,tcp,bgp,S0,0,0,0,0,0,0,0,0,0,0,0,0,0,0,0,0,0,277,14,1,1,0,0,0.05,0.06,0,255,14,0.05,0.06,0,0,1,1,0,0,anomaly
0,tcp,exec,S0,0,0,0,0,0,0,0,0,0,0,0,0,0,0,0,0,0,113,18,1,1,0,0,0.16,0.07,0,255,18,0.07,0.07,0,0,1,1,0,0,anomaly
0,tcp,private,REJ,0,0,0,0,0,0,0,0,0,0,0,0,0,0,0,0,0,270,20,0,0,1,1,0.07,0.07,0,255,20,0.08,0.08,0,0,0,0,1,1,anomaly
0,udp,private,SF,28,0,0,3,0,0,0,0,0,0,0,0,0,0,0,0,0,1,1,0,0,0,0,1,0,0,255,101,0.4,0.61,0.4,0,0.09,0,0.52,0,anomaly
0,tcp,Z39_50,S0,0,0,0,0,0,0,0,0,0,0,0,0,0,0,0,0,0,248,9,1,1,0,0,0.04,0.06,0,255,9,0.04,0.07,0,0,1,1,0,0,anomaly
0,udp,private,SF,1,74,0,0,0,0,0,0,0,0,0,0,0,0,0,0,0,25,4,0,0,0,0,0.16,0.16,0,255,4,0.02,0.79,0.23,0,0.16,0,0.62,0,anomaly
0,tcp,private,S0,0,0,0,0,0,0,0,0,0,0,0,0,0,0,0,0,0,28,14,1,1,0,0,0.5,0.14,0,255,16,0.06,0.07,0,0,1,1,0,0,anomaly
0,tcp,imap4,S0,0,0,0,0,0,0,0,0,0,0,0,0,0,0,0,0,0,275,16,1,1,0,0,0.06,0.06,0,255,16,0.06,0.06,0,0,1,1,0,0,anomaly
0,icmp,eco_i,SF,8,0,0,0,0,0,0,0,0,0,0,0,0,0,0,0,0,1,5,0,0,0,0,1,0,1,1,117,1,0,1,0.5,0,0,0,0,anomaly
0,tcp,netbios_ns,S0,0,0,0,0,0,0,0,0,0,0,0,0,0,0,0,0,0,282,12,1,1,0,0,0.04,0.06,0,255,6,0.02,0.07,0,0,1,1,0,0,anomaly
0,tcp,http,S0,0,0,0,0,0,0,0,0,0,0,0,0,0,0,0,0,0,1,1,1,1,0,0,1,0,0,255,1,0,0.07,0,0,1,1,0,0,anomaly
0,icmp,eco_i,SF,18,0,0,0,0,0,0,0,0,0,0,0,0,0,0,0,0,1,1,0,0,0,0,1,0,0,4,188,1,0,1,0.25,0,0,0,0,anomaly
0,tcp,private,S0,0,0,0,0,0,0,0,0,0,0,0,0,0,0,0,0,0,212,7,1,1,0,0,0.03,0.05,0,72,7,0.1,0.11,0.01,0,0.97,1,0,0,anomaly
0,tcp,uucp,RSTO,0,0,0,0,0,0,0,0,0,0,0,0,0,0,0,0,0,111,6,0,0,1,1,0.05,0.07,0,255,6,0.02,0.06,0,0,0,0,1,1,anomaly
0,tcp,private,S0,0,0,0,0,0,0,0,0,0,0,0,0,0,0,0,0,0,203,8,1,1,0,0,0.04,0.07,0,255,8,0.03,0.06,0,0,1,1,0,0,anomaly
0,tcp,private,S0,0,0,0,0,0,0,0,0,0,0,0,0,0,0,0,0,0,276,19,1,1,0,0,0.07,0.06,0,255,3,0.01,0.06,0,0,1,1,0,0,anomaly
35240,tcp,private,RSTR,1,0,0,0,0,0,0,0,0,0,0,0,0,0,0,0,0,2,2,0,0,1,1,1,0,0,255,2,0.01,0.58,1,0,0,0,1,1,anomaly
0,icmp,eco_i,SF,8,0,0,0,0,0,0,0,0,0,0,0,0,0,0,0,0,1,16,0,0,0,0,1,0,1,2,190,1,0,1,0.25,0,0,0,0,anomaly
42658,tcp,systat,RSTR,1,0,0,0,0,0,0,0,0,0,0,0,0,0,0,0,0,2,2,0,0,1,1,1,0,0,142,2,0.01,0.1,0.15,0,0,0,0.15,1,anomaly
0,tcp,ssh,S0,0,0,0,0,0,0,0,0,0,0,0,0,0,0,0,0,0,237,15,1,1,0,0,0.06,0.06,0,255,15,0.06,0.07,0,0,1,1,0,0,anomaly
0,tcp,private,S0,0,0,0,0,0,0,0,0,0,0,0,0,0,0,0,0,0,205,7,1,1,0,0,0.03,0.05,0,146,7,0.05,0.08,0.01,0,0.9,1,0.01,0,anomaly
0,tcp,finger,RSTR,0,0,0,0,0,0,0,0,0,0,0,0,0,0,0,0,0,1,1,0,0,1,1,1,0,0,255,1,0,1,1,0,0,0,1,1,anomaly
0,icmp,ecr_i,SF,520,0,0,0,0,0,0,0,0,0,0,0,0,0,0,0,0,8,8,0,0,0,0,1,0,0,255,255,1,0,1,0,0,0,0,0,anomaly
0,tcp,private,REJ,0,0,0,0,0,0,0,0,0,0,0,0,0,0,0,0,0,1,1,0,0,1,1,1,0,0,237,1,0,0.07,0.04,0,0,0,0.05,1,anomaly
0,tcp,ftp,RSTO,0,0,0,0,0,0,0,0,0,0,0,0,0,0,0,0,0,234,3,0,0,1,1,0.01,0.06,0,255,3,0.01,0.07,0,0,0,0,1,1,anomaly
0,tcp,ftp_data,S0,0,0,0,0,0,0,0,0,0,0,0,0,0,0,0,0,0,249,11,1,1,0,0,0.04,0.06,0,255,11,0.04,0.07,0,0,1,1,0,0,anomaly
0,tcp,private,REJ,0,0,0,0,0,0,0,0,0,0,0,0,0,0,0,0,0,122,6,0,0,1,1,0.05,0.07,0,255,6,0.02,0.06,0,0,0,0,1,1,anomaly
0,icmp,eco_i,SF,18,0,0,0,0,0,0,0,0,0,0,0,0,0,0,0,0,1,1,0,0,0,0,1,0,0,2,6,1,0,1,0.33,0,0,0,0,anomaly
0,tcp,sql_net,REJ,0,0,0,0,0,0,0,0,0,0,0,0,0,0,0,0,0,161,5,0,0,1,1,0.03,0.07,0,255,5,0.02,0.07,0,0,0,0,1,1,anomaly
0,icmp,ecr_i,SF,1032,0,0,0,0,0,0,0,0,0,0,0,0,0,0,0,0,380,380,0,0,0,0,1,0,0,255,255,1,0,1,0,0,0,0,0,anomaly
0,tcp,private,S0,0,0,0,0,0,0,0,0,0,0,0,0,0,0,0,0,0,66,4,1,1,0,0,0.06,0.08,0,246,4,0.02,0.07,0,0,1,1,0,0,anomaly
0,tcp,vmnet,S0,0,0,0,0,0,0,0,0,0,0,0,0,0,0,0,0,0,74,6,1,1,0,0,0.08,0.08,0,255,12,0.05,0.07,0,0,1,1,0,0,anomaly
0,tcp,private,REJ,0,0,0,0,0,0,0,0,0,0,0,0,0,0,0,0,0,128,5,0,0,1,1,0.04,0.07,0,255,2,0.01,0.07,0,0,0,0,1,1,anomaly
22556,tcp,private,RSTR,1,0,0,0,0,0,0,0,0,0,0,0,0,0,0,0,0,2,2,0,0,1,1,1,0,0,255,2,0.01,0.73,1,0,0,0,1,1,anomaly
0,tcp,ftp,RSTO,0,61,0,0,0,0,0,0,0,0,0,0,0,0,0,0,0,1,1,0,0,1,1,1,0,0,2,2,0.5,1,0.5,1,0,0,1,1,anomaly
0,icmp,ecr_i,SF,1032,0,0,0,0,0,0,0,0,0,0,0,0,0,0,0,0,511,511,0,0,0,0,1,0,0,255,29,0.11,0.05,0.11,0,0.31,0,0.02,0,anomaly
0,icmp,ecr_i,SF,1032,0,0,0,0,0,0,0,0,0,0,0,0,0,0,0,0,464,464,0,0,0,0,1,0,0,255,255,1,0,1,0,0,0,0,0,anomaly
0,icmp,eco_i,SF,8,0,0,0,0,0,0,0,0,0,0,0,0,0,0,0,0,1,48,0,0,0,0,1,0,1,1,46,1,0,1,0.52,0,0,0,0,anomaly
0,udp,private,SF,1,0,0,0,0,0,0,0,0,0,0,0,0,0,0,0,0,26,2,0,0,0,0,0.08,0.27,0,255,2,0.01,0.22,1,0,0,0,0,0,anomaly
0,tcp,private,S0,0,0,0,0,0,0,0,0,0,0,0,0,0,0,0,0,0,223,5,1,1,0,0,0.02,0.07,0,255,13,0.05,0.08,0,0,1,1,0,0,anomaly
0,tcp,other,REJ,0,0,0,0,0,0,0,0,0,0,0,0,0,0,0,0,0,347,1,0.09,0,0.9,1,0,1,0,255,1,0,1,0,0,0.09,0,0.9,1,anomaly
0,tcp,systat,REJ,0,0,0,0,0,0,0,0,0,0,0,0,0,0,0,0,0,2,1,0,0,1,1,0.5,1,0,255,1,0,1,1,0,0,0,1,1,anomaly
0,tcp,private,S0,0,0,0,0,0,0,0,0,0,0,0,0,0,0,0,0,0,56,16,1,1,0,0,0.29,0.05,0,255,4,0.02,0.07,0,0,1,1,0,0,anomaly
0,icmp,eco_i,SF,18,0,0,0,0,0,0,0,0,0,0,0,0,0,0,0,0,1,1,0,0,0,0,1,0,0,3,63,1,0,1,0.25,0,0,0,0,anomaly
0,icmp,eco_i,SF,8,0,0,0,0,0,0,0,0,0,0,0,0,0,0,0,0,1,17,0,0,0,0,1,0,1,2,56,1,0,1,0.5,0,0,0,0,anomaly
0,icmp,ecr_i,SF,1032,0,0,0,0,0,0,0,0,0,0,0,0,0,0,0,0,511,511,0,0,0,0,1,0,0,255,81,0.32,0.02,0.32,0,0.02,0,0,0,anomaly
0,tcp,private,S0,0,0,0,0,0,0,0,0,0,0,0,0,0,0,0,0,0,280,11,1,1,0,0,0.04,0.06,0,255,8,0.03,0.04,0,0,1,1,0,0,anomaly
0,tcp,mtp,S0,0,0,0,0,0,0,0,0,0,0,0,0,0,0,0,0,0,132,6,1,1,0,0,0.05,0.06,0,255,1,0,0.07,0,0,1,1,0,0,anomaly
0,tcp,whois,S0,0,0,0,0,0,0,0,0,0,0,0,0,0,0,0,0,0,192,2,1,1,0,0,0.01,0.06,0,255,2,0.01,0.07,0,0,1,1,0,0,anomaly
10,tcp,private,RSTR,0,0,0,0,0,0,0,0,0,0,0,0,0,0,0,0,0,1,1,0,0,1,1,1,0,0,255,1,0,0.48,0.47,0,0,0,0.47,1,anomaly
0,udp,other,SF,1,0,0,0,0,0,0,0,0,0,0,0,0,0,0,0,0,3,3,0,0,0,0,1,0,0,255,3,0.01,0.16,1,0,0,0,0,0,anomaly
0,icmp,eco_i,SF,8,0,0,0,0,0,0,0,0,0,0,0,0,0,0,0,0,1,17,0,0,0,0,1,0,1,1,81,1,0,1,0.26,0,0,0,0,anomaly
0,tcp,private,S0,0,0,0,0,0,0,0,0,0,0,0,0,0,0,0,0,0,260,9,1,1,0,0,0.03,0.07,0,255,7,0.03,0.07,0,0,1,1,0,0,anomaly
0,icmp,eco_i,SF,8,0,0,0,0,0,0,0,0,0,0,0,0,0,0,0,0,1,46,0,0,0,0,1,0,1,3,39,1,0,1,0.26,0,0,0,0,anomaly
0,icmp,ecr_i,SF,1032,0,0,0,0,0,0,0,0,0,0,0,0,0,0,0,0,84,84,0,0,0,0,1,0,0,255,255,1,0,1,0,0,0,0,0,anomaly
0,tcp,private,REJ,0,0,0,0,0,0,0,0,0,0,0,0,0,0,0,0,0,183,1,0.02,0,0.95,1,0.01,1,0,255,1,0,0.75,0,0,0.01,0,0.69,1,anomaly
0,tcp,private,REJ,0,0,0,0,0,0,0,0,0,0,0,0,0,0,0,0,0,511,1,0.11,0,0.88,1,0,1,0,255,1,0,1,0,0,0.13,0,0.85,1,anomaly
0,tcp,private,S0,0,0,0,0,0,0,0,0,0,0,0,0,0,0,0,0,0,221,12,1,1,0,0,0.05,0.06,0,255,11,0.04,0.08,0,0,1,1,0,0,anomaly
0,tcp,private,S0,0,0,0,0,0,0,0,0,0,0,0,0,0,0,0,0,0,125,13,1,1,0,0,0.1,0.06,0,255,20,0.08,0.07,0,0,1,1,0,0,anomaly
0,udp,private,SF,1,0,0,0,0,0,0,0,0,0,0,0,0,0,0,0,0,28,12,0,0,0,0,0.43,0.11,0,255,12,0.05,0.62,0.43,0,0.05,0,0.52,0,anomaly
0,tcp,other,REJ,0,0,0,0,0,0,0,0,0,0,0,0,0,0,0,0,0,463,1,0.08,0,0.92,1,0,1,0,255,1,0,1,0,0,0.06,0,0.94,1,anomaly
0,tcp,whois,S0,0,0,0,0,0,0,0,0,0,0,0,0,0,0,0,0,0,208,8,1,1,0,0,0.04,0.06,0,255,13,0.05,0.07,0,0,1,1,0,0,anomaly
0,tcp,nnsp,S0,0,0,0,0,0,0,0,0,0,0,0,0,0,0,0,0,0,133,4,1,1,0,0,0.03,0.06,0,255,4,0.02,0.07,0,0,1,1,0,0,anomaly
0,icmp,eco_i,SF,8,0,0,0,0,0,0,0,0,0,0,0,0,0,0,0,0,1,51,0,0,0,0,1,0,1,4,28,1,0,1,0.25,0,0,0,0,anomaly
0,icmp,ecr_i,SF,1032,0,0,0,0,0,0,0,0,0,0,0,0,0,0,0,0,250,250,0,0,0,0,1,0,0,255,250,0.98,0.01,0.98,0,0,0,0,0,anomaly
0,tcp,whois,REJ,0,0,0,0,0,0,0,0,0,0,0,0,0,0,0,0,0,251,20,0,0,1,1,0.08,0.06,0,255,20,0.08,0.06,0,0,0,0,1,1,anomaly
0,tcp,netbios_ssn,S0,0,0,0,0,0,0,0,0,0,0,0,0,0,0,0,0,0,287,23,1,1,0,0,0.08,0.05,0,255,23,0.09,0.05,0,0,1,1,0,0,anomaly
0,tcp,time,S0,0,0,0,0,0,0,0,0,0,0,0,0,0,0,0,0,0,205,1,1,1,0,0,0,0.07,0,255,1,0,0.08,0,0,1,1,0,0,anomaly
0,tcp,http,S0,0,0,0,0,0,0,0,0,0,0,0,0,0,0,0,0,0,23,10,1,1,0,0,0.43,0.17,0,255,62,0.24,0.02,0.01,0,1,1,0,0,anomaly
0,tcp,private,S0,0,0,0,0,0,0,0,0,0,0,0,0,0,0,0,0,0,104,2,1,1,0,0,0.02,0.07,0,255,17,0.07,0.09,0,0,1,1,0,0,anomaly
0,tcp,ftp_data,S0,0,0,0,0,0,0,0,0,0,0,0,0,0,0,0,0,0,54,11,1,1,0,0,0.2,0.07,0,255,70,0.27,0.02,0.01,0,1,1,0,0,anomaly
0,tcp,remote_job,S0,0,0,0,0,0,0,0,0,0,0,0,0,0,0,0,0,0,260,4,1,1,0,0,0.02,0.06,0,255,4,0.02,0.07,0,0,1,1,0,0,anomaly
0,icmp,ecr_i,SF,1032,0,0,0,0,0,0,0,0,0,0,0,0,0,0,0,0,511,511,0,0,0,0,1,0,0,255,156,0.61,0.17,0.61,0,0,0,0,0,anomaly
0,tcp,private,S0,0,0,0,0,0,0,0,0,0,0,0,0,0,0,0,0,0,130,17,1,1,0,0,0.13,0.05,0,255,20,0.08,0.05,0,0,1,1,0,0,anomaly
0,tcp,hostnames,REJ,0,0,0,0,0,0,0,0,0,0,0,0,0,0,0,0,0,276,20,0,0,1,1,0.07,0.05,0,255,20,0.08,0.07,0,0,0,0,1,1,anomaly
0,tcp,private,S0,0,0,0,0,0,0,0,0,0,0,0,0,0,0,0,0,0,88,18,1,1,0,0,0.2,0.07,0,197,18,0.09,0.07,0.01,0,1,1,0,0,anomaly
0,tcp,netbios_ns,S0,0,0,0,0,0,0,0,0,0,0,0,0,0,0,0,0,0,35,16,1,1,0,0,0.46,0.14,0,255,16,0.06,0.07,0,0,1,1,0,0,anomaly
0,icmp,ecr_i,SF,1032,0,0,0,0,0,0,0,0,0,0,0,0,0,0,0,0,511,511,0,0,0,0,1,0,0,255,66,0.26,0.04,0.26,0,0.16,0,0.02,0,anomaly
0,tcp,private,S0,0,0,0,0,0,0,0,0,0,0,0,0,0,0,0,0,0,91,12,1,1,0,0,0.13,0.05,0,255,5,0.02,0.07,0,0,1,1,0,0,anomaly
0,tcp,netbios_dgm,S0,0,0,0,0,0,0,0,0,0,0,0,0,0,0,0,0,0,81,6,1,1,0,0,0.07,0.07,0,255,2,0.01,0.08,0,0,1,1,0,0,anomaly
0,tcp,domain,S0,0,0,0,0,0,0,0,0,0,0,0,0,0,0,0,0,0,267,4,1,1,0,0,0.01,0.06,0,255,4,0.02,0.07,0,0,1,1,0,0,anomaly
0,tcp,private,S0,0,0,0,0,0,0,0,0,0,0,0,0,0,0,0,0,0,111,9,1,1,0,0,0.08,0.08,0,255,9,0.04,0.07,0,0,1,1,0,0,anomaly
0,tcp,private,S0,0,0,0,0,0,0,0,0,0,0,0,0,0,0,0,0,0,237,3,1,1,0,0,0.01,0.06,0,255,10,0.04,0.06,0,0,1,1,0,0,anomaly
38192,tcp,private,RSTR,1,0,0,0,0,0,0,0,0,0,0,0,0,0,0,0,0,2,2,0,0,1,1,1,0,0,255,2,0.01,0.51,1,0,0,0,1,1,anomaly
0,tcp,ctf,S0,0,0,0,0,0,0,0,0,0,0,0,0,0,0,0,0,0,145,6,1,1,0,0,0.04,0.06,0,255,5,0.02,0.07,0,0,1,1,0,0,anomaly
0,tcp,private,S0,0,0,0,0,0,0,0,0,0,0,0,0,0,0,0,0,0,117,15,1,1,0,0,0.13,0.07,0,255,5,0.02,0.07,0,0,1,1,0,0,anomaly
0,icmp,ecr_i,SF,1032,0,0,0,0,0,0,0,0,0,0,0,0,0,0,0,0,86,86,0,0,0,0,1,0,0,255,86,0.34,0.02,0.34,0,0,0,0,0,anomaly
0,tcp,time,S0,0,0,0,0,0,0,0,0,0,0,0,0,0,0,0,0,0,231,17,1,1,0,0,0.07,0.05,0,255,17,0.07,0.06,0,0,1,1,0,0,anomaly
0,udp,private,SF,28,0,0,3,0,0,0,0,0,0,0,0,0,0,0,0,0,59,59,0,0,0,0,1,0,0,255,159,0.62,0.38,0.62,0,0.09,0,0.29,0,anomaly
0,udp,private,SF,1,0,0,0,0,0,0,0,0,0,0,0,0,0,0,0,0,30,14,0,0,0,0,0.47,0.1,0,255,14,0.05,0.61,0.44,0,0.05,0,0.51,0,anomaly
0,tcp,private,REJ,0,0,0,0,0,0,0,0,0,0,0,0,0,0,0,0,0,269,6,0,0,1,1,0.02,0.06,0,255,6,0.02,0.08,0,0,0,0,1,1,anomaly
0,udp,private,SF,28,0,0,3,0,0,0,0,0,0,0,0,0,0,0,0,0,57,57,0,0,0,0,1,0,0,255,57,0.22,0.02,0.22,0,0,0,0,0,anomaly
0,tcp,bgp,S0,0,0,0,0,0,0,0,0,0,0,0,0,0,0,0,0,0,266,18,1,1,0,0,0.07,0.06,0,255,18,0.07,0.07,0,0,1,1,0,0,anomaly
0,icmp,eco_i,SF,8,0,0,0,0,0,0,0,0,0,0,0,0,0,0,0,0,1,2,0,0,0,0,1,0,1,1,45,1,0,1,0.27,0,0,0,0,anomaly
0,tcp,private,S0,0,0,0,0,0,0,0,0,0,0,0,0,0,0,0,0,0,103,11,1,1,0,0,0.11,0.05,0,255,11,0.04,0.05,0,0,1,1,0,0,anomaly
0,tcp,telnet,S0,0,0,0,0,0,0,0,0,0,0,0,0,0,0,0,0,0,35,6,1,1,0,0,0.17,0.11,0,255,54,0.21,0.04,0.02,0,1,1,0,0,anomaly
0,icmp,ecr_i,SF,520,0,0,0,0,0,0,0,0,0,0,0,0,0,0,0,0,244,244,0,0,0,0,1,0,0,255,255,1,0,1,0,0,0,0,0,anomaly
0,tcp,ftp_data,S0,0,0,0,0,0,0,0,0,0,0,0,0,0,0,0,0,0,2,1,1,1,0,0,0.5,1,0,255,21,0.08,0.08,0,0,1,1,0,0,anomaly
0,tcp,ctf,REJ,0,0,0,0,0,0,0,0,0,0,0,0,0,0,0,0,0,125,1,0,0,1,1,0.01,0.07,0,255,1,0,0.07,0,0,0,0,1,1,anomaly
0,tcp,private,S0,0,0,0,0,0,0,0,0,0,0,0,0,0,0,0,0,0,299,19,1,1,0,0,0.06,0.05,0,255,3,0.01,0.07,0,0,1,1,0,0,anomaly
0,tcp,private,S0,0,0,0,0,0,0,0,0,0,0,0,0,0,0,0,0,0,112,4,1,1,0,0,0.04,0.08,0,255,4,0.02,0.07,0,0,1,1,0,0,anomaly
0,tcp,private,S0,0,0,0,0,0,0,0,0,0,0,0,0,0,0,0,0,0,122,14,1,1,0,0,0.11,0.07,0,255,16,0.06,0.07,0,0,1,1,0,0,anomaly
0,icmp,eco_i,SF,8,0,0,0,0,0,0,0,0,0,0,0,0,0,0,0,0,1,1,0,0,0,0,1,0,0,4,2,0.5,0.75,0.5,0,0,0,0,0,anomaly
0,tcp,private,S0,0,0,0,0,0,0,0,0,0,0,0,0,0,0,0,0,0,126,20,0.99,1,0,0,0.16,0.06,0,255,4,0.02,0.06,0,0,1,1,0,0,anomaly
0,tcp,nntp,S0,0,0,0,0,0,0,0,0,0,0,0,0,0,0,0,0,0,281,24,1,1,0,0,0.09,0.05,0,255,24,0.09,0.05,0,0,1,1,0,0,anomaly
0,udp,private,SF,1,0,0,0,0,0,0,0,0,0,0,0,0,0,0,0,0,4,4,0,0,0,0,1,0,0,255,35,0.14,0.44,0.67,0,0.03,0,0.3,0,anomaly
0,tcp,courier,S0,0,0,0,0,0,0,0,0,0,0,0,0,0,0,0,0,0,150,20,1,1,0,0,0.13,0.06,0,255,13,0.05,0.07,0,0,1,1,0,0,anomaly
0,tcp,smtp,RSTO,0,0,0,0,0,0,0,0,0,0,0,0,0,0,0,0,0,290,16,0,0,1,1,0.06,0.06,0,255,16,0.06,0.07,0,0,0,0,1,1,anomaly
0,tcp,private,RSTR,0,0,0,0,0,0,0,0,0,0,0,0,0,0,0,0,0,1,1,0,0,1,1,1,0,0,66,1,0.02,0.32,0.27,0,0.09,0,0.27,1,anomaly
0,tcp,vmnet,S0,0,0,0,0,0,0,0,0,0,0,0,0,0,0,0,0,0,255,20,1,1,0,0,0.08,0.06,0,255,9,0.04,0.07,0,0,1,1,0,0,anomaly
0,tcp,iso_tsap,S0,0,0,0,0,0,0,0,0,0,0,0,0,0,0,0,0,0,145,7,1,1,0,0,0.05,0.07,0,255,7,0.03,0.07,0,0,1,1,0,0,anomaly
0,tcp,other,REJ,0,0,0,0,0,0,0,0,0,0,0,0,0,0,0,0,0,511,1,0.21,0,0.79,1,0,1,0,255,1,0,1,0,0,0.25,0,0.75,1,anomaly
0,icmp,ecr_i,SF,1032,0,0,0,0,0,0,0,0,0,0,0,0,0,0,0,0,511,511,0,0,0,0,1,0,0,150,5,0.03,0.02,0.03,0,0,0,0,0,anomaly
0,tcp,private,S0,0,0,0,0,0,0,0,0,0,0,0,0,0,0,0,0,0,149,7,1,1,0,0,0.05,0.07,0,255,20,0.08,0.07,0,0,1,1,0,0,anomaly
0,tcp,ldap,S0,0,0,0,0,0,0,0,0,0,0,0,0,0,0,0,0,0,135,17,1,1,0,0,0.13,0.05,0,255,5,0.02,0.07,0,0,1,1,0,0,anomaly
0,tcp,finger,S0,0,0,0,0,0,0,0,0,0,0,0,0,0,0,0,0,0,41,10,1,1,0,0,0.24,0.1,0,255,61,0.24,0.02,0.02,0,1,1,0,0,anomaly
0,tcp,private,S0,0,0,0,0,0,0,0,0,0,0,0,0,0,0,0,0,0,268,14,1,1,0,0,0.05,0.06,0,255,14,0.05,0.09,0,0,1,1,0,0,anomaly
0,tcp,nnsp,REJ,0,0,0,0,0,0,0,0,0,0,0,0,0,0,0,0,0,107,9,0,0,1,1,0.08,0.07,0,255,9,0.04,0.06,0,0,0,0,1,1,anomaly
0,icmp,eco_i,SF,8,0,0,0,0,0,0,0,0,0,0,0,0,0,0,0,0,1,21,0,0,0,0,1,0,1,2,86,1,0,1,0.5,0,0,0,0,anomaly
0,tcp,finger,S0,0,0,0,0,0,0,0,0,0,0,0,0,0,0,0,0,0,15,5,1,1,0,0,0.33,0.27,0,255,65,0.25,0.02,0,0,1,1,0,0,anomaly
0,tcp,http_443,S0,0,0,0,0,0,0,0,0,0,0,0,0,0,0,0,0,0,88,10,1,1,0,0,0.11,0.06,0,255,10,0.04,0.05,0,0,1,1,0,0,anomaly
0,tcp,bgp,S0,0,0,0,0,0,0,0,0,0,0,0,0,0,0,0,0,0,249,3,1,1,0,0,0.01,0.07,0,255,3,0.01,0.07,0,0,1,1,0,0,anomaly
0,icmp,ecr_i,SF,1032,0,0,0,0,0,0,0,0,0,0,0,0,0,0,0,0,511,511,0,0,0,0,1,0,0,255,23,0.09,0.25,0.09,0,0,0,0,0,anomaly
0,icmp,ecr_i,SF,1032,0,0,0,0,0,0,0,0,0,0,0,0,0,0,0,0,384,384,0,0,0,0,1,0,0,255,255,1,0,1,0,0,0,0,0,anomaly
0,tcp,daytime,S0,0,0,0,0,0,0,0,0,0,0,0,0,0,0,0,0,0,4,1,1,1,0,0,0.25,0.75,0,255,1,0,0.09,0,0,1,1,0,0,anomaly
0,tcp,domain,REJ,0,0,0,0,0,0,0,0,0,0,0,0,0,0,0,0,0,250,13,0,0,1,1,0.05,0.06,0,255,13,0.05,0.07,0,0,0,0,1,1,anomaly
0,tcp,time,S0,0,0,0,0,0,0,0,0,0,0,0,0,0,0,0,0,0,283,3,1,1,0,0,0.01,0.06,0,255,3,0.01,0.07,0,0,1,1,0,0,anomaly
0,udp,private,SF,1,1,0,0,0,0,0,0,0,0,0,0,0,0,0,0,0,4,1,0,0,0,0,0.25,0.5,0,255,1,0,0.99,0.02,0,0.2,0,0.78,0,anomaly
0,tcp,private,S0,0,0,0,0,0,0,0,0,0,0,0,0,0,0,0,0,0,93,6,1,1,0,0,0.06,0.06,0,255,18,0.07,0.07,0,0,1,1,0,0,anomaly
0,tcp,ldap,S0,0,0,0,0,0,0,0,0,0,0,0,0,0,0,0,0,0,92,1,1,1,0,0,0.01,0.07,0,255,1,0,0.07,0,0,1,1,0,0,anomaly
0,tcp,netbios_ssn,S0,0,0,0,0,0,0,0,0,0,0,0,0,0,0,0,0,0,274,16,1,1,0,0,0.06,0.05,0,255,16,0.06,0.05,0,0,1,1,0,0,anomaly
0,icmp,eco_i,SF,8,0,0,0,0,0,0,0,0,0,0,0,0,0,0,0,0,1,27,0,0,0,0,1,0,1,2,61,1,0,1,0.26,0,0,0,0,anomaly
1,tcp,ftp,SF,1170,2447,0,0,0,28,0,1,0,0,0,0,0,0,0,0,1,1,1,0,0,0,0,1,0,0,120,18,0.15,0.05,0.01,0,0.02,0,0.07,0,anomaly
0,udp,private,SF,1,0,0,0,0,0,0,0,0,0,0,0,0,0,0,0,0,58,4,0,0,0,0,0.07,0.09,0,255,4,0.02,0.22,0.83,0,0,0,0.17,0,anomaly
0,tcp,private,S0,0,0,0,0,0,0,0,0,0,0,0,0,0,0,0,0,0,190,3,1,1,0,0,0.02,0.06,0,255,14,0.05,0.07,0,0,1,1,0,0,anomaly
0,tcp,vmnet,S0,0,0,0,0,0,0,0,0,0,0,0,0,0,0,0,0,0,266,8,1,1,0,0,0.03,0.07,0,255,8,0.03,0.08,0,0,1,1,0,0,anomaly
0,tcp,whois,S0,0,0,0,0,0,0,0,0,0,0,0,0,0,0,0,0,0,208,8,1,1,0,0,0.04,0.06,0,255,13,0.05,0.07,0,0,1,1,0,0,anomaly
0,tcp,ftp_data,S0,0,0,0,0,0,0,0,0,0,0,0,0,0,0,0,0,0,32,6,1,1,0,0,0.19,0.12,0,112,44,0.23,0.04,0.01,0.05,1,0.59,0,0,anomaly
0,tcp,finger,S0,0,0,0,0,0,0,0,0,0,0,0,0,0,0,0,0,0,8,4,0.88,1,0.12,0,0.5,0.5,0,255,2,0.01,0.08,0.01,0,1,1,0,0,anomaly
0,tcp,private,S0,0,0,0,0,0,0,0,0,0,0,0,0,0,0,0,0,0,269,11,1,1,0,0,0.04,0.06,0,255,11,0.04,0.08,0,0,1,1,0,0,anomaly
0,tcp,private,S0,0,0,0,0,0,0,0,0,0,0,0,0,0,0,0,0,0,221,1,1,1,0,0,0,0.06,0,255,20,0.08,0.07,0,0,1,1,0,0,anomaly
0,tcp,finger,S0,0,0,0,0,0,0,0,0,0,0,0,0,0,0,0,0,0,188,1,1,1,0,0,0.01,0.07,0,255,1,0,0.07,0,0,1,1,0,0,anomaly
0,tcp,ftp_data,SF,246,0,0,0,0,0,0,1,0,0,0,0,0,0,0,0,0,1,1,0,0,0,0,1,0,0,1,12,1,0,1,0.17,0,0,0,0,anomaly
3,tcp,pop_3,SF,6,0,0,0,0,0,0,1,0,0,0,0,0,0,0,0,0,507,1,0.06,0,0.93,0,0,1,0,255,1,0,1,0,0,0.08,0,0.91,0,anomaly
0,tcp,imap4,S0,0,0,0,0,0,0,0,0,0,0,0,0,0,0,0,0,0,279,13,1,1,0,0,0.05,0.06,0,255,13,0.05,0.06,0,0,1,1,0,0,anomaly
0,icmp,ecr_i,SF,1032,0,0,0,0,0,0,0,0,0,0,0,0,0,0,0,0,511,511,0,0,0,0,1,0,0,255,66,0.26,0.15,0.26,0,0,0,0,0,anomaly
0,tcp,private,S0,0,0,0,0,0,0,0,0,0,0,0,0,0,0,0,0,0,228,16,1,1,0,0,0.07,0.07,0,255,5,0.02,0.08,0,0,1,1,0,0,anomaly
0,tcp,echo,S0,0,0,0,0,0,0,0,0,0,0,0,0,0,0,0,0,0,226,19,1,1,0,0,0.08,0.06,0,255,19,0.07,0.06,0,0,1,1,0,0,anomaly
0,tcp,private,S0,0,0,0,0,0,0,0,0,0,0,0,0,0,0,0,0,0,211,19,1,1,0,0,0.09,0.05,0,255,19,0.07,0.05,0,0,1,1,0,0,anomaly
0,tcp,private,S0,0,0,0,0,0,0,0,0,0,0,0,0,0,0,0,0,0,291,17,1,1,0,0,0.06,0.05,0,255,20,0.08,0.07,0,0,1,1,0,0,anomaly
0,tcp,ldap,S0,0,0,0,0,0,0,0,0,0,0,0,0,0,0,0,0,0,140,11,1,1,0,0,0.08,0.06,0,255,10,0.04,0.07,0,0,1,1,0,0,anomaly
0,tcp,private,S0,0,0,0,0,0,0,0,0,0,0,0,0,0,0,0,0,0,127,14,0.99,1,0,0,0.11,0.06,0,255,14,0.05,0.05,0,0,1,1,0,0,anomaly
0,tcp,private,S0,0,0,0,0,0,0,0,0,0,0,0,0,0,0,0,0,0,114,12,1,1,0,0,0.11,0.05,0,255,12,0.05,0.04,0,0,1,1,0,0,anomaly
0,icmp,eco_i,SF,8,0,0,0,0,0,0,0,0,0,0,0,0,0,0,0,0,1,33,0,0,0,0,1,0,1,2,74,1,0,1,0.5,0,0,0,0,anomaly
0,icmp,eco_i,SF,8,0,0,0,0,0,0,0,0,0,0,0,0,0,0,0,0,1,51,0,0,0,0,1,0,1,1,67,1,0,1,0.51,0,0,0,0,anomaly
0,tcp,supdup,S0,0,0,0,0,0,0,0,0,0,0,0,0,0,0,0,0,0,112,6,1,1,0,0,0.05,0.07,0,255,6,0.02,0.07,0,0,1,1,0,0,anomaly
0,udp,private,SF,28,0,0,3,0,0,0,0,0,0,0,0,0,0,0,0,0,92,92,0,0,0,0,1,0,0,164,92,0.56,0.02,0.56,0,0,0,0,0,anomaly
0,tcp,private,REJ,0,0,0,0,0,0,0,0,0,0,0,0,0,0,0,0,0,128,17,0,0,1,1,0.13,0.06,0,255,17,0.07,0.06,0,0,0,0,1,1,anomaly
0,tcp,private,REJ,0,0,0,0,0,0,0,0,0,0,0,0,0,0,0,0,0,1,1,0,0,1,1,1,0,0,35,2,0.03,1,0.03,1,0,0,0.89,1,anomaly
41111,tcp,private,RSTR,1,0,0,0,0,0,0,0,0,0,0,0,0,0,0,0,0,2,2,0,0,1,1,1,0,0,255,2,0.01,0.31,0.61,0,0,0,0.61,1,anomaly
0,tcp,private,RSTR,0,0,0,0,0,0,0,0,0,0,0,0,0,0,0,0,0,1,1,0,0,1,1,1,0,0,198,1,0.01,0.51,0.51,0,0,0,0.5,1,anomaly
0,tcp,supdup,S0,0,0,0,0,0,0,0,0,0,0,0,0,0,0,0,0,0,168,21,1,1,0,0,0.12,0.06,0,255,21,0.08,0.06,0,0,1,1,0,0,anomaly
0,udp,other,SF,1,0,0,0,0,0,0,0,0,0,0,0,0,0,0,0,0,24,1,0,0,0,0,0.04,0.38,0,255,1,0,0.18,0.53,0,0,0,0.4,0,anomaly
0,tcp,gopher,S0,0,0,0,0,0,0,0,0,0,0,0,0,0,0,0,0,0,214,16,1,1,0,0,0.07,0.06,0,255,15,0.06,0.08,0,0,1,1,0,0,anomaly
0,tcp,private,REJ,0,0,0,0,0,0,0,0,0,0,0,0,0,0,0,0,0,103,9,0,0,1,1,0.09,0.07,0,255,3,0.01,0.08,0,0,0,0,1,1,anomaly
0,tcp,finger,S0,0,0,0,0,0,0,0,0,0,0,0,0,0,0,0,0,0,276,19,1,1,0,0,0.07,0.06,0,255,19,0.07,0.07,0,0,1,1,0,0,anomaly
0,tcp,private,S0,0,0,0,0,0,0,0,0,0,0,0,0,0,0,0,0,0,296,20,1,1,0,0,0.07,0.06,0,255,38,0.15,0.05,0,0,1,1,0,0,anomaly
0,tcp,private,S0,0,0,0,0,0,0,0,0,0,0,0,0,0,0,0,0,0,123,8,1,1,0,0,0.07,0.07,0,255,6,0.02,0.07,0,0,1,1,0,0,anomaly
0,tcp,Z39_50,S0,0,0,0,0,0,0,0,0,0,0,0,0,0,0,0,0,0,248,11,1,1,0,0,0.04,0.06,0,255,11,0.04,0.07,0,0,1,1,0,0,anomaly
0,tcp,systat,S0,0,0,0,0,0,0,0,0,0,0,0,0,0,0,0,0,0,131,16,1,1,0,0,0.12,0.06,0,255,4,0.02,0.07,0,0,1,1,0,0,anomaly
0,tcp,private,S0,0,0,0,0,0,0,0,0,0,0,0,0,0,0,0,0,0,30,1,1,1,0,0,0.03,0.17,0,255,18,0.07,0.08,0,0,1,1,0,0,anomaly
0,icmp,eco_i,SF,8,0,0,0,0,0,0,0,0,0,0,0,0,0,0,0,0,1,13,0,0,0,0,1,0,1,3,80,1,0,1,0.26,0,0,0,0,anomaly
0,tcp,discard,S0,0,0,0,0,0,0,0,0,0,0,0,0,0,0,0,0,0,268,19,1,1,0,0,0.07,0.06,0,255,19,0.07,0.07,0,0,1,1,0,0,anomaly
22861,tcp,private,RSTR,1,0,0,0,0,0,0,0,0,0,0,0,0,0,0,0,0,2,2,0,0,1,1,1,0,0,255,2,0.01,0.73,1,0,0,0,1,1,anomaly
0,tcp,uucp,RSTO,0,0,0,0,0,0,0,0,0,0,0,0,0,0,0,0,0,123,18,0,0,1,1,0.15,0.07,0,255,18,0.07,0.07,0,0,0,0,1,1,anomaly
0,tcp,private,REJ,0,0,0,0,0,0,0,0,0,0,0,0,0,0,0,0,0,105,16,0,0,1,1,0.15,0.06,0,255,16,0.06,0.07,0,0,0,0,1,1,anomaly
0,tcp,private,S0,0,0,0,0,0,0,0,0,0,0,0,0,0,0,0,0,0,252,9,1,1,0,0,0.04,0.07,0,255,9,0.04,0.08,0,0,1,1,0,0,anomaly
0,tcp,private,S0,0,0,0,0,0,0,0,0,0,0,0,0,0,0,0,0,0,105,7,1,1,0,0,0.07,0.06,0,255,8,0.03,0.08,0,0,1,1,0,0,anomaly
0,tcp,name,S0,0,0,0,0,0,0,0,0,0,0,0,0,0,0,0,0,0,234,3,1,1,0,0,0.01,0.07,0,255,3,0.01,0.07,0,0,1,1,0,0,anomaly
0,tcp,http,REJ,0,0,0,0,0,0,0,0,0,0,0,0,0,0,0,0,0,289,16,0,0,1,1,0.06,0.06,0,255,16,0.06,0.06,0,0,0,0,1,1,anomaly
4,tcp,ftp_data,SF,832,0,0,0,0,0,0,1,0,0,0,0,0,0,0,0,0,1,1,0,0,0,0,1,0,0,3,15,1,0,1,0.27,0,0,0,0,anomaly
0,tcp,private,S0,0,0,0,0,0,0,0,0,0,0,0,0,0,0,0,0,0,241,1,1,1,0,0,0,0.07,0,255,1,0,0.08,0,0,1,1,0,0,anomaly
0,tcp,telnet,S0,0,0,0,0,0,0,0,0,0,0,0,0,0,0,0,0,0,31,11,1,1,0,0,0.35,0.06,0,255,11,0.04,0.07,0.01,0,1,1,0,0,anomaly
0,tcp,smtp,S0,0,0,0,0,0,0,0,0,0,0,0,0,0,0,0,0,0,245,20,1,1,0,0,0.08,0.06,0,255,1,0,0.07,0,0,1,1,0,0,anomaly
0,tcp,klogin,S0,0,0,0,0,0,0,0,0,0,0,0,0,0,0,0,0,0,139,1,1,1,0,0,0.01,0.06,0,255,2,0.01,0.07,0,0,1,1,0,0,anomaly
0,tcp,klogin,S0,0,0,0,0,0,0,0,0,0,0,0,0,0,0,0,0,0,139,20,1,1,0,0,0.14,0.06,0,255,20,0.08,0.07,0,0,1,1,0,0,anomaly
0,icmp,eco_i,SF,8,0,0,0,0,0,0,0,0,0,0,0,0,0,0,0,0,1,31,0,0,0,0,1,0,1,2,61,1,0,1,0.26,0,0,0,0,anomaly
0,tcp,ftp_data,S0,0,0,0,0,0,0,0,0,0,0,0,0,0,0,0,0,0,259,1,1,1,0,0,0,0.06,0,255,1,0,0.09,0,0,1,1,0,0,anomaly
0,tcp,private,S0,0,0,0,0,0,0,0,0,0,0,0,0,0,0,0,0,0,104,2,1,1,0,0,0.02,0.07,0,255,17,0.07,0.09,0,0,1,1,0,0,anomaly
0,tcp,echo,RSTO,0,0,0,0,0,0,0,0,0,0,0,0,0,0,0,0,0,259,5,0,0,1,1,0.02,0.07,0,255,5,0.02,0.08,0,0,0,0,1,1,anomaly
0,tcp,exec,S0,0,0,0,0,0,0,0,0,0,0,0,0,0,0,0,0,0,150,20,1,1,0,0,0.13,0.06,0,255,13,0.05,0.07,0,0,1,1,0,0,anomaly
0,tcp,bgp,S0,0,0,0,0,0,0,0,0,0,0,0,0,0,0,0,0,0,253,19,1,1,0,0,0.08,0.06,0,255,3,0.01,0.06,0,0,1,1,0,0,anomaly
0,tcp,supdup,S0,0,0,0,0,0,0,0,0,0,0,0,0,0,0,0,0,0,116,7,1,1,0,0,0.06,0.06,0,255,4,0.02,0.09,0,0,1,1,0,0,anomaly
0,tcp,finger,S0,0,0,0,0,0,0,0,0,0,0,0,0,0,0,0,0,0,9,9,1,1,0,0,1,0,0,69,15,0.13,0.06,0.03,0.13,1,0.6,0,0,anomaly
0,tcp,private,RSTR,0,0,0,0,0,0,0,0,0,0,0,0,0,0,0,0,0,1,1,0,0,1,1,1,0,0,255,1,0,0.28,0.27,0,0,0,0.27,1,anomaly
0,tcp,printer,S0,0,0,0,0,0,0,0,0,0,0,0,0,0,0,0,0,0,119,7,1,1,0,0,0.06,0.07,0,255,7,0.03,0.06,0,0,1,1,0,0,anomaly
0,tcp,supdup,S0,0,0,0,0,0,0,0,0,0,0,0,0,0,0,0,0,0,263,16,1,1,0,0,0.06,0.05,0,255,16,0.06,0.05,0,0,1,1,0,0,anomaly
0,tcp,exec,S0,0,0,0,0,0,0,0,0,0,0,0,0,0,0,0,0,0,132,23,1,1,0,0,0.17,0.05,0,255,23,0.09,0.05,0,0,1,1,0,0,anomaly
0,tcp,private,REJ,0,0,0,0,0,0,0,0,0,0,0,0,0,0,0,0,0,184,6,0,0,1,1,0.03,0.07,0,255,6,0.02,0.08,0,0,0,0,1,1,anomaly
0,tcp,http,S0,0,0,0,0,0,0,0,0,0,0,0,0,0,0,0,0,0,22,9,1,1,0,0,0.41,0.18,0,255,62,0.24,0.02,0.02,0,1,1,0,0,anomaly
0,icmp,eco_i,SF,8,0,0,0,0,0,0,0,0,0,0,0,0,0,0,0,0,1,31,0,0,0,0,1,0,1,2,118,1,0,1,0.5,0,0,0,0,anomaly
0,tcp,csnet_ns,S0,0,0,0,0,0,0,0,0,0,0,0,0,0,0,0,0,0,264,10,1,1,0,0,0.04,0.06,0,255,10,0.04,0.09,0,0,1,1,0,0,anomaly
0,tcp,private,S0,0,0,0,0,0,0,0,0,0,0,0,0,0,0,0,0,0,173,14,1,1,0,0,0.08,0.06,0,255,3,0.01,0.07,0,0,1,1,0,0,anomaly
0,tcp,courier,S0,0,0,0,0,0,0,0,0,0,0,0,0,0,0,0,0,0,134,5,1,1,0,0,0.04,0.06,0,255,5,0.02,0.06,0,0,1,1,0,0,anomaly
0,tcp,private,S0,0,0,0,0,0,0,0,0,0,0,0,0,0,0,0,0,0,108,8,1,1,0,0,0.07,0.06,0,255,28,0.11,0.06,0,0,1,1,0,0,anomaly
0,tcp,private,S0,0,0,0,0,0,0,0,0,0,0,0,0,0,0,0,0,0,93,6,1,1,0,0,0.06,0.06,0,255,18,0.07,0.07,0,0,1,1,0,0,anomaly
0,tcp,ftp_data,S0,0,0,0,0,0,0,0,0,0,0,0,0,0,0,0,0,0,8,2,1,1,0,0,0.25,0.38,0,248,62,0.25,0.02,0,0,1,1,0,0,anomaly
0,tcp,ftp_data,SF,334,0,0,0,0,0,0,1,0,0,0,0,0,0,0,0,0,1,1,0,0,0,0,1,0,0,4,4,1,0,1,0,0,0,0,0,anomaly
0,tcp,private,S0,0,0,0,0,0,0,0,0,0,0,0,0,0,0,0,0,0,260,6,1,1,0,0,0.02,0.07,0,255,6,0.02,0.07,0,0,1,1,0,0,anomaly
0,tcp,nnsp,S0,0,0,0,0,0,0,0,0,0,0,0,0,0,0,0,0,0,109,16,1,1,0,0,0.15,0.06,0,255,20,0.08,0.05,0,0,1,1,0,0,anomaly
0,tcp,iso_tsap,S0,0,0,0,0,0,0,0,0,0,0,0,0,0,0,0,0,0,220,17,1,1,0,0,0.08,0.05,0,255,17,0.07,0.06,0,0,1,1,0,0,anomaly
0,tcp,name,S0,0,0,0,0,0,0,0,0,0,0,0,0,0,0,0,0,0,292,17,1,1,0,0,0.06,0.05,0,255,8,0.03,0.08,0,0,1,1,0,0,anomaly
0,tcp,private,REJ,0,0,0,0,0,0,0,0,0,0,0,0,0,0,0,0,0,71,1,0.1,0,0.9,1,0.01,1,0,255,1,0,0.55,0,0,0.03,0,0.26,1,anomaly
0,tcp,klogin,REJ,0,0,0,0,0,0,0,0,0,0,0,0,0,0,0,0,0,107,16,0,0,1,1,0.15,0.07,0,255,16,0.06,0.06,0,0,0,0,1,1,anomaly
0,tcp,private,S0,0,0,0,0,0,0,0,0,0,0,0,0,0,0,0,0,0,124,18,1,1,0,0,0.15,0.06,0,255,33,0.13,0.05,0,0,1,1,0,0,anomaly
0,tcp,imap4,REJ,0,0,0,0,0,0,0,0,0,0,0,0,0,0,0,0,0,277,10,0,0,1,1,0.04,0.06,0,255,10,0.04,0.08,0,0,0,0,1,1,anomaly
0,tcp,mtp,S0,0,0,0,0,0,0,0,0,0,0,0,0,0,0,0,0,0,210,22,1,1,0,0,0.1,0.05,0,255,22,0.09,0.05,0,0,1,1,0,0,anomaly
0,icmp,ecr_i,SF,520,0,0,0,0,0,0,0,0,0,0,0,0,0,0,0,0,449,449,0,0,0,0,1,0,0,6,6,1,0,1,0,0,0,0,0,anomaly
4641,tcp,other,RSTR,1,0,0,0,0,0,0,0,0,0,0,0,0,0,0,0,0,2,2,0,0,1,1,1,0,0,255,2,0.01,0.74,1,0,0,0,1,1,anomaly
0,tcp,private,S0,0,0,0,0,0,0,0,0,0,0,0,0,0,0,0,0,0,223,10,1,1,0,0,0.04,0.07,0,255,9,0.04,0.05,0,0,1,1,0,0,anomaly
0,icmp,ecr_i,SF,1032,0,0,0,0,0,0,0,0,0,0,0,0,0,0,0,0,511,511,0,0,0,0,1,0,0,255,186,0.73,0.16,0.73,0,0,0,0,0,anomaly
0,tcp,http_443,S0,0,0,0,0,0,0,0,0,0,0,0,0,0,0,0,0,0,56,16,1,1,0,0,0.29,0.11,0,255,16,0.06,0.08,0,0,1,1,0,0,anomaly
0,tcp,private,S0,0,0,0,0,0,0,0,0,0,0,0,0,0,0,0,0,0,251,16,1,1,0,0,0.06,0.06,0,255,16,0.06,0.07,0,0,1,1,0,0,anomaly
0,tcp,uucp,S0,0,0,0,0,0,0,0,0,0,0,0,0,0,0,0,0,0,120,10,1,1,0,0,0.08,0.06,0,255,10,0.04,0.05,0,0,1,1,0,0,anomaly
0,tcp,csnet_ns,S0,0,0,0,0,0,0,0,0,0,0,0,0,0,0,0,0,0,108,11,1,1,0,0,0.1,0.08,0,255,11,0.04,0.07,0,0,1,1,0,0,anomaly
0,icmp,eco_i,SF,18,0,0,0,0,0,0,0,0,0,0,0,0,0,0,0,0,1,1,0,0,0,0,1,0,0,1,152,1,0,1,1,0,0,0,0,anomaly
0,icmp,eco_i,SF,18,0,0,0,0,0,0,0,0,0,0,0,0,0,0,0,0,1,1,0,0,0,0,1,0,0,1,125,1,0,1,0.26,0,0,0,0,anomaly
3,tcp,ftp,SF,1233,2449,0,0,0,28,0,1,0,0,0,0,0,0,0,0,1,1,1,0,0,0,0,1,0,0,255,29,0.11,0.02,0,0,0.11,0,0,0,anomaly
0,tcp,private,S0,0,0,0,0,0,0,0,0,0,0,0,0,0,0,0,0,0,33,10,1,1,0,0,0.3,0.09,0,255,16,0.06,0.07,0,0,1,1,0,0,anomaly
0,tcp,ftp_data,S0,0,0,0,0,0,0,0,0,0,0,0,0,0,0,0,0,0,7,7,1,1,0,0,1,0,0,255,55,0.22,0.02,0,0,1,1,0,0,anomaly
0,tcp,private,REJ,0,0,0,0,0,0,0,0,0,0,0,0,0,0,0,0,0,102,2,0,0,1,1,0.02,0.07,0,255,22,0.09,0.07,0,0,0,0,1,1,anomaly
0,tcp,finger,RSTR,0,0,0,0,0,0,0,0,0,0,0,0,0,0,0,0,0,1,1,0,0,1,1,1,0,0,255,1,0,1,1,0,0,0,1,1,anomaly
0,tcp,http_443,S0,0,0,0,0,0,0,0,0,0,0,0,0,0,0,0,0,0,145,21,1,1,0,0,0.14,0.05,0,255,21,0.08,0.05,0,0,1,1,0,0,anomaly
0,tcp,supdup,S0,0,0,0,0,0,0,0,0,0,0,0,0,0,0,0,0,0,193,19,1,1,0,0,0.1,0.06,0,255,19,0.07,0.07,0,0,1,1,0,0,anomaly
0,udp,private,SF,207,0,0,0,0,0,0,0,0,0,0,0,0,0,0,0,0,2,2,0,0,0,0,1,0,0,6,6,1,0,1,0,0,0,0,0,anomaly
0,udp,private,SF,1,0,0,0,0,0,0,0,0,0,0,0,0,0,0,0,0,31,10,0,0,0,0,0.32,0.1,0,255,10,0.04,0.87,0.15,0,0.1,0,0.76,0,anomaly
0,tcp,klogin,S0,0,0,0,0,0,0,0,0,0,0,0,0,0,0,0,0,0,132,16,1,1,0,0,0.12,0.06,0,255,4,0.02,0.07,0,0,1,1,0,0,anomaly
0,tcp,http,SF,54540,8314,0,0,0,2,0,1,1,0,0,0,0,0,0,0,0,2,2,0,0,0,0,1,0,0,159,159,1,0,0.01,0,0,0,0.01,0.01,anomaly
0,tcp,private,REJ,0,0,0,0,0,0,0,0,0,0,0,0,0,0,0,0,0,119,5,0,0,1,1,0.04,0.07,0,94,5,0.05,0.09,0.01,0,0,0,1,1,anomaly
0,icmp,ecr_i,SF,1032,0,0,0,0,0,0,0,0,0,0,0,0,0,0,0,0,511,511,0,0,0,0,1,0,0,255,174,0.68,0.02,0.68,0,0,0,0,0,anomaly
0,tcp,private,S0,0,0,0,0,0,0,0,0,0,0,0,0,0,0,0,0,0,219,6,1,1,0,0,0.03,0.06,0,255,6,0.02,0.08,0,0,1,1,0,0,anomaly
0,tcp,http,S0,0,0,0,0,0,0,0,0,0,0,0,0,0,0,0,0,0,278,7,1,1,0,0,0.03,0.06,0,255,8,0.03,0.07,0,0,1,1,0,0,anomaly
0,icmp,eco_i,SF,8,0,0,0,0,0,0,0,0,0,0,0,0,0,0,0,0,1,17,0,0,0,0,1,0,1,2,56,1,0,1,0.5,0,0,0,0,anomaly
0,tcp,time,S0,0,0,0,0,0,0,0,0,0,0,0,0,0,0,0,0,0,223,13,1,1,0,0,0.06,0.06,0,255,19,0.07,0.06,0,0,1,1,0,0,anomaly
0,tcp,http,SF,54540,8314,0,0,0,2,0,1,1,0,0,0,0,0,0,0,0,1,1,0,0,0,0,1,0,0,146,146,1,0,0.01,0,0,0,0.01,0.01,anomaly
0,tcp,private,REJ,0,0,0,0,0,0,0,0,0,0,0,0,0,0,0,0,0,266,1,0.08,0,0.87,1,0,1,0,255,1,0,1,0,0,0.08,0,0.87,1,anomaly
31809,tcp,private,RSTR,1,0,0,0,0,0,0,0,0,0,0,0,0,0,0,0,0,2,2,0,0,1,1,1,0,0,255,2,0.01,0.82,1,0,0,0,1,1,anomaly
0,tcp,private,S0,0,0,0,0,0,0,0,0,0,0,0,0,0,0,0,0,0,146,3,1,1,0,0,0.02,0.08,0,255,16,0.06,0.08,0,0,1,1,0,0,anomaly
0,icmp,eco_i,SF,8,0,0,0,0,0,0,0,0,0,0,0,0,0,0,0,0,1,33,0,0,0,0,1,0,1,2,48,1,0,1,0.5,0,0,0,0,anomaly
0,tcp,other,REJ,0,0,0,0,0,0,0,0,0,0,0,0,0,0,0,0,0,511,1,0.16,0,0.82,1,0,1,0,255,1,0,1,0,0,0.23,0,0.77,1,anomaly
0,tcp,ftp_data,REJ,0,0,0,0,0,0,0,0,0,0,0,0,0,0,0,0,0,272,7,0,0,1,1,0.03,0.06,0,255,7,0.03,0.09,0,0,0,0,1,1,anomaly
0,icmp,ecr_i,SF,1032,0,0,0,0,0,0,0,0,0,0,0,0,0,0,0,0,511,511,0,0,0,0,1,0,0,255,108,0.42,0.02,0.42,0,0.02,0,0,0,anomaly
0,tcp,http,SF,54540,8314,0,0,0,2,0,1,1,0,0,0,0,0,0,0,0,4,4,0,0,0,0,1,0,0,118,118,1,0,0.01,0,0,0,0.04,0.04,anomaly
0,tcp,efs,S0,0,0,0,0,0,0,0,0,0,0,0,0,0,0,0,0,0,134,19,1,1,0,0,0.14,0.05,0,255,19,0.07,0.06,0,0,1,1,0,0,anomaly
0,tcp,private,RSTR,0,0,0,0,0,0,0,0,0,0,0,0,0,0,0,0,0,1,1,0,0,1,1,1,0,0,103,1,0.01,0.54,0.53,0,0.06,0,0.51,1,anomaly
0,tcp,nnsp,S0,0,0,0,0,0,0,0,0,0,0,0,0,0,0,0,0,0,227,9,1,1,0,0,0.04,0.05,0,255,9,0.04,0.06,0,0,1,1,0,0,anomaly
0,tcp,daytime,S0,0,0,0,0,0,0,0,0,0,0,0,0,0,0,0,0,0,281,25,1,1,0,0,0.09,0.05,0,255,25,0.1,0.05,0,0,1,1,0,0,anomaly
0,tcp,private,S0,0,0,0,0,0,0,0,0,0,0,0,0,0,0,0,0,0,209,16,1,1,0,0,0.08,0.06,0,255,16,0.06,0.05,0,0,1,1,0,0,anomaly
0,tcp,pop_3,RSTO,0,0,0,0,0,0,0,0,0,0,0,0,0,0,0,0,0,232,17,0,0,1,1,0.07,0.06,0,255,17,0.07,0.07,0,0,0,0,1,1,anomaly
0,tcp,imap4,S0,0,0,0,0,0,0,0,0,0,0,0,0,0,0,0,0,0,207,7,1,1,0,0,0.03,0.06,0,255,19,0.07,0.06,0,0,1,1,0,0,anomaly
0,icmp,eco_i,SF,8,0,0,0,0,0,0,0,0,0,0,0,0,0,0,0,0,1,14,0,0,0,0,1,0,1,1,173,1,0,1,0.25,0,0,0,0,anomaly
0,icmp,eco_i,SF,8,0,0,0,0,0,0,0,0,0,0,0,0,0,0,0,0,1,44,0,0,0,0,1,0,1,4,20,1,0,1,0.25,0,0,0,0,anomaly
0,tcp,nnsp,S0,0,0,0,0,0,0,0,0,0,0,0,0,0,0,0,0,0,155,23,1,1,0,0,0.15,0.05,0,255,23,0.09,0.05,0,0,1,1,0,0,anomaly
0,tcp,hostnames,S0,0,0,0,0,0,0,0,0,0,0,0,0,0,0,0,0,0,292,17,1,1,0,0,0.06,0.06,0,255,17,0.07,0.08,0,0,1,1,0,0,anomaly
0,tcp,supdup,S0,0,0,0,0,0,0,0,0,0,0,0,0,0,0,0,0,0,248,21,1,1,0,0,0.08,0.06,0,255,21,0.08,0.07,0,0,1,1,0,0,anomaly
0,udp,private,SF,1,0,0,0,0,0,0,0,0,0,0,0,0,0,0,0,0,7,5,0,0,0,0,0.71,0.43,0,255,5,0.02,0.35,0.84,0,0,0,0.16,0,anomaly
0,tcp,private,S0,0,0,0,0,0,0,0,0,0,0,0,0,0,0,0,0,0,85,6,1,1,0,0,0.07,0.08,0,255,6,0.02,0.07,0,0,1,1,0,0,anomaly
0,tcp,private,S0,0,0,0,0,0,0,0,0,0,0,0,0,0,0,0,0,0,127,6,1,1,0,0,0.05,0.06,0,255,6,0.02,0.06,0,0,1,1,0,0,anomaly
0,tcp,mtp,S0,0,0,0,0,0,0,0,0,0,0,0,0,0,0,0,0,0,235,8,1,1,0,0,0.03,0.06,0,255,8,0.03,0.07,0,0,1,1,0,0,anomaly
0,tcp,iso_tsap,S0,0,0,0,0,0,0,0,0,0,0,0,0,0,0,0,0,0,123,8,1,1,0,0,0.07,0.07,0,255,8,0.03,0.06,0,0,1,1,0,0,anomaly
0,icmp,ecr_i,SF,520,0,0,0,0,0,0,0,0,0,0,0,0,0,0,0,0,481,481,0,0,0,0,1,0,0,81,81,1,0,1,0,0,0,0,0,anomaly
0,tcp,private,S0,0,0,0,0,0,0,0,0,0,0,0,0,0,0,0,0,0,139,11,1,1,0,0,0.08,0.06,0,255,30,0.12,0.06,0,0,1,1,0,0,anomaly
0,tcp,bgp,S0,0,0,0,0,0,0,0,0,0,0,0,0,0,0,0,0,0,253,20,1,1,0,0,0.08,0.06,0,255,20,0.08,0.07,0,0,1,1,0,0,anomaly
0,tcp,Z39_50,S0,0,0,0,0,0,0,0,0,0,0,0,0,0,0,0,0,0,16,3,1,1,0,0,0.19,0.25,0,255,9,0.04,0.08,0,0,1,1,0,0,anomaly
0,icmp,eco_i,SF,8,0,0,0,0,0,0,0,0,0,0,0,0,0,0,0,0,1,1,0,0,0,0,1,0,0,1,1,1,0,1,0,0,0,0,0,anomaly
0,tcp,supdup,S0,0,0,0,0,0,0,0,0,0,0,0,0,0,0,0,0,0,267,17,1,1,0,0,0.06,0.05,0,255,17,0.07,0.05,0,0,1,1,0,0,anomaly
0,tcp,Z39_50,S0,0,0,0,0,0,0,0,0,0,0,0,0,0,0,0,0,0,262,9,1,1,0,0,0.03,0.06,0,255,9,0.04,0.08,0,0,1,1,0,0,anomaly
0,tcp,hostnames,S0,0,0,0,0,0,0,0,0,0,0,0,0,0,0,0,0,0,258,1,1,1,0,0,0,0.06,0,255,1,0,0.07,0,0,1,1,0,0,anomaly
0,tcp,private,S0,0,0,0,0,0,0,0,0,0,0,0,0,0,0,0,0,0,127,17,1,1,0,0,0.13,0.05,0,255,17,0.07,0.04,0,0,1,1,0,0,anomaly
0,tcp,domain,S0,0,0,0,0,0,0,0,0,0,0,0,0,0,0,0,0,0,237,12,1,1,0,0,0.05,0.06,0,255,12,0.05,0.07,0,0,1,1,0,0,anomaly
0,tcp,supdup,S0,0,0,0,0,0,0,0,0,0,0,0,0,0,0,0,0,0,148,25,1,1,0,0,0.17,0.05,0,255,25,0.1,0.05,0,0,1,1,0,0,anomaly
0,udp,other,SF,1,0,0,0,0,0,0,0,0,0,0,0,0,0,0,0,0,10,1,0,0,0,0,0.1,0.8,0,255,1,0,0.22,1,0,0,0,0,0,anomaly
0,tcp,other,REJ,0,0,0,0,0,0,0,0,0,0,0,0,0,0,0,0,0,440,1,0.08,0,0.92,1,0,1,0,255,1,0,1,0,0,0.06,0,0.94,1,anomaly
0,tcp,netstat,S0,0,0,0,0,0,0,0,0,0,0,0,0,0,0,0,0,0,229,16,1,1,0,0,0.07,0.07,0,255,3,0.01,0.08,0,0,1,1,0,0,anomaly
0,tcp,daytime,S0,0,0,0,0,0,0,0,0,0,0,0,0,0,0,0,0,0,149,11,1,1,0,0,0.07,0.05,0,255,2,0.01,0.06,0,0,1,1,0,0,anomaly
0,tcp,private,REJ,0,0,0,0,0,0,0,0,0,0,0,0,0,0,0,0,0,178,11,0,0,1,1,0.06,0.08,0,255,11,0.04,0.09,0,0,0,0,1,1,anomaly
0,tcp,private,REJ,0,0,0,0,0,0,0,0,0,0,0,0,0,0,0,0,0,253,8,0,0,1,1,0.03,0.07,0,255,8,0.03,0.09,0,0,0,0,1,1,anomaly
0,tcp,ldap,S0,0,0,0,0,0,0,0,0,0,0,0,0,0,0,0,0,0,253,22,1,1,0,0,0.09,0.05,0,255,22,0.09,0.05,0,0,1,1,0,0,anomaly
0,tcp,whois,REJ,0,0,0,0,0,0,0,0,0,0,0,0,0,0,0,0,0,277,10,0,0,1,1,0.04,0.06,0,255,10,0.04,0.06,0,0,0,0,1,1,anomaly
0,icmp,eco_i,SF,8,0,0,0,0,0,0,0,0,0,0,0,0,0,0,0,0,1,6,0,0,0,0,1,0,1,4,61,1,0,1,0.26,0,0,0,0,anomaly
0,tcp,private,S0,0,0,0,0,0,0,0,0,0,0,0,0,0,0,0,0,0,248,22,1,1,0,0,0.09,0.05,0,52,22,0.42,0.1,0.02,0,0.96,1,0,0,anomaly
0,tcp,other,REJ,0,0,0,0,0,0,0,0,0,0,0,0,0,0,0,0,0,317,1,0.1,0,0.9,1,0,1,0,255,1,0,1,0,0,0.09,0,0.9,1,anomaly
0,tcp,iso_tsap,S0,0,0,0,0,0,0,0,0,0,0,0,0,0,0,0,0,0,157,12,1,1,0,0,0.08,0.07,0,255,12,0.05,0.07,0,0,1,1,0,0,anomaly
0,tcp,uucp_path,REJ,0,0,0,0,0,0,0,0,0,0,0,0,0,0,0,0,0,139,9,0,0,1,1,0.06,0.07,0,255,9,0.04,0.07,0,0,0,0,1,1,anomaly
0,tcp,courier,S0,0,0,0,0,0,0,0,0,0,0,0,0,0,0,0,0,0,126,5,1,1,0,0,0.04,0.07,0,255,1,0,0.07,0,0,1,1,0,0,anomaly
0,tcp,other,REJ,0,0,0,0,0,0,0,0,0,0,0,0,0,0,0,0,0,510,1,0.2,0,0.8,1,0,1,0,255,1,0,1,0,0,0.11,0,0.89,1,anomaly
0,tcp,ftp_data,S0,0,0,0,0,0,0,0,0,0,0,0,0,0,0,0,0,0,37,8,1,1,0,0,0.22,0.11,0,255,48,0.19,0.03,0.01,0,1,1,0,0,anomaly
0,tcp,imap4,S0,0,0,0,0,0,0,0,0,0,0,0,0,0,0,0,0,0,119,20,1,1,0,0,0.17,0.05,0,255,20,0.08,0.05,0,0,1,1,0,0,anomaly
0,icmp,eco_i,SF,8,0,0,0,0,0,0,0,0,0,0,0,0,0,0,0,0,1,20,0,0,0,0,1,0,1,3,163,1,0,1,0.25,0,0,0,0,anomaly
0,tcp,private,S0,0,0,0,0,0,0,0,0,0,0,0,0,0,0,0,0,0,284,17,1,1,0,0,0.06,0.05,0,255,14,0.05,0.07,0,0,1,1,0,0,anomaly
0,tcp,private,S0,0,0,0,0,0,0,0,0,0,0,0,0,0,0,0,0,0,135,12,1,1,0,0,0.09,0.07,0,255,12,0.05,0.06,0,0,1,1,0,0,anomaly
0,tcp,whois,S0,0,0,0,0,0,0,0,0,0,0,0,0,0,0,0,0,0,107,7,1,1,0,0,0.07,0.07,0,255,7,0.03,0.08,0,0,1,1,0,0,anomaly
0,tcp,ftp,SF,1195,2449,0,0,0,28,0,1,0,0,0,0,0,0,0,0,1,1,1,0,0,0,0,1,0,0,116,14,0.12,0.05,0.01,0,0.02,0,0.07,0,anomaly
0,tcp,private,S0,0,0,0,0,0,0,0,0,0,0,0,0,0,0,0,0,0,237,15,1,1,0,0,0.06,0.06,0,255,15,0.06,0.08,0,0,1,1,0,0,anomaly
0,tcp,ctf,REJ,0,0,0,0,0,0,0,0,0,0,0,0,0,0,0,0,0,1,1,0,0,1,1,1,0,0,65,2,0.02,1,0.02,1,0,0,0.92,1,anomaly
0,tcp,domain,S0,0,0,0,0,0,0,0,0,0,0,0,0,0,0,0,0,0,282,4,1,1,0,0,0.01,0.06,0,255,1,0,0.07,0,0,1,1,0,0,anomaly
0,tcp,hostnames,S0,0,0,0,0,0,0,0,0,0,0,0,0,0,0,0,0,0,292,23,1,1,0,0,0.08,0.05,0,255,23,0.09,0.05,0,0,1,1,0,0,anomaly
0,tcp,netstat,S0,0,0,0,0,0,0,0,0,0,0,0,0,0,0,0,0,0,8,2,1,1,0,0,0.25,0.38,0,255,11,0.04,0.09,0,0,1,1,0,0,anomaly
0,tcp,private,S0,0,0,0,0,0,0,0,0,0,0,0,0,0,0,0,0,0,117,11,1,1,0,0,0.09,0.06,0,255,26,0.1,0.06,0,0,1,1,0,0,anomaly
0,tcp,ftp_data,S0,0,0,0,0,0,0,0,0,0,0,0,0,0,0,0,0,0,142,6,1,1,0,0,0.04,0.06,0,255,6,0.02,0.06,0,0,1,1,0,0,anomaly
0,tcp,iso_tsap,S0,0,0,0,0,0,0,0,0,0,0,0,0,0,0,0,0,0,123,8,1,1,0,0,0.07,0.07,0,255,8,0.03,0.06,0,0,1,1,0,0,anomaly
0,tcp,ftp_data,REJ,0,0,0,0,0,0,0,0,0,0,0,0,0,0,0,0,0,218,10,0,0,1,1,0.05,0.06,0,255,10,0.04,0.07,0,0,0,0,1,1,anomaly
0,tcp,whois,S0,0,0,0,0,0,0,0,0,0,0,0,0,0,0,0,0,0,214,12,1,1,0,0,0.06,0.06,0,255,10,0.04,0.09,0,0,1,1,0,0,anomaly
0,tcp,private,REJ,0,0,0,0,0,0,0,0,0,0,0,0,0,0,0,0,0,263,9,0,0,1,1,0.03,0.07,0,255,9,0.04,0.09,0,0,0,0,1,1,anomaly
0,tcp,iso_tsap,S0,0,0,0,0,0,0,0,0,0,0,0,0,0,0,0,0,0,205,18,1,1,0,0,0.09,0.06,0,255,18,0.07,0.06,0,0,1,1,0,0,anomaly
0,tcp,private,S0,0,0,0,0,0,0,0,0,0,0,0,0,0,0,0,0,0,138,15,1,1,0,0,0.11,0.06,0,255,7,0.03,0.08,0,0,1,1,0,0,anomaly
0,tcp,iso_tsap,REJ,0,0,0,0,0,0,0,0,0,0,0,0,0,0,0,0,0,227,12,0,0,1,1,0.05,0.07,0,255,12,0.05,0.08,0,0,0,0,1,1,anomaly
0,tcp,private,S0,0,0,0,0,0,0,0,0,0,0,0,0,0,0,0,0,0,184,20,1,1,0,0,0.11,0.07,0,255,20,0.08,0.07,0,0,1,1,0,0,anomaly
0,tcp,private,S0,0,0,0,0,0,0,0,0,0,0,0,0,0,0,0,0,0,220,20,1,1,0,0,0.09,0.06,0,255,20,0.08,0.07,0,0,1,1,0,0,anomaly
0,tcp,nnsp,S0,0,0,0,0,0,0,0,0,0,0,0,0,0,0,0,0,0,106,17,1,1,0,0,0.16,0.06,0,255,17,0.07,0.05,0,0,1,1,0,0,anomaly
0,udp,private,SF,1,0,0,0,0,0,0,0,0,0,0,0,0,0,0,0,0,31,24,0,0,0,0,0.77,0.1,0,255,24,0.09,0.56,0.48,0,0.05,0,0.47,0,anomaly
0,tcp,private,S0,0,0,0,0,0,0,0,0,0,0,0,0,0,0,0,0,0,184,3,1,1,0,0,0.02,0.07,0,255,18,0.07,0.06,0,0,1,1,0,0,anomaly
0,tcp,private,S0,0,0,0,0,0,0,0,0,0,0,0,0,0,0,0,0,0,146,5,1,1,0,0,0.03,0.06,0,227,1,0,0.08,0,0,1,1,0,0,anomaly
37847,tcp,private,RSTR,1,0,0,0,0,0,0,0,0,0,0,0,0,0,0,0,0,2,2,0,0,1,1,1,0,0,255,2,0.01,0.5,1,0,0,0,1,1,anomaly
0,tcp,private,S0,0,0,0,0,0,0,0,0,0,0,0,0,0,0,0,0,0,116,3,1,1,0,0,0.03,0.08,0,255,4,0.02,0.07,0,0,1,1,0,0,anomaly
0,icmp,ecr_i,SF,520,0,0,0,0,0,0,0,0,0,0,0,0,0,0,0,0,177,177,0,0,0,0,1,0,0,255,255,1,0,1,0,0,0,0,0,anomaly
0,tcp,private,S0,0,0,0,0,0,0,0,0,0,0,0,0,0,0,0,0,0,243,25,1,1,0,0,0.1,0.06,0,255,25,0.1,0.07,0,0,1,1,0,0,anomaly
0,tcp,iso_tsap,S0,0,0,0,0,0,0,0,0,0,0,0,0,0,0,0,0,0,288,11,1,1,0,0,0.04,0.06,0,255,9,0.04,0.07,0,0,1,1,0,0,anomaly
0,tcp,private,S0,0,0,0,0,0,0,0,0,0,0,0,0,0,0,0,0,0,13,3,1,1,0,0,0.23,0.38,0,255,3,0.01,0.09,0,0,1,1,0,0,anomaly
0,tcp,imap4,REJ,0,0,0,0,0,0,0,0,0,0,0,0,0,0,0,0,0,272,15,0,0,1,1,0.06,0.06,0,255,15,0.06,0.07,0,0,0,0,1,1,anomaly
0,tcp,exec,RSTO,0,0,0,0,0,0,0,0,0,0,0,0,0,0,0,0,0,114,6,0,0,1,1,0.05,0.06,0,255,6,0.02,0.07,0,0,0,0,1,1,anomaly
0,tcp,private,S0,0,0,0,0,0,0,0,0,0,0,0,0,0,0,0,0,0,227,1,1,1,0,0,0,0.07,0,255,1,0,0.08,0,0,1,1,0,0,anomaly
0,tcp,time,S0,0,0,0,0,0,0,0,0,0,0,0,0,0,0,0,0,0,262,4,1,1,0,0,0.02,0.06,0,255,4,0.02,0.07,0,0,1,1,0,0,anomaly
0,tcp,private,S0,0,0,0,0,0,0,0,0,0,0,0,0,0,0,0,0,0,178,10,1,1,0,0,0.06,0.06,0,255,14,0.05,0.06,0,0,1,1,0,0,anomaly
0,tcp,courier,S0,0,0,0,0,0,0,0,0,0,0,0,0,0,0,0,0,0,143,20,1,1,0,0,0.14,0.06,0,255,9,0.04,0.06,0,0,1,1,0,0,anomaly
0,tcp,other,REJ,0,0,0,0,0,0,0,0,0,0,0,0,0,0,0,0,0,508,1,0.08,0,0.89,1,0,0.95,0,255,1,0,0.91,0,0,0.08,0,0.92,1,anomaly
0,icmp,eco_i,SF,18,0,0,0,0,0,0,0,0,0,0,0,0,0,0,0,0,1,1,0,0,0,0,1,0,0,1,172,1,0,1,1,0,0,0,0,anomaly
0,tcp,courier,REJ,0,0,0,0,0,0,0,0,0,0,0,0,0,0,0,0,0,110,4,0,0,1,1,0.04,0.07,0,255,4,0.02,0.08,0,0,0,0,1,1,anomaly
0,icmp,ecr_i,SF,1032,0,0,0,0,0,0,0,0,0,0,0,0,0,0,0,0,202,202,0,0,0,0,1,0,0,255,255,1,0,1,0,0,0,0,0,anomaly
0,tcp,other,REJ,0,0,0,0,0,0,0,0,0,0,0,0,0,0,0,0,0,399,1,0.09,0,0.91,1,0,1,0,255,1,0,1,0,0,0.11,0,0.89,1,anomaly
0,tcp,courier,S0,0,0,0,0,0,0,0,0,0,0,0,0,0,0,0,0,0,113,5,1,1,0,0,0.04,0.06,0,255,5,0.02,0.05,0,0,1,1,0,0,anomaly
0,icmp,ecr_i,SF,520,0,0,0,0,0,0,0,0,0,0,0,0,0,0,0,0,487,487,0,0,0,0,1,0,0,128,128,1,0,1,0,0,0,0,0,anomaly
0,tcp,whois,S0,0,0,0,0,0,0,0,0,0,0,0,0,0,0,0,0,0,45,2,1,1,0,0,0.04,0.13,0,255,10,0.04,0.08,0,0,1,1,0,0,anomaly
0,tcp,exec,RSTO,0,0,0,0,0,0,0,0,0,0,0,0,0,0,0,0,0,128,3,0,0,1,1,0.02,0.07,0,255,3,0.01,0.07,0,0,0,0,1,1,anomaly
0,tcp,ssh,S0,0,0,0,0,0,0,0,0,0,0,0,0,0,0,0,0,0,201,17,1,1,0,0,0.08,0.06,0,255,17,0.07,0.07,0,0,1,1,0,0,anomaly
0,tcp,ftp,RSTO,0,0,0,0,0,0,0,0,0,0,0,0,0,0,0,0,0,254,20,0,0,1,1,0.08,0.06,0,255,20,0.08,0.07,0,0,0,0,1,1,anomaly
0,tcp,kshell,REJ,0,0,0,0,0,0,0,0,0,0,0,0,0,0,0,0,0,127,2,0,0,1,1,0.02,0.07,0,255,2,0.01,0.07,0,0,0,0,1,1,anomaly
0,icmp,ecr_i,SF,1032,0,0,0,0,0,0,0,0,0,0,0,0,0,0,0,0,236,236,0,0,0,0,1,0,0,255,255,1,0,1,0,0,0,0,0,anomaly
0,tcp,time,RSTO,0,0,0,0,0,0,0,0,0,0,0,0,0,0,0,0,0,256,4,0,0,1,1,0.02,0.06,0,255,4,0.02,0.07,0,0,0,0,1,1,anomaly
0,tcp,private,RSTR,0,0,0,0,0,0,0,0,0,0,0,0,0,0,0,0,0,1,1,0,0,1,1,1,0,0,255,1,0,0.82,0.82,0,0,0,0.82,1,anomaly
0,tcp,netbios_ssn,REJ,0,0,0,0,0,0,0,0,0,0,0,0,0,0,0,0,0,243,19,0,0,1,1,0.08,0.07,0,255,19,0.07,0.07,0,0,0,0,1,1,anomaly
0,udp,private,SF,1,0,0,0,0,0,0,0,0,0,0,0,0,0,0,0,0,26,2,0,0,0,0,0.08,0.27,0,255,2,0.01,0.22,1,0,0,0,0,0,anomaly
0,tcp,link,REJ,0,0,0,0,0,0,0,0,0,0,0,0,0,0,0,0,0,262,2,0,0,1,1,0.01,0.06,0,255,2,0.01,0.07,0,0,0,0,1,1,anomaly
0,tcp,nntp,S0,0,0,0,0,0,0,0,0,0,0,0,0,0,0,0,0,0,122,22,1,1,0,0,0.18,0.04,0,255,22,0.09,0.04,0,0,1,1,0,0,anomaly
0,tcp,name,S0,0,0,0,0,0,0,0,0,0,0,0,0,0,0,0,0,0,162,1,0.69,1,0.31,0,0.01,0.39,0,255,1,0,0.25,0.64,0,0.44,1,0.2,0,anomaly
0,tcp,kshell,S0,0,0,0,0,0,0,0,0,0,0,0,0,0,0,0,0,0,130,23,1,1,0,0,0.18,0.05,0,255,23,0.09,0.05,0,0,1,1,0,0,anomaly
0,tcp,finger,S0,0,0,0,0,0,0,0,0,0,0,0,0,0,0,0,0,0,29,7,1,1,0,0,0.24,0.14,0,255,63,0.25,0.02,0.02,0,1,1,0,0,anomaly
0,tcp,http,SF,54540,8314,0,0,0,2,0,1,1,0,0,0,0,0,0,0,0,3,3,0,0,0,0,1,0,0,46,46,1,0,0.02,0,0,0,0.26,0.26,anomaly
0,tcp,hostnames,S0,0,0,0,0,0,0,0,0,0,0,0,0,0,0,0,0,0,292,17,1,1,0,0,0.06,0.06,0,255,17,0.07,0.08,0,0,1,1,0,0,anomaly
0,tcp,ldap,S0,0,0,0,0,0,0,0,0,0,0,0,0,0,0,0,0,0,147,19,1,1,0,0,0.13,0.05,0,255,19,0.07,0.06,0,0,1,1,0,0,anomaly
0,tcp,hostnames,S0,0,0,0,0,0,0,0,0,0,0,0,0,0,0,0,0,0,292,23,1,1,0,0,0.08,0.05,0,255,23,0.09,0.05,0,0,1,1,0,0,anomaly
0,tcp,ftp,S0,0,0,0,0,0,0,0,0,0,0,0,0,0,0,0,0,0,250,12,1,1,0,0,0.05,0.06,0,255,12,0.05,0.06,0,0,1,1,0,0,anomaly
0,tcp,private,S0,0,0,0,0,0,0,0,0,0,0,0,0,0,0,0,0,0,261,15,1,1,0,0,0.06,0.06,0,255,17,0.07,0.08,0,0,1,1,0,0,anomaly
0,tcp,finger,S0,0,0,0,0,0,0,0,0,0,0,0,0,0,0,0,0,0,240,1,1,1,0,0,0,0.06,0,255,1,0,0.07,0,0,1,1,0,0,anomaly
16744,tcp,other,RSTR,1,0,0,0,0,0,0,0,0,0,0,0,0,0,0,0,0,2,2,0,0,1,1,1,0,0,255,2,0.01,0.65,1,0,0,0,1,1,anomaly
0,icmp,eco_i,SF,8,0,0,0,0,0,0,0,0,0,0,0,0,0,0,0,0,1,24,0,0,0,0,1,0,1,1,197,1,0,1,0.25,0,0,0,0,anomaly
0,tcp,time,S0,0,0,0,0,0,0,0,0,0,0,0,0,0,0,0,0,0,199,9,1,1,0,0,0.05,0.07,0,255,9,0.04,0.07,0,0,1,1,0,0,anomaly
0,tcp,private,S0,0,0,0,0,0,0,0,0,0,0,0,0,0,0,0,0,0,138,14,1,1,0,0,0.1,0.06,0,255,8,0.03,0.07,0,0,1,1,0,0,anomaly
3,tcp,private,RSTR,0,0,0,0,0,0,0,0,0,0,0,0,0,0,0,0,0,335,2,0,0,1,1,0.01,0.52,0,255,2,0.01,0.52,1,0,0,0,1,1,anomaly
1,tcp,private,RSTR,0,0,0,0,0,0,0,0,0,0,0,0,0,0,0,0,0,308,2,0,0,1,1,0.01,0.5,0,255,2,0.01,0.5,1,0,0,0,1,1,anomaly
0,tcp,private,RSTR,0,0,0,0,0,0,0,0,0,0,0,0,0,0,0,0,0,1,1,0,0,1,1,1,0,0,255,1,0,0.82,1,0,0,0,1,1,anomaly
0,icmp,eco_i,SF,8,0,0,0,0,0,0,0,0,0,0,0,0,0,0,0,0,1,24,0,0,0,0,1,0,1,2,86,1,0,1,0.5,0,0,0,0,anomaly
0,tcp,imap4,S0,0,0,0,0,0,0,0,0,0,0,0,0,0,0,0,0,0,267,13,1,1,0,0,0.05,0.05,0,255,13,0.05,0.05,0,0,1,1,0,0,anomaly
0,tcp,http,SF,54540,8314,0,0,0,2,0,1,1,0,0,0,0,0,0,0,0,2,2,0,0,0,0,1,0,0,208,208,1,0,0,0,0,0,0.01,0.01,anomaly
0,udp,private,SF,1,0,0,0,0,0,0,0,0,0,0,0,0,0,0,0,0,30,18,0,0,0,0,0.6,0.1,0,255,18,0.07,0.18,1,0,0,0,0,0,anomaly
0,tcp,link,S0,0,0,0,0,0,0,0,0,0,0,0,0,0,0,0,0,0,283,13,1,1,0,0,0.05,0.06,0,255,13,0.05,0.07,0,0,1,1,0,0,anomaly
0,tcp,private,S0,0,0,0,0,0,0,0,0,0,0,0,0,0,0,0,0,0,261,15,1,1,0,0,0.06,0.06,0,255,17,0.07,0.08,0,0,1,1,0,0,anomaly
0,tcp,http,S0,0,0,0,0,0,0,0,0,0,0,0,0,0,0,0,0,0,13,12,0.92,1,0.08,0,0.92,0.15,0,255,13,0.05,0.06,0,0,1,1,0,0,anomaly
0,icmp,eco_i,SF,8,0,0,0,0,0,0,0,0,0,0,0,0,0,0,0,0,1,33,0,0,0,0,1,0,1,4,136,1,0,1,0.25,0,0,0,0,anomaly
0,tcp,ftp_data,SF,334,0,0,0,0,0,0,1,0,0,0,0,0,0,0,0,0,1,1,0,0,0,0,1,0,0,3,29,1,0,1,0.14,0,0,0,0,anomaly
0,tcp,ftp_data,S0,0,0,0,0,0,0,0,0,0,0,0,0,0,0,0,0,0,275,8,1,1,0,0,0.03,0.05,0,255,8,0.03,0.05,0,0,1,1,0,0,anomaly
0,tcp,netstat,REJ,0,0,0,0,0,0,0,0,0,0,0,0,0,0,0,0,0,234,1,0,0,1,1,0,0.07,0,255,1,0,0.07,0,0,0,0,1,1,anomaly
0,tcp,courier,S0,0,0,0,0,0,0,0,0,0,0,0,0,0,0,0,0,0,119,15,1,1,0,0,0.13,0.06,0,255,15,0.06,0.05,0,0,1,1,0,0,anomaly
0,tcp,efs,S0,0,0,0,0,0,0,0,0,0,0,0,0,0,0,0,0,0,147,17,1,1,0,0,0.12,0.06,0,255,17,0.07,0.06,0,0,1,1,0,0,anomaly
0,icmp,eco_i,SF,8,0,0,0,0,0,0,0,0,0,0,0,0,0,0,0,0,1,46,0,0,0,0,1,0,1,2,255,1,0,1,0.25,0,0,0,0,anomaly
0,tcp,imap4,S0,0,0,0,0,0,0,0,0,0,0,0,0,0,0,0,0,0,231,14,1,1,0,0,0.06,0.05,0,255,14,0.05,0.05,0,0,1,1,0,0,anomaly
0,tcp,iso_tsap,S0,0,0,0,0,0,0,0,0,0,0,0,0,0,0,0,0,0,207,2,1,1,0,0,0.01,0.07,0,255,14,0.05,0.09,0,0,1,1,0,0,anomaly
0,tcp,other,REJ,0,0,0,0,0,0,0,0,0,0,0,0,0,0,0,0,0,509,1,0.17,0,0.83,1,0,1,0,255,1,0,1,0,0,0.16,0,0.84,1,anomaly
0,tcp,private,REJ,0,0,0,0,0,0,0,0,0,0,0,0,0,0,0,0,0,289,18,0,0,1,1,0.06,0.06,0,255,32,0.13,0.07,0,0,0,0,1,1,anomaly
0,icmp,eco_i,SF,8,0,0,0,0,0,0,0,0,0,0,0,0,0,0,0,0,1,31,0,0,0,0,1,0,1,3,95,1,0,1,0.25,0,0,0,0,anomaly
0,icmp,eco_i,SF,8,0,0,0,0,0,0,0,0,0,0,0,0,0,0,0,0,1,50,0,0,0,0,1,0,1,2,132,1,0,1,0.5,0,0,0,0,anomaly
0,tcp,nntp,S0,0,0,0,0,0,0,0,0,0,0,0,0,0,0,0,0,0,122,22,1,1,0,0,0.18,0.04,0,255,22,0.09,0.04,0,0,1,1,0,0,anomaly
0,tcp,bgp,S0,0,0,0,0,0,0,0,0,0,0,0,0,0,0,0,0,0,279,17,1,1,0,0,0.06,0.06,0,255,17,0.07,0.07,0,0,1,1,0,0,anomaly
13113,tcp,other,RSTR,1,0,0,0,0,0,0,0,0,0,0,0,0,0,0,0,0,2,2,0,0,1,1,1,0,0,255,2,0.01,0.68,1,0,0,0,1,1,anomaly
0,tcp,private,S0,0,0,0,0,0,0,0,0,0,0,0,0,0,0,0,0,0,271,16,1,1,0,0,0.06,0.06,0,255,15,0.06,0.07,0,0,1,1,0,0,anomaly
0,icmp,eco_i,SF,8,0,0,0,0,0,0,0,0,0,0,0,0,0,0,0,0,1,2,0,0,0,0,1,0,1,1,45,1,0,1,0.27,0,0,0,0,anomaly
0,icmp,eco_i,SF,8,0,0,0,0,0,0,0,0,0,0,0,0,0,0,0,0,1,5,0,0,0,0,1,0,1,1,37,1,0,1,0.51,0,0,0,0,anomaly
0,tcp,Z39_50,S0,0,0,0,0,0,0,0,0,0,0,0,0,0,0,0,0,0,230,9,1,1,0,0,0.04,0.06,0,255,12,0.05,0.08,0,0,1,1,0,0,anomaly
0,tcp,private,S0,0,0,0,0,0,0,0,0,0,0,0,0,0,0,0,0,0,219,6,1,1,0,0,0.03,0.06,0,255,6,0.02,0.08,0,0,1,1,0,0,anomaly
0,tcp,name,S0,0,0,0,0,0,0,0,0,0,0,0,0,0,0,0,0,0,281,11,1,1,0,0,0.04,0.06,0,255,11,0.04,0.08,0,0,1,1,0,0,anomaly
0,tcp,private,S0,0,0,0,0,0,0,0,0,0,0,0,0,0,0,0,0,0,231,10,1,1,0,0,0.04,0.06,0,255,11,0.04,0.06,0,0,1,1,0,0,anomaly
17025,tcp,other,RSTR,1,0,0,0,0,0,0,0,0,0,0,0,0,0,0,0,0,2,2,0,0,1,1,1,0,0,255,2,0.01,0.71,1,0,0,0,1,1,anomaly
0,icmp,ecr_i,SF,1032,0,0,0,0,0,0,0,0,0,0,0,0,0,0,0,0,511,511,0,0,0,0,1,0,0,255,156,0.61,0.17,0.61,0,0,0,0,0,anomaly
0,tcp,finger,S0,0,0,0,0,0,0,0,0,0,0,0,0,0,0,0,0,0,132,17,1,1,0,0,0.13,0.07,0,255,17,0.07,0.07,0,0,1,1,0,0,anomaly
0,tcp,private,S0,0,0,0,0,0,0,0,0,0,0,0,0,0,0,0,0,0,67,7,1,1,0,0,0.1,0.06,0,255,20,0.08,0.07,0,0,1,1,0,0,anomaly
0,tcp,private,S0,0,0,0,0,0,0,0,0,0,0,0,0,0,0,0,0,0,290,21,1,1,0,0,0.07,0.04,0,248,21,0.08,0.06,0,0,0.99,1,0,0,anomaly
0,tcp,private,S0,0,0,0,0,0,0,0,0,0,0,0,0,0,0,0,0,0,166,2,1,1,0,0,0.01,0.06,0,255,20,0.08,0.07,0,0,1,1,0,0,anomaly
0,icmp,ecr_i,SF,1032,0,0,0,0,0,0,0,0,0,0,0,0,0,0,0,0,488,488,0,0,0,0,1,0,0,255,255,1,0,1,0,0,0,0,0,anomaly
0,icmp,eco_i,SF,18,0,0,0,0,0,0,0,0,0,0,0,0,0,0,0,0,1,1,0,0,0,0,1,0,0,4,43,1,0,1,0.26,0,0,0,0,anomaly
0,icmp,eco_i,SF,8,0,0,0,0,0,0,0,0,0,0,0,0,0,0,0,0,1,30,0,0,0,0,1,0,1,4,61,1,0,1,0.26,0,0,0,0,anomaly
0,tcp,ftp_data,SF,334,0,0,0,0,0,0,1,0,0,0,0,0,0,0,0,0,1,1,0,0,0,0,1,0,0,7,33,1,0,1,0.18,0,0,0,0,anomaly
0,tcp,whois,S0,0,0,0,0,0,0,0,0,0,0,0,0,0,0,0,0,0,267,19,1,1,0,0,0.07,0.05,0,255,19,0.07,0.05,0,0,1,1,0,0,anomaly
0,tcp,telnet,S0,0,0,0,0,0,0,0,0,0,0,0,0,0,0,0,0,0,235,14,1,1,0,0,0.06,0.06,0,255,15,0.06,0.07,0,0,1,1,0,0,anomaly
0,tcp,private,S0,0,0,0,0,0,0,0,0,0,0,0,0,0,0,0,0,0,160,15,1,1,0,0,0.09,0.08,0,255,15,0.06,0.06,0,0,1,1,0,0,anomaly
0,tcp,private,REJ,0,0,0,0,0,0,0,0,0,0,0,0,0,0,0,0,0,268,1,0.08,0,0.87,1,0,1,0,255,1,0,1,0,0,0.08,0,0.87,1,anomaly
0,tcp,domain,S0,0,0,0,0,0,0,0,0,0,0,0,0,0,0,0,0,0,253,1,1,1,0,0,0,0.07,0,255,1,0,0.08,0,0,1,1,0,0,anomaly
12,tcp,http,SF,54540,8314,0,0,0,2,0,1,1,0,0,0,0,0,0,0,0,4,4,0,0,0.25,0.25,1,0,0,19,19,1,0,0.05,0,0,0,0.42,0.42,anomaly
0,tcp,login,S0,0,0,0,0,0,0,0,0,0,0,0,0,0,0,0,0,0,139,20,1,1,0,0,0.14,0.06,0,255,19,0.07,0.07,0,0,1,1,0,0,anomaly
0,icmp,eco_i,SF,18,0,0,0,0,0,0,0,0,0,0,0,0,0,0,0,0,1,1,0,0,0,0,1,0,0,1,181,1,0,1,1,0,0,0,0,anomaly
0,tcp,private,S0,0,0,0,0,0,0,0,0,0,0,0,0,0,0,0,0,0,299,13,1,1,0,0,0.04,0.06,0,255,13,0.05,0.06,0,0,1,1,0,0,anomaly
0,tcp,telnet,S0,0,0,0,0,0,0,0,0,0,0,0,0,0,0,0,0,0,31,11,1,1,0,0,0.35,0.06,0,255,11,0.04,0.07,0.01,0,1,1,0,0,anomaly
0,tcp,private,S0,0,0,0,0,0,0,0,0,0,0,0,0,0,0,0,0,0,173,5,1,1,0,0,0.03,0.06,0,255,5,0.02,0.06,0,0,1,1,0,0,anomaly
0,tcp,private,S0,0,0,0,0,0,0,0,0,0,0,0,0,0,0,0,0,0,294,20,1,1,0,0,0.07,0.06,0,255,10,0.04,0.07,0,0,1,1,0,0,anomaly
0,icmp,ecr_i,SF,1480,0,0,1,0,0,0,0,0,0,0,0,0,0,0,0,0,2,4,0,0,0,0,1,0,0.5,4,151,1,0,1,0.05,0,0,0,0,anomaly
0,tcp,private,REJ,0,0,0,0,0,0,0,0,0,0,0,0,0,0,0,0,0,15,6,0,0,1,1,0.4,0.13,0,255,26,0.1,0.06,0,0,0,0,1,1,anomaly
0,tcp,efs,S0,0,0,0,0,0,0,0,0,0,0,0,0,0,0,0,0,0,146,13,1,1,0,0,0.09,0.05,0,255,13,0.05,0.06,0,0,1,1,0,0,anomaly
0,icmp,eco_i,SF,8,0,0,0,0,0,0,0,0,0,0,0,0,0,0,0,0,1,50,0,0,0,0,1,0,1,2,86,1,0,1,0.5,0,0,0,0,anomaly
0,icmp,eco_i,SF,18,0,0,0,0,0,0,0,0,0,0,0,0,0,0,0,0,1,1,0,0,0,0,1,0,0,1,152,1,0,1,1,0,0,0,0,anomaly
0,tcp,private,S0,0,0,0,0,0,0,0,0,0,0,0,0,0,0,0,0,0,118,5,1,1,0,0,0.04,0.07,0,255,14,0.05,0.05,0,0,1,1,0,0,anomaly
0,icmp,ecr_i,SF,1032,0,0,0,0,0,0,0,0,0,0,0,0,0,0,0,0,509,509,0,0,0,0,1,0,0,188,43,0.23,0.02,0.23,0,0,0,0,0,anomaly
0,tcp,private,RSTR,0,0,0,0,0,0,0,0,0,0,0,0,0,0,0,0,0,1,1,0,0,1,1,1,0,0,255,1,0,0.49,0.48,0,0,0,0.49,1,anomaly
0,tcp,klogin,S0,0,0,0,0,0,0,0,0,0,0,0,0,0,0,0,0,0,24,19,1,1,0,0,0.79,0.08,0,255,19,0.07,0.06,0,0,1,1,0,0,anomaly
0,tcp,efs,S0,0,0,0,0,0,0,0,0,0,0,0,0,0,0,0,0,0,114,4,1,1,0,0,0.04,0.07,0,255,4,0.02,0.07,0,0,1,1,0,0,anomaly
0,tcp,http_443,S0,0,0,0,0,0,0,0,0,0,0,0,0,0,0,0,0,0,45,8,1,1,0,0,0.18,0.11,0,255,8,0.03,0.08,0,0,1,1,0,0,anomaly
0,icmp,ecr_i,SF,520,0,0,0,0,0,0,0,0,0,0,0,0,0,0,0,0,458,458,0,0,0,0,1,0,0,52,52,1,0,1,0,0,0,0,0,anomaly
0,icmp,ecr_i,SF,1480,0,0,1,0,0,0,0,0,0,0,0,0,0,0,0,0,2,2,0,0,0,0,1,0,0,5,155,0.8,0.4,0.8,0.01,0.2,0,0,0,anomaly
0,tcp,time,RSTR,0,0,0,0,0,0,0,0,0,0,0,0,0,0,0,0,0,1,1,0,0,1,1,1,0,0,85,1,0.01,0.45,0.44,0,0.07,0,0.41,1,anomaly
0,tcp,uucp,S0,0,0,0,0,0,0,0,0,0,0,0,0,0,0,0,0,0,135,9,1,1,0,0,0.07,0.06,0,255,11,0.04,0.07,0,0,1,1,0,0,anomaly
0,tcp,ftp_data,S0,0,0,0,0,0,0,0,0,0,0,0,0,0,0,0,0,0,29,4,1,1,0,0,0.14,0.14,0,255,60,0.24,0.02,0.02,0,1,1,0,0,anomaly
0,tcp,klogin,REJ,0,0,0,0,0,0,0,0,0,0,0,0,0,0,0,0,0,144,17,0,0,1,1,0.12,0.06,0,255,17,0.07,0.06,0,0,0,0,1,1,anomaly
0,tcp,Z39_50,S0,0,0,0,0,0,0,0,0,0,0,0,0,0,0,0,0,0,230,17,1,1,0,0,0.07,0.05,0,255,17,0.07,0.06,0,0,1,1,0,0,anomaly
0,icmp,ecr_i,SF,1032,0,0,0,0,0,0,0,0,0,0,0,0,0,0,0,0,47,47,0,0,0,0,1,0,0,255,255,1,0,1,0,0,0,0,0,anomaly
0,tcp,netstat,S0,0,0,0,0,0,0,0,0,0,0,0,0,0,0,0,0,0,251,10,1,1,0,0,0.04,0.06,0,255,10,0.04,0.08,0,0,1,1,0,0,anomaly
0,tcp,private,S0,0,0,0,0,0,0,0,0,0,0,0,0,0,0,0,0,0,121,7,1,1,0,0,0.06,0.07,0,255,7,0.03,0.07,0,0,1,1,0,0,anomaly
0,tcp,ctf,S0,0,0,0,0,0,0,0,0,0,0,0,0,0,0,0,0,0,107,18,1,1,0,0,0.17,0.06,0,255,9,0.04,0.07,0,0,1,1,0,0,anomaly
0,tcp,echo,S0,0,0,0,0,0,0,0,0,0,0,0,0,0,0,0,0,0,194,4,1,1,0,0,0.02,0.07,0,255,6,0.02,0.08,0,0,1,1,0,0,anomaly
0,tcp,bgp,S0,0,0,0,0,0,0,0,0,0,0,0,0,0,0,0,0,0,254,2,1,1,0,0,0.01,0.07,0,255,2,0.01,0.07,0,0,1,1,0,0,anomaly
0,tcp,name,S0,0,0,0,0,0,0,0,0,0,0,0,0,0,0,0,0,0,253,2,1,1,0,0,0.01,0.06,0,255,2,0.01,0.08,0,0,1,1,0,0,anomaly
0,tcp,csnet_ns,REJ,0,0,0,0,0,0,0,0,0,0,0,0,0,0,0,0,0,195,3,0,0,1,1,0.02,0.08,0,255,3,0.01,0.08,0,0,0,0,1,1,anomaly
0,tcp,Z39_50,S0,0,0,0,0,0,0,0,0,0,0,0,0,0,0,0,0,0,211,6,1,1,0,0,0.03,0.06,0,255,6,0.02,0.06,0,0,1,1,0,0,anomaly
0,tcp,nnsp,REJ,0,0,0,0,0,0,0,0,0,0,0,0,0,0,0,0,0,139,19,0,0,1,1,0.14,0.06,0,255,19,0.07,0.06,0,0,0,0,1,1,anomaly
0,tcp,private,S0,0,0,0,0,0,0,0,0,0,0,0,0,0,0,0,0,0,121,11,1,1,0,0,0.09,0.07,0,255,14,0.05,0.07,0,0,1,1,0,0,anomaly
0,tcp,ldap,S0,0,0,0,0,0,0,0,0,0,0,0,0,0,0,0,0,0,2,1,1,1,0,0,0.5,1,0,255,9,0.04,0.09,0,0,1,1,0,0,anomaly
0,tcp,ftp,S0,0,0,0,0,0,0,0,0,0,0,0,0,0,0,0,0,0,257,6,1,1,0,0,0.02,0.06,0,255,6,0.02,0.07,0,0,1,1,0,0,anomaly
0,tcp,Z39_50,S0,0,0,0,0,0,0,0,0,0,0,0,0,0,0,0,0,0,271,11,1,1,0,0,0.04,0.05,0,255,11,0.04,0.05,0,0,1,1,0,0,anomaly
0,tcp,netbios_ns,S0,0,0,0,0,0,0,0,0,0,0,0,0,0,0,0,0,0,292,25,1,1,0,0,0.09,0.05,0,255,25,0.1,0.05,0,0,1,1,0,0,anomaly
0,tcp,ftp_data,SF,334,0,0,0,0,0,0,1,0,0,0,0,0,0,0,0,0,1,1,0,0,0,0,1,0,0,11,11,1,0,1,0,0,0,0,0,anomaly
0,tcp,private,S0,0,0,0,0,0,0,0,0,0,0,0,0,0,0,0,0,0,138,16,1,1,0,0,0.12,0.06,0,255,34,0.13,0.07,0,0,1,1,0,0,anomaly
0,tcp,private,S0,0,0,0,0,0,0,0,0,0,0,0,0,0,0,0,0,0,138,5,1,1,0,0,0.04,0.05,0,255,5,0.02,0.05,0,0,1,1,0,0,anomaly
0,tcp,telnet,S0,0,0,0,0,0,0,0,0,0,0,0,0,0,0,0,0,0,38,9,1,1,0,0,0.24,0.11,0,255,50,0.2,0.05,0.01,0,1,1,0,0,anomaly
0,tcp,imap4,S0,0,0,0,0,0,0,0,0,0,0,0,0,0,0,0,0,0,273,6,1,1,0,0,0.02,0.07,0,255,6,0.02,0.07,0,0,1,1,0,0,anomaly
0,tcp,http,S0,0,0,0,0,0,0,0,0,0,0,0,0,0,0,0,0,0,51,16,1,1,0,0,0.31,0.08,0,255,62,0.24,0.02,0.01,0,1,1,0,0,anomaly
0,icmp,ecr_i,SF,520,0,0,0,0,0,0,0,0,0,0,0,0,0,0,0,0,441,441,0,0,0,0,1,0,0,183,183,1,0,1,0,0,0,0,0,anomaly
0,udp,private,SF,1,0,0,0,0,0,0,0,0,0,0,0,0,0,0,0,0,20,15,0,0,0,0,0.75,0.2,0,255,15,0.06,0.22,1,0,0,0,0,0,anomaly
0,tcp,http,SF,54540,8314,0,0,0,2,0,1,1,0,0,0,0,0,0,0,0,7,8,0,0,0.29,0.38,1,0,0.25,255,255,1,0,0,0,0,0,0.06,0.06,anomaly
0,tcp,private,S0,0,0,0,0,0,0,0,0,0,0,0,0,0,0,0,0,0,106,7,1,1,0,0,0.07,0.06,0,255,14,0.05,0.07,0,0,1,1,0,0,anomaly
0,tcp,courier,S0,0,0,0,0,0,0,0,0,0,0,0,0,0,0,0,0,0,123,15,1,1,0,0,0.12,0.07,0,255,15,0.06,0.06,0,0,1,1,0,0,anomaly
0,tcp,uucp,S0,0,0,0,0,0,0,0,0,0,0,0,0,0,0,0,0,0,146,23,1,1,0,0,0.16,0.05,0,255,23,0.09,0.05,0,0,1,1,0,0,anomaly
0,tcp,telnet,S0,0,0,0,0,0,0,0,0,0,0,0,0,0,0,0,0,0,4,1,1,1,0,0,0.25,0.75,0,255,63,0.25,0.02,0.01,0,1,1,0,0,anomaly
0,tcp,ftp_data,SF,334,0,0,0,0,0,0,1,0,0,0,0,0,0,0,0,0,2,2,0,0,0,0,1,0,0,2,44,1,0,1,0.16,0,0,0,0,anomaly
0,icmp,ecr_i,SF,1032,0,0,0,0,0,0,0,0,0,0,0,0,0,0,0,0,187,187,0,0,0,0,1,0,0,222,128,0.58,0.03,0.58,0,0.01,0,0.28,0,anomaly
0,tcp,ldap,S0,0,0,0,0,0,0,0,0,0,0,0,0,0,0,0,0,0,114,11,1,1,0,0,0.1,0.07,0,255,11,0.04,0.07,0,0,1,1,0,0,anomaly
0,tcp,private,S0,0,0,0,0,0,0,0,0,0,0,0,0,0,0,0,0,0,115,10,1,1,0,0,0.09,0.06,0,255,12,0.05,0.07,0,0,1,1,0,0,anomaly
0,tcp,ftp_data,S0,0,0,0,0,0,0,0,0,0,0,0,0,0,0,0,0,0,77,19,1,1,0,0,0.25,0.05,0,255,45,0.18,0.04,0.01,0,1,1,0,0,anomaly
0,icmp,eco_i,SF,8,0,0,0,0,0,0,0,0,0,0,0,0,0,0,0,0,1,37,0,0,0,0,1,0,1,4,156,1,0,1,0.25,0,0,0,0,anomaly
0,tcp,iso_tsap,S0,0,0,0,0,0,0,0,0,0,0,0,0,0,0,0,0,0,263,10,1,1,0,0,0.04,0.06,0,255,10,0.04,0.07,0,0,1,1,0,0,anomaly
0,tcp,private,REJ,0,0,0,0,0,0,0,0,0,0,0,0,0,0,0,0,0,101,2,0,0,1,1,0.02,0.07,0,176,2,0.01,0.07,0.01,0,0,0,1,1,anomaly
0,tcp,private,S0,0,0,0,0,0,0,0,0,0,0,0,0,0,0,0,0,0,33,6,1,1,0,0,0.18,0.12,0,255,6,0.02,0.07,0,0,1,1,0,0,anomaly
0,tcp,private,S0,0,0,0,0,0,0,0,0,0,0,0,0,0,0,0,0,0,140,12,1,1,0,0,0.09,0.06,0,255,29,0.11,0.06,0,0,1,1,0,0,anomaly
0,tcp,private,REJ,0,0,0,0,0,0,0,0,0,0,0,0,0,0,0,0,0,1,1,0,0,1,1,1,0,0,25,2,0.04,1,0.04,1,0,0,0.92,1,anomaly
0,tcp,private,S0,0,0,0,0,0,0,0,0,0,0,0,0,0,0,0,0,0,133,4,1,1,0,0,0.03,0.06,0,255,16,0.06,0.07,0,0,1,1,0,0,anomaly
0,tcp,time,S0,0,0,0,0,0,0,0,0,0,0,0,0,0,0,0,0,0,285,3,1,1,0,0,0.01,0.06,0,255,3,0.01,0.06,0,0,1,1,0,0,anomaly
0,tcp,private,S0,0,0,0,0,0,0,0,0,0,0,0,0,0,0,0,0,0,166,9,1,1,0,0,0.05,0.06,0,255,17,0.07,0.06,0,0,1,1,0,0,anomaly
0,icmp,ecr_i,SF,520,0,0,0,0,0,0,0,0,0,0,0,0,0,0,0,0,268,268,0,0,0,0,1,0,0,255,255,1,0,1,0,0,0,0,0,anomaly
0,tcp,private,S0,0,0,0,0,0,0,0,0,0,0,0,0,0,0,0,0,0,144,15,1,1,0,0,0.1,0.06,0,255,6,0.02,0.06,0,0,1,1,0,0,anomaly
0,icmp,eco_i,SF,8,0,0,0,0,0,0,0,0,0,0,0,0,0,0,0,0,1,6,0,0,0,0,1,0,1,2,129,1,0,1,0.5,0,0,0,0,anomaly
0,tcp,ftp_data,SF,334,0,0,0,0,0,0,1,0,0,0,0,0,0,0,0,0,1,1,0,0,0,0,1,0,0,6,18,1,0,1,0.22,0,0,0,0,anomaly
0,udp,private,SF,28,0,0,3,0,0,0,0,0,0,0,0,0,0,0,0,0,33,33,0,0,0,0,1,0,0,255,33,0.13,0.02,0.13,0,0,0,0,0,anomaly
0,tcp,systat,REJ,0,0,0,0,0,0,0,0,0,0,0,0,0,0,0,0,0,300,16,0,0,1,1,0.05,0.06,0,255,16,0.06,0.07,0,0,0,0,1,1,anomaly
0,tcp,ftp_data,S0,0,0,0,0,0,0,0,0,0,0,0,0,0,0,0,0,0,17,5,1,1,0,0,0.29,0.24,0,255,48,0.19,0.05,0.01,0,1,1,0,0,anomaly
0,tcp,klogin,S0,0,0,0,0,0,0,0,0,0,0,0,0,0,0,0,0,0,127,11,1,1,0,0,0.09,0.06,0,255,3,0.01,0.07,0,0,1,1,0,0,anomaly
0,tcp,ftp_data,S0,0,0,0,0,0,0,0,0,0,0,0,0,0,0,0,0,0,215,16,1,1,0,0,0.07,0.07,0,255,15,0.06,0.07,0,0,1,1,0,0,anomaly
0,tcp,http_443,S0,0,0,0,0,0,0,0,0,0,0,0,0,0,0,0,0,0,104,10,1,1,0,0,0.1,0.06,0,255,16,0.06,0.07,0,0,1,1,0,0,anomaly
0,tcp,ftp_data,S0,0,0,0,0,0,0,0,0,0,0,0,0,0,0,0,0,0,23,3,1,1,0,0,0.13,0.09,0,23,30,0.13,0.09,0.04,0.07,1,0.1,0,0,anomaly
0,tcp,http,SF,54540,8314,0,0,0,2,0,1,1,0,0,0,0,0,0,0,0,1,1,0,0,0,0,1,0,0,203,203,1,0,0,0,0,0,0.01,0.01,anomaly
0,tcp,smtp,RSTO,0,0,0,0,0,0,0,0,0,0,0,0,0,0,0,0,0,205,3,0,0,1,1,0.01,0.07,0,255,3,0.01,0.09,0,0,0,0,1,1,anomaly
0,icmp,ecr_i,SF,1032,0,0,0,0,0,0,0,0,0,0,0,0,0,0,0,0,511,511,0,0,0,0,1,0,0,155,10,0.06,0.02,0.06,0,0,0,0,0,anomaly
0,tcp,supdup,S0,0,0,0,0,0,0,0,0,0,0,0,0,0,0,0,0,0,145,1,0.06,1,0.94,0,0.01,0.58,0,255,1,0,0.33,0.57,0,0.04,1,0.53,0,anomaly
0,tcp,courier,S0,0,0,0,0,0,0,0,0,0,0,0,0,0,0,0,0,0,110,16,1,1,0,0,0.15,0.05,0,255,12,0.05,0.07,0,0,1,1,0,0,anomaly
0,tcp,private,S0,0,0,0,0,0,0,0,0,0,0,0,0,0,0,0,0,0,138,10,1,1,0,0,0.07,0.06,0,255,12,0.05,0.07,0,0,1,1,0,0,anomaly
0,tcp,iso_tsap,REJ,0,0,0,0,0,0,0,0,0,0,0,0,0,0,0,0,0,8,1,0,0,0.88,1,0.12,1,0,255,1,0,0.07,0,0,0,0,0.04,1,anomaly
0,tcp,private,S0,0,0,0,0,0,0,0,0,0,0,0,0,0,0,0,0,0,119,1,1,1,0,0,0.01,0.08,0,255,2,0.01,0.06,0,0,1,1,0,0,anomaly
0,tcp,ftp_data,S0,0,0,0,0,0,0,0,0,0,0,0,0,0,0,0,0,0,2,1,1,1,0,0,0.5,1,0,255,21,0.08,0.08,0,0,1,1,0,0,anomaly
0,tcp,http,S0,0,0,0,0,0,0,0,0,0,0,0,0,0,0,0,0,0,192,17,1,1,0,0,0.09,0.05,0,255,17,0.07,0.05,0,0,1,1,0,0,anomaly
0,tcp,private,REJ,0,0,0,0,0,0,0,0,0,0,0,0,0,0,0,0,0,141,11,0,0,0.99,1,0.08,0.06,0,255,6,0.02,0.07,0,0,0,0,1,1,anomaly
0,icmp,eco_i,SF,8,0,0,0,0,0,0,0,0,0,0,0,0,0,0,0,0,1,32,0,0,0,0,1,0,1,1,27,1,0,1,0.52,0,0,0,0,anomaly
0,tcp,private,REJ,0,0,0,0,0,0,0,0,0,0,0,0,0,0,0,0,0,108,3,0,0,1,1,0.03,0.07,0,255,7,0.03,0.05,0,0,0,0,1,1,anomaly
0,udp,private,SF,28,0,0,3,0,0,0,0,0,0,0,0,0,0,0,0,0,44,44,0,0,0,0,1,0,0,255,44,0.17,0.64,0.17,0,0.02,0,0.52,0,anomaly
0,tcp,private,S0,0,0,0,0,0,0,0,0,0,0,0,0,0,0,0,0,0,41,9,1,1,0,0,0.22,0.12,0,255,11,0.04,0.08,0,0,1,1,0,0,anomaly
0,tcp,private,S0,0,0,0,0,0,0,0,0,0,0,0,0,0,0,0,0,0,232,8,1,1,0,0,0.03,0.07,0,255,8,0.03,0.09,0,0,1,1,0,0,anomaly
36429,tcp,private,RSTR,1,0,0,0,0,0,0,0,0,0,0,0,0,0,0,0,0,2,2,0,0,1,1,1,0,0,255,2,0.01,0.5,1,0,0,0,1,1,anomaly
0,icmp,ecr_i,SF,520,0,0,0,0,0,0,0,0,0,0,0,0,0,0,0,0,129,129,0,0,0,0,1,0,0,255,255,1,0,1,0,0,0,0,0,anomaly
0,tcp,private,REJ,0,0,0,0,0,0,0,0,0,0,0,0,0,0,0,0,0,358,1,0,0,1,1,0,0.52,0,255,1,0,0.52,1,0,0,0,1,1,anomaly
0,tcp,private,S0,0,0,0,0,0,0,0,0,0,0,0,0,0,0,0,0,0,112,13,1,1,0,0,0.12,0.05,0,255,17,0.07,0.07,0,0,1,1,0,0,anomaly
0,tcp,bgp,S0,0,0,0,0,0,0,0,0,0,0,0,0,0,0,0,0,0,254,8,1,1,0,0,0.03,0.06,0,255,8,0.03,0.05,0,0,1,1,0,0,anomaly
0,tcp,private,S0,0,0,0,0,0,0,0,0,0,0,0,0,0,0,0,0,0,226,15,1,1,0,0,0.07,0.05,0,255,15,0.06,0.08,0,0,1,1,0,0,anomaly
0,udp,private,SF,28,0,0,3,0,0,0,0,0,0,0,0,0,0,0,0,0,13,13,0,0,0,0,1,0,0,255,13,0.05,0.01,0.05,0,0,0,0,0,anomaly
37688,tcp,private,RSTR,1,0,0,0,0,0,0,0,0,0,0,0,0,0,0,0,0,2,2,0,0,1,1,1,0,0,255,2,0.01,0.5,1,0,0,0,1,1,anomaly
0,tcp,private,S0,0,0,0,0,0,0,0,0,0,0,0,0,0,0,0,0,0,198,6,1,1,0,0,0.03,0.07,0,255,6,0.02,0.09,0,0,1,1,0,0,anomaly
0,tcp,ftp_data,S0,0,0,0,0,0,0,0,0,0,0,0,0,0,0,0,0,0,12,2,1,1,0,0,0.17,0.33,0,174,45,0.24,0.02,0.01,0.04,0.99,0.93,0,0,anomaly
0,tcp,other,REJ,0,0,0,0,0,0,0,0,0,0,0,0,0,0,0,0,0,463,1,0.08,0,0.92,1,0,1,0,255,1,0,1,0,0,0.06,0,0.94,1,anomaly
0,tcp,telnet,S0,0,0,0,0,0,0,0,0,0,0,0,0,0,0,0,0,0,19,19,1,1,0,0,1,0,0,181,101,0.56,0.01,0.01,0,0.99,0.98,0,0,anomaly
0,tcp,private,S0,0,0,0,0,0,0,0,0,0,0,0,0,0,0,0,0,0,282,7,1,1,0,0,0.02,0.06,0,255,14,0.05,0.07,0,0,1,1,0,0,anomaly
0,tcp,private,S0,0,0,0,0,0,0,0,0,0,0,0,0,0,0,0,0,0,128,3,1,1,0,0,0.02,0.09,0,255,3,0.01,0.09,0,0,1,1,0,0,anomaly
0,tcp,private,S0,0,0,0,0,0,0,0,0,0,0,0,0,0,0,0,0,0,171,5,1,1,0,0,0.03,0.06,0,255,6,0.02,0.08,0,0,1,1,0,0,anomaly
0,tcp,http,S0,0,0,0,0,0,0,0,0,0,0,0,0,0,0,0,0,0,9,5,1,1,0,0,0.56,0.33,0,255,12,0.05,0.05,0.01,0,1,1,0,0,anomaly
0,tcp,uucp,S0,0,0,0,0,0,0,0,0,0,0,0,0,0,0,0,0,0,148,18,1,1,0,0,0.12,0.06,0,255,11,0.04,0.07,0,0,1,1,0,0,anomaly
0,tcp,private,REJ,0,0,0,0,0,0,0,0,0,0,0,0,0,0,0,0,0,1,1,0,0,1,1,1,0,0,20,2,0.05,1,0.05,1,0,0,0.85,1,anomaly
0,tcp,domain,REJ,0,0,0,0,0,0,0,0,0,0,0,0,0,0,0,0,0,263,11,0,0,1,1,0.04,0.07,0,255,11,0.04,0.08,0,0,0,0,1,1,anomaly
0,tcp,uucp,S0,0,0,0,0,0,0,0,0,0,0,0,0,0,0,0,0,0,95,13,1,1,0,0,0.14,0.06,0,255,13,0.05,0.06,0,0,1,1,0,0,anomaly
0,tcp,vmnet,S0,0,0,0,0,0,0,0,0,0,0,0,0,0,0,0,0,0,285,24,1,1,0,0,0.08,0.04,0,255,24,0.09,0.05,0,0,1,1,0,0,anomaly
0,tcp,name,S0,0,0,0,0,0,0,0,0,0,0,0,0,0,0,0,0,0,211,3,1,1,0,0,0.01,0.06,0,255,3,0.01,0.07,0,0,1,1,0,0,anomaly
0,tcp,iso_tsap,S0,0,0,0,0,0,0,0,0,0,0,0,0,0,0,0,0,0,146,24,1,1,0,0,0.16,0.04,0,255,24,0.09,0.04,0,0,1,1,0,0,anomaly
0,tcp,http,S0,0,0,0,0,0,0,0,0,0,0,0,0,0,0,0,0,0,293,24,1,1,0,0,0.08,0.04,0,255,24,0.09,0.05,0,0,1,1,0,0,anomaly
0,tcp,efs,S0,0,0,0,0,0,0,0,0,0,0,0,0,0,0,0,0,0,86,1,1,1,0,0,0.01,0.07,0,255,1,0,0.06,0,0,1,1,0,0,anomaly
0,tcp,netstat,S0,0,0,0,0,0,0,0,0,0,0,0,0,0,0,0,0,0,206,6,1,1,0,0,0.03,0.06,0,255,19,0.07,0.06,0,0,1,1,0,0,anomaly
0,tcp,vmnet,S0,0,0,0,0,0,0,0,0,0,0,0,0,0,0,0,0,0,288,9,1,1,0,0,0.03,0.06,0,255,10,0.04,0.08,0,0,1,1,0,0,anomaly
0,tcp,supdup,S0,0,0,0,0,0,0,0,0,0,0,0,0,0,0,0,0,0,123,14,1,1,0,0,0.11,0.06,0,255,12,0.05,0.08,0,0,1,1,0,0,anomaly
0,tcp,uucp,S0,0,0,0,0,0,0,0,0,0,0,0,0,0,0,0,0,0,106,6,1,1,0,0,0.06,0.07,0,255,10,0.04,0.05,0,0,1,1,0,0,anomaly
0,tcp,gopher,S0,0,0,0,0,0,0,0,0,0,0,0,0,0,0,0,0,0,130,18,1,1,0,0,0.14,0.05,0,255,12,0.05,0.06,0,0,1,1,0,0,anomaly
0,tcp,private,S0,0,0,0,0,0,0,0,0,0,0,0,0,0,0,0,0,0,296,25,1,1,0,0,0.08,0.04,0,156,25,0.16,0.06,0.01,0,0.99,1,0,0,anomaly
0,tcp,private,S0,0,0,0,0,0,0,0,0,0,0,0,0,0,0,0,0,0,78,20,1,1,0,0,0.26,0.05,0,255,8,0.03,0.06,0,0,1,1,0,0,anomaly
0,tcp,private,S0,0,0,0,0,0,0,0,0,0,0,0,0,0,0,0,0,0,163,13,1,1,0,0,0.08,0.07,0,255,3,0.01,0.08,0,0,1,1,0,0,anomaly
0,tcp,netbios_ns,S0,0,0,0,0,0,0,0,0,0,0,0,0,0,0,0,0,0,244,9,1,1,0,0,0.04,0.07,0,255,9,0.04,0.08,0,0,1,1,0,0,anomaly
0,tcp,hostnames,S0,0,0,0,0,0,0,0,0,0,0,0,0,0,0,0,0,0,174,2,1,1,0,0,0.01,0.07,0,255,2,0.01,0.07,0,0,1,1,0,0,anomaly
0,udp,private,SF,1,0,0,0,0,0,0,0,0,0,0,0,0,0,0,0,0,54,27,0,0,0,0,0.5,0.07,0,255,93,0.36,0.06,1,0,0,0,0,0,anomaly
0,tcp,private,S0,0,0,0,0,0,0,0,0,0,0,0,0,0,0,0,0,0,145,12,1,1,0,0,0.08,0.06,0,255,3,0.01,0.06,0,0,1,1,0,0,anomaly
0,tcp,courier,S0,0,0,0,0,0,0,0,0,0,0,0,0,0,0,0,0,0,108,12,1,1,0,0,0.11,0.06,0,255,12,0.05,0.06,0,0,1,1,0,0,anomaly
0,tcp,courier,S0,0,0,0,0,0,0,0,0,0,0,0,0,0,0,0,0,0,115,13,1,1,0,0,0.11,0.06,0,255,13,0.05,0.05,0,0,1,1,0,0,anomaly
0,tcp,name,REJ,0,0,0,0,0,0,0,0,0,0,0,0,0,0,0,0,0,202,2,0,0,1,1,0.01,0.06,0,255,19,0.07,0.07,0,0,0,0,1,1,anomaly
53,tcp,telnet,SF,2628,3860,0,0,0,3,0,1,1,1,0,0,0,0,0,0,0,1,1,0,0,0,0,1,0,0,2,2,1,0,0.5,0,0,0,0,0,anomaly
0,icmp,ecr_i,SF,520,0,0,0,0,0,0,0,0,0,0,0,0,0,0,0,0,457,457,0,0,0,0,1,0,0,153,153,1,0,1,0,0,0,0,0,anomaly
0,udp,other,SF,1,0,0,0,0,0,0,0,0,0,0,0,0,0,0,0,0,8,8,0,0,0,0,1,0,0,255,8,0.03,0.15,0.42,0,0,0,0.5,0,anomaly
0,tcp,ftp_data,S0,0,0,0,0,0,0,0,0,0,0,0,0,0,0,0,0,0,24,3,1,1,0,0,0.12,0.17,0,255,57,0.22,0.03,0,0,1,1,0,0,anomaly
0,tcp,private,S0,0,0,0,0,0,0,0,0,0,0,0,0,0,0,0,0,0,122,14,1,1,0,0,0.11,0.06,0,255,13,0.05,0.07,0,0,1,1,0,0,anomaly
0,icmp,eco_i,SF,8,0,0,0,0,0,0,0,0,0,0,0,0,0,0,0,0,1,45,0,0,0,0,1,0,1,2,84,1,0,1,0.5,0,0,0,0,anomaly
0,tcp,private,S0,0,0,0,0,0,0,0,0,0,0,0,0,0,0,0,0,0,166,4,1,1,0,0,0.02,0.07,0,255,17,0.07,0.08,0,0,1,1,0,0,anomaly
0,tcp,private,S0,0,0,0,0,0,0,0,0,0,0,0,0,0,0,0,0,0,130,9,1,1,0,0,0.07,0.06,0,135,12,0.09,0.11,0.01,0,1,1,0,0,anomaly
0,tcp,private,S0,0,0,0,0,0,0,0,0,0,0,0,0,0,0,0,0,0,171,4,1,1,0,0,0.02,0.06,0,255,4,0.02,0.05,0,0,1,1,0,0,anomaly
0,tcp,private,S0,0,0,0,0,0,0,0,0,0,0,0,0,0,0,0,0,0,136,19,1,1,0,0,0.14,0.06,0,37,2,0.05,0.19,0.03,0,1,1,0,0,anomaly
0,tcp,private,REJ,0,0,0,0,0,0,0,0,0,0,0,0,0,0,0,0,0,105,12,0,0,1,1,0.11,0.08,0,255,1,0,0.08,0,0,0,0,1,1,anomaly
0,tcp,supdup,S0,0,0,0,0,0,0,0,0,0,0,0,0,0,0,0,0,0,148,3,1,1,0,0,0.02,0.07,0,255,4,0.02,0.07,0,0,1,1,0,0,anomaly
0,tcp,private,REJ,0,0,0,0,0,0,0,0,0,0,0,0,0,0,0,0,0,227,1,0,0,1,1,0,0.07,0,255,1,0,0.09,0,0,0,0,1,1,anomaly
0,tcp,private,S0,0,0,0,0,0,0,0,0,0,0,0,0,0,0,0,0,0,137,17,1,1,0,0,0.12,0.05,0,255,7,0.03,0.07,0,0,1,1,0,0,anomaly
7,tcp,ftp_data,RSTR,0,0,0,0,0,0,0,0,0,0,0,0,0,0,0,0,0,2,2,0,0,1,1,1,0,0,160,87,0.52,0.14,0.25,0.02,0,0,0.25,0.02,anomaly
0,tcp,Z39_50,S0,0,0,0,0,0,0,0,0,0,0,0,0,0,0,0,0,0,102,11,1,1,0,0,0.11,0.05,0,255,11,0.04,0.05,0,0,1,1,0,0,anomaly
0,tcp,time,S0,0,0,0,0,0,0,0,0,0,0,0,0,0,0,0,0,0,236,15,1,1,0,0,0.06,0.07,0,255,15,0.06,0.07,0,0,1,1,0,0,anomaly
0,tcp,link,S0,0,0,0,0,0,0,0,0,0,0,0,0,0,0,0,0,0,146,5,1,1,0,0,0.03,0.05,0,255,5,0.02,0.05,0,0,1,1,0,0,anomaly
0,tcp,private,S0,0,0,0,0,0,0,0,0,0,0,0,0,0,0,0,0,0,36,12,1,1,0,0,0.33,0.14,0,255,12,0.05,0.1,0,0,1,1,0,0,anomaly
0,tcp,telnet,RSTO,0,0,0,0,0,0,0,0,0,0,0,0,0,0,0,0,0,248,20,0,0,1,1,0.08,0.06,0,255,20,0.08,0.07,0,0,0,0,1,1,anomaly
0,tcp,private,S0,0,0,0,0,0,0,0,0,0,0,0,0,0,0,0,0,0,104,20,1,1,0,0,0.19,0.06,0,255,19,0.07,0.05,0,0,1,1,0,0,anomaly
0,icmp,eco_i,SF,8,0,0,0,0,0,0,0,0,0,0,0,0,0,0,0,0,1,1,0,0,0,0,1,0,0,1,255,1,0,1,0.5,0,0,0,0,anomaly
0,tcp,private,S0,0,0,0,0,0,0,0,0,0,0,0,0,0,0,0,0,0,213,8,1,1,0,0,0.04,0.06,0,255,6,0.02,0.07,0,0,1,1,0,0,anomaly
0,tcp,imap4,SH,0,0,0,0,0,0,0,0,0,0,0,0,0,0,0,0,0,2,123,1,0.76,0,0.04,1,0,0.37,8,8,1,0,0.75,0,0.62,0.62,0,0,anomaly
0,icmp,ecr_i,SF,1032,0,0,0,0,0,0,0,0,0,0,0,0,0,0,0,0,511,511,0,0,0,0,1,0,0,255,108,0.42,0.02,0.42,0,0.02,0,0,0,anomaly
0,tcp,private,S0,0,0,0,0,0,0,0,0,0,0,0,0,0,0,0,0,0,120,10,1,1,0,0,0.08,0.06,0,255,11,0.04,0.06,0,0,1,1,0,0,anomaly
0,tcp,efs,REJ,0,0,0,0,0,0,0,0,0,0,0,0,0,0,0,0,0,115,11,0,0,1,1,0.1,0.08,0,255,11,0.04,0.07,0,0,0,0,1,1,anomaly
0,tcp,private,S0,0,0,0,0,0,0,0,0,0,0,0,0,0,0,0,0,0,114,13,1,1,0,0,0.11,0.07,0,255,19,0.07,0.07,0,0,1,1,0,0,anomaly
0,tcp,finger,S0,0,0,0,0,0,0,0,0,0,0,0,0,0,0,0,0,0,191,1,1,1,0,0,0.01,0.08,0,255,1,0,0.08,0,0,1,1,0,0,anomaly
0,icmp,eco_i,SF,8,0,0,0,0,0,0,0,0,0,0,0,0,0,0,0,0,1,51,0,0,0,0,1,0,1,2,130,1,0,1,0.5,0,0,0,0,anomaly
0,tcp,private,S0,0,0,0,0,0,0,0,0,0,0,0,0,0,0,0,0,0,93,13,1,1,0,0,0.14,0.05,0,255,8,0.03,0.07,0,0,1,1,0,0,anomaly
0,tcp,private,S0,0,0,0,0,0,0,0,0,0,0,0,0,0,0,0,0,0,240,18,1,1,0,0,0.08,0.05,0,255,18,0.07,0.05,0,0,1,1,0,0,anomaly
0,tcp,pm_dump,SF,44,192,0,0,0,0,0,0,0,0,0,0,0,0,0,0,0,109,1,0.01,0,0.91,0,0.01,1,0,255,1,0,0.44,0,0,0,0,0.4,0,anomaly
0,tcp,sunrpc,S0,0,0,0,0,0,0,0,0,0,0,0,0,0,0,0,0,0,248,22,1,1,0,0,0.09,0.06,0,255,22,0.09,0.07,0,0,1,1,0,0,anomaly
3,tcp,private,REJ,0,0,0,0,0,0,0,0,0,0,0,0,0,0,0,0,0,235,1,0.04,0,0.94,1,0,1,0,255,1,0,0.94,0,0,0.04,0,0.87,1,anomaly
1,tcp,gopher,RSTOS0,0,0,0,0,0,0,0,0,0,0,0,0,0,0,0,0,0,84,3,0.77,0.67,0.23,0.33,0.04,0.37,0,255,3,0.01,0.12,0.33,0,0.25,0.67,0.07,0.33,anomaly
0,tcp,private,S0,0,0,0,0,0,0,0,0,0,0,0,0,0,0,0,0,0,183,3,1,1,0,0,0.02,0.07,0,255,18,0.07,0.07,0,0,1,1,0,0,anomaly
0,tcp,private,REJ,0,0,0,0,0,0,0,0,0,0,0,0,0,0,0,0,0,109,9,0,0,1,1,0.08,0.06,0,255,29,0.11,0.05,0,0,0,0,1,1,anomaly
0,tcp,private,S0,0,0,0,0,0,0,0,0,0,0,0,0,0,0,0,0,0,121,17,1,1,0,0,0.14,0.05,0,255,15,0.06,0.05,0,0,1,1,0,0,anomaly
0,tcp,remote_job,S0,0,0,0,0,0,0,0,0,0,0,0,0,0,0,0,0,0,212,6,1,1,0,0,0.03,0.07,0,255,6,0.02,0.07,0,0,1,1,0,0,anomaly
0,tcp,private,S0,0,0,0,0,0,0,0,0,0,0,0,0,0,0,0,0,0,208,18,1,1,0,0,0.09,0.06,0,255,18,0.07,0.07,0,0,1,1,0,0,anomaly
0,icmp,eco_i,SF,8,0,0,0,0,0,0,0,0,0,0,0,0,0,0,0,0,1,36,0,0,0,0,1,0,1,1,39,1,0,1,0.51,0,0,0,0,anomaly
0,tcp,private,S0,0,0,0,0,0,0,0,0,0,0,0,0,0,0,0,0,0,189,24,1,1,0,0,0.13,0.06,0,255,24,0.09,0.06,0,0,1,1,0,0,anomaly
0,tcp,private,REJ,0,0,0,0,0,0,0,0,0,0,0,0,0,0,0,0,0,66,1,0,0,1,1,0.02,0.09,0,255,16,0.06,0.06,0,0,0,0,1,1,anomaly
0,tcp,telnet,S0,0,0,0,0,0,0,0,0,0,0,0,0,0,0,0,0,0,23,6,1,1,0,0,0.26,0.17,0,255,37,0.15,0.05,0.01,0,1,1,0,0,anomaly
0,udp,private,SF,1,0,0,0,0,0,0,0,0,0,0,0,0,0,0,0,0,9,6,0,0,0,0,0.67,0.22,0,255,6,0.02,0.96,0.05,0,0.03,0,0.93,0,anomaly
0,tcp,klogin,S0,0,0,0,0,0,0,0,0,0,0,0,0,0,0,0,0,0,99,17,1,1,0,0,0.17,0.05,0,255,17,0.07,0.05,0,0,1,1,0,0,anomaly
0,tcp,private,S0,0,0,0,0,0,0,0,0,0,0,0,0,0,0,0,0,0,143,6,1,1,0,0,0.04,0.07,0,255,8,0.03,0.08,0,0,1,1,0,0,anomaly
0,tcp,private,S0,0,0,0,0,0,0,0,0,0,0,0,0,0,0,0,0,0,124,20,1,1,0,0,0.16,0.06,0,255,3,0.01,0.06,0,0,1,1,0,0,anomaly
0,tcp,nntp,S0,0,0,0,0,0,0,0,0,0,0,0,0,0,0,0,0,0,231,23,1,1,0,0,0.1,0.05,0,255,23,0.09,0.06,0,0,1,1,0,0,anomaly
0,tcp,uucp,RSTO,0,0,0,0,0,0,0,0,0,0,0,0,0,0,0,0,0,118,14,0,0,1,1,0.12,0.07,0,255,14,0.05,0.06,0,0,0,0,1,1,anomaly
0,tcp,auth,S0,0,0,0,0,0,0,0,0,0,0,0,0,0,0,0,0,0,251,20,1,1,0,0,0.08,0.06,0,255,3,0.01,0.07,0,0,1,1,0,0,anomaly
0,tcp,private,S0,0,0,0,0,0,0,0,0,0,0,0,0,0,0,0,0,0,184,8,1,1,0,0,0.04,0.07,0,255,17,0.07,0.06,0,0,1,1,0,0,anomaly
0,tcp,private,S0,0,0,0,0,0,0,0,0,0,0,0,0,0,0,0,0,0,105,8,1,1,0,0,0.08,0.06,0,255,9,0.04,0.09,0,0,1,1,0,0,anomaly
0,tcp,daytime,S0,0,0,0,0,0,0,0,0,0,0,0,0,0,0,0,0,0,300,17,1,1,0,0,0.06,0.05,0,255,2,0.01,0.08,0,0,1,1,0,0,anomaly
0,tcp,netbios_dgm,S0,0,0,0,0,0,0,0,0,0,0,0,0,0,0,0,0,0,244,22,1,1,0,0,0.09,0.05,0,255,22,0.09,0.06,0,0,1,1,0,0,anomaly
0,tcp,systat,REJ,0,0,0,0,0,0,0,0,0,0,0,0,0,0,0,0,0,148,18,0,0,1,1,0.12,0.06,0,255,16,0.06,0.07,0,0,0,0,1,1,anomaly
5051,tcp,ftp_data,SF,5135678,0,0,0,0,4,0,1,0,0,0,0,0,0,0,0,0,1,1,0,0,0,0,1,0,0,5,32,1,0,1,0.12,0,0,0,0,anomaly
0,tcp,private,S0,0,0,0,0,0,0,0,0,0,0,0,0,0,0,0,0,0,241,6,1,1,0,0,0.02,0.07,0,255,6,0.02,0.09,0,0,1,1,0,0,anomaly
0,tcp,auth,S0,0,0,0,0,0,0,0,0,0,0,0,0,0,0,0,0,0,235,7,1,1,0,0,0.03,0.06,0,255,8,0.03,0.07,0,0,1,1,0,0,anomaly
0,tcp,netbios_dgm,S0,0,0,0,0,0,0,0,0,0,0,0,0,0,0,0,0,0,295,2,1,1,0,0,0.01,0.06,0,255,2,0.01,0.08,0,0,1,1,0,0,anomaly
0,tcp,iso_tsap,S0,0,0,0,0,0,0,0,0,0,0,0,0,0,0,0,0,0,280,3,1,1,0,0,0.01,0.06,0,255,17,0.07,0.06,0,0,1,1,0,0,anomaly
0,tcp,private,S0,0,0,0,0,0,0,0,0,0,0,0,0,0,0,0,0,0,195,7,1,1,0,0,0.04,0.07,0,255,22,0.09,0.07,0,0,1,1,0,0,anomaly
0,tcp,private,REJ,0,0,0,0,0,0,0,0,0,0,0,0,0,0,0,0,0,295,1,0,0,1,1,0,0.53,0,255,1,0,0.52,1,0,0,0,1,1,anomaly
0,tcp,private,S0,0,0,0,0,0,0,0,0,0,0,0,0,0,0,0,0,0,282,25,1,1,0,0,0.09,0.05,0,255,25,0.1,0.07,0,0,1,1,0,0,anomaly
0,tcp,iso_tsap,REJ,0,0,0,0,0,0,0,0,0,0,0,0,0,0,0,0,0,8,1,0,0,0.88,1,0.12,1,0,255,1,0,0.07,0,0,0,0,0.04,1,anomaly
0,tcp,http,SF,54540,8314,0,0,0,2,0,1,1,0,0,0,0,0,0,0,0,5,5,0,0,0,0,1,0,0,32,32,1,0,0.03,0,0,0,0.06,0.06,anomaly
0,tcp,private,S0,0,0,0,0,0,0,0,0,0,0,0,0,0,0,0,0,0,128,19,1,1,0,0,0.15,0.05,0,255,3,0.01,0.06,0,0,1,1,0,0,anomaly
0,tcp,courier,REJ,0,0,0,0,0,0,0,0,0,0,0,0,0,0,0,0,0,143,16,0,0,1,1,0.11,0.06,0,255,16,0.06,0.06,0,0,0,0,1,1,anomaly
0,tcp,telnet,S0,0,0,0,0,0,0,0,0,0,0,0,0,0,0,0,0,0,12,4,1,1,0,0,0.33,0.25,0,255,64,0.25,0.02,0.01,0,1,1,0,0,anomaly
10120,tcp,ftp,SF,1020,2201,0,0,0,4,0,1,0,0,0,0,0,0,0,0,1,1,1,0,0,0,0,1,0,0,255,15,0.06,0.02,0,0,0.16,0,0,0,anomaly
0,tcp,finger,S0,0,0,0,0,0,0,0,0,0,0,0,0,0,0,0,0,0,18,4,1,1,0,0,0.22,0.22,0,255,63,0.25,0.02,0.01,0,1,1,0,0,anomaly
0,tcp,private,REJ,0,0,0,0,0,0,0,0,0,0,0,0,0,0,0,0,0,2,1,0,0,1,1,0.5,1,0,255,1,0,0.31,0.28,0,0,0,0.29,1,anomaly
0,tcp,pop_2,S0,0,0,0,0,0,0,0,0,0,0,0,0,0,0,0,0,0,196,1,1,1,0,0,0.01,0.07,0,255,1,0,0.09,0,0,1,1,0,0,anomaly
0,tcp,private,S0,0,0,0,0,0,0,0,0,0,0,0,0,0,0,0,0,0,179,2,1,1,0,0,0.01,0.06,0,255,18,0.07,0.06,0,0,1,1,0,0,anomaly
0,tcp,private,S0,0,0,0,0,0,0,0,0,0,0,0,0,0,0,0,0,0,134,18,1,1,0,0,0.13,0.07,0,255,8,0.03,0.07,0,0,1,1,0,0,anomaly
0,icmp,eco_i,SF,18,0,0,0,0,0,0,0,0,0,0,0,0,0,0,0,0,1,1,0,0,0,0,1,0,0,2,80,0.5,1,0.5,1,0,0,0,0,anomaly
0,icmp,eco_i,SF,8,0,0,0,0,0,0,0,0,0,0,0,0,0,0,0,0,1,7,0,0,0,0,1,0,1,2,86,1,0,1,0.5,0,0,0,0,anomaly
0,tcp,private,S0,0,0,0,0,0,0,0,0,0,0,0,0,0,0,0,0,0,150,8,1,1,0,0,0.05,0.06,0,255,3,0.01,0.06,0,0,1,1,0,0,anomaly
0,tcp,private,REJ,0,0,0,0,0,0,0,0,0,0,0,0,0,0,0,0,0,127,20,0,0,1,1,0.16,0.07,0,255,20,0.08,0.06,0,0,0,0,1,1,anomaly
0,icmp,eco_i,SF,18,0,0,0,0,0,0,0,0,0,0,0,0,0,0,0,0,1,1,0,0,0,0,1,0,0,1,46,1,0,1,1,0,0,0,0,anomaly
0,tcp,smtp,S0,0,0,0,0,0,0,0,0,0,0,0,0,0,0,0,0,0,199,1,1,1,0,0,0.01,0.07,0,255,9,0.04,0.07,0,0,1,1,0,0,anomaly
0,tcp,private,S0,0,0,0,0,0,0,0,0,0,0,0,0,0,0,0,0,0,116,11,1,1,0,0,0.09,0.08,0,255,11,0.04,0.09,0,0,1,1,0,0,anomaly
0,icmp,eco_i,SF,18,0,0,0,0,0,0,0,0,0,0,0,0,0,0,0,0,1,1,0,0,0,0,1,0,0,4,208,1,0,1,0.25,0,0,0,0,anomaly
0,tcp,systat,S0,0,0,0,0,0,0,0,0,0,0,0,0,0,0,0,0,0,257,23,1,1,0,0,0.09,0.05,0,255,23,0.09,0.05,0,0,1,1,0,0,anomaly
0,tcp,private,S0,0,0,0,0,0,0,0,0,0,0,0,0,0,0,0,0,0,268,10,1,1,0,0,0.04,0.04,0,255,10,0.04,0.05,0,0,1,1,0,0,anomaly
0,icmp,ecr_i,SF,1032,0,0,0,0,0,0,0,0,0,0,0,0,0,0,0,0,511,511,0,0,0,0,1,0,0,243,98,0.4,0.01,0.4,0,0,0,0,0,anomaly
0,icmp,ecr_i,SF,520,0,0,0,0,0,0,0,0,0,0,0,0,0,0,0,0,247,247,0,0,0,0,1,0,0,255,255,1,0,1,0,0,0,0,0,anomaly
17025,tcp,other,RSTR,1,0,0,0,0,0,0,0,0,0,0,0,0,0,0,0,0,2,2,0,0,1,1,1,0,0,255,2,0.01,0.71,1,0,0,0,1,1,anomaly
0,udp,private,SF,215,0,0,0,0,0,0,0,0,0,0,0,0,0,0,0,0,1,1,0,0,0,0,1,0,0,171,147,0.86,0.01,0.86,0,0,0,0,0,anomaly
0,tcp,private,S0,0,0,0,0,0,0,0,0,0,0,0,0,0,0,0,0,0,140,23,1,1,0,0,0.16,0.04,0,255,23,0.09,0.06,0,0,1,1,0,0,anomaly
0,tcp,http,REJ,0,0,0,0,0,0,0,0,0,0,0,0,0,0,0,0,0,227,11,0,0,1,1,0.05,0.07,0,255,11,0.04,0.08,0,0,0,0,1,1,anomaly
0,tcp,gopher,S0,0,0,0,0,0,0,0,0,0,0,0,0,0,0,0,0,0,285,18,1,1,0,0,0.06,0.06,0,255,19,0.07,0.06,0,0,1,1,0,0,anomaly
0,tcp,private,S0,0,0,0,0,0,0,0,0,0,0,0,0,0,0,0,0,0,139,2,1,1,0,0,0.01,0.05,0,255,2,0.01,0.05,0,0,1,1,0,0,anomaly
0,tcp,private,S0,0,0,0,0,0,0,0,0,0,0,0,0,0,0,0,0,0,204,5,1,1,0,0,0.02,0.06,0,255,15,0.06,0.07,0,0,1,1,0,0,anomaly
0,tcp,uucp,S0,0,0,0,0,0,0,0,0,0,0,0,0,0,0,0,0,0,126,2,1,1,0,0,0.02,0.06,0,255,7,0.03,0.06,0,0,1,1,0,0,anomaly
2,tcp,finger,SF,0,0,0,0,0,0,0,0,0,0,0,0,0,0,0,0,0,1,1,0,0,0,0,1,0,0,60,4,0.02,1,0.02,0.5,0,0,0.9,0,anomaly
0,tcp,uucp,RSTO,0,0,0,0,0,0,0,0,0,0,0,0,0,0,0,0,0,105,2,0,0,1,1,0.02,0.08,0,255,2,0.01,0.07,0,0,0,0,1,1,anomaly
0,tcp,private,S0,0,0,0,0,0,0,0,0,0,0,0,0,0,0,0,0,0,188,1,1,1,0,0,0.01,0.06,0,255,20,0.08,0.07,0,0,1,1,0,0,anomaly
0,tcp,http,S0,0,0,0,0,0,0,0,0,0,0,0,0,0,0,0,0,0,192,2,1,1,0,0,0.01,0.07,0,255,2,0.01,0.08,0,0,1,1,0,0,anomaly
0,icmp,eco_i,SF,8,0,0,0,0,0,0,0,0,0,0,0,0,0,0,0,0,1,43,0,0,0,0,1,0,1,1,159,1,0,1,0.5,0,0,0,0,anomaly
0,tcp,nntp,S0,0,0,0,0,0,0,0,0,0,0,0,0,0,0,0,0,0,100,1,1,1,0,0,0.01,0.06,0,255,1,0,0.07,0,0,1,1,0,0,anomaly
0,tcp,http_443,S0,0,0,0,0,0,0,0,0,0,0,0,0,0,0,0,0,0,128,20,1,1,0,0,0.16,0.07,0,255,20,0.08,0.07,0,0,1,1,0,0,anomaly
0,tcp,private,S0,0,0,0,0,0,0,0,0,0,0,0,0,0,0,0,0,0,150,12,1,1,0,0,0.08,0.05,0,255,4,0.02,0.07,0,0,1,1,0,0,anomaly
0,tcp,private,REJ,0,0,0,0,0,0,0,0,0,0,0,0,0,0,0,0,0,78,12,0,0,1,1,0.15,0.06,0,255,12,0.05,0.08,0,0,0,0,1,1,anomaly
0,icmp,eco_i,SF,18,0,0,0,0,0,0,0,0,0,0,0,0,0,0,0,0,1,1,0,0,0,0,1,0,0,2,154,1,0,1,0.25,0,0,0,0,anomaly
0,tcp,private,S0,0,0,0,0,0,0,0,0,0,0,0,0,0,0,0,0,0,240,18,1,1,0,0,0.08,0.05,0,255,18,0.07,0.05,0,0,1,1,0,0,anomaly
0,udp,private,SF,1,0,0,0,0,0,0,0,0,0,0,0,0,0,0,0,0,13,8,0,0,0,0,0.62,0.15,0,255,8,0.03,0.16,0.9,0,0,0,0.1,0,anomaly
0,tcp,uucp_path,S0,0,0,0,0,0,0,0,0,0,0,0,0,0,0,0,0,0,262,8,1,1,0,0,0.03,0.06,0,255,8,0.03,0.07,0,0,1,1,0,0,anomaly
0,tcp,private,S0,0,0,0,0,0,0,0,0,0,0,0,0,0,0,0,0,0,366,1,0.06,1,0.93,0,0,1,0,255,1,0,1,0,0,0.08,1,0.92,0,anomaly
0,icmp,ecr_i,SF,1480,0,0,1,0,0,0,0,0,0,0,0,0,0,0,0,0,2,2,0,0,0,0,1,0,0,86,2,0.02,0.05,0.02,0,0,0,0,0,anomaly
0,icmp,eco_i,SF,8,0,0,0,0,0,0,0,0,0,0,0,0,0,0,0,0,1,31,0,0,0,0,1,0,1,1,233,1,0,1,0.25,0,0,0,0,anomaly
0,icmp,eco_i,SF,8,0,0,0,0,0,0,0,0,0,0,0,0,0,0,0,0,1,30,0,0,0,0,1,0,1,1,31,1,0,1,0.52,0,0,0,0,anomaly
0,icmp,eco_i,SF,8,0,0,0,0,0,0,0,0,0,0,0,0,0,0,0,0,1,9,0,0,0,0,1,0,1,2,106,1,0,1,0.51,0,0,0,0,anomaly
0,tcp,private,S0,0,0,0,0,0,0,0,0,0,0,0,0,0,0,0,0,0,290,8,1,1,0,0,0.03,0.06,0,255,9,0.04,0.08,0,0,1,1,0,0,anomaly
0,tcp,private,S0,0,0,0,0,0,0,0,0,0,0,0,0,0,0,0,0,0,124,20,1,1,0,0,0.16,0.06,0,255,15,0.06,0.06,0,0,1,1,0,0,anomaly
0,tcp,name,REJ,0,0,0,0,0,0,0,0,0,0,0,0,0,0,0,0,0,248,17,0,0,1,1,0.07,0.06,0,255,17,0.07,0.07,0,0,0,0,1,1,anomaly
0,tcp,imap4,S0,0,0,0,0,0,0,0,0,0,0,0,0,0,0,0,0,0,287,17,1,1,0,0,0.06,0.05,0,255,17,0.07,0.05,0,0,1,1,0,0,anomaly
0,tcp,auth,S0,0,0,0,0,0,0,0,0,0,0,0,0,0,0,0,0,0,141,11,1,1,0,0,0.08,0.06,0,255,14,0.05,0.07,0,0,1,1,0,0,anomaly
0,tcp,private,REJ,0,0,0,0,0,0,0,0,0,0,0,0,0,0,0,0,0,106,18,0,0,1,1,0.17,0.08,0,255,18,0.07,0.06,0,0,0,0,1,1,anomaly
0,tcp,uucp,S0,0,0,0,0,0,0,0,0,0,0,0,0,0,0,0,0,0,121,12,1,1,0,0,0.1,0.06,0,255,11,0.04,0.07,0,0,1,1,0,0,anomaly
0,tcp,name,REJ,0,0,0,0,0,0,0,0,0,0,0,0,0,0,0,0,0,246,16,0,0,1,1,0.07,0.07,0,255,16,0.06,0.08,0,0,0,0,1,1,anomaly
0,tcp,private,S0,0,0,0,0,0,0,0,0,0,0,0,0,0,0,0,0,0,101,19,1,1,0,0,0.19,0.06,0,255,32,0.13,0.06,0,0,1,1,0,0,anomaly
0,tcp,ftp_data,SF,334,0,0,0,0,0,0,1,0,0,0,0,0,0,0,0,0,2,2,0,0,0,0,1,0,0,6,47,1,0,1,0.13,0,0,0,0,anomaly
0,udp,private,SF,207,0,0,0,0,0,0,0,0,0,0,0,0,0,0,0,0,2,2,0,0,0,0,1,0,0,78,70,0.9,0.03,0.9,0,0,0,0,0,anomaly
0,icmp,ecr_i,SF,1032,0,0,0,0,0,0,0,0,0,0,0,0,0,0,0,0,511,511,0,0,0,0,1,0,0,255,240,0.94,0.02,0.94,0,0,0,0.05,0,anomaly
0,tcp,private,S0,0,0,0,0,0,0,0,0,0,0,0,0,0,0,0,0,0,105,4,1,1,0,0,0.04,0.07,0,255,11,0.04,0.07,0,0,1,1,0,0,anomaly
0,tcp,http,S0,0,0,0,0,0,0,0,0,0,0,0,0,0,0,0,0,0,19,12,1,1,0,0,0.63,0.21,0,255,58,0.23,0.02,0,0,1,1,0,0,anomaly
0,tcp,private,S0,0,0,0,0,0,0,0,0,0,0,0,0,0,0,0,0,0,203,3,1,1,0,0,0.01,0.06,0,255,19,0.07,0.06,0,0,1,1,0,0,anomaly
0,tcp,ldap,REJ,0,0,0,0,0,0,0,0,0,0,0,0,0,0,0,0,0,287,15,0,0,1,1,0.05,0.06,0,255,15,0.06,0.07,0,0,0,0,1,1,anomaly
0,icmp,eco_i,SF,8,0,0,0,0,0,0,0,0,0,0,0,0,0,0,0,0,1,22,0,0,0,0,1,0,1,1,123,1,0,1,0.5,0,0,0,0,anomaly
0,tcp,http,SF,54540,8314,0,0,0,2,0,1,1,0,0,0,0,0,0,0,0,2,2,0,0,0,0,1,0,0,158,158,1,0,0.01,0,0,0,0.01,0.01,anomaly
0,tcp,whois,S0,0,0,0,0,0,0,0,0,0,0,0,0,0,0,0,0,0,215,15,1,1,0,0,0.07,0.06,0,255,6,0.02,0.08,0,0,1,1,0,0,anomaly
0,icmp,eco_i,SF,8,0,0,0,0,0,0,0,0,0,0,0,0,0,0,0,0,1,35,0,0,0,0,1,0,1,2,130,1,0,1,0.5,0,0,0,0,anomaly
0,tcp,bgp,S0,0,0,0,0,0,0,0,0,0,0,0,0,0,0,0,0,0,278,20,1,1,0,0,0.07,0.06,0,255,20,0.08,0.08,0,0,1,1,0,0,anomaly
0,tcp,ftp_data,SF,334,0,0,0,0,0,0,1,0,0,0,0,0,0,0,0,0,1,1,0,0,0,0,1,0,0,1,54,1,0,1,0.13,0,0.02,0,0,anomaly
0,tcp,http,SF,54540,8314,0,0,0,2,0,1,1,0,0,0,0,0,0,0,0,6,6,0,0,0,0,1,0,0,255,255,1,0,0,0,0,0,0.06,0.06,anomaly
0,tcp,private,S0,0,0,0,0,0,0,0,0,0,0,0,0,0,0,0,0,0,360,1,0.04,1,0.94,0,0,1,0,255,1,0,1,0,0,0.05,1,0.95,0,anomaly
0,tcp,csnet_ns,S0,0,0,0,0,0,0,0,0,0,0,0,0,0,0,0,0,0,145,21,1,1,0,0,0.14,0.04,0,255,21,0.08,0.05,0,0,1,1,0,0,anomaly
0,tcp,supdup,REJ,0,0,0,0,0,0,0,0,0,0,0,0,0,0,0,0,0,136,6,0,0,1,1,0.04,0.06,0,255,1,0,0.07,0,0,0,0,1,1,anomaly
0,tcp,daytime,S0,0,0,0,0,0,0,0,0,0,0,0,0,0,0,0,0,0,106,6,1,1,0,0,0.06,0.07,0,255,11,0.04,0.07,0,0,1,1,0,0,anomaly
0,tcp,ftp,RSTO,0,0,0,0,0,0,0,0,0,0,0,0,0,0,0,0,0,282,19,0,0,1,1,0.07,0.06,0,255,19,0.07,0.06,0,0,0,0,1,1,anomaly
0,tcp,private,RSTR,0,0,0,0,0,0,0,0,0,0,0,0,0,0,0,0,0,1,1,0,0,1,1,1,0,0,162,1,0.01,0.7,0.7,0,0.04,0,0.63,1,anomaly
39103,tcp,private,RSTR,1,0,0,0,0,0,0,0,0,0,0,0,0,0,0,0,0,2,2,0,0,1,1,1,0,0,255,2,0.01,0.51,1,0,0,0,1,1,anomaly
0,tcp,private,S0,0,0,0,0,0,0,0,0,0,0,0,0,0,0,0,0,0,214,9,1,1,0,0,0.04,0.07,0,255,8,0.03,0.09,0,0,1,1,0,0,anomaly
0,tcp,imap4,S0,0,0,0,0,0,0,0,0,0,0,0,0,0,0,0,0,0,209,21,1,1,0,0,0.1,0.06,0,255,21,0.08,0.05,0,0,1,1,0,0,anomaly
13918,tcp,other,RSTR,1,0,0,0,0,0,0,0,0,0,0,0,0,0,0,0,0,2,2,0,0,1,1,1,0,0,255,2,0.01,0.68,1,0,0,0,1,1,anomaly
0,tcp,imap4,S0,0,0,0,0,0,0,0,0,0,0,0,0,0,0,0,0,0,275,18,1,1,0,0,0.07,0.06,0,255,10,0.04,0.06,0,0,1,1,0,0,anomaly
0,tcp,private,S0,0,0,0,0,0,0,0,0,0,0,0,0,0,0,0,0,0,94,2,1,1,0,0,0.02,0.06,0,255,2,0.01,0.06,0,0,1,1,0,0,anomaly
0,tcp,efs,REJ,0,0,0,0,0,0,0,0,0,0,0,0,0,0,0,0,0,77,9,0,0,1,1,0.12,0.06,0,255,9,0.04,0.07,0,0,0,0,1,1,anomaly
0,udp,private,SF,28,0,0,3,0,0,0,0,0,0,0,0,0,0,0,0,0,44,43,0,0,0.02,0,0.98,0.05,0,255,43,0.17,0.02,0.17,0,0,0,0.63,0,anomaly
0,tcp,other,S0,0,0,0,0,0,0,0,0,0,0,0,0,0,0,0,0,0,250,20,1,1,0,0,0.08,0.06,0,255,20,0.08,0.07,0,0,1,1,0,0,anomaly
0,tcp,http,SF,54540,8314,0,0,0,2,0,1,1,0,0,0,0,0,0,0,0,3,3,0,0,0,0,1,0,0,90,90,1,0,0.01,0,0.01,0.01,0.01,0.01,anomaly
0,tcp,pop_3,S0,0,0,0,0,0,0,0,0,0,0,0,0,0,0,0,0,0,222,6,1,1,0,0,0.03,0.06,0,255,14,0.05,0.07,0,0,1,1,0,0,anomaly
0,tcp,ctf,S0,0,0,0,0,0,0,0,0,0,0,0,0,0,0,0,0,0,231,11,1,1,0,0,0.05,0.06,0,255,10,0.04,0.06,0,0,1,1,0,0,anomaly
0,tcp,ftp,S0,0,0,0,0,0,0,0,0,0,0,0,0,0,0,0,0,0,227,8,1,1,0,0,0.04,0.07,0,255,8,0.03,0.09,0,0,1,1,0,0,anomaly
0,tcp,private,S0,0,0,0,0,0,0,0,0,0,0,0,0,0,0,0,0,0,143,20,1,1,0,0,0.14,0.06,0,255,12,0.05,0.07,0,0,1,1,0,0,anomaly
0,tcp,private,S0,0,0,0,0,0,0,0,0,0,0,0,0,0,0,0,0,0,218,20,1,1,0,0,0.09,0.06,0,79,18,0.23,0.13,0.01,0,0.82,1,0.01,0,anomaly
0,tcp,ftp_data,S0,0,0,0,0,0,0,0,0,0,0,0,0,0,0,0,0,0,62,8,1,1,0,0,0.13,0.06,0,255,28,0.11,0.06,0.02,0,1,1,0,0,anomaly
0,tcp,private,S0,0,0,0,0,0,0,0,0,0,0,0,0,0,0,0,0,0,104,3,1,1,0,0,0.03,0.08,0,255,15,0.06,0.06,0,0,1,1,0,0,anomaly
0,tcp,telnet,RSTO,0,0,0,0,0,0,0,0,0,0,0,0,0,0,0,0,0,245,19,0,0,1,1,0.08,0.07,0,255,19,0.07,0.07,0,0,0,0,1,1,anomaly
0,tcp,private,REJ,0,0,0,0,0,0,0,0,0,0,0,0,0,0,0,0,0,154,1,0.01,0,0.95,1,0.01,1,0,255,1,0,0.63,0,0,0,0,0.59,1,anomaly
0,tcp,smtp,RSTO,0,0,0,0,0,0,0,0,0,0,0,0,0,0,0,0,0,290,16,0,0,1,1,0.06,0.06,0,255,16,0.06,0.07,0,0,0,0,1,1,anomaly
0,tcp,http,SF,54540,8314,0,0,0,2,0,1,1,0,0,0,0,0,0,0,0,5,6,0,0,0,0.17,1,0,0.33,255,255,1,0,0,0,0.01,0.01,0.02,0.02,anomaly
37072,tcp,private,RSTR,1,0,0,0,0,0,0,0,0,0,0,0,0,0,0,0,0,2,2,0,0,1,1,1,0,0,255,2,0.01,0.5,1,0,0,0,1,1,anomaly
0,tcp,csnet_ns,S0,0,0,0,0,0,0,0,0,0,0,0,0,0,0,0,0,0,267,5,1,1,0,0,0.02,0.05,0,255,5,0.02,0.05,0,0,1,1,0,0,anomaly
0,tcp,telnet,S0,0,0,0,0,0,0,0,0,0,0,0,0,0,0,0,0,0,65,14,1,1,0,0,0.22,0.06,0,255,58,0.23,0.02,0.02,0,1,1,0,0,anomaly
0,tcp,private,RSTR,0,0,0,0,0,0,0,0,0,0,0,0,0,0,0,0,0,1,1,0,0,1,1,1,0,0,92,1,0.01,0.49,0.48,0,0.07,0,0.46,1,anomaly
0,tcp,gopher,S0,0,0,0,0,0,0,0,0,0,0,0,0,0,0,0,0,0,247,1,1,1,0,0,0,0.07,0,255,1,0,0.08,0,0,1,1,0,0,anomaly
0,tcp,other,REJ,0,0,0,0,0,0,0,0,0,0,0,0,0,0,0,0,0,424,1,0.06,0,0.91,1,0,1,0,255,1,0,1,0,0,0.08,0,0.91,1,anomaly
0,tcp,ftp_data,REJ,0,0,0,0,0,0,0,0,0,0,0,0,0,0,0,0,0,457,3,0.07,0,0.9,1,0.01,0.99,0,255,2,0.01,1,0,0,0.08,0,0.91,1,anomaly
8,tcp,private,RSTR,0,0,0,0,0,0,0,0,0,0,0,0,0,0,0,0,0,2,2,0,0,1,1,1,0,0,255,2,0.01,0.35,0.69,0,0,0,0.69,1,anomaly
1,tcp,smtp,SF,1710,375,0,0,0,0,0,1,0,0,0,0,0,0,0,0,0,2,2,0,0,0,0,1,0,0,178,125,0.34,0.39,0.01,0.02,0,0,0.31,0,anomaly
0,tcp,private,S0,0,0,0,0,0,0,0,0,0,0,0,0,0,0,0,0,0,142,11,1,1,0,0,0.08,0.06,0,255,10,0.04,0.07,0,0,1,1,0,0,anomaly
0,icmp,ecr_i,SF,1480,0,0,1,0,0,0,0,0,0,0,0,0,0,0,0,0,1,3,0,0,0,0,1,0,0.67,1,15,1,0,1,0.53,0,0,0,0,anomaly
0,tcp,ftp_data,S0,0,0,0,0,0,0,0,0,0,0,0,0,0,0,0,0,0,58,15,1,1,0,0,0.26,0.07,0,255,50,0.2,0.04,0,0,1,1,0,0,anomaly
0,tcp,private,S0,0,0,0,0,0,0,0,0,0,0,0,0,0,0,0,0,0,188,24,1,1,0,0,0.13,0.05,0,255,24,0.09,0.06,0,0,1,1,0,0,anomaly
0,icmp,eco_i,SF,8,0,0,0,0,0,0,0,0,0,0,0,0,0,0,0,0,1,29,0,0,0,0,1,0,1,2,80,1,0,1,0.26,0,0,0,0,anomaly
0,tcp,ssh,REJ,0,0,0,0,0,0,0,0,0,0,0,0,0,0,0,0,0,120,10,0,0,1,1,0.08,0.08,0,255,10,0.04,0.08,0,0,0,0,1,1,anomaly
0,tcp,private,REJ,0,0,0,0,0,0,0,0,0,0,0,0,0,0,0,0,0,132,1,0.01,0,0.95,1,0.01,1,0,255,1,0,0.55,0,0,0,0,0.5,1,anomaly
0,tcp,http,S0,0,0,0,0,0,0,0,0,0,0,0,0,0,0,0,0,0,29,6,1,1,0,0,0.21,0.14,0,255,22,0.09,0.05,0.02,0,1,1,0,0,anomaly
0,tcp,netstat,S0,0,0,0,0,0,0,0,0,0,0,0,0,0,0,0,0,0,301,20,1,1,0,0,0.07,0.05,0,255,20,0.08,0.06,0,0,1,1,0,0,anomaly
4229,tcp,other,RSTR,1,0,0,0,0,0,0,0,0,0,0,0,0,0,0,0,0,2,2,0,0,1,1,1,0,0,255,2,0.01,0.73,1,0,0,0,1,1,anomaly
0,tcp,private,RSTR,0,0,0,0,0,0,0,0,0,0,0,0,0,0,0,0,0,1,1,0,0,1,1,1,0,0,255,1,0,0.58,0.58,0,0,0,0.58,1,anomaly
0,tcp,finger,S0,0,0,0,0,0,0,0,0,0,0,0,0,0,0,0,0,0,24,5,1,1,0,0,0.21,0.17,0,255,63,0.25,0.02,0.01,0,1,1,0,0,anomaly
0,tcp,time,S0,0,0,0,0,0,0,0,0,0,0,0,0,0,0,0,0,0,289,8,1,1,0,0,0.03,0.06,0,255,10,0.04,0.08,0,0,1,1,0,0,anomaly
0,tcp,private,S0,0,0,0,0,0,0,0,0,0,0,0,0,0,0,0,0,0,126,15,1,1,0,0,0.12,0.06,0,255,35,0.14,0.05,0,0,1,1,0,0,anomaly
0,tcp,private,REJ,0,0,0,0,0,0,0,0,0,0,0,0,0,0,0,0,0,101,18,0,0,1,1,0.18,0.07,0,255,17,0.07,0.08,0,0,0,0,1,1,anomaly
0,tcp,private,S0,0,0,0,0,0,0,0,0,0,0,0,0,0,0,0,0,0,236,14,1,1,0,0,0.06,0.07,0,255,20,0.08,0.07,0,0,1,1,0,0,anomaly
0,icmp,ecr_i,SF,1032,0,0,0,0,0,0,0,0,0,0,0,0,0,0,0,0,211,211,0,0,0,0,1,0,0,255,255,1,0,1,0,0,0,0,0,anomaly
31849,tcp,private,RSTR,1,0,0,0,0,0,0,0,0,0,0,0,0,0,0,0,0,2,2,0,0,1,1,1,0,0,255,2,0.01,0.82,1,0,0,0,1,1,anomaly
0,tcp,private,S0,0,0,0,0,0,0,0,0,0,0,0,0,0,0,0,0,0,204,5,1,1,0,0,0.02,0.07,0,255,6,0.02,0.07,0,0,1,1,0,0,anomaly
0,tcp,gopher,REJ,0,0,0,0,0,0,0,0,0,0,0,0,0,0,0,0,0,144,8,0,0,1,1,0.06,0.08,0,255,8,0.03,0.08,0,0,0,0,1,1,anomaly
0,tcp,http,REJ,0,0,0,0,0,0,0,0,0,0,0,0,0,0,0,0,0,254,4,0,0,1,1,0.02,0.07,0,255,4,0.02,0.07,0,0,0,0,1,1,anomaly
0,udp,private,SF,28,0,0,3,0,0,0,0,0,0,0,0,0,0,0,0,0,99,99,0,0,0,0,1,0,0,171,99,0.58,0.02,0.58,0,0,0,0,0,anomaly
10,tcp,private,RSTR,0,0,0,0,0,0,0,0,0,0,0,0,0,0,0,0,0,1,1,0,0,1,1,1,0,0,255,1,0,0.48,0.47,0,0,0,0.47,1,anomaly
0,tcp,nntp,S0,0,0,0,0,0,0,0,0,0,0,0,0,0,0,0,0,0,126,16,1,1,0,0,0.13,0.07,0,255,16,0.06,0.07,0,0,1,1,0,0,anomaly
0,tcp,private,S0,0,0,0,0,0,0,0,0,0,0,0,0,0,0,0,0,0,106,1,1,1,0,0,0.01,0.07,0,52,1,0.02,0.12,0.02,0,1,1,0,0,anomaly
0,tcp,private,S0,0,0,0,0,0,0,0,0,0,0,0,0,0,0,0,0,0,228,20,1,1,0,0,0.09,0.05,0,255,20,0.08,0.06,0,0,1,1,0,0,anomaly
0,tcp,klogin,S0,0,0,0,0,0,0,0,0,0,0,0,0,0,0,0,0,0,129,1,1,1,0,0,0.01,0.06,0,255,1,0,0.07,0,0,1,1,0,0,anomaly
0,icmp,eco_i,SF,8,0,0,0,0,0,0,0,0,0,0,0,0,0,0,0,0,1,26,0,0,0,0,1,0,1,1,86,1,0,1,0.51,0,0,0,0,anomaly
0,tcp,netbios_dgm,S0,0,0,0,0,0,0,0,0,0,0,0,0,0,0,0,0,0,169,12,1,1,0,0,0.07,0.08,0,255,12,0.05,0.08,0,0,1,1,0,0,anomaly
0,tcp,bgp,S0,0,0,0,0,0,0,0,0,0,0,0,0,0,0,0,0,0,141,19,1,1,0,0,0.13,0.06,0,255,18,0.07,0.07,0,0,1,1,0,0,anomaly
0,icmp,eco_i,SF,18,0,0,0,0,0,0,0,0,0,0,0,0,0,0,0,0,1,1,0,0,0,0,1,0,0,1,18,1,0,1,1,0,0,0,0,anomaly
0,tcp,http,S0,0,0,0,0,0,0,0,0,0,0,0,0,0,0,0,0,0,238,20,1,0.65,0,0,0.05,0.07,0.1,255,13,0.05,0.06,0,0,1,1,0,0,anomaly
0,tcp,private,REJ,0,0,0,0,0,0,0,0,0,0,0,0,0,0,0,0,0,133,9,0,0,1,1,0.07,0.06,0,255,6,0.02,0.07,0,0,0,0,1,1,anomaly
0,tcp,private,REJ,0,0,0,0,0,0,0,0,0,0,0,0,0,0,0,0,0,8,8,0,0,1,1,1,0,0,255,26,0.1,0.06,0,0,0,0,1,1,anomaly
0,tcp,private,S0,0,0,0,0,0,0,0,0,0,0,0,0,0,0,0,0,0,146,16,1,1,0,0,0.11,0.05,0,255,4,0.02,0.07,0,0,1,1,0,0,anomaly
0,tcp,remote_job,S0,0,0,0,0,0,0,0,0,0,0,0,0,0,0,0,0,0,257,6,1,1,0,0,0.02,0.07,0,255,6,0.02,0.07,0,0,1,1,0,0,anomaly
0,tcp,private,S0,0,0,0,0,0,0,0,0,0,0,0,0,0,0,0,0,0,268,10,1,1,0,0,0.04,0.04,0,255,10,0.04,0.05,0,0,1,1,0,0,anomaly
0,udp,private,SF,1,0,0,0,0,0,0,0,0,0,0,0,0,0,0,0,0,6,6,0,0,0,0,1,0,0,255,77,0.3,0.12,0.93,0,0,0,0.07,0,anomaly
0,tcp,private,S0,0,0,0,0,0,0,0,0,0,0,0,0,0,0,0,0,0,79,19,1,1,0,0,0.24,0.05,0,255,1,0,0.08,0,0,1,1,0,0,anomaly
0,tcp,http,S0,0,0,0,0,0,0,0,0,0,0,0,0,0,0,0,0,0,242,3,1,1,0,0,0.01,0.07,0,255,3,0.01,0.07,0,0,1,1,0,0,anomaly
0,tcp,private,RSTR,0,0,0,0,0,0,0,0,0,0,0,0,0,0,0,0,0,1,1,0,0,1,1,1,0,0,255,1,0,0.7,1,0,0,0,1,1,anomaly
0,tcp,private,S0,0,0,0,0,0,0,0,0,0,0,0,0,0,0,0,0,0,250,9,1,1,0,0,0.04,0.06,0,255,1,0,0.06,0,0,1,1,0,0,anomaly
0,tcp,private,S0,0,0,0,0,0,0,0,0,0,0,0,0,0,0,0,0,0,95,11,1,1,0,0,0.12,0.06,0,255,11,0.04,0.05,0,0,1,1,0,0,anomaly
0,tcp,ftp_data,SF,334,0,0,0,0,0,0,1,0,0,0,0,0,0,0,0,0,2,2,0,0,0,0,1,0,0,16,43,1,0,1,0.09,0,0,0,0,anomaly
41218,tcp,private,RSTR,1,0,0,0,0,0,0,0,0,0,0,0,0,0,0,0,0,2,2,0,0,1,1,1,0,0,255,2,0.01,0.29,0.57,0,0,0,0.57,1,anomaly
0,tcp,nnsp,S0,0,0,0,0,0,0,0,0,0,0,0,0,0,0,0,0,0,253,24,1,1,0,0,0.09,0.05,0,255,24,0.09,0.05,0,0,1,1,0,0,anomaly
0,tcp,netstat,S0,0,0,0,0,0,0,0,0,0,0,0,0,0,0,0,0,0,148,20,1,1,0,0,0.14,0.06,0,255,1,0,0.07,0,0,1,1,0,0,anomaly
0,tcp,time,S0,0,0,0,0,0,0,0,0,0,0,0,0,0,0,0,0,0,236,15,1,1,0,0,0.06,0.07,0,255,15,0.06,0.07,0,0,1,1,0,0,anomaly
0,tcp,Z39_50,REJ,0,0,0,0,0,0,0,0,0,0,0,0,0,0,0,0,0,107,6,0,0,1,1,0.06,0.07,0,255,6,0.02,0.07,0,0,0,0,1,1,anomaly
0,tcp,private,S0,0,0,0,0,0,0,0,0,0,0,0,0,0,0,0,0,0,252,17,1,1,0,0,0.07,0.07,0,255,17,0.07,0.07,0,0,1,1,0,0,anomaly
0,tcp,http,S0,0,0,0,0,0,0,0,0,0,0,0,0,0,0,0,0,0,9,4,1,1,0,0,0.44,0.44,0,89,24,0.27,0.04,0.01,0,1,1,0,0,anomaly
0,tcp,iso_tsap,REJ,0,0,0,0,0,0,0,0,0,0,0,0,0,0,0,0,0,236,7,0,0,1,1,0.03,0.07,0,255,7,0.03,0.07,0,0,0,0,1,1,anomaly
6,tcp,smtp,SF,0,82,0,0,0,0,0,1,0,0,0,0,0,0,0,0,0,1,1,0,0,0,0,1,0,0,6,79,0.17,1,0.17,0.04,0,0.01,0.67,0.03,anomaly
0,tcp,private,S0,0,0,0,0,0,0,0,0,0,0,0,0,0,0,0,0,0,124,7,1,1,0,0,0.06,0.06,0,255,7,0.03,0.08,0,0,1,1,0,0,anomaly
0,tcp,name,S0,0,0,0,0,0,0,0,0,0,0,0,0,0,0,0,0,0,239,19,1,1,0,0,0.08,0.05,0,255,19,0.07,0.07,0,0,1,1,0,0,anomaly
0,tcp,exec,S0,0,0,0,0,0,0,0,0,0,0,0,0,0,0,0,0,0,13,6,1,1,0,0,0.46,0.15,0,255,6,0.02,0.07,0,0,1,1,0,0,anomaly
0,tcp,nntp,S0,0,0,0,0,0,0,0,0,0,0,0,0,0,0,0,0,0,236,7,1,1,0,0,0.03,0.06,0,255,17,0.07,0.07,0,0,1,1,0,0,anomaly
0,tcp,time,S0,0,0,0,0,0,0,0,0,0,0,0,0,0,0,0,0,0,225,15,1,1,0,0,0.07,0.06,0,255,13,0.05,0.07,0,0,1,1,0,0,anomaly
0,tcp,nnsp,S0,0,0,0,0,0,0,0,0,0,0,0,0,0,0,0,0,0,133,17,1,1,0,0,0.13,0.06,0,255,17,0.07,0.07,0,0,1,1,0,0,anomaly
0,tcp,private,S0,0,0,0,0,0,0,0,0,0,0,0,0,0,0,0,0,0,282,7,1,1,0,0,0.02,0.06,0,255,14,0.05,0.07,0,0,1,1,0,0,anomaly
0,tcp,ldap,S0,0,0,0,0,0,0,0,0,0,0,0,0,0,0,0,0,0,240,9,1,1,0,0,0.04,0.06,0,255,9,0.04,0.06,0,0,1,1,0,0,anomaly
0,tcp,bgp,S0,0,0,0,0,0,0,0,0,0,0,0,0,0,0,0,0,0,253,8,1,1,0,0,0.03,0.06,0,255,8,0.03,0.05,0,0,1,1,0,0,anomaly
0,tcp,ftp_data,S0,0,0,0,0,0,0,0,0,0,0,0,0,0,0,0,0,0,278,16,1,1,0,0,0.06,0.06,0,255,3,0.01,0.07,0,0,1,1,0,0,anomaly
0,tcp,nntp,S0,0,0,0,0,0,0,0,0,0,0,0,0,0,0,0,0,0,105,3,1,1,0,0,0.03,0.08,0,255,3,0.01,0.08,0,0,1,1,0,0,anomaly
0,tcp,private,S0,0,0,0,0,0,0,0,0,0,0,0,0,0,0,0,0,0,206,10,1,1,0,0,0.05,0.06,0,255,4,0.02,0.07,0,0,1,1,0,0,anomaly
0,tcp,ftp_data,SF,334,0,0,0,0,0,0,1,0,0,0,0,0,0,0,0,0,2,2,0,0,0,0,1,0,0,2,28,1,0,1,0.14,0,0,0,0,anomaly
0,tcp,discard,S0,0,0,0,0,0,0,0,0,0,0,0,0,0,0,0,0,0,277,18,1,1,0,0,0.06,0.05,0,255,18,0.07,0.05,0,0,1,1,0,0,anomaly
0,tcp,auth,S0,0,0,0,0,0,0,0,0,0,0,0,0,0,0,0,0,0,229,14,1,1,0,0,0.06,0.06,0,255,14,0.05,0.07,0,0,1,1,0,0,anomaly
0,tcp,exec,S0,0,0,0,0,0,0,0,0,0,0,0,0,0,0,0,0,0,118,6,1,1,0,0,0.05,0.06,0,255,13,0.05,0.06,0,0,1,1,0,0,anomaly
0,tcp,private,S0,0,0,0,0,0,0,0,0,0,0,0,0,0,0,0,0,0,154,17,1,1,0,0,0.11,0.06,0,255,17,0.07,0.06,0,0,1,1,0,0,anomaly
0,tcp,private,S0,0,0,0,0,0,0,0,0,0,0,0,0,0,0,0,0,0,121,18,1,1,0,0,0.15,0.06,0,255,17,0.07,0.06,0,0,1,1,0,0,anomaly
0,tcp,ctf,REJ,0,0,0,0,0,0,0,0,0,0,0,0,0,0,0,0,0,141,17,0,0,1,1,0.12,0.06,0,255,17,0.07,0.07,0,0,0,0,1,1,anomaly
0,tcp,hostnames,S0,0,0,0,0,0,0,0,0,0,0,0,0,0,0,0,0,0,277,9,1,1,0,0,0.03,0.06,0,255,13,0.05,0.08,0,0,1,1,0,0,anomaly
0,tcp,private,S0,0,0,0,0,0,0,0,0,0,0,0,0,0,0,0,0,0,146,5,1,1,0,0,0.03,0.06,0,255,2,0.01,0.07,0,0,1,1,0,0,anomaly
0,tcp,http_443,S0,0,0,0,0,0,0,0,0,0,0,0,0,0,0,0,0,0,59,17,1,1,0,0,0.29,0.1,0,255,17,0.07,0.08,0,0,1,1,0,0,anomaly
0,tcp,ftp,SF,1211,2449,0,0,0,28,0,1,0,0,0,0,0,0,0,0,1,1,1,0,0,0,0,1,0,0,232,60,0.26,0.02,0,0,0,0,0.01,0,anomaly
0,tcp,http,SF,54540,8314,0,0,0,2,0,1,1,0,0,0,0,0,0,0,0,5,6,0,0,0,0.17,1,0,0.33,126,126,1,0,0.01,0,0,0,0.05,0.05,anomaly
0,tcp,courier,S0,0,0,0,0,0,0,0,0,0,0,0,0,0,0,0,0,0,111,10,1,1,0,0,0.09,0.06,0,255,10,0.04,0.05,0,0,1,1,0,0,anomaly
0,tcp,private,S0,0,0,0,0,0,0,0,0,0,0,0,0,0,0,0,0,0,278,16,1,1,0,0,0.06,0.06,0,255,15,0.06,0.06,0,0,1,1,0,0,anomaly
0,tcp,private,REJ,0,0,0,0,0,0,0,0,0,0,0,0,0,0,0,0,0,45,1,0,0,1,1,0.02,0.56,0,215,1,0,0.12,0.21,0,0.01,0,0.44,1,anomaly
0,tcp,finger,S0,0,0,0,0,0,0,0,0,0,0,0,0,0,0,0,0,0,6,2,1,1,0,0,0.33,0.33,0,248,62,0.25,0.02,0,0,0.99,1,0,0,anomaly
0,tcp,finger,S0,0,0,0,0,0,0,0,0,0,0,0,0,0,0,0,0,0,287,19,1,1,0,0,0.07,0.06,0,255,19,0.07,0.08,0,0,1,1,0,0,anomaly
0,tcp,ssh,S0,0,0,0,0,0,0,0,0,0,0,0,0,0,0,0,0,0,100,7,1,1,0,0,0.07,0.05,0,255,7,0.03,0.06,0,0,1,1,0,0,anomaly
0,tcp,telnet,S0,0,0,0,0,0,0,0,0,0,0,0,0,0,0,0,0,0,249,3,1,1,0,0,0.01,0.06,0,255,18,0.07,0.07,0,0,1,1,0,0,anomaly
0,tcp,echo,S0,0,0,0,0,0,0,0,0,0,0,0,0,0,0,0,0,0,288,20,1,1,0,0,0.07,0.06,0,255,20,0.08,0.07,0,0,1,1,0,0,anomaly
0,tcp,private,S0,0,0,0,0,0,0,0,0,0,0,0,0,0,0,0,0,0,111,8,1,1,0,0,0.07,0.06,0,255,15,0.06,0.07,0,0,1,1,0,0,anomaly
0,tcp,systat,S0,0,0,0,0,0,0,0,0,0,0,0,0,0,0,0,0,0,232,8,1,1,0,0,0.03,0.07,0,255,8,0.03,0.08,0,0,1,1,0,0,anomaly
0,tcp,private,S0,0,0,0,0,0,0,0,0,0,0,0,0,0,0,0,0,0,246,2,1,1,0,0,0.01,0.06,0,255,2,0.01,0.05,0,0,1,1,0,0,anomaly
0,tcp,netbios_ssn,S0,0,0,0,0,0,0,0,0,0,0,0,0,0,0,0,0,0,287,23,1,1,0,0,0.08,0.05,0,255,23,0.09,0.05,0,0,1,1,0,0,anomaly
0,icmp,eco_i,SF,8,0,0,0,0,0,0,0,0,0,0,0,0,0,0,0,0,1,44,0,0,0,0,1,0,1,1,62,1,0,1,0.52,0,0,0,0,anomaly
0,tcp,http_443,REJ,0,0,0,0,0,0,0,0,0,0,0,0,0,0,0,0,0,144,16,0,0,1,1,0.11,0.06,0,255,9,0.04,0.07,0,0,0,0,1,1,anomaly
0,tcp,smtp,S0,0,0,0,0,0,0,0,0,0,0,0,0,0,0,0,0,0,1,3,1,0.33,0,0,1,0,1,23,135,0.04,0.09,0.04,0.01,0.91,0.01,0,0,anomaly
0,tcp,supdup,S0,0,0,0,0,0,0,0,0,0,0,0,0,0,0,0,0,0,203,13,1,1,0,0,0.06,0.06,0,255,12,0.05,0.07,0,0,1,1,0,0,anomaly
0,udp,private,SF,28,0,0,3,0,0,0,0,0,0,0,0,0,0,0,0,0,25,25,0,0,0,0,1,0,0,255,25,0.1,0.01,0.1,0,0,0,0,0,anomaly
0,tcp,Z39_50,S0,0,0,0,0,0,0,0,0,0,0,0,0,0,0,0,0,0,276,18,1,1,0,0,0.07,0.05,0,255,18,0.07,0.05,0,0,1,1,0,0,anomaly
0,tcp,mtp,S0,0,0,0,0,0,0,0,0,0,0,0,0,0,0,0,0,0,190,5,1,1,0,0,0.03,0.08,0,255,5,0.02,0.08,0,0,1,1,0,0,anomaly
0,tcp,private,S0,0,0,0,0,0,0,0,0,0,0,0,0,0,0,0,0,0,176,1,1,1,0,0,0.01,0.06,0,255,1,0,0.06,0,0,1,1,0,0,anomaly
0,icmp,eco_i,SF,8,0,0,0,0,0,0,0,0,0,0,0,0,0,0,0,0,1,6,0,0,0,0,1,0,1,2,154,1,0,1,0.5,0,0,0,0,anomaly
0,tcp,http,S0,0,0,0,0,0,0,0,0,0,0,0,0,0,0,0,0,0,212,6,1,1,0,0,0.03,0.07,0,255,6,0.02,0.08,0,0,1,1,0,0,anomaly
0,tcp,ctf,S0,0,0,0,0,0,0,0,0,0,0,0,0,0,0,0,0,0,247,19,1,1,0,0,0.08,0.06,0,255,2,0.01,0.07,0,0,1,1,0,0,anomaly
0,tcp,private,S0,0,0,0,0,0,0,0,0,0,0,0,0,0,0,0,0,0,167,1,1,1,0,0,0.01,0.08,0,255,16,0.06,0.07,0,0,1,1,0,0,anomaly
0,icmp,ecr_i,SF,520,0,0,0,0,0,0,0,0,0,0,0,0,0,0,0,0,28,28,0,0,0,0,1,0,0,255,255,1,0,1,0,0,0,0,0,anomaly
0,udp,private,SF,1,0,0,0,0,0,0,0,0,0,0,0,0,0,0,0,0,55,9,0,0,0,0,0.16,0.07,0,255,9,0.04,0.23,1,0,0,0,0,0,anomaly
0,tcp,http,RSTR,53208,7300,0,0,0,1,0,1,0,0,0,0,0,0,0,0,0,4,3,0,0,0.25,0.33,0.75,0.5,0,72,72,1,0,0.01,0,0,0,0.04,0.04,anomaly
0,tcp,ftp_data,S0,0,0,0,0,0,0,0,0,0,0,0,0,0,0,0,0,0,6,6,1,1,0,0,1,0,0,255,54,0.21,0.02,0,0,1,1,0,0,anomaly
0,tcp,private,S0,0,0,0,0,0,0,0,0,0,0,0,0,0,0,0,0,0,278,22,1,1,0,0,0.08,0.05,0,255,22,0.09,0.06,0,0,1,1,0,0,anomaly
41802,tcp,private,RSTR,1,0,0,0,0,0,0,0,0,0,0,0,0,0,0,0,0,2,2,0,0,1,1,1,0,0,216,2,0.01,0.23,0.44,0,0,0,0.44,1,anomaly
0,tcp,private,S0,0,0,0,0,0,0,0,0,0,0,0,0,0,0,0,0,0,121,1,1,1,0,0,0.01,0.06,0,255,6,0.02,0.06,0,0,1,1,0,0,anomaly
0,tcp,ftp_data,S0,0,0,0,0,0,0,0,0,0,0,0,0,0,0,0,0,0,222,23,1,1,0,0,0.1,0.06,0,255,23,0.09,0.06,0,0,1,1,0,0,anomaly
0,tcp,vmnet,S0,0,0,0,0,0,0,0,0,0,0,0,0,0,0,0,0,0,237,1,1,1,0,0,0,0.05,0,41,1,0.02,0.1,0.02,0,0.95,1,0,0,anomaly
0,udp,private,SF,28,0,0,3,0,0,0,0,0,0,0,0,0,0,0,0,0,69,69,0,0,0,0,1,0,0,255,169,0.66,0.34,0.66,0,0.09,0,0.25,0,anomaly
0,tcp,telnet,S0,0,0,0,0,0,0,0,0,0,0,0,0,0,0,0,0,0,252,2,1,1,0,0,0.01,0.07,0,255,2,0.01,0.07,0,0,1,1,0,0,anomaly
0,tcp,iso_tsap,REJ,0,0,0,0,0,0,0,0,0,0,0,0,0,0,0,0,0,240,10,0,0,1,1,0.04,0.06,0,255,10,0.04,0.07,0,0,0,0,1,1,anomaly
0,tcp,private,REJ,0,0,0,0,0,0,0,0,0,0,0,0,0,0,0,0,0,1,1,0,0,1,1,1,0,0,57,2,0.02,1,0.02,1,0,0,0.96,1,anomaly
0,tcp,private,REJ,0,0,0,0,0,0,0,0,0,0,0,0,0,0,0,0,0,187,2,0,0,1,1,0.01,0.07,0,255,2,0.01,0.09,0,0,0,0,1,1,anomaly
0,tcp,uucp,S0,0,0,0,0,0,0,0,0,0,0,0,0,0,0,0,0,0,144,20,1,1,0,0,0.14,0.05,0,255,20,0.08,0.05,0,0,1,1,0,0,anomaly
0,udp,private,SF,28,0,0,3,0,0,0,0,0,0,0,0,0,0,0,0,0,51,51,0,0,0,0,1,0,0,255,51,0.2,0.02,0.2,0,0,0,0,0,anomaly
0,tcp,finger,RSTO,0,0,0,0,0,0,0,0,0,0,0,0,0,0,0,0,0,126,1,0,0,1,1,0.01,0.07,0,255,1,0,0.08,0,0,0,0,1,1,anomaly
0,tcp,systat,REJ,0,0,0,0,0,0,0,0,0,0,0,0,0,0,0,0,0,247,4,0,0,1,1,0.02,0.06,0,255,4,0.02,0.07,0,0,0,0,1,1,anomaly
0,tcp,ssh,S0,0,0,0,0,0,1,0,0,0,0,0,0,0,0,0,0,0,199,1,0.65,1,0.35,0,0.01,0.41,0,255,1,0,0.32,0.78,0,0.51,1,0.27,0,anomaly
0,udp,private,SF,1,0,0,0,0,0,0,0,0,0,0,0,0,0,0,0,0,156,146,0,0,0,0,0.94,0.01,0,255,208,0.82,0.03,1,0,0,0,0,0,anomaly
0,tcp,private,S0,0,0,0,0,0,0,0,0,0,0,0,0,0,0,0,0,0,248,11,1,1,0,0,0.04,0.06,0,255,5,0.02,0.09,0,0,1,1,0,0,anomaly
0,tcp,ldap,REJ,0,0,0,0,0,0,0,0,0,0,0,0,0,0,0,0,0,111,3,0,0,1,1,0.03,0.08,0,235,3,0.01,0.07,0,0,0,0,1,1,anomaly
0,tcp,csnet_ns,S0,0,0,0,0,0,0,0,0,0,0,0,0,0,0,0,0,0,199,5,1,1,0,0,0.03,0.06,0,255,5,0.02,0.06,0,0,1,1,0,0,anomaly
0,udp,private,SF,1,0,0,0,0,0,0,0,0,0,0,0,0,0,0,0,0,16,2,0,0,0,0,0.12,0.19,0,255,51,0.2,0.32,0.88,0,0,0,0.12,0,anomaly
0,tcp,domain,S0,0,0,0,0,0,0,0,0,0,0,0,0,0,0,0,0,0,263,23,1,1,0,0,0.09,0.05,0,255,23,0.09,0.05,0,0,1,1,0,0,anomaly
0,icmp,ecr_i,SF,520,0,0,0,0,0,0,0,0,0,0,0,0,0,0,0,0,441,441,0,0,0,0,1,0,0,183,183,1,0,1,0,0,0,0,0,anomaly
0,tcp,private,S0,0,0,0,0,0,0,0,0,0,0,0,0,0,0,0,0,0,183,11,1,1,0,0,0.06,0.07,0,255,1,0,0.07,0,0,1,1,0,0,anomaly
0,tcp,private,S0,0,0,0,0,0,0,0,0,0,0,0,0,0,0,0,0,0,81,19,1,1,0,0,0.23,0.06,0,255,10,0.04,0.06,0,0,1,1,0,0,anomaly
0,tcp,imap4,S0,0,0,0,0,0,0,0,0,0,0,0,0,0,0,0,0,0,277,17,1,1,0,0,0.06,0.06,0,255,17,0.07,0.06,0,0,1,1,0,0,anomaly
0,tcp,sunrpc,S0,0,0,0,0,0,0,0,0,0,0,0,0,0,0,0,0,0,298,5,1,1,0,0,0.02,0.06,0,255,5,0.02,0.07,0,0,1,1,0,0,anomaly
0,tcp,ftp,S0,0,0,0,0,0,0,0,0,0,0,0,0,0,0,0,0,0,271,18,1,1,0,0,0.07,0.05,0,255,18,0.07,0.05,0,0,1,1,0,0,anomaly
0,tcp,private,S0,0,0,0,0,0,0,0,0,0,0,0,0,0,0,0,0,0,127,6,1,1,0,0,0.05,0.06,0,255,6,0.02,0.06,0,0,1,1,0,0,anomaly
0,tcp,http_443,S0,0,0,0,0,0,0,0,0,0,0,0,0,0,0,0,0,0,295,12,1,1,0,0,0.04,0.05,0,255,12,0.05,0.05,0,0,1,1,0,0,anomaly
0,icmp,eco_i,SF,8,0,0,0,0,0,0,0,0,0,0,0,0,0,0,0,0,1,26,0,0,0,0,1,0,1,2,110,1,0,1,0.5,0,0,0,0,anomaly
0,tcp,bgp,S0,0,0,0,0,0,0,0,0,0,0,0,0,0,0,0,0,0,264,11,1,1,0,0,0.04,0.06,0,255,11,0.04,0.08,0,0,1,1,0,0,anomaly
0,tcp,finger,S0,0,0,0,0,0,0,0,0,0,0,0,0,0,0,0,0,0,113,1,1,1,0,0,0.01,0.06,0,255,1,0,0.07,0,0,1,1,0,0,anomaly
0,tcp,private,S0,0,0,0,0,0,0,0,0,0,0,0,0,0,0,0,0,0,28,9,1,1,0,0,0.32,0.11,0,255,22,0.09,0.07,0,0,1,1,0,0,anomaly
0,tcp,private,REJ,0,0,0,0,0,0,0,0,0,0,0,0,0,0,0,0,0,59,8,0,0,1,1,0.14,0.07,0,255,8,0.03,0.07,0,0,0,0,1,1,anomaly
0,tcp,finger,S0,0,0,0,0,0,0,0,0,0,0,0,0,0,0,0,0,0,10,3,1,1,0,0,0.3,0.4,0,90,29,0.26,0.04,0.02,0.07,1,0.79,0,0,anomaly
0,tcp,uucp,RSTO,0,0,0,0,0,0,0,0,0,0,0,0,0,0,0,0,0,87,16,0,0,1,1,0.18,0.07,0,255,16,0.06,0.06,0,0,0,0,1,1,anomaly
0,tcp,sql_net,S0,0,0,0,0,0,0,0,0,0,0,0,0,0,0,0,0,0,121,21,1,1,0,0,0.17,0.05,0,255,21,0.08,0.05,0,0,1,1,0,0,anomaly
0,tcp,ldap,REJ,0,0,0,0,0,0,0,0,0,0,0,0,0,0,0,0,0,2,1,0,0,1,1,0.5,1,0,255,1,0,1,1,0,0,0,1,1,anomaly
0,tcp,mtp,S0,0,0,0,0,0,0,0,0,0,0,0,0,0,0,0,0,0,250,20,1,1,0,0,0.08,0.06,0,255,20,0.08,0.07,0,0,1,1,0,0,anomaly
0,tcp,sunrpc,S0,0,0,0,0,0,0,0,0,0,0,0,0,0,0,0,0,0,267,20,1,1,0,0,0.07,0.06,0,255,20,0.08,0.06,0,0,1,1,0,0,anomaly
0,tcp,supdup,REJ,0,0,0,0,0,0,0,0,0,0,0,0,0,0,0,0,0,271,18,0,0,1,1,0.07,0.06,0,255,18,0.07,0.07,0,0,0,0,1,1,anomaly
0,tcp,efs,S0,0,0,0,0,0,0,0,0,0,0,0,0,0,0,0,0,0,139,18,1,1,0,0,0.13,0.05,0,255,18,0.07,0.05,0,0,1,1,0,0,anomaly
0,icmp,eco_i,SF,8,0,0,0,0,0,0,0,0,0,0,0,0,0,0,0,0,1,8,0,0,0,0,1,0,1,1,129,1,0,1,0.51,0,0,0,0,anomaly
0,tcp,private,S0,0,0,0,0,0,0,0,0,0,0,0,0,0,0,0,0,0,35,16,1,1,0,0,0.46,0.11,0,255,16,0.06,0.08,0,0,1,1,0,0,anomaly
0,tcp,private,REJ,0,0,0,0,0,0,0,0,0,0,0,0,0,0,0,0,0,256,19,0,0,1,1,0.07,0.06,0,255,19,0.07,0.09,0,0,0,0,1,1,anomaly
0,tcp,http,SF,54540,8314,0,0,0,2,0,1,1,0,0,0,0,0,0,0,0,5,6,0,0,0.2,0.33,1,0,0.33,100,100,1,0,0.01,0,0,0,0.05,0.05,anomaly
0,tcp,other,REJ,0,0,0,0,0,0,0,0,0,0,0,0,0,0,0,0,0,509,1,0.24,0,0.76,1,0,1,0,255,1,0,1,0,0,0.16,0,0.84,1,anomaly
0,tcp,private,REJ,0,0,0,0,0,0,0,0,0,0,0,0,0,0,0,0,0,229,10,0,0,1,1,0.04,0.07,0,255,10,0.04,0.07,0,0,0,0,1,1,anomaly
0,tcp,name,S0,0,0,0,0,0,0,0,0,0,0,0,0,0,0,0,0,0,215,5,1,1,0,0,0.02,0.07,0,255,5,0.02,0.08,0,0,1,1,0,0,anomaly
0,tcp,csnet_ns,S0,0,0,0,0,0,0,0,0,0,0,0,0,0,0,0,0,0,259,2,1,1,0,0,0.01,0.07,0,255,19,0.07,0.07,0,0,1,1,0,0,anomaly
0,tcp,supdup,S0,0,0,0,0,0,0,0,0,0,0,0,0,0,0,0,0,0,99,1,1,1,0,0,0.01,0.09,0,255,1,0,0.08,0,0,1,1,0,0,anomaly
0,icmp,eco_i,SF,18,0,0,0,0,0,0,0,0,0,0,0,0,0,0,0,0,1,1,0,0,0,0,1,0,0,1,152,1,0,1,1,0,0,0,0,anomaly
0,tcp,private,S0,0,0,0,0,0,0,0,0,0,0,0,0,0,0,0,0,0,221,19,1,1,0,0,0.09,0.06,0,255,17,0.07,0.08,0,0,1,1,0,0,anomaly
0,icmp,ecr_i,SF,1032,0,0,0,0,0,0,0,0,0,0,0,0,0,0,0,0,510,510,0,0,0,0,1,0,0,255,115,0.45,0.08,0.45,0,0,0,0,0,anomaly
0,tcp,private,S0,0,0,0,0,0,0,0,0,0,0,0,0,0,0,0,0,0,64,17,1,1,0,0,0.27,0.06,0,255,17,0.07,0.05,0,0,1,1,0,0,anomaly
0,icmp,ecr_i,SF,520,0,0,0,0,0,0,0,0,0,0,0,0,0,0,0,0,209,209,0,0,0,0,1,0,0,255,255,1,0,1,0,0,0,0,0,anomaly
12993,tcp,other,RSTR,1,0,0,0,0,0,0,0,0,0,0,0,0,0,0,0,0,2,2,0,0,1,1,1,0,0,255,2,0.01,0.68,1,0,0,0,1,1,anomaly
0,tcp,private,REJ,0,0,0,0,0,0,0,0,0,0,0,0,0,0,0,0,0,205,12,0,0,1,1,0.06,0.06,0,255,12,0.05,0.07,0,0,0,0,1,1,anomaly
0,tcp,Z39_50,S0,0,0,0,0,0,0,0,0,0,0,0,0,0,0,0,0,0,216,3,1,1,0,0,0.01,0.06,0,255,3,0.01,0.06,0,0,1,1,0,0,anomaly
0,tcp,smtp,S0,0,0,0,0,0,0,0,0,0,0,0,0,0,0,0,0,0,18,20,1,0.9,0,0,1,0,0.15,160,138,0.49,0.01,0.01,0.01,0.99,0.57,0,0,anomaly
0,tcp,bgp,REJ,0,0,0,0,0,0,0,0,0,0,0,0,0,0,0,0,0,229,15,0,0,1,1,0.07,0.07,0,255,15,0.06,0.07,0,0,0,0,1,1,anomaly
0,udp,private,SF,1,0,0,0,0,0,0,0,0,0,0,0,0,0,0,0,0,4,4,0,0,0,0,1,0,0,255,208,0.82,0.03,1,0,0,0,0,0,anomaly
0,icmp,ecr_i,SF,1480,0,0,1,0,0,0,0,0,0,0,0,0,0,0,0,0,8,8,0,0,0,0,1,0,0,92,8,0.09,0.04,0.09,0,0,0,0,0,anomaly
4,tcp,ftp_data,SF,832,0,0,0,0,0,0,1,0,0,0,0,0,0,0,0,0,1,1,0,0,0,0,1,0,0,8,35,1,0,1,0.11,0,0,0,0,anomaly
0,tcp,private,S0,0,0,0,0,0,0,0,0,0,0,0,0,0,0,0,0,0,144,11,1,1,0,0,0.08,0.06,0,255,3,0.01,0.06,0,0,1,1,0,0,anomaly
0,tcp,sunrpc,S0,0,0,0,0,0,0,0,0,0,0,0,0,0,0,0,0,0,291,21,1,1,0,0,0.07,0.05,0,255,21,0.08,0.05,0,0,1,1,0,0,anomaly
0,tcp,private,S0,0,0,0,0,0,0,0,0,0,0,0,0,0,0,0,0,0,85,13,1,1,0,0,0.15,0.06,0,255,13,0.05,0.05,0,0,1,1,0,0,anomaly
0,tcp,netbios_ssn,S0,0,0,0,0,0,0,0,0,0,0,0,0,0,0,0,0,0,65,7,1,1,0,0,0.11,0.08,0,255,13,0.05,0.07,0,0,1,1,0,0,anomaly
0,icmp,ecr_i,SF,1032,0,0,0,0,0,0,0,0,0,0,0,0,0,0,0,0,511,511,0,0,0,0,1,0,0,255,178,0.7,0.02,0.7,0,0,0,0.24,0,anomaly
0,tcp,kshell,S0,0,0,0,0,0,0,0,0,0,0,0,0,0,0,0,0,0,122,17,1,1,0,0,0.14,0.06,0,255,17,0.07,0.07,0,0,1,1,0,0,anomaly
0,tcp,private,S0,0,0,0,0,0,0,0,0,0,0,0,0,0,0,0,0,0,277,12,1,1,0,0,0.04,0.06,0,255,14,0.05,0.06,0,0,1,1,0,0,anomaly
0,tcp,private,S0,0,0,0,0,0,0,0,0,0,0,0,0,0,0,0,0,0,180,3,1,1,0,0,0.02,0.07,0,219,3,0.01,0.08,0,0,0.94,1,0,0,anomaly
0,tcp,netbios_dgm,S0,0,0,0,0,0,0,0,0,0,0,0,0,0,0,0,0,0,266,5,1,1,0,0,0.02,0.06,0,255,5,0.02,0.07,0,0,1,1,0,0,anomaly
0,udp,private,SF,28,0,0,3,0,0,0,0,0,0,0,0,0,0,0,0,0,165,65,0.61,0,0,0,0.39,0.04,0,255,65,0.25,0.75,0.25,0,0.09,0,0.66,0,anomaly
0,tcp,link,S0,0,0,0,0,0,0,0,0,0,0,0,0,0,0,0,0,0,245,14,1,1,0,0,0.06,0.05,0,255,14,0.05,0.06,0,0,1,1,0,0,anomaly
0,tcp,private,S0,0,0,0,0,0,0,0,0,0,0,0,0,0,0,0,0,0,130,17,1,1,0,0,0.13,0.06,0,255,13,0.05,0.06,0,0,1,1,0,0,anomaly
0,tcp,domain,REJ,0,0,0,0,0,0,0,0,0,0,0,0,0,0,0,0,0,280,20,0,0,1,1,0.07,0.06,0,255,20,0.08,0.08,0,0,0,0,1,1,anomaly
0,tcp,private,S0,0,0,0,0,0,0,0,0,0,0,0,0,0,0,0,0,0,163,13,1,1,0,0,0.08,0.07,0,255,3,0.01,0.08,0,0,1,1,0,0,anomaly
0,tcp,telnet,S0,0,0,0,0,0,0,0,0,0,0,0,0,0,0,0,0,0,8,7,0.88,1,0,0,0.88,0.25,0,7,8,1,0,0.14,0.25,1,0.88,0,0,anomaly
0,tcp,ftp_data,REJ,0,0,0,0,0,0,0,0,0,0,0,0,0,0,0,0,0,210,5,0,0,1,1,0.02,0.07,0,255,5,0.02,0.07,0,0,0,0,1,1,anomaly
0,tcp,private,REJ,0,0,0,0,0,0,0,0,0,0,0,0,0,0,0,0,0,263,7,0,0,1,1,0.03,0.07,0,255,7,0.03,0.07,0,0,0,0,1,1,anomaly
0,tcp,nnsp,S0,0,0,0,0,0,0,0,0,0,0,0,0,0,0,0,0,0,128,3,1,1,0,0,0.02,0.06,0,255,3,0.01,0.05,0,0,1,1,0,0,anomaly
0,tcp,ftp_data,REJ,0,0,0,0,0,0,0,0,0,0,0,0,0,0,0,0,0,210,5,0,0,1,1,0.02,0.07,0,255,5,0.02,0.07,0,0,0,0,1,1,anomaly
0,tcp,private,REJ,0,0,0,0,0,0,0,0,0,0,0,0,0,0,0,0,0,105,1,0,0,1,1,0.01,0.09,0,255,1,0,0.07,0,0,0,0,1,1,anomaly
0,tcp,private,REJ,0,0,0,0,0,0,0,0,0,0,0,0,0,0,0,0,0,1,1,0,0,1,1,1,0,0,13,1,0.08,1,0.08,0,0,0,0.85,1,anomaly
0,tcp,telnet,S0,0,0,0,0,0,0,0,0,0,0,0,0,0,0,0,0,0,269,18,1,1,0,0,0.07,0.06,0,255,18,0.07,0.07,0,0,1,1,0,0,anomaly
0,tcp,bgp,S0,0,0,0,0,0,0,0,0,0,0,0,0,0,0,0,0,0,119,4,1,1,0,0,0.03,0.08,0,255,4,0.02,0.07,0,0,1,1,0,0,anomaly
0,tcp,ftp_data,S0,0,0,0,0,0,0,0,0,0,0,0,0,0,0,0,0,0,80,20,1,1,0,0,0.25,0.05,0,255,60,0.24,0.02,0.02,0,1,1,0,0,anomaly
0,tcp,ftp,RSTO,0,0,0,0,0,0,0,0,0,0,0,0,0,0,0,0,0,266,6,0,0,1,1,0.02,0.06,0,255,6,0.02,0.07,0,0,0,0,1,1,anomaly
0,tcp,http,S0,0,0,0,0,0,0,0,0,0,0,0,0,0,0,0,0,0,50,17,1,1,0,0,0.34,0.08,0,255,59,0.23,0.02,0.02,0,1,1,0,0,anomaly
0,tcp,time,RSTO,0,0,0,0,0,0,0,0,0,0,0,0,0,0,0,0,0,256,4,0,0,1,1,0.02,0.06,0,255,4,0.02,0.07,0,0,0,0,1,1,anomaly
0,tcp,daytime,S0,0,0,0,0,0,0,0,0,0,0,0,0,0,0,0,0,0,270,13,1,1,0,0,0.05,0.07,0,255,13,0.05,0.07,0,0,1,1,0,0,anomaly
0,tcp,uucp_path,S0,0,0,0,0,0,0,0,0,0,0,0,0,0,0,0,0,0,274,18,1,1,0,0,0.07,0.06,0,255,18,0.07,0.06,0,0,1,1,0,0,anomaly
0,tcp,private,S0,0,0,0,0,0,0,0,0,0,0,0,0,0,0,0,0,0,109,13,1,1,0,0,0.12,0.06,0,255,11,0.04,0.09,0,0,1,1,0,0,anomaly
0,tcp,private,S0,0,0,0,0,0,0,0,0,0,0,0,0,0,0,0,0,0,10,5,1,1,0,0,0.5,0.2,0,255,6,0.02,0.09,0,0,1,1,0,0,anomaly
0,tcp,telnet,S0,0,0,0,0,0,0,0,0,0,0,0,0,0,0,0,0,0,234,9,1,1,0,0,0.04,0.07,0,255,1,0,0.07,0,0,1,1,0,0,anomaly
0,tcp,private,S0,0,0,0,0,0,0,0,0,0,0,0,0,0,0,0,0,0,168,6,1,1,0,0,0.04,0.07,0,255,11,0.04,0.08,0,0,1,1,0,0,anomaly
0,tcp,private,REJ,0,0,0,0,0,0,0,0,0,0,0,0,0,0,0,0,0,112,7,0,0,1,1,0.06,0.07,0,255,27,0.11,0.06,0,0,0,0,1,1,anomaly
0,tcp,private,S0,0,0,0,0,0,0,0,0,0,0,0,0,0,0,0,0,0,282,15,1,1,0,0,0.05,0.06,0,255,16,0.06,0.07,0,0,1,1,0,0,anomaly
0,tcp,private,REJ,0,0,0,0,0,0,0,0,0,0,0,0,0,0,0,0,0,263,1,0.03,0,0.94,1,0,1,0,255,1,0,0.97,0,0,0.04,0,0.92,1,anomaly
0,tcp,iso_tsap,RSTR,0,0,0,0,0,0,0,0,0,0,0,0,0,0,0,0,0,1,1,0,0,1,1,1,0,0,255,1,0,0.4,0.4,0,0,0,0.4,1,anomaly
0,tcp,http_443,S0,0,0,0,0,0,0,0,0,0,0,0,0,0,0,0,0,0,116,1,1,1,0,0,0.01,0.08,0,255,1,0,0.06,0,0,1,1,0,0,anomaly
0,tcp,private,S0,0,0,0,0,0,0,0,0,0,0,0,0,0,0,0,0,0,206,18,1,1,0,0,0.09,0.07,0,255,18,0.07,0.08,0,0,1,1,0,0,anomaly
0,tcp,kshell,S0,0,0,0,0,0,0,0,0,0,0,0,0,0,0,0,0,0,148,25,1,1,0,0,0.17,0.05,0,255,25,0.1,0.05,0,0,1,1,0,0,anomaly
0,tcp,telnet,S0,0,0,0,0,0,0,0,0,0,0,0,0,0,0,0,0,0,33,17,1,1,0,0,0.52,0.06,0,255,65,0.25,0.02,0.01,0,1,1,0,0,anomaly
0,tcp,ssh,S0,0,0,0,0,0,0,0,0,0,0,0,0,0,0,0,0,0,236,24,1,1,0,0,0.1,0.05,0,255,24,0.09,0.05,0,0,1,1,0,0,anomaly
0,tcp,other,REJ,0,0,0,0,0,0,0,0,0,0,0,0,0,0,0,0,0,393,1,0.07,0,0.9,1,0,1,0,255,1,0,1,0,0,0.09,0,0.91,1,anomaly
0,tcp,time,S0,0,0,0,0,0,0,0,0,0,0,0,0,0,0,0,0,0,266,6,1,1,0,0,0.02,0.06,0,255,6,0.02,0.07,0,0,1,1,0,0,anomaly
0,tcp,time,S0,0,0,0,0,0,0,0,0,0,0,0,0,0,0,0,0,0,226,16,1,1,0,0,0.07,0.06,0,255,14,0.05,0.07,0,0,1,1,0,0,anomaly
0,tcp,klogin,REJ,0,0,0,0,0,0,0,0,0,0,0,0,0,0,0,0,0,138,18,0,0,1,1,0.13,0.06,0,255,18,0.07,0.07,0,0,0,0,1,1,anomaly
0,tcp,private,S0,0,0,0,0,0,0,0,0,0,0,0,0,0,0,0,0,0,275,3,1,1,0,0,0.01,0.07,0,255,3,0.01,0.07,0,0,1,1,0,0,anomaly
0,tcp,nnsp,S0,0,0,0,0,0,0,0,0,0,0,0,0,0,0,0,0,0,73,10,1,1,0,0,0.14,0.07,0,255,10,0.04,0.07,0,0,1,1,0,0,anomaly
30057,tcp,private,RSTR,1,0,0,0,0,0,0,0,0,0,0,0,0,0,0,0,0,2,2,0,0,1,1,1,0,0,255,2,0.01,0.62,1,0,0,0,1,1,anomaly
0,tcp,telnet,S0,0,0,0,0,0,0,0,0,0,0,0,0,0,0,0,0,0,52,12,0.98,1,0.02,0,0.23,0.1,0,255,32,0.13,0.05,0.01,0,1,1,0,0,anomaly
0,tcp,netbios_dgm,S0,0,0,0,0,0,0,0,0,0,0,0,0,0,0,0,0,0,278,16,1,1,0,0,0.06,0.05,0,255,6,0.02,0.07,0,0,1,1,0,0,anomaly
0,tcp,finger,S0,0,0,0,0,0,0,0,0,0,0,0,0,0,0,0,0,0,18,5,1,1,0,0,0.28,0.22,0,255,65,0.25,0.02,0,0,1,1,0,0,anomaly
0,tcp,bgp,S0,0,0,0,0,0,0,0,0,0,0,0,0,0,0,0,0,0,270,7,1,1,0,0,0.03,0.06,0,255,7,0.03,0.07,0,0,1,1,0,0,anomaly
0,tcp,uucp,S0,0,0,0,0,0,0,0,0,0,0,0,0,0,0,0,0,0,102,2,1,1,0,0,0.02,0.07,0,255,2,0.01,0.06,0,0,1,1,0,0,anomaly
0,tcp,private,S0,0,0,0,0,0,0,0,0,0,0,0,0,0,0,0,0,0,209,13,1,1,0,0,0.06,0.08,0,255,13,0.05,0.09,0,0,1,1,0,0,anomaly
0,icmp,ecr_i,SF,520,0,0,0,0,0,0,0,0,0,0,0,0,0,0,0,0,445,445,0,0,0,0,1,0,0,44,44,1,0,1,0,0,0,0,0,anomaly
0,tcp,private,S0,0,0,0,0,0,0,0,0,0,0,0,0,0,0,0,0,0,77,16,1,1,0,0,0.21,0.06,0,255,5,0.02,0.06,0,0,1,1,0,0,anomaly
0,tcp,private,SH,0,0,0,0,0,0,0,0,0,0,0,0,0,0,0,0,0,1,1,1,1,0,0,1,0,0,18,1,0.06,0.72,0.56,0,0.56,1,0,0,anomaly
0,tcp,private,S0,0,0,0,0,0,0,0,0,0,0,0,0,0,0,0,0,0,66,11,1,1,0,0,0.17,0.06,0,255,17,0.07,0.06,0,0,1,1,0,0,anomaly
0,tcp,discard,S0,0,0,0,0,0,0,0,0,0,0,0,0,0,0,0,0,0,265,7,1,1,0,0,0.03,0.05,0,255,7,0.03,0.05,0,0,1,1,0,0,anomaly
0,tcp,private,REJ,0,0,0,0,0,0,0,0,0,0,0,0,0,0,0,0,0,154,1,0.04,0,0.88,1,0.01,0.99,0,255,1,0,0.61,0,0,0.02,0,0.54,1,anomaly
0,tcp,private,SH,0,0,0,0,0,0,0,0,0,0,0,0,0,0,0,0,0,1,1,1,1,0,0,1,0,0,35,1,0.03,0.74,0.77,0,0.77,1,0,0,anomaly
0,tcp,private,S0,0,0,0,0,0,0,0,0,0,0,0,0,0,0,0,0,0,109,5,1,1,0,0,0.05,0.07,0,255,11,0.04,0.08,0,0,1,1,0,0,anomaly
0,tcp,private,S0,0,0,0,0,0,0,0,0,0,0,0,0,0,0,0,0,0,190,5,1,1,0,0,0.03,0.06,0,255,13,0.05,0.07,0,0,1,1,0,0,anomaly
0,tcp,private,REJ,0,0,0,0,0,0,0,0,0,0,0,0,0,0,0,0,0,1,1,0,0,1,1,1,0,0,69,1,0.01,1,0.01,0,0,0,0.94,1,anomaly
0,tcp,private,REJ,0,0,0,0,0,0,0,0,0,0,0,0,0,0,0,0,0,109,9,0,0,1,1,0.08,0.06,0,255,29,0.11,0.05,0,0,0,0,1,1,anomaly
0,tcp,private,SH,0,0,0,0,0,0,0,0,0,0,0,0,0,0,0,0,0,1,1,1,1,0,0,1,0,0,225,1,0,0.96,0.96,0,0.96,1,0,0,anomaly
0,tcp,link,S0,0,0,0,0,0,0,0,0,0,0,0,0,0,0,0,0,0,301,20,1,1,0,0,0.07,0.06,0,255,20,0.08,0.07,0,0,1,1,0,0,anomaly
0,tcp,private,S0,0,0,0,0,0,0,0,0,0,0,0,0,0,0,0,0,0,138,20,1,1,0,0,0.14,0.05,0,255,36,0.14,0.06,0,0,1,1,0,0,anomaly
0,tcp,login,RSTO,0,0,0,0,0,0,0,0,0,0,0,0,0,0,0,0,0,143,8,0,0,1,1,0.06,0.06,0,255,8,0.03,0.07,0,0,0,0,1,1,anomaly
0,tcp,private,S0,0,0,0,0,0,0,0,0,0,0,0,0,0,0,0,0,0,173,5,1,1,0,0,0.03,0.06,0,255,5,0.02,0.06,0,0,1,1,0,0,anomaly
0,tcp,private,REJ,0,0,0,0,0,0,0,0,0,0,0,0,0,0,0,0,0,107,18,0,0,1,1,0.17,0.07,0,255,18,0.07,0.06,0,0,0,0,1,1,anomaly
0,tcp,courier,S0,0,0,0,0,0,0,0,0,0,0,0,0,0,0,0,0,0,101,7,1,1,0,0,0.07,0.06,0,255,7,0.03,0.07,0,0,1,1,0,0,anomaly
0,tcp,private,S0,0,0,0,0,0,0,0,0,0,0,0,0,0,0,0,0,0,356,1,0.03,1,0.95,0,0,1,0,255,1,0,1,0,0,0.04,1,0.96,0,anomaly
0,icmp,eco_i,SF,18,0,0,0,0,0,0,0,0,0,0,0,0,0,0,0,0,1,1,0,0,0,0,1,0,0,1,172,1,0,1,1,0,0,0,0,anomaly
0,tcp,private,S0,0,0,0,0,0,0,0,0,0,0,0,0,0,0,0,0,0,138,14,1,1,0,0,0.1,0.06,0,255,8,0.03,0.07,0,0,1,1,0,0,anomaly
0,tcp,netstat,S0,0,0,0,0,0,0,0,0,0,0,0,0,0,0,0,0,0,109,2,1,1,0,0,0.02,0.07,0,255,2,0.01,0.07,0,0,1,1,0,0,anomaly
0,tcp,uucp_path,S0,0,0,0,0,0,0,0,0,0,0,0,0,0,0,0,0,0,44,8,1,1,0,0,0.18,0.11,0,255,8,0.03,0.08,0,0,1,1,0,0,anomaly
0,udp,other,SF,1,0,0,0,0,0,0,0,0,0,0,0,0,0,0,0,0,2,2,0,0,0,0,1,0,0,255,2,0.01,0.15,0.4,0,0,0,0.53,0,anomaly
0,tcp,http_443,S0,0,0,0,0,0,0,0,0,0,0,0,0,0,0,0,0,0,147,17,1,1,0,0,0.12,0.06,0,255,16,0.06,0.06,0,0,1,1,0,0,anomaly
0,udp,private,SF,28,0,0,3,0,0,0,0,0,0,0,0,0,0,0,0,0,116,16,0.86,0,0,0,0.14,0.06,0,255,16,0.06,0.94,0.06,0,0.09,0,0.85,0,anomaly
0,tcp,kshell,REJ,0,0,0,0,0,0,0,0,0,0,0,0,0,0,0,0,0,118,9,0,0,1,1,0.08,0.08,0,255,9,0.04,0.06,0,0,0,0,1,1,anomaly
0,tcp,telnet,S0,0,0,0,0,0,0,0,0,0,0,0,0,0,0,0,0,0,66,16,0.97,1,0.03,0,0.24,0.09,0,255,52,0.2,0.04,0,0,1,1,0,0,anomaly
0,icmp,ecr_i,SF,1032,0,0,0,0,0,0,0,0,0,0,0,0,0,0,0,0,511,511,0,0,0,0,1,0,0,255,166,0.65,0.02,0.65,0,0,0,0,0,anomaly
0,tcp,efs,REJ,0,0,0,0,0,0,0,0,0,0,0,0,0,0,0,0,0,76,8,0,0,1,1,0.11,0.07,0,255,8,0.03,0.07,0,0,0,0,1,1,anomaly
0,tcp,private,S0,0,0,0,0,0,0,0,0,0,0,0,0,0,0,0,0,0,188,4,1,1,0,0,0.02,0.06,0,255,14,0.05,0.09,0,0,1,1,0,0,anomaly
0,tcp,ctf,REJ,0,0,0,0,0,0,0,0,0,0,0,0,0,0,0,0,0,141,17,0,0,1,1,0.12,0.06,0,255,17,0.07,0.07,0,0,0,0,1,1,anomaly
0,tcp,bgp,S0,0,0,0,0,0,0,0,0,0,0,0,0,0,0,0,0,0,270,15,1,1,0,0,0.06,0.05,0,255,15,0.06,0.05,0,0,1,1,0,0,anomaly
1,tcp,private,RSTOS0,0,0,0,0,0,0,0,0,0,0,0,0,0,0,0,0,0,6,2,0.67,0.5,0.33,0.5,0.33,0.5,0,255,2,0.01,0.02,0.02,0,0.02,0.5,0.01,0.5,anomaly
0,tcp,private,S0,0,0,0,0,0,0,0,0,0,0,0,0,0,0,0,0,0,33,16,1,1,0,0,0.48,0.15,0,255,16,0.06,0.08,0,0,1,1,0,0,anomaly
0,tcp,name,S0,0,0,0,0,0,0,0,0,0,0,0,0,0,0,0,0,0,238,2,1,1,0,0,0.01,0.05,0,255,2,0.01,0.06,0,0,1,1,0,0,anomaly
0,icmp,eco_i,SF,18,0,0,0,0,0,0,0,0,0,0,0,0,0,0,0,0,1,1,0,0,0,0,1,0,0,2,30,1,0,1,0.27,0,0,0,0,anomaly
0,tcp,private,S0,0,0,0,0,0,0,0,0,0,0,0,0,0,0,0,0,0,274,4,1,1,0,0,0.01,0.05,0,255,4,0.02,0.06,0,0,1,1,0,0,anomaly
0,tcp,auth,S0,0,0,0,0,0,0,0,0,0,0,0,0,0,0,0,0,0,150,20,1,1,0,0,0.13,0.05,0,255,6,0.02,0.08,0,0,1,1,0,0,anomaly
0,tcp,ftp_data,S0,0,0,0,0,0,0,0,0,0,0,0,0,0,0,0,0,0,15,4,0.93,1,0.07,0,0.27,0.27,0,255,10,0.04,0.07,0,0,1,1,0,0,anomaly
0,tcp,csnet_ns,S0,0,0,0,0,0,0,0,0,0,0,0,0,0,0,0,0,0,259,2,1,1,0,0,0.01,0.07,0,255,19,0.07,0.07,0,0,1,1,0,0,anomaly
0,icmp,ecr_i,SF,1032,0,0,0,0,0,0,0,0,0,0,0,0,0,0,0,0,511,511,0,0,0,0,1,0,0,255,150,0.59,0.02,0.59,0,0,0,0.02,0,anomaly
0,tcp,Z39_50,REJ,0,0,0,0,0,0,0,0,0,0,0,0,0,0,0,0,0,213,8,0,0,1,1,0.04,0.07,0,255,8,0.03,0.07,0,0,0,0,1,1,anomaly
0,tcp,private,REJ,0,0,0,0,0,0,0,0,0,0,0,0,0,0,0,0,0,158,8,0,0,1,1,0.05,0.08,0,255,8,0.03,0.08,0,0,0,0,1,1,anomaly
0,tcp,bgp,S0,0,0,0,0,0,0,0,0,0,0,0,0,0,0,0,0,0,213,14,1,1,0,0,0.07,0.06,0,255,7,0.03,0.09,0,0,1,1,0,0,anomaly
0,tcp,vmnet,S0,0,0,0,0,0,0,0,0,0,0,0,0,0,0,0,0,0,283,4,1,1,0,0,0.01,0.06,0,255,5,0.02,0.07,0,0,1,1,0,0,anomaly
0,tcp,daytime,S0,0,0,0,0,0,0,0,0,0,0,0,0,0,0,0,0,0,230,20,1,1,0,0,0.09,0.06,0,255,20,0.08,0.08,0,0,1,1,0,0,anomaly
0,tcp,private,RSTR,0,0,0,0,0,0,0,0,0,0,0,0,0,0,0,0,0,1,1,0,0,1,1,1,0,0,255,1,0,0.94,0.94,0,0,0,0.93,1,anomaly
0,tcp,mtp,S0,0,0,0,0,0,0,0,0,0,0,0,0,0,0,0,0,0,231,6,1,1,0,0,0.03,0.06,0,255,6,0.02,0.07,0,0,1,1,0,0,anomaly
0,tcp,private,REJ,0,0,0,0,0,0,0,0,0,0,0,0,0,0,0,0,0,233,11,0,0,1,1,0.05,0.07,0,255,11,0.04,0.07,0,0,0,0,1,1,anomaly
0,tcp,http,SF,54540,8314,0,0,0,2,0,1,1,0,0,0,0,0,0,0,0,5,6,0,0,0,0.17,1,0,0.33,128,128,1,0,0.01,0,0,0,0.05,0.05,anomaly
1,tcp,private,RSTOS0,0,0,0,0,0,0,0,0,0,0,0,0,0,0,0,0,0,6,2,0.67,0.5,0.33,0.5,0.33,0.5,0,255,2,0.01,0.02,0.02,0,0.02,0.5,0.01,0.5,anomaly
0,tcp,private,S0,0,0,0,0,0,0,0,0,0,0,0,0,0,0,0,0,0,122,15,1,1,0,0,0.12,0.06,0,255,16,0.06,0.06,0,0,1,1,0,0,anomaly
0,tcp,auth,S0,0,0,0,0,0,0,0,0,0,0,0,0,0,0,0,0,0,202,2,1,1,0,0,0.01,0.06,0,255,2,0.01,0.07,0,0,1,1,0,0,anomaly
0,tcp,private,S0,0,0,0,0,0,0,0,0,0,0,0,0,0,0,0,0,0,111,18,1,1,0,0,0.16,0.05,0,255,11,0.04,0.06,0,0,1,1,0,0,anomaly
0,tcp,http_443,REJ,0,0,0,0,0,0,0,0,0,0,0,0,0,0,0,0,0,144,16,0,0,1,1,0.11,0.06,0,255,9,0.04,0.07,0,0,0,0,1,1,anomaly
0,tcp,time,S0,0,0,0,0,0,0,0,0,0,0,0,0,0,0,0,0,0,289,8,1,1,0,0,0.03,0.06,0,255,10,0.04,0.08,0,0,1,1,0,0,anomaly
0,tcp,other,REJ,0,0,0,0,0,0,0,0,0,0,0,0,0,0,0,0,0,410,1,0.07,0,0.9,1,0,1,0,255,1,0,1,0,0,0.08,0,0.91,1,anomaly
0,tcp,echo,S0,0,0,0,0,0,0,0,0,0,0,0,0,0,0,0,0,0,198,1,1,1,0,0,0.01,0.06,0,255,12,0.05,0.07,0,0,1,1,0,0,anomaly
0,tcp,netbios_dgm,S0,0,0,0,0,0,0,0,0,0,0,0,0,0,0,0,0,0,94,17,1,1,0,0,0.18,0.06,0,255,12,0.05,0.07,0,0,1,1,0,0,anomaly
0,tcp,private,S0,0,0,0,0,0,0,0,0,0,0,0,0,0,0,0,0,0,84,13,1,1,0,0,0.15,0.06,0,255,15,0.06,0.06,0,0,1,1,0,0,anomaly
0,tcp,daytime,S0,0,0,0,0,0,0,0,0,0,0,0,0,0,0,0,0,0,186,24,1,1,0,0,0.13,0.05,0,255,24,0.09,0.05,0,0,1,1,0,0,anomaly
0,tcp,private,S0,0,0,0,0,0,0,0,0,0,0,0,0,0,0,0,0,0,17,8,1,1,0,0,0.47,0.29,0,255,8,0.03,0.08,0,0,1,1,0,0,anomaly
0,tcp,sql_net,REJ,0,0,0,0,0,0,0,0,0,0,0,0,0,0,0,0,0,103,3,0,0,1,1,0.03,0.07,0,255,3,0.01,0.07,0,0,0,0,1,1,anomaly
0,tcp,private,REJ,0,0,0,0,0,0,0,0,0,0,0,0,0,0,0,0,0,147,1,0.05,0,0.93,1,0.01,1,0,255,1,0,0.76,0,0,0.03,0,0.55,1,anomaly
0,tcp,ctf,S0,0,0,0,0,0,0,0,0,0,0,0,0,0,0,0,0,0,243,7,1,1,0,0,0.03,0.07,0,255,7,0.03,0.07,0,0,1,1,0,0,anomaly
0,tcp,bgp,S0,0,0,0,0,0,0,0,0,0,0,0,0,0,0,0,0,0,203,2,1,1,0,0,0.01,0.07,0,255,2,0.01,0.08,0,0,1,1,0,0,anomaly
0,tcp,private,S0,0,0,0,0,0,0,0,0,0,0,0,0,0,0,0,0,0,356,1,0.03,1,0.95,0,0,1,0,255,1,0,1,0,0,0.04,1,0.96,0,anomaly
0,tcp,private,S0,0,0,0,0,0,0,0,0,0,0,0,0,0,0,0,0,0,266,13,1,1,0,0,0.05,0.06,0,255,13,0.05,0.08,0,0,1,1,0,0,anomaly
0,tcp,private,S0,0,0,0,0,0,0,0,0,0,0,0,0,0,0,0,0,0,192,3,1,1,0,0,0.02,0.06,0,231,3,0.01,0.07,0,0,0.94,1,0,0,anomaly
0,udp,private,SF,1,0,0,0,0,0,0,0,0,0,0,0,0,0,0,0,0,48,8,0,0,0,0,0.17,0.08,0,255,19,0.07,0.6,0.42,0,0.16,0,0.42,0,anomaly
0,icmp,ecr_i,SF,1032,0,0,0,0,0,0,0,0,0,0,0,0,0,0,0,0,511,511,0,0,0,0,1,0,0,249,155,0.62,0.03,0.62,0,0.01,0,0.25,0,anomaly
0,tcp,private,S0,0,0,0,0,0,0,0,0,0,0,0,0,0,0,0,0,0,218,5,1,1,0,0,0.02,0.06,0,255,6,0.02,0.05,0,0,1,1,0,0,anomaly
0,tcp,http,SF,54540,8314,0,0,0,2,0,1,1,0,0,0,0,0,0,0,0,2,2,0,0,0,0,1,0,0,248,248,1,0,0,0,0,0,0.02,0.02,anomaly
0,tcp,private,S0,0,0,0,0,0,0,0,0,0,0,0,0,0,0,0,0,0,243,25,1,1,0,0,0.1,0.06,0,255,25,0.1,0.07,0,0,1,1,0,0,anomaly
40295,tcp,private,RSTR,1,0,0,0,0,0,0,0,0,0,0,0,0,0,0,0,0,2,2,0,0,1,1,1,0,0,255,2,0.01,0.44,0.87,0,0,0,0.87,1,anomaly
0,tcp,uucp,RSTO,0,0,0,0,0,0,0,0,0,0,0,0,0,0,0,0,0,114,9,0,0,1,1,0.08,0.08,0,255,9,0.04,0.07,0,0,0,0,1,1,anomaly
0,tcp,telnet,S0,0,0,0,0,0,0,0,0,0,0,0,0,0,0,0,0,0,26,6,1,1,0,0,0.23,0.08,0,48,10,0.17,0.06,0.06,0.2,0.96,0.6,0,0,anomaly
0,tcp,private,S0,0,0,0,0,0,0,0,0,0,0,0,0,0,0,0,0,0,267,6,1,1,0,0,0.02,0.06,0,255,27,0.11,0.06,0,0,1,1,0,0,anomaly
0,tcp,efs,S0,0,0,0,0,0,0,0,0,0,0,0,0,0,0,0,0,0,142,5,1,1,0,0,0.04,0.06,0,255,5,0.02,0.06,0,0,1,1,0,0,anomaly
4309,tcp,other,RSTR,1,0,0,0,0,0,0,0,0,0,0,0,0,0,0,0,0,2,2,0,0,1,1,1,0,0,255,2,0.01,0.74,1,0,0,0,1,1,anomaly
0,tcp,iso_tsap,S0,0,0,0,0,0,0,0,0,0,0,0,0,0,0,0,0,0,264,18,1,1,0,0,0.07,0.06,0,255,18,0.07,0.06,0,0,1,1,0,0,anomaly
0,tcp,uucp_path,S0,0,0,0,0,0,0,0,0,0,0,0,0,0,0,0,0,0,221,14,1,1,0,0,0.06,0.05,0,255,14,0.05,0.05,0,0,1,1,0,0,anomaly
0,tcp,auth,S0,0,0,0,0,0,0,0,0,0,0,0,0,0,0,0,0,0,237,22,1,1,0,0,0.09,0.05,0,255,22,0.09,0.05,0,0,1,1,0,0,anomaly
0,tcp,login,S0,0,0,0,0,0,0,0,0,0,0,0,0,0,0,0,0,0,135,20,1,1,0,0,0.15,0.06,0,255,20,0.08,0.07,0,0,1,1,0,0,anomaly
17904,tcp,other,RSTR,1,0,0,0,0,0,0,0,0,0,0,0,0,0,0,0,0,2,2,0,0,1,1,1,0,0,255,2,0.01,0.73,1,0,0,0,1,1,anomaly
0,udp,private,SF,28,0,0,3,0,0,0,0,0,0,0,0,0,0,0,0,0,163,63,0.61,0,0,0,0.39,0.04,0,255,63,0.25,0.76,0.25,0,0.09,0,0.67,0,anomaly
22336,tcp,private,RSTR,1,0,0,0,0,0,0,0,0,0,0,0,0,0,0,0,0,2,2,0,0,1,1,1,0,0,255,2,0.01,0.73,1,0,0,0,1,1,anomaly
0,icmp,ecr_i,SF,1032,0,0,0,0,0,0,0,0,0,0,0,0,0,0,0,0,437,437,0,0,0,0,1,0,0,255,255,1,0,1,0,0,0,0,0,anomaly
0,tcp,private,S0,0,0,0,0,0,0,0,0,0,0,0,0,0,0,0,0,0,130,19,1,1,0,0,0.15,0.06,0,255,39,0.15,0.06,0,0,1,1,0,0,anomaly
0,icmp,eco_i,SF,8,0,0,0,0,0,0,0,0,0,0,0,0,0,0,0,0,1,47,0,0,0,0,1,0,1,2,88,1,0,1,0.5,0,0,0,0,anomaly
0,tcp,efs,S0,0,0,0,0,0,0,0,0,0,0,0,0,0,0,0,0,0,127,19,1,1,0,0,0.15,0.06,0,255,19,0.07,0.07,0,0,1,1,0,0,anomaly
0,tcp,ctf,S0,0,0,0,0,0,0,0,0,0,0,0,0,0,0,0,0,0,247,8,1,1,0,0,0.03,0.07,0,255,8,0.03,0.08,0,0,1,1,0,0,anomaly
0,tcp,nnsp,S0,0,0,0,0,0,0,0,0,0,0,0,0,0,0,0,0,0,12,4,1,1,0,0,0.33,0.33,0,255,4,0.02,0.09,0,0,1,1,0,0,anomaly
0,icmp,eco_i,SF,8,0,0,0,0,0,0,0,0,0,0,0,0,0,0,0,0,1,49,0,0,0,0,1,0,1,1,135,1,0,1,0.5,0,0,0,0,anomaly
0,tcp,private,S0,0,0,0,0,0,0,0,0,0,0,0,0,0,0,0,0,0,250,1,1,1,0,0,0,0.05,0,208,1,0,0.07,0,0,0.99,1,0,0,anomaly
0,tcp,ldap,S0,0,0,0,0,0,0,0,0,0,0,0,0,0,0,0,0,0,147,20,1,1,0,0,0.14,0.06,0,255,20,0.08,0.06,0,0,1,1,0,0,anomaly
0,tcp,private,S0,0,0,0,0,0,0,0,0,0,0,0,0,0,0,0,0,0,288,5,1,1,0,0,0.02,0.06,0,255,15,0.06,0.07,0,0,1,1,0,0,anomaly
0,icmp,eco_i,SF,8,0,0,0,0,0,0,0,0,0,0,0,0,0,0,0,0,1,13,0,0,0,0,1,0,1,2,129,1,0,1,0.5,0,0,0,0,anomaly
0,tcp,uucp_path,S0,0,0,0,0,0,0,0,0,0,0,0,0,0,0,0,0,0,227,6,1,1,0,0,0.03,0.07,0,255,6,0.02,0.08,0,0,1,1,0,0,anomaly
0,icmp,ecr_i,SF,1032,0,0,0,0,0,0,0,0,0,0,0,0,0,0,0,0,164,164,0,0,0,0,1,0,0,255,255,1,0,1,0,0,0,0,0,anomaly
0,tcp,mtp,S0,0,0,0,0,0,0,0,0,0,0,0,0,0,0,0,0,0,222,1,1,1,0,0,0,0.06,0,255,1,0,0.07,0,0,1,1,0,0,anomaly
0,tcp,uucp_path,S0,0,0,0,0,0,0,0,0,0,0,0,0,0,0,0,0,0,299,20,1,1,0,0,0.07,0.06,0,255,20,0.08,0.06,0,0,1,1,0,0,anomaly
0,tcp,uucp_path,S0,0,0,0,0,0,0,0,0,0,0,0,0,0,0,0,0,0,44,8,1,1,0,0,0.18,0.11,0,255,8,0.03,0.08,0,0,1,1,0,0,anomaly
0,icmp,ecr_i,SF,1032,0,0,0,0,0,0,0,0,0,0,0,0,0,0,0,0,511,511,0,0,0,0,1,0,0,255,135,0.53,0.01,0.53,0,0,0,0,0,anomaly
0,tcp,ctf,S0,0,0,0,0,0,0,0,0,0,0,0,0,0,0,0,0,0,271,7,1,1,0,0,0.03,0.05,0,255,7,0.03,0.05,0,0,1,1,0,0,anomaly
0,tcp,private,S0,0,0,0,0,0,0,0,0,0,0,0,0,0,0,0,0,0,225,18,1,1,0,0,0.08,0.06,0,255,18,0.07,0.08,0,0,1,1,0,0,anomaly
0,tcp,uucp,S0,0,0,0,0,0,0,0,0,0,0,0,0,0,0,0,0,0,102,2,1,1,0,0,0.02,0.07,0,255,17,0.07,0.07,0,0,1,1,0,0,anomaly
0,tcp,private,RSTR,0,0,0,0,0,0,0,0,0,0,0,0,0,0,0,0,0,1,1,0,0,1,1,1,0,0,130,1,0.01,0.63,0.63,0,0.05,0,0.62,1,anomaly
0,tcp,uucp_path,S0,0,0,0,0,0,0,0,0,0,0,0,0,0,0,0,0,0,227,14,1,1,0,0,0.06,0.07,0,255,14,0.05,0.08,0,0,1,1,0,0,anomaly
0,tcp,http_443,REJ,0,0,0,0,0,0,0,0,0,0,0,0,0,0,0,0,0,109,15,0,0,1,1,0.14,0.06,0,255,15,0.06,0.05,0,0,0,0,1,1,anomaly
0,tcp,Z39_50,S0,0,0,0,0,0,0,0,0,0,0,0,0,0,0,0,0,0,276,4,1,1,0,0,0.01,0.06,0,255,19,0.07,0.06,0,0,1,1,0,0,anomaly
0,tcp,private,S0,0,0,0,0,0,0,0,0,0,0,0,0,0,0,0,0,0,157,7,1,1,0,0,0.04,0.06,0,255,18,0.07,0.07,0,0,1,1,0,0,anomaly
0,tcp,http_443,S0,0,0,0,0,0,0,0,0,0,0,0,0,0,0,0,0,0,125,20,1,1,0,0,0.16,0.06,0,255,20,0.08,0.07,0,0,1,1,0,0,anomaly
0,tcp,telnet,S0,0,0,0,0,0,0,0,0,0,0,0,0,0,0,0,0,0,43,9,1,1,0,0,0.21,0.09,0,125,32,0.25,0.03,0.03,0.06,0.98,0.91,0,0,anomaly
0,tcp,private,RSTR,0,0,0,0,0,0,0,0,0,0,0,0,0,0,0,0,0,1,1,0,0,1,1,1,0,0,185,1,0.01,0.12,0.09,0,0,0,0.1,1,anomaly
771,tcp,other,RSTR,1,0,0,0,0,0,0,0,0,0,0,0,0,0,0,0,0,2,2,0,0,1,1,1,0,0,255,2,0.01,0.73,1,0,0,0,1,1,anomaly
0,tcp,imap4,S0,0,0,0,0,0,0,0,0,0,0,0,0,0,0,0,0,0,275,16,1,1,0,0,0.06,0.06,0,255,16,0.06,0.06,0,0,1,1,0,0,anomaly
0,tcp,daytime,S0,0,0,0,0,0,0,0,0,0,0,0,0,0,0,0,0,0,271,11,1,1,0,0,0.04,0.06,0,255,11,0.04,0.07,0,0,1,1,0,0,anomaly
0,tcp,private,S0,0,0,0,0,0,0,0,0,0,0,0,0,0,0,0,0,0,239,14,1,1,0,0,0.06,0.05,0,255,14,0.05,0.08,0,0,1,1,0,0,anomaly
0,tcp,systat,S0,0,0,0,0,0,0,0,0,0,0,0,0,0,0,0,0,0,235,15,1,1,0,0,0.06,0.06,0,255,15,0.06,0.06,0,0,1,1,0,0,anomaly
0,tcp,daytime,RSTO,0,0,0,0,0,0,0,0,0,0,0,0,0,0,0,0,0,104,2,0,0,1,1,0.02,0.08,0,255,2,0.01,0.07,0,0,0,0,1,1,anomaly
0,tcp,klogin,S0,0,0,0,0,0,0,0,0,0,0,0,0,0,0,0,0,0,106,1,1,1,0,0,0.01,0.07,0,255,1,0,0.05,0,0,1,1,0,0,anomaly
0,tcp,private,S0,0,0,0,0,0,0,0,0,0,0,0,0,0,0,0,0,0,199,1,1,1,0,0,0.01,0.07,0,255,1,0,0.09,0,0,1,1,0,0,anomaly
0,tcp,nntp,S0,0,0,0,0,0,0,0,0,0,0,0,0,0,0,0,0,0,290,9,1,1,0,0,0.03,0.06,0,255,10,0.04,0.07,0,0,1,1,0,0,anomaly
0,tcp,private,S0,0,0,0,0,0,0,0,0,0,0,0,0,0,0,0,0,0,126,15,1,1,0,0,0.12,0.06,0,93,8,0.09,0.12,0.01,0,1,1,0,0,anomaly
0,tcp,ftp_data,S0,0,0,0,0,0,0,0,0,0,0,0,0,0,0,0,0,0,4,4,1,1,0,0,1,0,0,255,53,0.21,0.02,0,0,1,1,0,0,anomaly
0,tcp,private,S0,0,0,0,0,0,0,0,0,0,0,0,0,0,0,0,0,0,196,19,1,1,0,0,0.1,0.06,0,255,4,0.02,0.09,0,0,1,1,0,0,anomaly
0,tcp,supdup,RSTR,0,0,0,0,0,0,0,0,0,0,0,0,0,0,0,0,0,1,1,0,0,1,1,1,0,0,193,1,0.01,0.49,0.49,0,0,0,0.49,1,anomaly
0,tcp,efs,S0,0,0,0,0,0,0,0,0,0,0,0,0,0,0,0,0,0,141,19,1,1,0,0,0.13,0.06,0,255,18,0.07,0.06,0,0,1,1,0,0,anomaly
0,tcp,private,S0,0,0,0,0,0,0,0,0,0,0,0,0,0,0,0,0,0,247,14,1,1,0,0,0.06,0.06,0,255,13,0.05,0.08,0,0,1,1,0,0,anomaly
0,tcp,private,S0,0,0,0,0,0,0,0,0,0,0,0,0,0,0,0,0,0,138,6,1,1,0,0,0.04,0.06,0,255,6,0.02,0.07,0,0,1,1,0,0,anomaly
0,icmp,eco_i,SF,8,0,0,0,0,0,0,0,0,0,0,0,0,0,0,0,0,1,18,0,0,0,0,1,0,1,2,72,1,0,1,0.5,0,0,0,0,anomaly
0,tcp,http,RSTR,53776,7300,0,0,0,1,0,1,0,0,0,0,0,0,0,0,0,3,3,0,0,0.67,0.67,1,0,0,70,70,1,0,0.01,0,0,0,0.2,0.2,anomaly
0,tcp,http,S0,0,0,0,0,0,0,0,0,0,0,0,0,0,0,0,0,0,268,10,1,0.9,0,0.1,0.03,0.06,0.2,255,2,0.01,0.07,0,0,1,1,0,0,anomaly
0,tcp,private,REJ,0,0,0,0,0,0,0,0,0,0,0,0,0,0,0,0,0,2,1,0,0,1,1,0.5,1,0,255,1,0,0.31,0.28,0,0,0,0.29,1,anomaly
0,tcp,Z39_50,S0,0,0,0,0,0,0,0,0,0,0,0,0,0,0,0,0,0,262,9,1,1,0,0,0.03,0.06,0,255,9,0.04,0.08,0,0,1,1,0,0,anomaly
0,tcp,hostnames,REJ,0,0,0,0,0,0,0,0,0,0,0,0,0,0,0,0,0,130,4,0,0,1,1,0.03,0.06,0,255,3,0.01,0.06,0,0,0,0,1,1,anomaly
0,tcp,private,S0,0,0,0,0,0,0,0,0,0,0,0,0,0,0,0,0,0,229,3,1,1,0,0,0.01,0.06,0,255,3,0.01,0.05,0,0,1,1,0,0,anomaly
0,tcp,name,S0,0,0,0,0,0,0,0,0,0,0,0,0,0,0,0,0,0,216,16,1,1,0,0,0.07,0.06,0,255,16,0.06,0.07,0,0,1,1,0,0,anomaly
0,tcp,mtp,S0,0,0,0,0,0,0,0,0,0,0,0,0,0,0,0,0,0,235,8,1,1,0,0,0.03,0.06,0,255,8,0.03,0.07,0,0,1,1,0,0,anomaly
0,icmp,eco_i,SF,8,0,0,0,0,0,0,0,0,0,0,0,0,0,0,0,0,1,44,0,0,0,0,1,0,1,1,111,1,0,1,0.51,0,0,0,0,anomaly
0,icmp,ecr_i,SF,520,0,0,0,0,0,0,0,0,0,0,0,0,0,0,0,0,457,457,0,0,0,0,1,0,0,207,207,1,0,1,0,0,0,0,0,anomaly
0,udp,private,SF,28,0,0,3,0,0,0,0,0,0,0,0,0,0,0,0,0,52,52,0,0,0,0,1,0,0,255,152,0.6,0.41,0.6,0,0.09,0,0.32,0,anomaly
0,tcp,name,S0,0,0,0,0,0,0,0,0,0,0,0,0,0,0,0,0,0,298,25,1,1,0,0,0.08,0.05,0,255,25,0.1,0.05,0,0,1,1,0,0,anomaly
0,tcp,vmnet,S0,0,0,0,0,0,0,0,0,0,0,0,0,0,0,0,0,0,261,3,1,1,0,0,0.01,0.05,0,255,3,0.01,0.05,0,0,1,1,0,0,anomaly
0,tcp,telnet,S0,0,0,0,0,0,0,0,0,0,0,0,0,0,0,0,0,0,15,15,1,1,0,0,1,0,0,177,97,0.55,0.01,0.01,0,0.99,0.98,0,0,anomaly
0,tcp,iso_tsap,S0,0,0,0,0,0,0,0,0,0,0,0,0,0,0,0,0,0,268,20,1,1,0,0,0.07,0.06,0,255,20,0.08,0.06,0,0,1,1,0,0,anomaly
0,tcp,telnet,S0,0,0,0,0,0,0,0,0,0,0,0,0,0,0,0,0,0,18,9,1,1,0,0,0.5,0.11,0,255,49,0.19,0.04,0.01,0,1,1,0,0,anomaly
0,tcp,netbios_ns,REJ,0,0,0,0,0,0,0,0,0,0,0,0,0,0,0,0,0,141,6,0,0,1,1,0.04,0.06,0,255,5,0.02,0.08,0,0,0,0,1,1,anomaly
0,tcp,ldap,REJ,0,0,0,0,0,0,0,0,0,0,0,0,0,0,0,0,0,111,3,0,0,1,1,0.03,0.08,0,235,3,0.01,0.07,0,0,0,0,1,1,anomaly
0,tcp,private,REJ,0,0,0,0,0,0,0,0,0,0,0,0,0,0,0,0,0,2,1,0,0,1,1,0.5,1,0,255,1,0,0.31,0.28,0,0,0,0.29,1,anomaly
0,tcp,imap4,S0,0,0,0,0,0,0,0,0,0,0,0,0,0,0,0,0,0,276,10,1,1,0,0,0.04,0.06,0,255,10,0.04,0.08,0,0,1,1,0,0,anomaly
0,tcp,private,S0,0,0,0,0,0,0,0,0,0,0,0,0,0,0,0,0,0,135,7,1,1,0,0,0.05,0.07,0,255,7,0.03,0.06,0,0,1,1,0,0,anomaly
0,tcp,private,S0,0,0,0,0,0,0,0,0,0,0,0,0,0,0,0,0,0,120,8,1,1,0,0,0.07,0.07,0,255,8,0.03,0.07,0,0,1,1,0,0,anomaly
0,icmp,eco_i,SF,18,0,0,0,0,0,0,0,0,0,0,0,0,0,0,0,0,1,1,0,0,0,0,1,0,0,2,130,1,0,1,0.25,0,0,0,0,anomaly
0,tcp,private,S0,0,0,0,0,0,0,0,0,0,0,0,0,0,0,0,0,0,126,6,1,1,0,0,0.05,0.06,0,255,4,0.02,0.06,0,0,1,1,0,0,anomaly
0,tcp,ssh,S0,0,0,0,0,0,0,0,0,0,0,0,0,0,0,0,0,0,108,11,1,1,0,0,0.1,0.05,0,255,11,0.04,0.07,0,0,1,1,0,0,anomaly
0,tcp,private,S0,0,0,0,0,0,0,0,0,0,0,0,0,0,0,0,0,0,272,5,1,1,0,0,0.02,0.06,0,255,1,0,0.09,0,0,1,1,0,0,anomaly
0,tcp,supdup,S0,0,0,0,0,0,0,0,0,0,0,0,0,0,0,0,0,0,200,18,1,1,0,0,0.09,0.07,0,255,18,0.07,0.07,0,0,1,1,0,0,anomaly
0,tcp,discard,S0,0,0,0,0,0,0,0,0,0,0,0,0,0,0,0,0,0,12,4,1,1,0,0,0.33,0.5,0,255,12,0.05,0.09,0,0,1,1,0,0,anomaly
0,tcp,private,S0,0,0,0,0,0,0,0,0,0,0,0,0,0,0,0,0,0,202,14,1,1,0,0,0.07,0.05,0,255,1,0,0.07,0,0,1,1,0,0,anomaly
0,tcp,link,S0,0,0,0,0,0,0,0,0,0,0,0,0,0,0,0,0,0,222,8,1,1,0,0,0.04,0.06,0,255,20,0.08,0.06,0,0,1,1,0,0,anomaly
0,tcp,link,REJ,0,0,0,0,0,0,0,0,0,0,0,0,0,0,0,0,0,255,14,0,0,1,1,0.05,0.07,0,255,14,0.05,0.08,0,0,0,0,1,1,anomaly
0,tcp,bgp,S0,0,0,0,0,0,0,0,0,0,0,0,0,0,0,0,0,0,113,5,1,1,0,0,0.04,0.06,0,255,5,0.02,0.05,0,0,1,1,0,0,anomaly
0,udp,private,SF,215,0,0,0,0,0,0,0,0,0,0,0,0,0,0,0,0,1,1,0,0,0,0,1,0,0,51,43,0.84,0.04,0.84,0,0,0,0,0,anomaly
0,tcp,other,REJ,0,0,0,0,0,0,0,0,0,0,0,0,0,0,0,0,0,510,1,0.2,0,0.8,1,0,1,0,255,1,0,1,0,0,0.11,0,0.89,1,anomaly
0,tcp,login,S0,0,0,0,0,0,0,0,0,0,0,0,0,0,0,0,0,0,146,17,1,1,0,0,0.12,0.06,0,255,17,0.07,0.06,0,0,1,1,0,0,anomaly
0,icmp,eco_i,SF,8,0,0,0,0,0,0,0,0,0,0,0,0,0,0,0,0,1,36,0,0,0,0,1,0,1,1,169,1,0,1,0.25,0,0,0,0,anomaly
0,tcp,telnet,S0,0,0,0,0,0,0,0,0,0,0,0,0,0,0,0,0,0,57,14,1,1,0,0,0.25,0.07,0,219,56,0.26,0.02,0.01,0,0.99,0.96,0,0,anomaly
0,tcp,smtp,S0,0,0,0,0,0,0,0,0,0,0,0,0,0,0,0,0,0,273,8,1,1,0,0,0.03,0.06,0,255,8,0.03,0.08,0,0,1,1,0,0,anomaly
0,tcp,Z39_50,S0,0,0,0,0,0,0,0,0,0,0,0,0,0,0,0,0,0,205,12,1,1,0,0,0.06,0.06,0,255,17,0.07,0.07,0,0,1,1,0,0,anomaly
0,tcp,ftp_data,REJ,0,0,0,0,0,0,0,0,0,0,0,0,0,0,0,0,0,464,10,0.07,0,0.9,1,0.02,0.98,0,255,9,0.04,0.97,0,0,0.08,0,0.91,1,anomaly
0,tcp,login,S0,0,0,0,0,0,0,0,0,0,0,0,0,0,0,0,0,0,110,10,1,1,0,0,0.09,0.07,0,255,13,0.05,0.06,0,0,1,1,0,0,anomaly
1,tcp,private,RSTR,0,0,0,0,0,0,0,0,0,0,0,0,0,0,0,0,0,1,1,0,0,1,1,1,0,0,255,1,0,1,1,0,0,0,1,1,anomaly
0,tcp,http,SF,54540,8314,0,0,0,2,0,1,1,0,0,0,0,0,0,0,0,1,1,0,0,0,0,1,0,0,146,146,1,0,0.01,0,0,0,0.01,0.01,anomaly
13918,tcp,other,RSTR,1,0,0,0,0,0,0,0,0,0,0,0,0,0,0,0,0,2,2,0,0,1,1,1,0,0,255,2,0.01,0.68,1,0,0,0,1,1,anomaly
0,udp,private,SF,28,0,0,3,0,0,0,0,0,0,0,0,0,0,0,0,0,48,48,0,0,0,0,1,0,0,120,48,0.4,0.03,0.4,0,0,0,0,0,anomaly
0,icmp,ecr_i,SF,1032,0,0,0,0,0,0,0,0,0,0,0,0,0,0,0,0,511,511,0,0,0,0,1,0,0,255,186,0.73,0.16,0.73,0,0,0,0,0,anomaly
0,tcp,hostnames,S0,0,0,0,0,0,0,0,0,0,0,0,0,0,0,0,0,0,298,19,1,1,0,0,0.06,0.06,0,255,1,0,0.07,0,0,1,1,0,0,anomaly
0,tcp,private,S0,0,0,0,0,0,0,0,0,0,0,0,0,0,0,0,0,0,107,5,1,1,0,0,0.05,0.08,0,255,5,0.02,0.08,0,0,1,1,0,0,anomaly
0,tcp,discard,RSTO,0,0,0,0,0,0,0,0,0,0,0,0,0,0,0,0,0,261,13,0,0,1,1,0.05,0.07,0,255,13,0.05,0.08,0,0,0,0,1,1,anomaly
0,tcp,private,S0,0,0,0,0,0,0,0,0,0,0,0,0,0,0,0,0,0,165,18,1,1,0,0,0.11,0.07,0,255,18,0.07,0.08,0,0,1,1,0,0,anomaly
0,tcp,efs,S0,0,0,0,0,0,0,0,0,0,0,0,0,0,0,0,0,0,107,19,1,1,0,0,0.18,0.06,0,255,19,0.07,0.06,0,0,1,1,0,0,anomaly
0,tcp,courier,S0,0,0,0,0,0,0,0,0,0,0,0,0,0,0,0,0,0,109,1,1,1,0,0,0.01,0.06,0,255,1,0,0.05,0,0,1,1,0,0,anomaly
0,tcp,private,S0,0,0,0,0,0,0,0,0,0,0,0,0,0,0,0,0,0,206,5,1,1,0,0,0.02,0.06,0,255,17,0.07,0.06,0,0,1,1,0,0,anomaly
0,tcp,csnet_ns,S0,0,0,0,0,0,0,0,0,0,0,0,0,0,0,0,0,0,241,6,1,1,0,0,0.02,0.07,0,255,6,0.02,0.08,0,0,1,1,0,0,anomaly
0,tcp,gopher,REJ,0,0,0,0,0,0,0,0,0,0,0,0,0,0,0,0,0,270,17,0,0,1,1,0.06,0.07,0,255,17,0.07,0.07,0,0,0,0,1,1,anomaly
0,tcp,private,S0,0,0,0,0,0,0,0,0,0,0,0,0,0,0,0,0,0,135,17,1,1,0,0,0.13,0.06,0,255,26,0.1,0.06,0,0,1,1,0,0,anomaly
0,tcp,Z39_50,S0,0,0,0,0,0,0,0,0,0,0,0,0,0,0,0,0,0,102,11,1,1,0,0,0.11,0.05,0,255,11,0.04,0.05,0,0,1,1,0,0,anomaly
0,tcp,ldap,S0,0,0,0,0,0,0,0,0,0,0,0,0,0,0,0,0,0,122,4,1,1,0,0,0.03,0.06,0,255,17,0.07,0.07,0,0,1,1,0,0,anomaly
0,tcp,http,SF,54540,8314,0,0,0,2,0,1,1,0,0,0,0,0,0,0,0,4,5,0,0,0,0.2,1,0,0.4,101,101,1,0,0.01,0,0,0,0.05,0.05,anomaly
0,tcp,smtp,S0,0,0,0,0,0,0,0,0,0,0,0,0,0,0,0,0,0,2,1,1,1,0,0,0.5,1,0,255,1,0,0.08,0,0,1,1,0,0,anomaly
0,tcp,courier,S0,0,0,0,0,0,0,0,0,0,0,0,0,0,0,0,0,0,123,15,1,1,0,0,0.12,0.07,0,255,15,0.06,0.06,0,0,1,1,0,0,anomaly
0,tcp,gopher,S0,0,0,0,0,0,0,0,0,0,0,0,0,0,0,0,0,0,271,1,1,1,0,0,0,0.05,0,255,1,0,0.05,0,0,1,1,0,0,anomaly
0,tcp,echo,S0,0,0,0,0,0,0,0,0,0,0,0,0,0,0,0,0,0,177,15,1,1,0,0,0.08,0.06,0,255,15,0.06,0.06,0,0,1,1,0,0,anomaly
0,icmp,ecr_i,SF,1032,0,0,0,0,0,0,0,0,0,0,0,0,0,0,0,0,296,296,0,0,0,0,1,0,0,255,255,1,0,1,0,0,0,0,0,anomaly
0,tcp,ftp_data,S0,0,0,0,0,0,0,0,0,0,0,0,0,0,0,0,0,0,2,2,1,1,0,0,1,0,0,255,55,0.22,0.04,0,0,1,1,0,0,anomaly
0,tcp,gopher,S0,0,0,0,0,0,0,0,0,0,0,0,0,0,0,0,0,0,235,2,1,1,0,0,0.01,0.07,0,255,2,0.01,0.08,0,0,1,1,0,0,anomaly
0,tcp,private,REJ,0,0,0,0,0,0,0,0,0,0,0,0,0,0,0,0,0,112,18,0,0,1,1,0.16,0.05,0,255,18,0.07,0.06,0,0,0,0,1,1,anomaly
0,tcp,other,S0,0,0,0,0,0,0,0,0,0,0,0,0,0,0,0,0,0,511,1,0.17,1,0.82,0,0,1,0,255,1,0,1,0,0,0.2,1,0.8,0,anomaly
0,tcp,http,SF,54540,8314,0,0,0,2,0,1,1,0,0,0,0,0,0,0,0,5,5,0,0,0,0,1,0,0,243,243,1,0,0,0,0,0,0.05,0.05,anomaly
0,tcp,private,S0,0,0,0,0,0,0,0,0,0,0,0,0,0,0,0,0,0,128,4,1,1,0,0,0.03,0.06,0,255,5,0.02,0.07,0,0,1,1,0,0,anomaly
0,tcp,Z39_50,S0,0,0,0,0,0,0,0,0,0,0,0,0,0,0,0,0,0,201,21,1,1,0,0,0.1,0.05,0,255,21,0.08,0.05,0,0,1,1,0,0,anomaly
0,tcp,discard,S0,0,0,0,0,0,0,0,0,0,0,0,0,0,0,0,0,0,273,18,1,1,0,0,0.07,0.06,0,255,18,0.07,0.08,0.01,0,1,1,0,0,anomaly
0,tcp,private,S0,0,0,0,0,0,0,0,0,0,0,0,0,0,0,0,0,0,103,17,1,1,0,0,0.17,0.07,0,255,16,0.06,0.07,0,0,1,1,0,0,anomaly
0,tcp,daytime,S0,0,0,0,0,0,0,0,0,0,0,0,0,0,0,0,0,0,289,6,1,1,0,0,0.02,0.06,0,255,12,0.05,0.08,0,0,1,1,0,0,anomaly
0,tcp,private,S0,0,0,0,0,0,0,0,0,0,0,0,0,0,0,0,0,0,95,23,1,1,0,0,0.24,0.05,0,255,23,0.09,0.05,0,0,1,1,0,0,anomaly
0,tcp,private,S0,0,0,0,0,0,0,0,0,0,0,0,0,0,0,0,0,0,276,6,1,1,0,0,0.02,0.05,0,255,15,0.06,0.07,0,0,1,1,0,0,anomaly
26848,tcp,private,RSTR,1,0,0,0,0,0,0,0,0,0,0,0,0,0,0,0,0,2,2,0,0,1,1,1,0,0,255,2,0.01,0.74,1,0,0,0,1,1,anomaly
0,tcp,private,S0,0,0,0,0,0,0,0,0,0,0,0,0,0,0,0,0,0,203,2,1,1,0,0,0.01,0.07,0,255,2,0.01,0.06,0,0,1,1,0,0,anomaly
0,tcp,http,S0,0,0,0,0,0,0,0,0,0,0,0,0,0,0,0,0,0,36,14,1,1,0,0,0.39,0.08,0,255,63,0.25,0.02,0.01,0,1,1,0,0,anomaly
0,tcp,private,S0,0,0,0,0,0,0,0,0,0,0,0,0,0,0,0,0,0,108,6,1,1,0,0,0.06,0.06,0,255,1,0,0.07,0,0,1,1,0,0,anomaly
0,tcp,private,S0,0,0,0,0,0,0,0,0,0,0,0,0,0,0,0,0,0,290,12,1,1,0,0,0.04,0.06,0,255,13,0.05,0.07,0,0,1,1,0,0,anomaly
0,icmp,eco_i,SF,18,0,0,0,0,0,0,0,0,0,0,0,0,0,0,0,0,1,1,0,0,0,0,1,0,0,3,51,1,0,1,0.25,0,0,0,0,anomaly
0,tcp,Z39_50,S0,0,0,0,0,0,0,0,0,0,0,0,0,0,0,0,0,0,282,17,1,1,0,0,0.06,0.06,0,255,17,0.07,0.06,0,0,1,1,0,0,anomaly
0,tcp,courier,S0,0,0,0,0,0,0,0,0,0,0,0,0,0,0,0,0,0,126,17,1,1,0,0,0.13,0.06,0,255,17,0.07,0.05,0,0,1,1,0,0,anomaly
0,tcp,telnet,S0,0,0,0,0,0,0,0,0,0,0,0,0,0,0,0,0,0,8,7,0.88,1,0,0,0.88,0.25,0,7,8,1,0,0.14,0.25,1,0.88,0,0,anomaly
0,udp,private,SF,1,0,0,0,0,0,0,0,0,0,0,0,0,0,0,0,0,17,17,0,0,0,0,1,0,0,255,214,0.84,0.02,1,0,0,0,0,0,anomaly
0,tcp,klogin,S0,0,0,0,0,0,0,0,0,0,0,0,0,0,0,0,0,0,138,25,1,1,0,0,0.18,0.05,0,255,25,0.1,0.05,0,0,1,1,0,0,anomaly
0,tcp,private,S0,0,0,0,0,0,0,0,0,0,0,0,0,0,0,0,0,0,249,23,1,1,0,0,0.09,0.05,0,207,23,0.11,0.06,0,0,0.99,1,0,0,anomaly
0,tcp,other,REJ,0,0,0,0,0,0,0,0,0,0,0,0,0,0,0,0,0,511,1,0.14,0,0.86,1,0,1,0,255,1,0,1,0,0,0.04,0,0.96,1,anomaly
0,tcp,private,REJ,0,0,0,0,0,0,0,0,0,0,0,0,0,0,0,0,0,290,19,0,0,1,1,0.07,0.06,0,255,19,0.07,0.07,0,0,0,0,1,1,anomaly
0,tcp,private,S0,0,0,0,0,0,0,0,0,0,0,0,0,0,0,0,0,0,159,2,1,1,0,0,0.01,0.07,0,255,19,0.07,0.07,0,0,1,1,0,0,anomaly
0,tcp,name,S0,0,0,0,0,0,0,0,0,0,0,0,0,0,0,0,0,0,211,3,1,1,0,0,0.01,0.06,0,255,3,0.01,0.07,0,0,1,1,0,0,anomaly
0,tcp,private,S0,0,0,0,0,0,0,0,0,0,0,0,0,0,0,0,0,0,111,3,1,1,0,0,0.03,0.07,0,255,3,0.01,0.09,0,0,1,1,0,0,anomaly
0,icmp,ecr_i,SF,1480,0,0,1,0,0,0,0,0,0,0,0,0,0,0,0,0,11,11,0,0,0,0,1,0,0,95,11,0.12,0.04,0.12,0,0,0,0,0,anomaly
0,udp,private,SF,28,0,0,3,0,0,0,0,0,0,0,0,0,0,0,0,0,182,82,0.55,0,0,0,0.45,0.04,0,255,82,0.32,0.68,0.32,0,0.09,0,0.59,0,anomaly
0,tcp,private,S0,0,0,0,0,0,0,0,0,0,0,0,0,0,0,0,0,0,159,17,1,1,0,0,0.11,0.06,0,255,17,0.07,0.06,0,0,1,1,0,0,anomaly
0,tcp,private,REJ,0,0,0,0,0,0,0,0,0,0,0,0,0,0,0,0,0,1,1,0,0,1,1,1,0,0,46,1,0.02,1,0.02,0,0,0,0.91,1,anomaly
0,tcp,private,S0,0,0,0,0,0,0,0,0,0,0,0,0,0,0,0,0,0,251,2,1,1,0,0,0.01,0.07,0,255,2,0.01,0.09,0,0,1,1,0,0,anomaly
0,tcp,private,REJ,0,0,0,0,0,0,0,0,0,0,0,0,0,0,0,0,0,511,1,0.07,0,0.92,1,0,1,0,255,1,0,1,0,0,0.1,0,0.87,1,anomaly
0,tcp,echo,S0,0,0,0,0,0,0,0,0,0,0,0,0,0,0,0,0,0,240,5,1,1,0,0,0.02,0.06,0,255,5,0.02,0.07,0,0,1,1,0,0,anomaly
0,tcp,efs,S0,0,0,0,0,0,0,0,0,0,0,0,0,0,0,0,0,0,121,4,1,1,0,0,0.03,0.06,0,255,4,0.02,0.07,0,0,1,1,0,0,anomaly
0,tcp,private,S0,0,0,0,0,0,0,0,0,0,0,0,0,0,0,0,0,0,291,4,1,1,0,0,0.01,0.06,0,255,7,0.03,0.07,0,0,1,1,0,0,anomaly
0,tcp,hostnames,S0,0,0,0,0,0,0,0,0,0,0,0,0,0,0,0,0,0,299,20,1,1,0,0,0.07,0.06,0,255,4,0.02,0.08,0,0,1,1,0,0,anomaly
0,tcp,time,S0,0,0,0,0,0,0,0,0,0,0,0,0,0,0,0,0,0,289,4,1,1,0,0,0.01,0.06,0,255,4,0.02,0.06,0,0,1,1,0,0,anomaly
0,tcp,ftp_data,S0,0,0,0,0,0,0,0,0,0,0,0,0,0,0,0,0,0,26,5,1,1,0,0,0.19,0.15,0,255,58,0.23,0.03,0,0,1,1,0,0,anomaly
0,tcp,private,S0,0,0,0,0,0,0,0,0,0,0,0,0,0,0,0,0,0,122,14,1,1,0,0,0.11,0.06,0,255,14,0.05,0.06,0,0,1,1,0,0,anomaly
0,icmp,eco_i,SF,8,0,0,0,0,0,0,0,0,0,0,0,0,0,0,0,0,1,18,0,0,0,0,1,0,1,1,223,1,0,1,0.5,0,0,0,0,anomaly
0,tcp,ftp_data,SF,334,0,0,0,0,0,0,1,0,0,0,0,0,0,0,0,0,1,1,0,0,0,0,1,0,0,1,54,1,0,1,0.13,0,0.02,0,0,anomaly
0,udp,private,SF,215,0,0,0,0,0,0,0,0,0,0,0,0,0,0,0,0,1,1,0,0,0,0,1,0,0,99,83,0.84,0.02,0.84,0,0,0,0,0,anomaly
0,tcp,private,S0,0,0,0,0,0,0,0,0,0,0,0,0,0,0,0,0,0,158,2,1,1,0,0,0.01,0.07,0,255,2,0.01,0.07,0,0,1,1,0,0,anomaly
0,tcp,uucp,S0,0,0,0,0,0,0,0,0,0,0,0,0,0,0,0,0,0,121,12,1,1,0,0,0.1,0.06,0,255,11,0.04,0.07,0,0,1,1,0,0,anomaly
0,tcp,private,REJ,0,0,0,0,0,0,0,0,0,0,0,0,0,0,0,0,0,216,20,0,0,1,1,0.09,0.07,0,255,20,0.08,0.08,0,0,0,0,1,1,anomaly
0,tcp,ldap,S0,0,0,0,0,0,0,0,0,0,0,0,0,0,0,0,0,0,122,4,1,1,0,0,0.03,0.06,0,255,17,0.07,0.07,0,0,1,1,0,0,anomaly
0,tcp,private,S0,0,0,0,0,0,0,0,0,0,0,0,0,0,0,0,0,0,266,18,1,1,0,0,0.07,0.06,0,255,20,0.08,0.07,0,0,1,1,0,0,anomaly
0,tcp,private,S0,0,0,0,0,0,0,0,0,0,0,0,0,0,0,0,0,0,105,5,1,1,0,0,0.05,0.08,0,255,15,0.06,0.08,0,0,1,1,0,0,anomaly
0,tcp,netstat,S0,0,0,0,0,0,0,0,0,0,0,0,0,0,0,0,0,0,239,7,1,1,0,0,0.03,0.06,0,255,8,0.03,0.07,0,0,1,1,0,0,anomaly
0,tcp,Z39_50,S0,0,0,0,0,0,0,0,0,0,0,0,0,0,0,0,0,0,280,16,1,1,0,0,0.06,0.06,0,255,16,0.06,0.08,0,0,1,1,0,0,anomaly
0,tcp,link,S0,0,0,0,0,0,0,0,0,0,0,0,0,0,0,0,0,0,259,1,1,1,0,0,0,0.07,0,255,1,0,0.07,0,0,1,1,0,0,anomaly
0,tcp,private,S0,0,0,0,0,0,0,0,0,0,0,0,0,0,0,0,0,0,133,22,1,1,0,0,0.17,0.05,0,255,4,0.02,0.06,0,0,1,1,0,0,anomaly
0,icmp,ecr_i,SF,520,0,0,0,0,0,0,0,0,0,0,0,0,0,0,0,0,167,167,0,0,0,0,1,0,0,255,255,1,0,1,0,0,0,0,0,anomaly
0,tcp,http,SF,54540,8314,0,0,0,2,0,1,1,0,0,0,0,0,0,0,0,5,4,0,0,0.2,0.25,0.8,0.4,0,74,74,1,0,0.01,0,0,0,0.04,0.04,anomaly
0,tcp,private,S0,0,0,0,0,0,0,0,0,0,0,0,0,0,0,0,0,0,143,20,1,1,0,0,0.14,0.06,0,255,12,0.05,0.07,0,0,1,1,0,0,anomaly
0,tcp,private,REJ,0,0,0,0,0,0,0,0,0,0,0,0,0,0,0,0,0,148,1,0.01,0,0.95,1,0.01,1,0,255,1,0,0.61,0,0,0,0,0.56,1,anomaly
0,tcp,efs,S0,0,0,0,0,0,0,0,0,0,0,0,0,0,0,0,0,0,147,20,1,1,0,0,0.14,0.05,0,255,20,0.08,0.06,0,0,1,1,0,0,anomaly
0,icmp,eco_i,SF,8,0,0,0,0,0,0,0,0,0,0,0,0,0,0,0,0,1,28,0,0,0,0,1,0,1,1,63,1,0,1,0.51,0,0,0,0,anomaly
0,tcp,uucp,S0,0,0,0,0,0,0,0,0,0,0,0,0,0,0,0,0,0,103,2,1,1,0,0,0.02,0.06,0,255,2,0.01,0.05,0,0,1,1,0,0,anomaly
0,tcp,private,S0,0,0,0,0,0,0,0,0,0,0,0,0,0,0,0,0,0,279,13,1,1,0,0,0.05,0.06,0,255,8,0.03,0.09,0,0,1,1,0,0,anomaly
0,tcp,ftp_data,S0,0,0,0,0,0,0,0,0,0,0,0,0,0,0,0,0,0,8,2,1,1,0,0,0.25,0.38,0,248,62,0.25,0.02,0,0,1,1,0,0,anomaly
0,tcp,ctf,REJ,0,0,0,0,0,0,0,0,0,0,0,0,0,0,0,0,0,202,1,0,0,1,1,0,0.07,0,255,1,0,0.08,0,0,0,0,1,1,anomaly
0,tcp,private,REJ,0,0,0,0,0,0,0,0,0,0,0,0,0,0,0,0,0,71,12,0,0,1,1,0.17,0.08,0,255,12,0.05,0.07,0,0,0,0,1,1,anomaly
0,tcp,private,REJ,0,0,0,0,0,0,0,0,0,0,0,0,0,0,0,0,0,19,1,0,0,0.95,1,0.05,1,0,137,1,0.01,0.24,0.01,0,0,0,0.15,1,anomaly
0,icmp,eco_i,SF,8,0,0,0,0,0,0,0,0,0,0,0,0,0,0,0,0,1,23,0,0,0,0,1,0,1,1,63,1,0,1,0.51,0,0,0,0,anomaly
0,icmp,ecr_i,SF,520,0,0,0,0,0,0,0,0,0,0,0,0,0,0,0,0,441,441,0,0,0,0,1,0,0,191,191,1,0,1,0,0,0,0,0,anomaly
0,tcp,http,SF,54540,8314,0,0,0,2,0,1,1,0,0,0,0,0,0,0,0,2,2,0,0,0,0,1,0,0,167,167,1,0,0.01,0,0,0,0.01,0.01,anomaly
0,tcp,private,S0,0,0,0,0,0,0,0,0,0,0,0,0,0,0,0,0,0,151,20,0.99,1,0,0,0.13,0.06,0,255,20,0.08,0.06,0,0,1,1,0,0,anomaly
0,tcp,sql_net,S0,0,0,0,0,0,0,0,0,0,0,0,0,0,0,0,0,0,91,18,1,1,0,0,0.2,0.07,0,255,3,0.01,0.07,0,0,1,1,0,0,anomaly
931,tcp,other,RSTR,1,0,0,0,0,0,0,0,0,0,0,0,0,0,0,0,0,2,2,0,0,1,1,1,0,0,255,2,0.01,0.73,1,0,0,0,1,1,anomaly
0,tcp,ftp,S0,0,0,0,0,0,0,0,0,0,0,0,0,0,0,0,0,0,275,12,1,1,0,0,0.04,0.06,0,255,12,0.05,0.07,0,0,1,1,0,0,anomaly
0,tcp,netbios_dgm,S0,0,0,0,0,0,0,0,0,0,0,0,0,0,0,0,0,0,241,19,1,1,0,0,0.08,0.05,0,255,19,0.07,0.07,0,0,1,1,0,0,anomaly
0,tcp,sql_net,S0,0,0,0,0,0,0,0,0,0,0,0,0,0,0,0,0,0,113,12,1,1,0,0,0.11,0.07,0,255,12,0.05,0.07,0,0,1,1,0,0,anomaly
0,tcp,private,S0,0,0,0,0,0,0,0,0,0,0,0,0,0,0,0,0,0,131,11,1,1,0,0,0.08,0.07,0,255,9,0.04,0.05,0,0,1,1,0,0,anomaly
0,tcp,private,S0,0,0,0,0,0,0,0,0,0,0,0,0,0,0,0,0,0,198,20,1,1,0,0,0.1,0.06,0,255,2,0.01,0.07,0,0,1,1,0,0,anomaly
42862,tcp,private,RSTR,1,0,0,0,0,0,0,0,0,0,0,0,0,0,0,0,0,2,2,0,0,1,1,1,0,0,126,2,0.02,0.05,0.05,0,0,0,0.05,1,anomaly
0,tcp,auth,S0,0,0,0,0,0,0,0,0,0,0,0,0,0,0,0,0,0,234,6,1,1,0,0,0.03,0.06,0,255,7,0.03,0.07,0,0,1,1,0,0,anomaly
0,tcp,private,S0,0,0,0,0,0,0,0,0,0,0,0,0,0,0,0,0,0,142,15,0.99,1,0,0,0.11,0.06,0,255,5,0.02,0.06,0,0,1,1,0,0,anomaly
0,icmp,ecr_i,SF,1032,0,0,0,0,0,0,0,0,0,0,0,0,0,0,0,0,220,220,0,0,0,0,1,0,0,255,255,1,0,1,0,0,0,0,0,anomaly
0,icmp,ecr_i,SF,1032,0,0,0,0,0,0,0,0,0,0,0,0,0,0,0,0,53,53,0,0,0,0,1,0,0,171,77,0.45,0.04,0.45,0,0.01,0,0.37,0,anomaly
0,tcp,uucp_path,REJ,0,0,0,0,0,0,0,0,0,0,0,0,0,0,0,0,0,139,9,0,0,1,1,0.06,0.07,0,255,9,0.04,0.07,0,0,0,0,1,1,anomaly
0,tcp,hostnames,S0,0,0,0,0,0,0,0,0,0,0,0,0,0,0,0,0,0,292,23,1,1,0,0,0.08,0.05,0,255,23,0.09,0.05,0,0,1,1,0,0,anomaly
0,tcp,ftp_data,S0,0,0,0,0,0,0,0,0,0,0,0,0,0,0,0,0,0,6,1,1,1,0,0,0.17,0.5,0,255,61,0.24,0.02,0,0,1,1,0,0,anomaly
0,tcp,bgp,REJ,0,0,0,0,0,0,0,0,0,0,0,0,0,0,0,0,0,104,3,0,0,1,1,0.03,0.07,0,255,3,0.01,0.08,0,0,0,0,1,1,anomaly
0,tcp,klogin,S0,0,0,0,0,0,0,0,0,0,0,0,0,0,0,0,0,0,23,18,1,1,0,0,0.78,0.09,0,255,18,0.07,0.06,0,0,1,1,0,0,anomaly
0,tcp,ftp_data,REJ,0,0,0,0,0,0,0,0,0,0,0,0,0,0,0,0,0,1,1,0,0,1,1,1,0,0,1,104,1,0,1,0.03,0,0,1,0.02,anomaly
0,tcp,private,S0,0,0,0,0,0,0,0,0,0,0,0,0,0,0,0,0,0,140,18,1,1,0,0,0.13,0.06,0,255,16,0.06,0.07,0,0,1,1,0,0,anomaly
0,tcp,private,S0,0,0,0,0,0,0,0,0,0,0,0,0,0,0,0,0,0,280,5,1,1,0,0,0.02,0.06,0,255,16,0.06,0.06,0,0,1,1,0,0,anomaly
0,tcp,Z39_50,S0,0,0,0,0,0,0,0,0,0,0,0,0,0,0,0,0,0,230,9,1,1,0,0,0.04,0.06,0,255,12,0.05,0.08,0,0,1,1,0,0,anomaly
0,tcp,private,S0,0,0,0,0,0,0,0,0,0,0,0,0,0,0,0,0,0,198,19,0.99,1,0,0,0.1,0.06,0,255,2,0.01,0.06,0,0,1,1,0,0,anomaly
0,tcp,private,S0,0,0,0,0,0,0,0,0,0,0,0,0,0,0,0,0,0,105,10,0.99,1,0,0,0.1,0.07,0,255,16,0.06,0.07,0,0,1,1,0,0,anomaly
0,tcp,private,S0,0,0,0,0,0,0,0,0,0,0,0,0,0,0,0,0,0,229,14,1,1,0,0,0.06,0.07,0,255,1,0,0.08,0,0,1,1,0,0,anomaly
0,tcp,name,S0,0,0,0,0,0,0,0,0,0,0,0,0,0,0,0,0,0,247,4,1,1,0,0,0.02,0.06,0,255,5,0.02,0.06,0,0,1,1,0,0,anomaly
0,udp,private,SF,1,0,0,0,0,0,0,0,0,0,0,0,0,0,0,0,0,21,19,0,0,0,0,0.9,0.14,0,255,19,0.07,0.74,0.3,0,0.09,0,0.61,0,anomaly
0,tcp,private,S0,0,0,0,0,0,0,0,0,0,0,0,0,0,0,0,0,0,129,17,1,1,0,0,0.13,0.05,0,255,2,0.01,0.09,0,0,1,1,0,0,anomaly
0,tcp,private,S0,0,0,0,0,0,0,0,0,0,0,0,0,0,0,0,0,0,120,9,1,1,0,0,0.08,0.06,0,255,8,0.03,0.09,0,0,1,1,0,0,anomaly
0,tcp,time,RSTR,0,0,0,0,0,0,0,0,0,0,0,0,0,0,0,0,0,1,1,0,0,1,1,1,0,0,85,1,0.01,0.45,0.44,0,0.07,0,0.41,1,anomaly
0,tcp,private,S0,0,0,0,0,0,0,0,0,0,0,0,0,0,0,0,0,0,150,21,1,1,0,0,0.14,0.06,0,255,21,0.08,0.05,0,0,1,1,0,0,anomaly
0,tcp,finger,S0,0,0,0,0,0,0,0,0,0,0,0,0,0,0,0,0,0,30,8,0.93,1,0.07,0,0.27,0.13,0,255,8,0.03,0.06,0.01,0,1,1,0,0,anomaly
0,tcp,nntp,S0,0,0,0,0,0,0,0,0,0,0,0,0,0,0,0,0,0,108,8,1,1,0,0,0.07,0.05,0,255,8,0.03,0.04,0,0,1,1,0,0,anomaly
0,tcp,systat,S0,0,0,0,0,0,0,0,0,0,0,0,0,0,0,0,0,0,106,6,1,1,0,0,0.06,0.06,0,255,6,0.02,0.07,0,0,1,1,0,0,anomaly
0,tcp,private,S0,0,0,0,0,0,0,0,0,0,0,0,0,0,0,0,0,0,210,5,1,1,0,0,0.02,0.05,0,168,5,0.03,0.07,0.01,0,0.99,1,0,0,anomaly
0,tcp,private,REJ,0,0,0,0,0,0,0,0,0,0,0,0,0,0,0,0,0,152,16,0,0,1,1,0.11,0.07,0,255,16,0.06,0.09,0,0,0,0,1,1,anomaly
0,tcp,ftp_data,SF,334,0,0,0,0,0,0,1,0,0,0,0,0,0,0,0,0,2,2,0,0,0,0,1,0,0,6,54,1,0,1,0.09,0,0,0,0,anomaly
0,tcp,sunrpc,S0,0,0,0,0,0,0,0,0,0,0,0,0,0,0,0,0,0,140,15,1,1,0,0,0.11,0.04,0,255,15,0.06,0.05,0,0,1,1,0,0,anomaly
0,tcp,ftp_data,S0,0,0,0,0,0,0,0,0,0,0,0,0,0,0,0,0,0,270,22,1,1,0,0,0.08,0.05,0,255,22,0.09,0.05,0,0,1,1,0,0,anomaly
0,udp,private,SF,1,26,0,0,0,0,0,0,0,0,0,0,0,0,0,0,0,18,5,0,0,0,0,0.28,0.17,0,255,5,0.02,0.85,0.16,0,0.16,0,0.68,0,anomaly
0,tcp,private,S0,0,0,0,0,0,0,0,0,0,0,0,0,0,0,0,0,0,148,17,1,1,0,0,0.11,0.05,0,255,17,0.07,0.06,0,0,1,1,0,0,anomaly
0,icmp,ecr_i,SF,520,0,0,0,0,0,0,0,0,0,0,0,0,0,0,0,0,439,439,0,0,0,0,1,0,0,184,184,1,0,1,0,0,0,0,0,anomaly
0,tcp,private,S0,0,0,0,0,0,0,0,0,0,0,0,0,0,0,0,0,0,125,19,1,1,0,0,0.15,0.06,0,255,17,0.07,0.07,0,0,1,1,0,0,anomaly
0,tcp,private,S0,0,0,0,0,0,0,0,0,0,0,0,0,0,0,0,0,0,272,7,1,1,0,0,0.03,0.06,0,255,7,0.03,0.08,0,0,1,1,0,0,anomaly
0,tcp,iso_tsap,S0,0,0,0,0,0,0,0,0,0,0,0,0,0,0,0,0,0,227,20,1,1,0,0,0.09,0.05,0,255,20,0.08,0.06,0,0,1,1,0,0,anomaly
0,tcp,ftp_data,S0,0,0,0,0,0,0,0,0,0,0,0,0,0,0,0,0,0,215,16,1,1,0,0,0.07,0.07,0,255,15,0.06,0.07,0,0,1,1,0,0,anomaly
0,tcp,klogin,S0,0,0,0,0,0,0,0,0,0,0,0,0,0,0,0,0,0,101,18,1,1,0,0,0.18,0.06,0,255,19,0.07,0.05,0,0,1,1,0,0,anomaly
0,tcp,private,REJ,0,0,0,0,0,0,0,0,0,0,0,0,0,0,0,0,0,111,9,0,0,1,1,0.08,0.07,0,186,9,0.05,0.07,0.01,0,0,0,1,1,anomaly
0,icmp,ecr_i,SF,1480,0,0,1,0,0,0,0,0,0,0,0,0,0,0,0,0,17,17,0,0,0,0,1,0,0,255,19,0.07,0.02,0.07,0,0,0,0,0,anomaly
0,tcp,domain,S0,0,0,0,0,0,0,0,0,0,0,0,0,0,0,0,0,0,241,4,1,1,0,0,0.02,0.07,0,255,4,0.02,0.07,0,0,1,1,0,0,anomaly
0,tcp,uucp,S0,0,0,0,0,0,0,0,0,0,0,0,0,0,0,0,0,0,129,8,1,1,0,0,0.06,0.06,0,255,10,0.04,0.07,0,0,1,1,0,0,anomaly
0,tcp,time,RSTO,0,0,0,0,0,0,0,0,0,0,0,0,0,0,0,0,0,185,11,0,0,1,1,0.06,0.06,0,255,11,0.04,0.07,0,0,0,0,1,1,anomaly
0,tcp,rje,S0,0,0,0,0,0,0,0,0,0,0,0,0,0,0,0,0,0,201,1,1,1,0,0,0,0.06,0,255,1,0,0.07,0,0,1,1,0,0,anomaly
0,tcp,http,RSTR,54540,7300,0,0,0,1,0,1,0,0,0,0,0,0,0,0,0,2,2,0,0,0.5,0.5,1,0,0,255,255,1,0,0,0,0,0,0.05,0.05,anomaly
40142,tcp,nntp,RSTR,1,0,0,0,0,0,0,0,0,0,0,0,0,0,0,0,0,2,2,0,0,1,1,1,0,0,255,2,0.01,0.47,0.93,0,0,0,0.93,1,anomaly
0,tcp,courier,S0,0,0,0,0,0,0,0,0,0,0,0,0,0,0,0,0,0,126,10,1,1,0,0,0.08,0.06,0,255,10,0.04,0.05,0,0,1,1,0,0,anomaly
0,tcp,netstat,REJ,0,0,0,0,0,0,0,0,0,0,0,0,0,0,0,0,0,221,4,0,0,1,1,0.02,0.07,0,255,4,0.02,0.09,0,0,0,0,1,1,anomaly
0,tcp,whois,S0,0,0,0,0,0,0,0,0,0,0,0,0,0,0,0,0,0,262,19,1,1,0,0,0.07,0.06,0,255,19,0.07,0.07,0,0,1,1,0,0,anomaly
0,tcp,private,S0,0,0,0,0,0,0,0,0,0,0,0,0,0,0,0,0,0,84,9,1,1,0,0,0.11,0.07,0,255,4,0.02,0.07,0,0,1,1,0,0,anomaly
0,tcp,echo,RSTO,0,0,0,0,0,0,0,0,0,0,0,0,0,0,0,0,0,259,5,0,0,1,1,0.02,0.07,0,255,5,0.02,0.08,0,0,0,0,1,1,anomaly
0,tcp,whois,REJ,0,0,0,0,0,0,0,0,0,0,0,0,0,0,0,0,0,232,12,0,0,1,1,0.05,0.06,0,255,12,0.05,0.07,0,0,0,0,1,1,anomaly
0,tcp,http,S0,0,0,0,0,0,0,0,0,0,0,0,0,0,0,0,0,0,49,18,1,1,0,0,0.37,0.08,0,255,58,0.23,0.02,0.01,0,1,1,0,0,anomaly
0,tcp,private,S0,0,0,0,0,0,0,0,0,0,0,0,0,0,0,0,0,0,292,3,1,1,0,0,0.01,0.06,0,255,4,0.02,0.07,0,0,1,1,0,0,anomaly
0,tcp,name,S0,0,0,0,0,0,0,0,0,0,0,0,0,0,0,0,0,0,280,5,1,1,0,0,0.02,0.06,0,255,5,0.02,0.06,0,0,1,1,0,0,anomaly
0,tcp,other,REJ,0,0,0,0,0,0,0,0,0,0,0,0,0,0,0,0,0,511,1,0.25,0,0.75,1,0,1,0,255,1,0,1,0,0,0.23,0,0.77,1,anomaly
0,tcp,ftp_data,S0,0,0,0,0,0,0,0,0,0,0,0,0,0,0,0,0,0,57,14,1,1,0,0,0.25,0.07,0,255,54,0.21,0.03,0.01,0,1,1,0,0,anomaly
0,tcp,netbios_dgm,REJ,0,0,0,0,0,0,0,0,0,0,0,0,0,0,0,0,0,242,16,0,0,1,1,0.07,0.07,0,255,16,0.06,0.07,0,0,0,0,1,1,anomaly
0,tcp,nnsp,S0,0,0,0,0,0,0,0,0,0,0,0,0,0,0,0,0,0,276,5,1,1,0,0,0.02,0.05,0,255,5,0.02,0.05,0,0,1,1,0,0,anomaly
0,tcp,private,S0,0,0,0,0,0,0,0,0,0,0,0,0,0,0,0,0,0,259,6,1,1,0,0,0.02,0.06,0,255,7,0.03,0.08,0,0,1,1,0,0,anomaly
0,tcp,private,S0,0,0,0,0,0,0,0,0,0,0,0,0,0,0,0,0,0,222,12,1,1,0,0,0.05,0.06,0,255,11,0.04,0.07,0,0,1,1,0,0,anomaly
0,tcp,other,REJ,0,0,0,0,0,0,0,0,0,0,0,0,0,0,0,0,0,511,1,0.16,0,0.82,1,0,1,0,255,1,0,1,0,0,0.2,0,0.8,1,anomaly
0,tcp,private,S0,0,0,0,0,0,0,0,0,0,0,0,0,0,0,0,0,0,231,13,1,1,0,0,0.06,0.06,0,255,19,0.07,0.08,0,0,1,1,0,0,anomaly
0,icmp,eco_i,SF,8,0,0,0,0,0,0,0,0,0,0,0,0,0,0,0,0,1,27,0,0,0,0,1,0,1,2,255,1,0,1,0.5,0,0,0,0,anomaly
0,tcp,private,REJ,0,0,0,0,0,0,0,0,0,0,0,0,0,0,0,0,0,144,14,0,0,1,1,0.1,0.06,0,255,5,0.02,0.08,0,0,0,0,1,1,anomaly
0,tcp,nnsp,S0,0,0,0,0,0,0,0,0,0,0,0,0,0,0,0,0,0,135,17,1,1,0,0,0.13,0.05,0,255,13,0.05,0.07,0,0,1,1,0,0,anomaly
0,tcp,private,S0,0,0,0,0,0,0,0,0,0,0,0,0,0,0,0,0,0,130,4,1,1,0,0,0.03,0.06,0,255,4,0.02,0.05,0,0,1,1,0,0,anomaly
0,tcp,private,S0,0,0,0,0,0,0,0,0,0,0,0,0,0,0,0,0,0,229,11,1,1,0,0,0.05,0.06,0,255,12,0.05,0.07,0,0,1,1,0,0,anomaly
0,tcp,private,S0,0,0,0,0,0,0,0,0,0,0,0,0,0,0,0,0,0,212,18,1,1,0,0,0.08,0.07,0,255,19,0.07,0.07,0,0,1,1,0,0,anomaly
0,tcp,shell,S0,0,0,0,0,0,0,0,0,0,0,0,0,0,0,0,0,0,129,22,1,1,0,0,0.17,0.05,0,255,22,0.09,0.05,0,0,1,1,0,0,anomaly
0,tcp,private,S0,0,0,0,0,0,0,0,0,0,0,0,0,0,0,0,0,0,246,22,1,1,0,0,0.09,0.04,0,204,22,0.11,0.06,0,0,0.99,1,0,0,anomaly
0,tcp,private,S0,0,0,0,0,0,0,0,0,0,0,0,0,0,0,0,0,0,79,24,1,1,0,0,0.3,0.06,0,255,24,0.09,0.05,0,0,1,1,0,0,anomaly
0,tcp,private,S0,0,0,0,0,0,0,0,0,0,0,0,0,0,0,0,0,0,199,1,1,1,0,0,0.01,0.07,0,255,1,0,0.09,0,0,1,1,0,0,anomaly
0,tcp,daytime,S0,0,0,0,0,0,0,0,0,0,0,0,0,0,0,0,0,0,244,1,1,1,0,0,0,0.06,0,255,12,0.05,0.06,0,0,1,1,0,0,anomaly
0,tcp,http_443,S0,0,0,0,0,0,0,0,0,0,0,0,0,0,0,0,0,0,125,2,1,1,0,0,0.02,0.07,0,255,2,0.01,0.07,0,0,1,1,0,0,anomaly
0,icmp,eco_i,SF,8,0,0,0,0,0,0,0,0,0,0,0,0,0,0,0,0,1,1,0,0,0,0,1,0,0,7,5,0.71,0.43,0.71,0,0,0,0,0,anomaly
0,tcp,gopher,S0,0,0,0,0,0,0,0,0,0,0,0,0,0,0,0,0,0,235,2,1,1,0,0,0.01,0.07,0,255,2,0.01,0.08,0,0,1,1,0,0,anomaly
0,tcp,private,S0,0,0,0,0,0,0,0,0,0,0,0,0,0,0,0,0,0,143,20,1,1,0,0,0.14,0.05,0,255,12,0.05,0.05,0,0,1,1,0,0,anomaly
0,tcp,http,SF,54540,8314,0,0,0,2,0,1,1,0,0,0,0,0,0,0,0,1,1,0,0,0,0,1,0,0,255,255,1,0,0,0,0.01,0.01,0.03,0.03,anomaly
0,tcp,private,REJ,0,0,0,0,0,0,0,0,0,0,0,0,0,0,0,0,0,137,8,0,0,1,1,0.06,0.07,0,255,5,0.02,0.07,0,0,0,0,1,1,anomaly
0,tcp,sql_net,S0,0,0,0,0,0,0,0,0,0,0,0,0,0,0,0,0,0,183,13,1,1,0,0,0.07,0.07,0,255,13,0.05,0.08,0,0,1,1,0,0,anomaly
0,tcp,private,S0,0,0,0,0,0,0,0,0,0,0,0,0,0,0,0,0,0,101,11,1,1,0,0,0.11,0.06,0,255,20,0.08,0.06,0,0,1,1,0,0,anomaly
0,tcp,ftp_data,S0,0,0,0,0,0,0,0,0,0,0,0,0,0,0,0,0,0,69,17,1,1,0,0,0.25,0.06,0,255,72,0.28,0.02,0,0,1,1,0,0,anomaly
3,tcp,private,REJ,0,0,0,0,0,0,0,0,0,0,0,0,0,0,0,0,0,223,1,0.04,0,0.93,1,0,1,0,255,1,0,0.9,0,0,0.04,0,0.83,1,anomaly
0,tcp,name,S0,0,0,0,0,0,0,0,0,0,0,0,0,0,0,0,0,0,286,21,1,1,0,0,0.07,0.05,0,255,21,0.08,0.05,0,0,1,1,0,0,anomaly
0,tcp,hostnames,S0,0,0,0,0,0,0,0,0,0,0,0,0,0,0,0,0,0,214,12,1,1,0,0,0.06,0.06,0,255,3,0.01,0.07,0,0,1,1,0,0,anomaly
0,tcp,sql_net,S0,0,0,0,0,0,0,0,0,0,0,0,0,0,0,0,0,0,273,7,1,1,0,0,0.03,0.06,0,255,7,0.03,0.08,0,0,1,1,0,0,anomaly
0,icmp,ecr_i,SF,1032,0,0,0,0,0,0,0,0,0,0,0,0,0,0,0,0,21,21,0,0,0,0,1,0,0,255,255,1,0,1,0,0,0,0,0,anomaly
0,tcp,nnsp,S0,0,0,0,0,0,0,0,0,0,0,0,0,0,0,0,0,0,127,15,1,1,0,0,0.12,0.06,0,255,6,0.02,0.07,0,0,1,1,0,0,anomaly
0,tcp,private,RSTR,0,0,0,0,0,0,0,0,0,0,0,0,0,0,0,0,0,1,1,0,0,1,1,1,0,0,191,1,0.01,0.49,0.49,0,0,0,0.48,1,anomaly
0,tcp,private,S0,0,0,0,0,0,0,0,0,0,0,0,0,0,0,0,0,0,81,19,1,1,0,0,0.23,0.06,0,255,10,0.04,0.06,0,0,1,1,0,0,anomaly
0,tcp,whois,S0,0,0,0,0,0,0,0,0,0,0,0,0,0,0,0,0,0,207,7,1,1,0,0,0.03,0.06,0,255,7,0.03,0.07,0,0,1,1,0,0,anomaly
0,udp,private,SF,28,0,0,3,0,0,0,0,0,0,0,0,0,0,0,0,0,3,3,0,0,0,0,1,0,0,206,3,0.01,0.05,0.01,0,0.02,0,0,0,anomaly
0,tcp,private,S0,0,0,0,0,0,0,0,0,0,0,0,0,0,0,0,0,0,266,17,1,1,0,0,0.06,0.06,0,255,12,0.05,0.06,0,0,1,1,0,0,anomaly
0,tcp,uucp,S0,0,0,0,0,0,0,0,0,0,0,0,0,0,0,0,0,0,139,13,1,1,0,0,0.09,0.06,0,255,13,0.05,0.07,0,0,1,1,0,0,anomaly
0,udp,private,SF,28,0,0,3,0,0,0,0,0,0,0,0,0,0,0,0,0,42,42,0,0,0,0,1,0,0,245,42,0.17,0.04,0.17,0,0.02,0,0,0,anomaly
0,tcp,telnet,S0,0,0,0,0,0,0,0,0,0,0,0,0,0,0,0,0,0,12,12,1,1,0,0,1,0,0,94,54,0.57,0.02,0.01,0,0.98,0.96,0,0,anomaly
0,udp,private,SF,215,0,0,0,0,0,0,0,0,0,0,0,0,0,0,0,0,1,1,0,0,0,0,1,0,0,213,181,0.85,0.01,0.85,0,0,0,0,0,anomaly
0,tcp,private,S0,0,0,0,0,0,0,0,0,0,0,0,0,0,0,0,0,0,143,4,1,1,0,0,0.03,0.06,0,255,2,0.01,0.06,0,0,1,1,0,0,anomaly
0,tcp,ctf,S0,0,0,0,0,0,0,0,0,0,0,0,0,0,0,0,0,0,276,14,1,1,0,0,0.05,0.07,0,255,14,0.05,0.09,0,0,1,1,0,0,anomaly
0,tcp,private,S0,0,0,0,0,0,0,0,0,0,0,0,0,0,0,0,0,0,243,20,1,1,0,0,0.08,0.07,0,255,20,0.08,0.07,0,0,1,1,0,0,anomaly
31301,tcp,private,RSTR,1,0,0,0,0,0,0,0,0,0,0,0,0,0,0,0,0,2,2,0,0,1,1,1,0,0,255,2,0.01,0.82,1,0,0,0,1,1,anomaly
0,tcp,klogin,S0,0,0,0,0,0,0,0,0,0,0,0,0,0,0,0,0,0,6,2,1,1,0,0,0.33,0.33,0,255,7,0.03,0.07,0,0,1,1,0,0,anomaly
0,icmp,eco_i,SF,8,0,0,0,0,0,0,0,0,0,0,0,0,0,0,0,0,1,39,0,0,0,0,1,0,1,1,141,1,0,1,0.5,0,0,0,0,anomaly
0,icmp,eco_i,SF,8,0,0,0,0,0,0,0,0,0,0,0,0,0,0,0,0,1,11,0,0,0,0,1,0,1,2,218,1,0,1,0.5,0,0,0,0,anomaly
0,tcp,telnet,S0,0,0,0,0,0,0,0,0,0,0,0,0,0,0,0,0,0,9,2,1,1,0,0,0.22,0.44,0,171,45,0.26,0.02,0.01,0.04,0.99,0.93,0,0,anomaly
0,icmp,eco_i,SF,18,0,0,0,0,0,0,0,0,0,0,0,0,0,0,0,0,1,1,0,0,0,0,1,0,0,1,206,1,0,1,1,0,0,0,0,anomaly
0,tcp,private,S0,0,0,0,0,0,0,0,0,0,0,0,0,0,0,0,0,0,26,4,1,1,0,0,0.15,0.19,0,255,13,0.05,0.09,0,0,1,1,0,0,anomaly
0,icmp,eco_i,SF,8,0,0,0,0,0,0,0,0,0,0,0,0,0,0,0,0,1,12,0,0,0,0,1,0,1,1,47,1,0,1,0.51,0,0,0,0,anomaly
0,tcp,sunrpc,S0,0,0,0,0,0,0,0,0,0,0,0,0,0,0,0,0,0,126,10,1,1,0,0,0.08,0.06,0,255,6,0.02,0.07,0,0,1,1,0,0,anomaly
0,tcp,private,S0,0,0,0,0,0,0,0,0,0,0,0,0,0,0,0,0,0,102,16,1,1,0,0,0.16,0.06,0,255,20,0.08,0.07,0,0,1,1,0,0,anomaly
0,tcp,private,S0,0,0,0,0,0,0,0,0,0,0,0,0,0,0,0,0,0,116,7,1,1,0,0,0.06,0.06,0,255,28,0.11,0.07,0,0,1,1,0,0,anomaly
1,tcp,ftp,SF,1213,2449,0,0,0,28,0,1,0,0,0,0,0,0,0,0,1,1,1,0,0,0,0,1,0,0,255,132,0.52,0.02,0,0,0,0,0,0,anomaly
4,tcp,private,RSTR,0,0,0,0,0,0,0,0,0,0,0,0,0,0,0,0,0,2,2,0,0,1,1,1,0,0,255,2,0.01,0.02,0.01,0,0,0,0.84,1,anomaly
0,tcp,private,REJ,0,0,0,0,0,0,0,0,0,0,0,0,0,0,0,0,0,140,15,0,0,1,1,0.11,0.07,0,255,15,0.06,0.08,0,0,0,0,1,1,anomaly
0,tcp,ldap,REJ,0,0,0,0,0,0,0,0,0,0,0,0,0,0,0,0,0,277,10,0,0,1,1,0.04,0.06,0,255,10,0.04,0.07,0,0,0,0,1,1,anomaly
0,tcp,telnet,S0,0,0,0,0,0,0,0,0,0,0,0,0,0,0,0,0,0,26,6,1,1,0,0,0.23,0.08,0,48,10,0.17,0.06,0.06,0.2,0.96,0.6,0,0,anomaly
0,tcp,ftp_data,SF,334,0,0,0,0,0,0,1,0,0,0,0,0,0,0,0,0,1,1,0,0,0,0,1,0,0,11,11,1,0,1,0,0,0,0,0,anomaly
0,udp,private,SF,28,0,0,3,0,0,0,0,0,0,0,0,0,0,0,0,0,13,13,0,0,0,0,1,0,0,255,13,0.05,0.01,0.05,0,0,0,0,0,anomaly
0,tcp,telnet,S0,0,0,0,0,0,0,0,0,0,0,0,0,0,0,0,0,0,10,9,0.9,1,0,0,0.9,0.2,0,9,10,1,0,0.11,0.2,1,0.9,0,0,anomaly
4309,tcp,other,RSTR,1,0,0,0,0,0,0,0,0,0,0,0,0,0,0,0,0,2,2,0,0,1,1,1,0,0,255,2,0.01,0.74,1,0,0,0,1,1,anomaly
0,tcp,private,S0,0,0,0,0,0,0,0,0,0,0,0,0,0,0,0,0,0,208,2,1,1,0,0,0.01,0.07,0,255,19,0.07,0.07,0,0,1,1,0,0,anomaly
0,tcp,private,S0,0,0,0,0,0,0,0,0,0,0,0,0,0,0,0,0,0,229,14,1,1,0,0,0.06,0.07,0,255,1,0,0.08,0,0,1,1,0,0,anomaly
0,tcp,ftp_data,S0,0,0,0,0,0,0,0,0,0,0,0,0,0,0,0,0,0,26,5,1,1,0,0,0.19,0.15,0,255,58,0.23,0.03,0,0,1,1,0,0,anomaly
0,tcp,courier,S0,0,0,0,0,0,0,0,0,0,0,0,0,0,0,0,0,0,121,4,1,1,0,0,0.03,0.07,0,255,4,0.02,0.08,0,0,1,1,0,0,anomaly
0,tcp,imap4,REJ,0,0,0,0,0,0,0,0,0,0,0,0,0,0,0,0,0,128,9,0,0,1,1,0.07,0.06,0,255,9,0.04,0.08,0,0,0,0,1,1,anomaly
0,tcp,private,S0,0,0,0,0,0,0,0,0,0,0,0,0,0,0,0,0,0,133,16,1,1,0,0,0.12,0.05,0,255,35,0.14,0.05,0,0,1,1,0,0,anomaly
0,icmp,eco_i,SF,8,0,0,0,0,0,0,0,0,0,0,0,0,0,0,0,0,1,21,0,0,0,0,1,0,1,1,255,1,0,1,0.5,0,0,0,0,anomaly
0,tcp,nntp,S0,0,0,0,0,0,0,0,0,0,0,0,0,0,0,0,0,0,194,4,1,1,0,0,0.02,0.07,0,255,4,0.02,0.08,0,0,1,1,0,0,anomaly
0,tcp,private,S0,0,0,0,0,0,0,0,0,0,0,0,0,0,0,0,0,0,280,12,1,1,0,0,0.04,0.05,0,255,9,0.04,0.07,0,0,1,1,0,0,anomaly
0,tcp,ftp_data,REJ,0,0,0,0,0,0,0,0,0,0,0,0,0,0,0,0,0,242,6,0,0,1,1,0.02,0.07,0,255,6,0.02,0.07,0,0,0,0,1,1,anomaly
0,tcp,ftp_data,SF,246,0,0,0,0,0,0,1,0,0,0,0,0,0,0,0,0,1,1,0,0,0,0,1,0,0,8,43,1,0,1,0.14,0,0.02,0,0,anomaly
0,tcp,hostnames,S0,0,0,0,0,0,0,0,0,0,0,0,0,0,0,0,0,0,287,14,1,1,0,0,0.05,0.06,0,255,9,0.04,0.08,0,0,1,1,0,0,anomaly
0,tcp,private,S0,0,0,0,0,0,0,0,0,0,0,0,0,0,0,0,0,0,299,14,1,1,0,0,0.05,0.05,0,255,7,0.03,0.08,0,0,1,1,0,0,anomaly
0,tcp,private,RSTR,0,0,0,0,0,0,0,0,0,0,0,0,0,0,0,0,0,1,1,0,0,1,1,1,0,0,255,1,0,0.49,0.49,0,0,0,0.49,1,anomaly
0,tcp,courier,S0,0,0,0,0,0,0,0,0,0,0,0,0,0,0,0,0,0,127,6,1,1,0,0,0.05,0.06,0,255,6,0.02,0.06,0,0,1,1,0,0,anomaly
0,tcp,private,S0,0,0,0,0,0,0,0,0,0,0,0,0,0,0,0,0,0,128,8,1,1,0,0,0.06,0.06,0,76,8,0.11,0.09,0.01,0,1,1,0,0,anomaly
0,icmp,ecr_i,SF,1480,0,0,1,0,0,0,0,0,0,0,0,0,0,0,0,0,2,4,0,0,0,0,1,0,0.5,2,151,1,0,1,0.12,0,0,0,0,anomaly
0,tcp,private,S0,0,0,0,0,0,0,0,0,0,0,0,0,0,0,0,0,0,234,19,1,1,0,0,0.08,0.06,0,255,4,0.02,0.07,0,0,1,1,0,0,anomaly
0,tcp,efs,S0,0,0,0,0,0,0,0,0,0,0,0,0,0,0,0,0,0,146,9,1,1,0,0,0.06,0.05,0,255,9,0.04,0.06,0,0,1,1,0,0,anomaly
0,tcp,auth,S0,0,0,0,0,0,0,0,0,0,0,0,0,0,0,0,0,0,265,11,1,1,0,0,0.04,0.06,0,255,11,0.04,0.07,0,0,1,1,0,0,anomaly
0,tcp,private,REJ,0,0,0,0,0,0,0,0,0,0,0,0,0,0,0,0,0,138,13,0,0,1,1,0.09,0.07,0,255,13,0.05,0.08,0,0,0,0,1,1,anomaly
0,tcp,smtp,RSTO,0,0,0,0,0,0,0,0,0,0,0,0,0,0,0,0,0,205,3,0,0,1,1,0.01,0.07,0,255,3,0.01,0.07,0,0,0,0,1,1,anomaly
0,tcp,ctf,S0,0,0,0,0,0,0,0,0,0,0,0,0,0,0,0,0,0,278,5,1,1,0,0,0.02,0.06,0,255,5,0.02,0.07,0,0,1,1,0,0,anomaly
0,tcp,nntp,S0,0,0,0,0,0,0,0,0,0,0,0,0,0,0,0,0,0,231,23,1,1,0,0,0.1,0.05,0,255,23,0.09,0.06,0,0,1,1,0,0,anomaly
0,tcp,private,S0,0,0,0,0,0,0,0,0,0,0,0,0,0,0,0,0,0,135,1,1,1,0,0,0.01,0.07,0,255,5,0.02,0.06,0,0,1,1,0,0,anomaly
0,tcp,ftp_data,S0,0,0,0,0,0,0,0,0,0,0,0,0,0,0,0,0,0,206,15,1,1,0,0,0.07,0.06,0,255,15,0.06,0.06,0,0,1,1,0,0,anomaly
0,tcp,systat,S0,0,0,0,0,0,0,0,0,0,0,0,0,0,0,0,0,0,116,13,1,1,0,0,0.11,0.05,0,255,13,0.05,0.07,0,0,1,1,0,0,anomaly
0,icmp,ecr_i,SF,1032,0,0,0,0,0,0,0,0,0,0,0,0,0,0,0,0,511,511,0,0,0,0,1,0,0,255,191,0.75,0.02,0.75,0,0,0,0.19,0,anomaly
0,tcp,finger,S0,0,0,0,0,0,0,0,0,0,0,0,0,0,0,0,0,0,214,20,1,1,0,0,0.09,0.07,0,255,20,0.08,0.07,0,0,1,1,0,0,anomaly
0,tcp,private,REJ,0,0,0,0,0,0,0,0,0,0,0,0,0,0,0,0,0,27,11,0,0,1,1,0.41,0.11,0,255,31,0.12,0.05,0,0,0,0,1,1,anomaly
0,tcp,ctf,S0,0,0,0,0,0,0,0,0,0,0,0,0,0,0,0,0,0,231,5,1,1,0,0,0.02,0.06,0,255,5,0.02,0.08,0,0,1,1,0,0,anomaly
0,tcp,klogin,S0,0,0,0,0,0,0,0,0,0,0,0,0,0,0,0,0,0,144,9,1,1,0,0,0.06,0.06,0,255,9,0.04,0.06,0,0,1,1,0,0,anomaly
0,tcp,gopher,S0,0,0,0,0,0,0,0,0,0,0,0,0,0,0,0,0,0,268,25,1,1,0,0,0.09,0.05,0,255,25,0.1,0.05,0,0,1,1,0,0,anomaly
0,icmp,eco_i,SF,8,0,0,0,0,0,0,0,0,0,0,0,0,0,0,0,0,1,52,0,0,0,0,1,0,1,2,10,1,0,1,0.5,0,0,0,0,anomaly
0,tcp,domain,S0,0,0,0,0,0,0,0,0,0,0,0,0,0,0,0,0,0,216,1,1,1,0,0,0,0.07,0,255,1,0,0.09,0,0,1,1,0,0,anomaly
26070,tcp,private,RSTR,1,0,0,0,0,0,0,0,0,0,0,0,0,0,0,0,0,2,2,0,0,1,1,1,0,0,255,2,0.01,0.71,1,0,0,0,1,1,anomaly
0,tcp,private,REJ,0,0,0,0,0,0,0,0,0,0,0,0,0,0,0,0,0,78,1,0.01,0,0.92,1,0.01,1,0,255,1,0,0.33,0,0,0,0,0.29,1,anomaly
0,tcp,telnet,S0,0,0,0,0,0,0,0,0,0,0,0,0,0,0,0,0,0,20,20,1,1,0,0,1,0,0,22,22,1,0,0.05,0,0.91,0.91,0,0,anomaly
0,tcp,other,REJ,0,0,0,0,0,0,0,0,0,0,0,0,0,0,0,0,0,406,1,0.07,0,0.9,1,0,1,0,255,1,0,1,0,0,0.08,0,0.91,1,anomaly
0,tcp,http,SF,54540,8314,0,0,0,2,0,1,1,0,0,0,0,0,0,0,0,3,3,0,0,0,0,1,0,0,24,24,1,0,0.04,0,0,0,0.04,0.04,anomaly
0,tcp,mtp,REJ,0,0,0,0,0,0,0,0,0,0,0,0,0,0,0,0,0,287,16,0,0,1,1,0.06,0.06,0,255,16,0.06,0.07,0,0,0,0,1,1,anomaly
0,tcp,hostnames,S0,0,0,0,0,0,0,0,0,0,0,0,0,0,0,0,0,0,214,12,1,1,0,0,0.06,0.06,0,255,3,0.01,0.07,0,0,1,1,0,0,anomaly
0,tcp,private,S0,0,0,0,0,0,0,0,0,0,0,0,0,0,0,0,0,0,111,5,1,1,0,0,0.05,0.07,0,109,5,0.05,0.09,0.01,0,1,1,0,0,anomaly
0,udp,private,SF,28,0,0,3,0,0,0,0,0,0,0,0,0,0,0,0,0,104,4,0.96,0,0,0,0.04,0.07,0,255,4,0.02,0.99,0.02,0,0.09,0,0.9,0,anomaly
0,tcp,private,S0,0,0,0,0,0,0,0,0,0,0,0,0,0,0,0,0,0,262,8,1,1,0,0,0.03,0.05,0,255,13,0.05,0.07,0,0,1,1,0,0,anomaly
0,tcp,private,S0,0,0,0,0,0,0,0,0,0,0,0,0,0,0,0,0,0,284,14,1,1,0,0,0.05,0.06,0,255,16,0.06,0.08,0,0,1,1,0,0,anomaly
0,icmp,eco_i,SF,8,0,0,0,0,0,0,0,0,0,0,0,0,0,0,0,0,1,36,0,0,0,0,1,0,1,4,80,1,0,1,0.25,0,0,0,0,anomaly
0,icmp,eco_i,SF,8,0,0,0,0,0,0,0,0,0,0,0,0,0,0,0,0,1,31,0,0,0,0,1,0,1,2,129,1,0,1,0.5,0,0,0,0,anomaly
0,tcp,private,S0,0,0,0,0,0,0,0,0,0,0,0,0,0,0,0,0,0,26,13,1,1,0,0,0.5,0.12,0,255,13,0.05,0.08,0,0,1,1,0,0,anomaly
0,tcp,private,S0,0,0,0,0,0,0,0,0,0,0,0,0,0,0,0,0,0,12,3,1,1,0,0,0.25,0.25,0,255,3,0.01,0.07,0,0,1,1,0,0,anomaly
0,tcp,Z39_50,REJ,0,0,0,0,0,0,0,0,0,0,0,0,0,0,0,0,0,220,2,0,0,1,1,0.01,0.07,0,255,2,0.01,0.07,0,0,0,0,1,1,anomaly
0,tcp,login,S0,0,0,0,0,0,0,0,0,0,0,0,0,0,0,0,0,0,1,1,1,1,0,0,1,0,0,255,1,0,0.07,0,0,1,1,0,0,anomaly
0,tcp,systat,S0,0,0,0,0,0,0,0,0,0,0,0,0,0,0,0,0,0,116,13,1,1,0,0,0.11,0.05,0,255,13,0.05,0.07,0,0,1,1,0,0,anomaly
0,tcp,private,S0,0,0,0,0,0,0,0,0,0,0,0,0,0,0,0,0,0,119,12,1,1,0,0,0.1,0.06,0,255,17,0.07,0.06,0,0,1,1,0,0,anomaly
0,icmp,ecr_i,SF,1032,0,0,0,0,0,0,0,0,0,0,0,0,0,0,0,0,511,511,0,0,0,0,1,0,0,255,166,0.65,0.02,0.65,0,0,0,0,0,anomaly
0,tcp,private,S0,0,0,0,0,0,0,0,0,0,0,0,0,0,0,0,0,0,133,4,1,1,0,0,0.03,0.07,0,255,5,0.02,0.06,0,0,1,1,0,0,anomaly
6,tcp,gopher,SF,0,0,0,0,0,0,0,0,0,0,0,0,0,0,0,0,0,1,1,0,0,0,0,1,0,0,51,2,0.02,1,0.02,1,0,0,0.92,0.5,anomaly
0,tcp,private,REJ,0,0,0,0,0,0,0,0,0,0,0,0,0,0,0,0,0,408,1,0.06,0,0.93,1,0,1,0,255,1,0,1,0,0,0.09,0,0.91,1,anomaly
0,tcp,courier,REJ,0,0,0,0,0,0,0,0,0,0,0,0,0,0,0,0,0,113,11,0,0,1,1,0.1,0.07,0,255,11,0.04,0.06,0,0,0,0,1,1,anomaly
0,tcp,telnet,S0,0,0,0,0,0,0,0,0,0,0,0,0,0,0,0,0,0,240,1,1,1,0,0,0,0.05,0,255,1,0,0.06,0,0,1,1,0,0,anomaly
0,icmp,ecr_i,SF,1032,0,0,0,0,0,0,0,0,0,0,0,0,0,0,0,0,78,78,0,0,0,0,1,0,0,255,255,1,0,1,0,0,0,0,0,anomaly
0,tcp,uucp_path,S0,0,0,0,0,0,0,0,0,0,0,0,0,0,0,0,0,0,231,16,1,1,0,0,0.07,0.06,0,255,16,0.06,0.07,0,0,1,1,0,0,anomaly
0,tcp,private,S0,0,0,0,0,0,0,0,0,0,0,0,0,0,0,0,0,0,178,1,1,1,0,0,0.01,0.06,0,255,19,0.07,0.06,0,0,1,1,0,0,anomaly
0,icmp,eco_i,SF,8,0,0,0,0,0,0,0,0,0,0,0,0,0,0,0,0,1,11,0,0,0,0,1,0,1,2,255,1,0,1,0.5,0,0,0,0,anomaly
0,icmp,eco_i,SF,8,0,0,0,0,0,0,0,0,0,0,0,0,0,0,0,0,1,49,0,0,0,0,1,0,1,2,62,1,0,1,0.52,0,0,0,0,anomaly
0,tcp,printer,S0,0,0,0,0,0,0,0,0,0,0,0,0,0,0,0,0,0,146,25,1,1,0,0,0.17,0.05,0,255,25,0.1,0.05,0,0,1,1,0,0,anomaly
0,icmp,eco_i,SF,8,0,0,0,0,0,0,0,0,0,0,0,0,0,0,0,0,1,7,0,0,0,0,1,0,1,2,129,1,0,1,0.5,0,0,0,0,anomaly
0,tcp,http,REJ,0,0,0,0,0,0,0,0,0,0,0,0,0,0,0,0,0,234,1,0,0,1,1,0,0.07,0,255,1,0,0.08,0,0,0,0,1,1,anomaly
0,tcp,auth,REJ,0,0,0,0,0,0,0,0,0,0,0,0,0,0,0,0,0,211,18,0,0,1,1,0.09,0.07,0,255,18,0.07,0.08,0,0,0,0,1,1,anomaly
0,tcp,hostnames,REJ,0,0,0,0,0,0,0,0,0,0,0,0,0,0,0,0,0,258,7,0,0,1,1,0.03,0.07,0,255,7,0.03,0.09,0,0,0,0,1,1,anomaly
0,tcp,ctf,REJ,0,0,0,0,0,0,0,0,0,0,0,0,0,0,0,0,0,275,14,0,0,1,1,0.05,0.06,0,255,14,0.05,0.07,0,0,0,0,1,1,anomaly
0,tcp,echo,RSTO,0,0,0,0,0,0,0,0,0,0,0,0,0,0,0,0,0,257,13,0,0,1,1,0.05,0.07,0,255,13,0.05,0.07,0,0,0,0,1,1,anomaly
0,tcp,whois,S0,0,0,0,0,0,0,0,0,0,0,0,0,0,0,0,0,0,45,2,1,1,0,0,0.04,0.13,0,255,10,0.04,0.08,0,0,1,1,0,0,anomaly
0,icmp,ecr_i,SF,1032,0,0,0,0,0,0,0,0,0,0,0,0,0,0,0,0,511,511,0,0,0,0,1,0,0,255,139,0.55,0.01,0.55,0,0,0,0,0,anomaly
0,tcp,name,S0,0,0,0,0,0,0,0,0,0,0,0,0,0,0,0,0,0,281,24,1,1,0,0,0.09,0.05,0,255,24,0.09,0.05,0,0,1,1,0,0,anomaly
0,tcp,private,REJ,0,0,0,0,0,0,0,0,0,0,0,0,0,0,0,0,0,277,1,0.11,0,0.88,1,0,1,0,255,1,0,1,0,0,0.12,0,0.87,1,anomaly
0,tcp,telnet,S0,0,0,0,0,0,0,0,0,0,0,0,0,0,0,0,0,0,141,2,1,1,0,0,0.01,0.06,0,255,3,0.01,0.06,0,0,1,1,0,0,anomaly
3,tcp,ftp,SF,1233,2449,0,0,0,28,0,1,0,0,0,0,0,0,0,0,1,1,1,0,0,0,0,1,0,0,255,29,0.11,0.02,0,0,0.11,0,0,0,anomaly
0,udp,private,SF,1,0,0,0,0,0,0,0,0,0,0,0,0,0,0,0,0,15,12,0,0,0,0,0.8,0.13,0,255,12,0.05,0.94,0.07,0,0.03,0,0.9,0,anomaly
0,icmp,eco_i,SF,8,0,0,0,0,0,0,0,0,0,0,0,0,0,0,0,0,1,28,0,0,0,0,1,0,1,1,255,1,0,1,0.5,0,0,0,0,anomaly
0,tcp,auth,S0,0,0,0,0,0,0,0,0,0,0,0,0,0,0,0,0,0,274,8,1,1,0,0,0.03,0.06,0,255,8,0.03,0.06,0,0,1,1,0,0,anomaly
0,tcp,private,S0,0,0,0,0,0,0,0,0,0,0,0,0,0,0,0,0,0,204,2,1,1,0,0,0.01,0.07,0,255,16,0.06,0.07,0,0,1,1,0,0,anomaly
0,tcp,uucp_path,SH,0,0,0,0,0,0,0,0,0,0,0,0,0,0,0,0,0,1,1,1,1,0,0,1,0,0,255,1,0,1,1,0,1,1,0,0,anomaly
0,tcp,ftp_data,SF,334,0,0,0,0,0,0,1,0,0,0,0,0,0,0,0,0,1,1,0,0,0,0,1,0,0,3,45,1,0,1,0.16,0,0,0,0,anomaly
0,tcp,whois,S0,0,0,0,0,0,0,0,0,0,0,0,0,0,0,0,0,0,150,10,1,1,0,0,0.07,0.05,0,255,7,0.03,0.07,0,0,1,1,0,0,anomaly
0,tcp,private,S0,0,0,0,0,0,0,0,0,0,0,0,0,0,0,0,0,0,122,20,1,1,0,0,0.16,0.06,0,255,1,0,0.07,0,0,1,1,0,0,anomaly
0,tcp,finger,S0,0,0,0,0,0,0,0,0,0,0,0,0,0,0,0,0,0,33,14,1,1,0,0,0.42,0.06,0,255,14,0.05,0.07,0.01,0,1,1,0,0,anomaly
0,tcp,private,S0,0,0,0,0,0,0,0,0,0,0,0,0,0,0,0,0,0,193,12,1,1,0,0,0.06,0.07,0,255,12,0.05,0.06,0,0,1,1,0,0,anomaly
0,tcp,courier,S0,0,0,0,0,0,0,0,0,0,0,0,0,0,0,0,0,0,149,19,1,1,0,0,0.13,0.05,0,255,19,0.07,0.06,0,0,1,1,0,0,anomaly
0,tcp,domain,REJ,0,0,0,0,0,0,0,0,0,0,0,0,0,0,0,0,0,241,8,0,0,1,1,0.03,0.07,0,255,8,0.03,0.07,0,0,0,0,1,1,anomaly
0,tcp,name,S0,0,0,0,0,0,0,0,0,0,0,0,0,0,0,0,0,0,246,3,1,1,0,0,0.01,0.06,0,255,4,0.02,0.07,0,0,1,1,0,0,anomaly
0,icmp,ecr_i,SF,1032,0,0,0,0,0,0,0,0,0,0,0,0,0,0,0,0,218,218,0,0,0,0,1,0,0,255,218,0.85,0.01,0.85,0,0,0,0,0,anomaly
0,tcp,http,S0,0,0,0,0,0,0,0,0,0,0,0,0,0,0,0,0,0,283,23,1,1,0,0,0.08,0.05,0,255,23,0.09,0.05,0,0,1,1,0,0,anomaly
0,tcp,private,REJ,0,0,0,0,0,0,0,0,0,0,0,0,0,0,0,0,0,65,14,0,0,1,1,0.22,0.06,0,255,14,0.05,0.06,0,0,0,0,1,1,anomaly
0,tcp,uucp,S0,0,0,0,0,0,0,0,0,0,0,0,0,0,0,0,0,0,131,7,1,1,0,0,0.05,0.06,0,255,7,0.03,0.07,0,0,1,1,0,0,anomaly
0,icmp,eco_i,SF,8,0,0,0,0,0,0,0,0,0,0,0,0,0,0,0,0,1,21,0,0,0,0,1,0,1,2,60,1,0,1,0.5,0,0,0,0,anomaly
0,tcp,http,REJ,0,0,0,0,0,0,0,0,0,0,0,0,0,0,0,0,0,250,2,0,0,1,1,0.01,0.07,0,255,2,0.01,0.07,0,0,0,0,1,1,anomaly
4,tcp,ftp_data,SF,832,0,0,0,0,0,0,1,0,0,0,0,0,0,0,0,0,1,1,0,0,0,0,1,0,0,3,15,1,0,1,0.27,0,0,0,0,anomaly
0,tcp,Z39_50,S0,0,0,0,0,0,0,0,0,0,0,0,0,0,0,0,0,0,200,14,1,1,0,0,0.07,0.06,0,255,13,0.05,0.07,0,0,1,1,0,0,anomaly
0,tcp,ctf,S0,0,0,0,0,0,0,0,0,0,0,0,0,0,0,0,0,0,266,9,1,1,0,0,0.03,0.06,0,255,9,0.04,0.07,0,0,1,1,0,0,anomaly
0,tcp,uucp,S0,0,0,0,0,0,0,0,0,0,0,0,0,0,0,0,0,0,118,8,1,1,0,0,0.07,0.06,0,255,8,0.03,0.05,0,0,1,1,0,0,anomaly
0,tcp,Z39_50,S0,0,0,0,0,0,0,0,0,0,0,0,0,0,0,0,0,0,221,9,1,1,0,0,0.04,0.08,0,255,9,0.04,0.09,0,0,1,1,0,0,anomaly
0,tcp,private,S0,0,0,0,0,0,0,0,0,0,0,0,0,0,0,0,0,0,238,4,1,1,0,0,0.02,0.06,0,255,4,0.02,0.09,0,0,1,1,0,0,anomaly
0,tcp,auth,S0,0,0,0,0,0,0,0,0,0,0,0,0,0,0,0,0,0,234,3,1,1,0,0,0.01,0.06,0,255,19,0.07,0.06,0,0,1,1,0,0,anomaly
0,tcp,bgp,S0,0,0,0,0,0,0,0,0,0,0,0,0,0,0,0,0,0,265,9,1,1,0,0,0.03,0.06,0,255,9,0.04,0.06,0,0,1,1,0,0,anomaly
0,tcp,private,S0,0,0,0,0,0,0,0,0,0,0,0,0,0,0,0,0,0,149,18,1,1,0,0,0.12,0.05,0,66,2,0.03,0.15,0.02,0,1,1,0,0,anomaly
0,icmp,ecr_i,SF,8,0,0,0,0,0,0,0,0,0,0,0,0,0,0,0,0,1,1,0,0,0,0,1,0,0,4,4,1,0,1,0,0,0,0,0,anomaly
0,icmp,eco_i,SF,8,0,0,0,0,0,0,0,0,0,0,0,0,0,0,0,0,1,7,0,0,0,0,1,0,1,1,17,1,0,1,0.53,0,0,0,0,anomaly
0,tcp,private,S0,0,0,0,0,0,0,0,0,0,0,0,0,0,0,0,0,0,102,7,1,1,0,0,0.07,0.06,0,255,15,0.06,0.06,0,0,1,1,0,0,anomaly
0,udp,private,SF,1,0,0,0,0,0,0,0,0,0,0,0,0,0,0,0,0,8,1,0,0,0,0,0.12,0.38,0,255,1,0,0.5,0.65,0,0,0,0.35,0,anomaly
0,tcp,ftp_data,SF,334,0,0,0,0,0,0,1,0,0,0,0,0,0,0,0,0,1,1,0,0,0,0,1,0,0,1,13,1,0,1,0.31,0,0,0,0,anomaly
0,tcp,private,S0,0,0,0,0,0,0,0,0,0,0,0,0,0,0,0,0,0,189,6,1,1,0,0,0.03,0.06,0,255,6,0.02,0.05,0,0,1,1,0,0,anomaly
0,tcp,private,S0,0,0,0,0,0,0,0,0,0,0,0,0,0,0,0,0,0,143,20,1,1,0,0,0.14,0.06,0,255,16,0.06,0.06,0,0,1,1,0,0,anomaly
0,tcp,finger,S0,0,0,0,0,0,0,0,0,0,0,0,0,0,0,0,0,0,74,20,1,1,0,0,0.27,0.05,0,255,58,0.23,0.04,0,0,1,1,0,0,anomaly
0,tcp,private,S0,0,0,0,0,0,0,0,0,0,0,0,0,0,0,0,0,0,133,12,1,1,0,0,0.09,0.06,0,255,12,0.05,0.04,0,0,1,1,0,0,anomaly
0,tcp,private,REJ,0,0,0,0,0,0,0,0,0,0,0,0,0,0,0,0,0,197,1,0.1,0,0.89,1,0.01,1,0,255,1,0,0.89,0,0,0.07,0,0.7,1,anomaly
0,tcp,private,REJ,0,0,0,0,0,0,0,0,0,0,0,0,0,0,0,0,0,289,17,0,0,1,1,0.06,0.06,0,255,17,0.07,0.09,0,0,0,0,1,1,anomaly
0,tcp,ftp_data,S0,0,0,0,0,0,0,0,0,0,0,0,0,0,0,0,0,0,6,6,1,1,0,0,1,0,0,255,57,0.22,0.04,0,0,1,1,0,0,anomaly
0,tcp,ldap,S0,0,0,0,0,0,0,0,0,0,0,0,0,0,0,0,0,0,135,17,1,1,0,0,0.13,0.05,0,255,5,0.02,0.07,0,0,1,1,0,0,anomaly
0,tcp,private,S0,0,0,0,0,0,0,0,0,0,0,0,0,0,0,0,0,0,135,13,1,1,0,0,0.1,0.07,0,255,8,0.03,0.06,0,0,1,1,0,0,anomaly
0,icmp,eco_i,SF,8,0,0,0,0,0,0,0,0,0,0,0,0,0,0,0,0,1,17,0,0,0,0,1,0,1,3,80,1,0,1,0.26,0,0,0,0,anomaly
0,tcp,imap4,S0,0,0,0,0,0,0,0,0,0,0,0,0,0,0,0,0,0,149,16,1,1,0,0,0.11,0.05,0,255,4,0.02,0.08,0,0,1,1,0,0,anomaly
0,tcp,name,S0,0,0,0,0,0,0,0,0,0,0,0,0,0,0,0,0,0,247,4,1,1,0,0,0.02,0.06,0,255,5,0.02,0.06,0,0,1,1,0,0,anomaly
0,tcp,http,S0,0,0,0,0,0,0,0,0,0,0,0,0,0,0,0,0,0,7,3,1,1,0,0,0.43,0.43,0,247,63,0.26,0.02,0,0,1,1,0,0,anomaly
32038,tcp,private,RSTR,1,0,0,0,0,0,0,0,0,0,0,0,0,0,0,0,0,2,2,0,0,1,1,1,0,0,255,2,0.01,0.82,1,0,0,0,1,1,anomaly
0,tcp,netbios_ns,S0,0,0,0,0,0,0,0,0,0,0,0,0,0,0,0,0,0,16,9,1,1,0,0,0.56,0.19,0,255,9,0.04,0.07,0,0,1,1,0,0,anomaly
0,tcp,private,REJ,0,0,0,0,0,0,0,0,0,0,0,0,0,0,0,0,0,471,1,0.06,0,0.93,1,0,1,0,255,1,0,1,0,0,0.1,0,0.9,1,anomaly
0,tcp,ftp_data,S0,0,0,0,0,0,0,0,0,0,0,0,0,0,0,0,0,0,54,13,1,1,0,0,0.24,0.07,0,255,48,0.19,0.04,0.01,0,1,1,0,0,anomaly
0,tcp,iso_tsap,S0,0,0,0,0,0,0,0,0,0,0,0,0,0,0,0,0,0,223,10,1,1,0,0,0.04,0.07,0,255,6,0.02,0.09,0,0,1,1,0,0,anomaly
0,tcp,name,S0,0,0,0,0,0,0,0,0,0,0,0,0,0,0,0,0,0,216,16,1,1,0,0,0.07,0.06,0,255,16,0.06,0.07,0,0,1,1,0,0,anomaly
0,icmp,eco_i,SF,8,0,0,0,0,0,0,0,0,0,0,0,0,0,0,0,0,1,23,0,0,0,0,1,0,1,4,112,1,0,1,0.25,0,0,0,0,anomaly
0,tcp,domain,S0,0,0,0,0,0,0,0,0,0,0,0,0,0,0,0,0,0,17,6,1,1,0,0,0.35,0.29,0,255,6,0.02,0.08,0,0,1,1,0,0,anomaly
0,tcp,private,S0,0,0,0,0,0,0,0,0,0,0,0,0,0,0,0,0,0,216,9,1,1,0,0,0.04,0.05,0,76,9,0.12,0.11,0.01,0,0.97,1,0,0,anomaly
0,tcp,kshell,S0,0,0,0,0,0,0,0,0,0,0,0,0,0,0,0,0,0,91,4,1,1,0,0,0.04,0.09,0,255,4,0.02,0.07,0,0,1,1,0,0,anomaly
0,icmp,ecr_i,SF,1032,0,0,0,0,0,0,0,0,0,0,0,0,0,0,0,0,240,240,0,0,0,0,1,0,0,255,255,1,0,1,0,0,0,0,0,anomaly
0,tcp,gopher,S0,0,0,0,0,0,0,0,0,0,0,0,0,0,0,0,0,0,182,8,1,1,0,0,0.04,0.06,0,255,8,0.03,0.05,0,0,1,1,0,0,anomaly
0,tcp,ftp,S0,0,0,0,0,0,0,0,0,0,0,0,0,0,0,0,0,0,46,6,1,1,0,0,0.13,0.11,0,255,13,0.05,0.07,0,0,1,1,0,0,anomaly
0,tcp,netbios_ns,S0,0,0,0,0,0,0,0,0,0,0,0,0,0,0,0,0,0,298,5,1,1,0,0,0.02,0.06,0,255,1,0,0.07,0,0,1,1,0,0,anomaly
0,tcp,http,S0,0,0,0,0,0,0,0,0,0,0,0,0,0,0,0,0,0,3,3,1,1,0,0,1,0,0,255,64,0.25,0.02,0,0,1,1,0,0,anomaly
0,tcp,telnet,S0,0,0,0,0,0,0,0,0,0,0,0,0,0,0,0,0,0,74,20,1,1,0,0,0.27,0.05,0,255,72,0.28,0.02,0,0,1,1,0,0,anomaly
0,tcp,private,S0,0,0,0,0,0,0,0,0,0,0,0,0,0,0,0,0,0,121,16,1,1,0,0,0.13,0.07,0,24,16,0.67,0.17,0.04,0,1,1,0,0,anomaly
0,tcp,finger,S0,0,0,0,0,0,0,0,0,0,0,0,0,0,0,0,0,0,24,8,1,1,0,0,0.33,0.17,0,255,36,0.14,0.05,0,0,1,1,0,0,anomaly
0,tcp,nntp,RSTO,0,0,0,0,0,0,0,0,0,0,0,0,0,0,0,0,0,180,9,0,0,1,1,0.05,0.07,0,255,9,0.04,0.07,0,0,0,0,1,1,anomaly
0,icmp,ecr_i,SF,1032,0,0,0,0,0,0,0,0,0,0,0,0,0,0,0,0,511,511,0,0,0,0,1,0,0,255,223,0.87,0.08,0.87,0,0,0,0,0,anomaly
0,icmp,ecr_i,SF,520,0,0,0,0,0,0,0,0,0,0,0,0,0,0,0,0,406,406,0,0,0,0,1,0,0,255,255,1,0,1,0,0,0,0,0,anomaly
0,tcp,telnet,S0,0,0,0,0,0,0,0,0,0,0,0,0,0,0,0,0,0,238,17,1,1,0,0,0.07,0.06,0,255,18,0.07,0.07,0,0,1,1,0,0,anomaly
0,icmp,ecr_i,SF,1032,0,0,0,0,0,0,0,0,0,0,0,0,0,0,0,0,43,43,0,0,0,0,1,0,0,255,43,0.17,0.02,0.17,0,0,0,0,0,anomaly
0,tcp,link,S0,0,0,0,0,0,0,0,0,0,0,0,0,0,0,0,0,0,226,19,1,1,0,0,0.08,0.06,0,255,20,0.08,0.08,0,0,1,1,0,0,anomaly
0,tcp,private,REJ,0,0,0,0,0,0,0,0,0,0,0,0,0,0,0,0,0,102,1,0,0,1,1,0.01,0.08,0,255,1,0,0.07,0,0,0,0,1,1,anomaly
0,tcp,private,S0,0,0,0,0,0,0,0,0,0,0,0,0,0,0,0,0,0,134,4,1,1,0,0,0.03,0.07,0,255,17,0.07,0.07,0,0,1,1,0,0,anomaly
21123,tcp,private,RSTR,1,0,0,0,0,0,0,0,0,0,0,0,0,0,0,0,0,2,2,0,0,1,1,1,0,0,255,2,0.01,0.64,1,0,0,0,1,1,anomaly
0,icmp,ecr_i,SF,1032,0,0,0,0,0,0,0,0,0,0,0,0,0,0,0,0,510,510,0,0,0,0,1,0,0,252,107,0.42,0.01,0.42,0,0,0,0,0,anomaly
0,tcp,private,REJ,0,0,0,0,0,0,0,0,0,0,0,0,0,0,0,0,0,208,16,0,0,1,1,0.08,0.07,0,255,16,0.06,0.07,0,0,0,0,1,1,anomaly
0,tcp,private,S0,0,0,0,0,0,0,0,0,0,0,0,0,0,0,0,0,0,128,8,1,1,0,0,0.06,0.06,0,255,4,0.02,0.07,0,0,1,1,0,0,anomaly
0,tcp,http,S0,0,0,0,0,0,0,0,0,0,0,0,0,0,0,0,0,0,290,45,1,0.36,0,0,0.06,0.06,0.07,255,16,0.06,0.08,0,0,1,1,0,0,anomaly
0,tcp,auth,S0,0,0,0,0,0,0,0,0,0,0,0,0,0,0,0,0,0,265,11,1,1,0,0,0.04,0.06,0,255,11,0.04,0.07,0,0,1,1,0,0,anomaly
0,tcp,whois,S0,0,0,0,0,0,0,0,0,0,0,0,0,0,0,0,0,0,251,20,1,1,0,0,0.08,0.06,0,255,20,0.08,0.07,0,0,1,1,0,0,anomaly
0,tcp,private,S0,0,0,0,0,0,0,0,0,0,0,0,0,0,0,0,0,0,217,13,1,1,0,0,0.06,0.07,0,255,14,0.05,0.07,0,0,1,1,0,0,anomaly
0,tcp,http,SF,54540,8314,0,0,0,2,0,1,1,0,0,0,0,0,0,0,0,4,6,0,0,0.25,0.5,1,0,0.5,197,197,1,0,0.01,0,0,0,0.06,0.06,anomaly
0,tcp,Z39_50,S0,0,0,0,0,0,0,0,0,0,0,0,0,0,0,0,0,0,283,18,1,1,0,0,0.06,0.06,0,255,18,0.07,0.06,0,0,1,1,0,0,anomaly
0,tcp,ldap,S0,0,0,0,0,0,0,0,0,0,0,0,0,0,0,0,0,0,246,12,1,1,0,0,0.05,0.06,0,255,12,0.05,0.06,0,0,1,1,0,0,anomaly
0,tcp,gopher,S0,0,0,0,0,0,0,0,0,0,0,0,0,0,0,0,0,0,242,3,1,1,0,0,0.01,0.07,0,255,3,0.01,0.07,0,0,1,1,0,0,anomaly
0,tcp,whois,S0,0,0,0,0,0,0,0,0,0,0,0,0,0,0,0,0,0,102,12,1,1,0,0,0.12,0.06,0,255,8,0.03,0.07,0,0,1,1,0,0,anomaly
0,tcp,private,S0,0,0,0,0,0,0,0,0,0,0,0,0,0,0,0,0,0,212,2,1,1,0,0,0.01,0.07,0,255,2,0.01,0.05,0,0,1,1,0,0,anomaly
1,tcp,private,RSTR,0,0,0,0,0,0,0,0,0,0,0,0,0,0,0,0,0,304,2,0,0,1,1,0.01,0.5,0,255,2,0.01,0.5,1,0,0,0,1,1,anomaly
0,tcp,private,REJ,0,0,0,0,0,0,0,0,0,0,0,0,0,0,0,0,0,121,20,0,0,1,1,0.17,0.07,0,255,20,0.08,0.06,0,0,0,0,1,1,anomaly
0,tcp,uucp,S0,0,0,0,0,0,0,0,0,0,0,0,0,0,0,0,0,0,128,18,1,1,0,0,0.14,0.05,0,255,18,0.07,0.05,0,0,1,1,0,0,anomaly
0,tcp,private,S0,0,0,0,0,0,0,0,0,0,0,0,0,0,0,0,0,0,77,16,1,1,0,0,0.21,0.08,0,255,16,0.06,0.07,0,0,1,1,0,0,anomaly
0,tcp,login,S0,0,0,0,0,0,0,0,0,0,0,0,0,0,0,0,0,0,130,1,1,1,0,0,0.01,0.06,0,255,1,0,0.06,0,0,1,1,0,0,anomaly
0,tcp,ftp_data,S0,0,0,0,0,0,0,0,0,0,0,0,0,0,0,0,0,0,246,18,1,1,0,0,0.07,0.07,0,255,18,0.07,0.07,0,0,1,1,0,0,anomaly
0,tcp,mtp,S0,0,0,0,0,0,0,0,0,0,0,0,0,0,0,0,0,0,221,1,1,1,0,0,0,0.06,0,255,1,0,0.06,0,0,1,1,0,0,anomaly
831,tcp,other,RSTR,1,0,0,0,0,0,0,0,0,0,0,0,0,0,0,0,0,2,2,0,0,1,1,1,0,0,255,2,0.01,0.73,1,0,0,0,1,1,anomaly
0,tcp,private,S0,0,0,0,0,0,0,0,0,0,0,0,0,0,0,0,0,0,120,22,1,1,0,0,0.18,0.06,0,255,22,0.09,0.07,0,0,1,1,0,0,anomaly
0,tcp,sql_net,S0,0,0,0,0,0,0,0,0,0,0,0,0,0,0,0,0,0,121,21,1,1,0,0,0.17,0.05,0,255,21,0.08,0.05,0,0,1,1,0,0,anomaly
0,tcp,private,S0,0,0,0,0,0,0,0,0,0,0,0,0,0,0,0,0,0,219,2,1,1,0,0,0.01,0.06,0,255,13,0.05,0.07,0,0,1,1,0,0,anomaly
0,tcp,uucp_path,REJ,0,0,0,0,0,0,0,0,0,0,0,0,0,0,0,0,0,135,7,0,0,1,1,0.05,0.07,0,255,7,0.03,0.07,0,0,0,0,1,1,anomaly
0,tcp,private,REJ,0,0,0,0,0,0,0,0,0,0,0,0,0,0,0,0,0,1,1,0,0,1,1,1,0,0,255,1,0,0.47,0.44,0,0,0,0.45,1,anomaly
0,tcp,netbios_ns,S0,0,0,0,0,0,0,0,0,0,0,0,0,0,0,0,0,0,92,1,1,1,0,0,0.01,0.07,0,255,1,0,0.05,0,0,1,1,0,0,anomaly
0,tcp,private,S0,0,0,0,0,0,0,0,0,0,0,0,0,0,0,0,0,0,280,3,1,1,0,0,0.01,0.06,0,255,5,0.02,0.08,0,0,1,1,0,0,anomaly
0,tcp,Z39_50,S0,0,0,0,0,0,0,0,0,0,0,0,0,0,0,0,0,0,105,2,1,1,0,0,0.02,0.07,0,255,5,0.02,0.07,0,0,1,1,0,0,anomaly
0,tcp,private,REJ,0,0,0,0,0,0,0,0,0,0,0,0,0,0,0,0,0,206,1,0.06,0,0.88,1,0,1,0,255,1,0,0.82,0,0,0.05,0,0.71,1,anomaly
0,tcp,private,S0,0,0,0,0,0,0,0,0,0,0,0,0,0,0,0,0,0,273,20,1,1,0,0,0.07,0.04,0,255,20,0.08,0.05,0,0,1,1,0,0,anomaly
0,tcp,private,S0,0,0,0,0,0,0,0,0,0,0,0,0,0,0,0,0,0,102,8,1,1,0,0,0.08,0.06,0,255,7,0.03,0.07,0,0,1,1,0,0,anomaly
0,tcp,netbios_ns,REJ,0,0,0,0,0,0,0,0,0,0,0,0,0,0,0,0,0,145,16,0,0,1,1,0.11,0.06,0,255,8,0.03,0.07,0,0,0,0,1,1,anomaly
0,tcp,Z39_50,S0,0,0,0,0,0,0,0,0,0,0,0,0,0,0,0,0,0,257,7,1,1,0,0,0.03,0.06,0,255,14,0.05,0.07,0,0,1,1,0,0,anomaly
0,udp,private,SF,28,0,0,3,0,0,0,0,0,0,0,0,0,0,0,0,0,37,37,0,0,0,0,1,0,0,250,37,0.15,0.65,0.15,0,0.02,0,0.53,0,anomaly
0,tcp,private,S0,0,0,0,0,0,0,0,0,0,0,0,0,0,0,0,0,0,102,12,1,1,0,0,0.12,0.06,0,255,8,0.03,0.06,0,0,1,1,0,0,anomaly
0,tcp,private,REJ,0,0,0,0,0,0,0,0,0,0,0,0,0,0,0,0,0,143,16,0,0,1,1,0.11,0.06,0,255,15,0.06,0.07,0,0,0,0,1,1,anomaly
0,udp,other,SF,1,0,0,0,0,0,0,0,0,0,0,0,0,0,0,0,0,5,2,0,0,0,0,0.4,0.4,0,255,2,0.01,0.23,1,0,0,0,0,0,anomaly
0,udp,private,SF,28,0,0,3,0,0,0,0,0,0,0,0,0,0,0,0,0,48,48,0,0,0,0,1,0,0,255,148,0.58,0.42,0.58,0,0.09,0,0.33,0,anomaly
0,tcp,http_443,S0,0,0,0,0,0,0,0,0,0,0,0,0,0,0,0,0,0,128,20,1,1,0,0,0.16,0.07,0,255,20,0.08,0.07,0,0,1,1,0,0,anomaly
0,tcp,telnet,S0,0,0,0,0,0,0,0,0,0,0,0,0,0,0,0,0,0,18,18,1,1,0,0,1,0,0,100,60,0.6,0.02,0.01,0,0.98,0.97,0,0,anomaly
0,udp,private,SF,1,0,0,0,0,0,0,0,0,0,0,0,0,0,0,0,0,16,2,0,0,0,0,0.12,0.19,0,255,51,0.2,0.32,0.88,0,0,0,0.12,0,anomaly
0,tcp,courier,S0,0,0,0,0,0,0,0,0,0,0,0,0,0,0,0,0,0,126,17,1,1,0,0,0.13,0.06,0,255,17,0.07,0.05,0,0,1,1,0,0,anomaly
0,tcp,login,RSTO,0,0,0,0,0,0,0,0,0,0,0,0,0,0,0,0,0,126,20,0,0,1,1,0.16,0.07,0,255,20,0.08,0.07,0,0,0,0,1,1,anomaly
0,tcp,netstat,S0,0,0,0,0,0,0,0,0,0,0,0,0,0,0,0,0,0,214,16,1,1,0,0,0.07,0.06,0,255,15,0.06,0.07,0,0,1,1,0,0,anomaly
0,tcp,name,S0,0,0,0,0,0,0,0,0,0,0,0,0,0,0,0,0,0,247,4,1,1,0,0,0.02,0.06,0,255,5,0.02,0.06,0,0,1,1,0,0,anomaly
0,tcp,private,S0,0,0,0,0,0,0,0,0,0,0,0,0,0,0,0,0,0,166,7,1,1,0,0,0.04,0.07,0,255,7,0.03,0.06,0,0,1,1,0,0,anomaly
0,tcp,kshell,S0,0,0,0,0,0,0,0,0,0,0,0,0,0,0,0,0,0,131,19,1,1,0,0,0.15,0.06,0,255,19,0.07,0.07,0,0,1,1,0,0,anomaly
0,tcp,http_443,S0,0,0,0,0,0,0,0,0,0,0,0,0,0,0,0,0,0,116,1,1,1,0,0,0.01,0.08,0,255,1,0,0.06,0,0,1,1,0,0,anomaly
0,tcp,ctf,S0,0,0,0,0,0,0,0,0,0,0,0,0,0,0,0,0,0,242,5,1,1,0,0,0.02,0.07,0,255,5,0.02,0.08,0,0,1,1,0,0,anomaly
0,tcp,private,S0,0,0,0,0,0,0,0,0,0,0,0,0,0,0,0,0,0,288,5,1,1,0,0,0.02,0.06,0,255,15,0.06,0.07,0,0,1,1,0,0,anomaly
0,tcp,private,RSTR,0,0,0,0,0,0,0,0,0,0,0,0,0,0,0,0,0,1,1,0,0,1,1,1,0,0,253,1,0,0.35,0.34,0,0,0,0.34,1,anomaly
0,tcp,auth,S0,0,0,0,0,0,0,0,0,0,0,0,0,0,0,0,0,0,230,2,1,1,0,0,0.01,0.06,0,255,3,0.01,0.07,0,0,1,1,0,0,anomaly
0,tcp,time,S0,0,0,0,0,0,0,0,0,0,0,0,0,0,0,0,0,0,4,2,1,1,0,0,0.5,0.75,0,255,8,0.03,0.08,0,0,1,1,0,0,anomaly
0,tcp,private,S0,0,0,0,0,0,0,0,0,0,0,0,0,0,0,0,0,0,148,20,1,1,0,0,0.14,0.05,0,255,3,0.01,0.07,0,0,1,1,0,0,anomaly
0,icmp,ecr_i,SF,520,0,0,0,0,0,0,0,0,0,0,0,0,0,0,0,0,244,244,0,0,0,0,1,0,0,255,255,1,0,1,0,0,0,0,0,anomaly
0,icmp,eco_i,SF,8,0,0,0,0,0,0,0,0,0,0,0,0,0,0,0,0,1,50,0,0,0,0,1,0,1,2,246,1,0,1,0.5,0,0,0,0,anomaly
0,tcp,telnet,S0,0,0,0,0,0,0,0,0,0,0,0,0,0,0,0,0,0,22,2,1,1,0,0,0.09,0.09,0,44,6,0.09,0.07,0.07,0.33,0.95,0.33,0,0,anomaly
0,tcp,telnet,RSTO,126,179,0,0,0,1,1,0,0,0,0,0,0,0,0,0,0,2,2,0,0,1,1,1,0,0,19,19,1,0,0.05,0,0.05,0.05,0.95,0.95,anomaly
0,tcp,private,S0,0,0,0,0,0,0,0,0,0,0,0,0,0,0,0,0,0,252,10,1,1,0,0,0.04,0.05,0,255,10,0.04,0.06,0,0,1,1,0,0,anomaly
0,icmp,ecr_i,SF,520,0,0,0,0,0,0,0,0,0,0,0,0,0,0,0,0,11,11,0,0,0,0,1,0,0,255,255,1,0,1,0,0,0,0,0,anomaly
0,icmp,ecr_i,SF,1032,0,0,0,0,0,0,0,0,0,0,0,0,0,0,0,0,202,202,0,0,0,0,1,0,0,255,255,1,0,1,0,0,0,0,0,anomaly
0,tcp,private,S0,0,0,0,0,0,0,0,0,0,0,0,0,0,0,0,0,0,134,16,1,1,0,0,0.12,0.06,0,38,8,0.21,0.13,0.03,0,1,1,0,0,anomaly
0,tcp,imap4,REJ,0,0,0,0,0,0,0,0,0,0,0,0,0,0,0,0,0,244,18,0,0,1,1,0.07,0.06,0,255,18,0.07,0.07,0,0,0,0,1,1,anomaly
0,tcp,uucp_path,S0,0,0,0,0,0,0,0,0,0,0,0,0,0,0,0,0,0,271,10,1,1,0,0,0.04,0.06,0,255,11,0.04,0.07,0,0,1,1,0,0,anomaly
0,tcp,mtp,REJ,0,0,0,0,0,0,0,0,0,0,0,0,0,0,0,0,0,277,9,0,0,1,1,0.03,0.06,0,255,9,0.04,0.07,0,0,0,0,1,1,anomaly
0,tcp,ctf,S0,0,0,0,0,0,0,0,0,0,0,0,0,0,0,0,0,0,219,20,1,1,0,0,0.09,0.06,0,255,20,0.08,0.07,0,0,1,1,0,0,anomaly
0,tcp,private,S0,0,0,0,0,0,0,0,0,0,0,0,0,0,0,0,0,0,108,24,1,1,0,0,0.22,0.06,0,255,6,0.02,0.06,0,0,1,1,0,0,anomaly
0,tcp,iso_tsap,S0,0,0,0,0,0,0,0,0,0,0,0,0,0,0,0,0,0,255,6,1,1,0,0,0.02,0.05,0,255,6,0.02,0.07,0,0,1,1,0,0,anomaly
0,tcp,private,S0,0,0,0,0,0,0,0,0,0,0,0,0,0,0,0,0,0,113,7,1,1,0,0,0.06,0.07,0,112,7,0.06,0.09,0.01,0,1,1,0,0,anomaly
0,tcp,private,RSTR,0,0,0,0,0,0,0,0,0,0,0,0,0,0,0,0,0,1,1,0,0,1,1,1,0,0,255,1,0,0.23,0.22,0,0,0,0.22,1,anomaly
0,tcp,finger,S0,0,0,0,0,0,0,0,0,0,0,0,0,0,0,0,0,0,26,7,1,1,0,0,0.27,0.15,0,255,27,0.11,0.07,0.01,0,1,1,0,0,anomaly
0,tcp,private,REJ,0,0,0,0,0,0,0,0,0,0,0,0,0,0,0,0,0,121,15,0,0,1,1,0.12,0.07,0,255,15,0.06,0.06,0,0,0,0,1,1,anomaly
0,tcp,klogin,S0,0,0,0,0,0,0,0,0,0,0,0,0,0,0,0,0,0,11,6,1,1,0,0,0.55,0.18,0,255,11,0.04,0.07,0,0,1,1,0,0,anomaly
0,tcp,private,S0,0,0,0,0,0,0,0,0,0,0,0,0,0,0,0,0,0,245,7,1,1,0,0,0.03,0.06,0,255,11,0.04,0.07,0,0,1,1,0,0,anomaly
0,tcp,uucp,S0,0,0,0,0,0,0,0,0,0,0,0,0,0,0,0,0,0,102,2,1,1,0,0,0.02,0.07,0,255,2,0.01,0.06,0,0,1,1,0,0,anomaly
0,tcp,http,SF,54540,8314,0,0,0,2,0,1,1,0,0,0,0,0,0,0,0,3,3,0,0,0,0,1,0,0,90,90,1,0,0.01,0,0.01,0.01,0.01,0.01,anomaly
0,tcp,ftp_data,SF,0,5828,0,0,0,0,0,1,0,0,0,0,0,0,0,0,0,2,2,0,0,0,0,1,0,0,2,2,1,0,1,0,0,0,0,0,anomaly
0,tcp,private,S0,0,0,0,0,0,0,0,0,0,0,0,0,0,0,0,0,0,71,7,1,1,0,0,0.1,0.1,0,255,7,0.03,0.07,0,0,1,1,0,0,anomaly
0,icmp,ecr_i,SF,1032,0,0,0,0,0,0,0,0,0,0,0,0,0,0,0,0,511,511,0,0,0,0,1,0,0,255,171,0.67,0.16,0.67,0,0,0,0,0,anomaly
0,tcp,private,S0,0,0,0,0,0,0,0,0,0,0,0,0,0,0,0,0,0,89,3,1,1,0,0,0.03,0.07,0,255,18,0.07,0.07,0,0,1,1,0,0,anomaly
0,icmp,eco_i,SF,8,0,0,0,0,0,0,0,0,0,0,0,0,0,0,0,0,1,36,0,0,0,0,1,0,1,2,70,1,0,1,0.26,0,0,0,0,anomaly
0,tcp,ctf,S0,0,0,0,0,0,0,0,0,0,0,0,0,0,0,0,0,0,123,15,1,1,0,0,0.12,0.06,0,255,15,0.06,0.05,0,0,1,1,0,0,anomaly
0,tcp,other,REJ,0,0,0,0,0,0,0,0,0,0,0,0,0,0,0,0,0,378,1,0.09,0,0.9,1,0,1,0,255,1,0,1,0,0,0.11,0,0.89,1,anomaly
0,tcp,vmnet,S0,0,0,0,0,0,0,0,0,0,0,0,0,0,0,0,0,0,208,21,1,1,0,0,0.1,0.05,0,255,21,0.08,0.05,0,0,1,1,0,0,anomaly
0,icmp,ecr_i,SF,520,0,0,0,0,0,0,0,0,0,0,0,0,0,0,0,0,468,468,0,0,0,0,1,0,0,18,18,1,0,1,0,0,0,0,0,anomaly
0,tcp,ldap,S0,0,0,0,0,0,0,0,0,0,0,0,0,0,0,0,0,0,133,20,1,1,0,0,0.15,0.06,0,255,20,0.08,0.06,0,0,1,1,0,0,anomaly
0,tcp,private,REJ,0,0,0,0,0,0,0,0,0,0,0,0,0,0,0,0,0,511,1,0.11,0,0.88,1,0,1,0,255,1,0,1,0,0,0.11,0,0.87,1,anomaly
0,tcp,courier,REJ,0,0,0,0,0,0,0,0,0,0,0,0,0,0,0,0,0,113,11,0,0,1,1,0.1,0.07,0,255,11,0.04,0.07,0,0,0,0,1,1,anomaly
0,tcp,supdup,S0,0,0,0,0,0,0,0,0,0,0,0,0,0,0,0,0,0,112,3,1,1,0,0,0.03,0.06,0,255,6,0.02,0.07,0,0,1,1,0,0,anomaly
0,tcp,private,S0,0,0,0,0,0,0,0,0,0,0,0,0,0,0,0,0,0,108,14,1,1,0,0,0.13,0.06,0,255,8,0.03,0.07,0,0,1,1,0,0,anomaly
0,tcp,http,SF,54540,8314,0,0,0,2,0,1,1,0,0,0,0,0,0,0,0,3,3,0,0,0.33,0.33,1,0,0,255,255,1,0,0,0,0,0,0.02,0.02,anomaly
0,tcp,imap4,S0,0,0,0,0,0,0,0,0,0,0,0,0,0,0,0,0,0,191,2,1,1,0,0,0.01,0.06,0,255,2,0.01,0.06,0,0,1,1,0,0,anomaly
0,tcp,private,S0,0,0,0,0,0,0,0,0,0,0,0,0,0,0,0,0,0,129,12,1,1,0,0,0.09,0.06,0,255,9,0.04,0.07,0,0,1,1,0,0,anomaly
0,tcp,ftp_data,S0,0,0,0,0,0,0,0,0,0,0,0,0,0,0,0,0,0,9,3,1,1,0,0,0.33,0.44,0,255,42,0.16,0.05,0.01,0,1,1,0,0,anomaly
0,tcp,systat,S0,0,0,0,0,0,0,0,0,0,0,0,0,0,0,0,0,0,268,19,1,1,0,0,0.07,0.05,0,255,19,0.07,0.05,0,0,1,1,0,0,anomaly
0,tcp,private,S0,0,0,0,0,0,0,0,0,0,0,0,0,0,0,0,0,0,282,6,1,1,0,0,0.02,0.06,0,255,7,0.03,0.06,0,0,1,1,0,0,anomaly
0,tcp,private,S0,0,0,0,0,0,0,0,0,0,0,0,0,0,0,0,0,0,179,3,1,1,0,0,0.02,0.06,0,255,18,0.07,0.07,0,0,1,1,0,0,anomaly
0,tcp,csnet_ns,S0,0,0,0,0,0,0,0,0,0,0,0,0,0,0,0,0,0,236,20,1,1,0,0,0.08,0.06,0,255,20,0.08,0.06,0,0,1,1,0,0,anomaly
0,tcp,supdup,S0,0,0,0,0,0,0,0,0,0,0,0,0,0,0,0,0,0,60,14,1,1,0,0,0.23,0.1,0,255,15,0.06,0.08,0,0,1,1,0,0,anomaly
0,icmp,eco_i,SF,8,0,0,0,0,0,0,0,0,0,0,0,0,0,0,0,0,1,8,0,0,0,0,1,0,1,2,194,1,0,1,0.25,0,0,0,0,anomaly
0,tcp,bgp,S0,0,0,0,0,0,0,0,0,0,0,0,0,0,0,0,0,0,278,20,1,1,0,0,0.07,0.06,0,255,20,0.08,0.08,0,0,1,1,0,0,anomaly
0,tcp,other,REJ,0,0,0,0,0,0,0,0,0,0,0,0,0,0,0,0,0,418,1,0.06,0,0.9,1,0,1,0,255,1,0,1,0,0,0.08,0,0.91,1,anomaly
0,tcp,Z39_50,S0,0,0,0,0,0,0,0,0,0,0,0,0,0,0,0,0,0,284,18,1,1,0,0,0.06,0.06,0,255,18,0.07,0.08,0,0,1,1,0,0,anomaly
0,icmp,eco_i,SF,8,0,0,0,0,0,0,0,0,0,0,0,0,0,0,0,0,1,7,0,0,0,0,1,0,1,1,41,1,0,1,0.27,0,0,0,0,anomaly
5,tcp,pop_3,SF,6,151,0,0,0,0,0,0,0,0,0,0,0,0,0,0,0,511,1,0.07,0,0.91,0,0,1,0,255,1,0,1,0,0,0.07,0,0.9,0,anomaly
0,tcp,daytime,S0,0,0,0,0,0,0,0,0,0,0,0,0,0,0,0,0,0,273,7,1,1,0,0,0.03,0.06,0,255,7,0.03,0.07,0,0,1,1,0,0,anomaly
0,tcp,ftp_data,SF,334,0,0,0,0,0,0,1,0,0,0,0,0,0,0,0,0,1,1,0,0,0,0,1,0,0,6,18,1,0,1,0.22,0,0,0,0,anomaly
0,tcp,rje,REJ,0,0,0,0,0,0,0,0,0,0,0,0,0,0,0,0,0,215,7,0,0,1,1,0.03,0.06,0,255,7,0.03,0.07,0,0,0,0,1,1,anomaly
0,icmp,ecr_i,SF,1032,0,0,0,0,0,0,0,0,0,0,0,0,0,0,0,0,65,65,0,0,0,0,1,0,0,255,255,1,0,1,0,0,0,0,0,anomaly
0,tcp,uucp,S0,0,0,0,0,0,0,0,0,0,0,0,0,0,0,0,0,0,142,16,1,1,0,0,0.11,0.06,0,255,16,0.06,0.07,0,0,1,1,0,0,anomaly
0,tcp,auth,S0,0,0,0,0,0,0,0,0,0,0,0,0,0,0,0,0,0,230,14,1,1,0,0,0.06,0.06,0,255,14,0.05,0.07,0,0,1,1,0,0,anomaly
0,tcp,private,REJ,0,0,0,0,0,0,0,0,0,0,0,0,0,0,0,0,0,1,1,0,0,1,1,1,0,0,20,2,0.05,1,0.05,1,0,0,0.85,1,anomaly
0,tcp,private,S0,0,0,0,0,0,0,0,0,0,0,0,0,0,0,0,0,0,226,16,1,1,0,0,0.07,0.07,0,255,11,0.04,0.07,0,0,1,1,0,0,anomaly
0,tcp,private,S0,0,0,0,0,0,0,0,0,0,0,0,0,0,0,0,0,0,115,11,1,1,0,0,0.1,0.07,0,255,5,0.02,0.08,0,0,1,1,0,0,anomaly
0,tcp,exec,S0,0,0,0,0,0,0,0,0,0,0,0,0,0,0,0,0,0,150,15,1,1,0,0,0.1,0.05,0,255,15,0.06,0.06,0,0,1,1,0,0,anomaly
0,tcp,efs,S0,0,0,0,0,0,0,0,0,0,0,0,0,0,0,0,0,0,128,1,1,1,0,0,0.01,0.07,0,255,1,0,0.07,0,0,1,1,0,0,anomaly
0,icmp,eco_i,SF,8,0,0,0,0,0,0,0,0,0,0,0,0,0,0,0,0,1,31,0,0,0,0,1,0,1,2,129,1,0,1,0.5,0,0,0,0,anomaly
0,icmp,ecr_i,SF,1032,0,0,0,0,0,0,0,0,0,0,0,0,0,0,0,0,270,270,0,0,0,0,1,0,0,123,29,0.24,0.06,0.24,0,0.02,0,0.51,0,anomaly
0,icmp,eco_i,SF,18,0,0,0,0,0,0,0,0,0,0,0,0,0,0,0,0,1,1,0,0,0,0,1,0,0,1,127,1,0,1,1,0,0,0,0,anomaly
0,tcp,daytime,S0,0,0,0,0,0,0,0,0,0,0,0,0,0,0,0,0,0,117,4,1,1,0,0,0.03,0.07,0,255,2,0.01,0.07,0,0,1,1,0,0,anomaly
0,icmp,ecr_i,SF,1032,0,0,0,0,0,0,0,0,0,0,0,0,0,0,0,0,187,187,0,0,0,0,1,0,0,222,128,0.58,0.03,0.58,0,0.01,0,0.28,0,anomaly
0,tcp,netbios_dgm,S0,0,0,0,0,0,0,0,0,0,0,0,0,0,0,0,0,0,278,16,1,1,0,0,0.06,0.05,0,255,6,0.02,0.07,0,0,1,1,0,0,anomaly
0,tcp,private,S0,0,0,0,0,0,0,0,0,0,0,0,0,0,0,0,0,0,79,10,1,1,0,0,0.13,0.06,0,230,10,0.04,0.06,0,0,1,1,0,0,anomaly
0,tcp,courier,S0,0,0,0,0,0,0,0,0,0,0,0,0,0,0,0,0,0,138,8,1,1,0,0,0.06,0.07,0,255,1,0,0.08,0,0,1,1,0,0,anomaly
0,tcp,sql_net,S0,0,0,0,0,0,0,0,0,0,0,0,0,0,0,0,0,0,246,15,1,1,0,0,0.06,0.07,0,255,15,0.06,0.08,0,0,1,1,0,0,anomaly
0,tcp,private,REJ,0,0,0,0,0,0,0,0,0,0,0,0,0,0,0,0,0,309,1,0.07,0,0.89,1,0,1,0,255,1,0,1,0,0,0.08,0,0.89,1,anomaly
0,tcp,smtp,SF,6,123,0,0,0,0,0,1,0,0,0,0,0,0,0,0,0,8,1,0,0,0.38,0,0.12,1,0,115,166,0.51,0.1,0.01,0.01,0,0.01,0.03,0,anomaly
0,tcp,ftp_data,S0,0,0,0,0,0,0,0,0,0,0,0,0,0,0,0,0,0,63,15,1,1,0,0,0.24,0.06,0,255,43,0.17,0.05,0,0,1,1,0,0,anomaly
0,tcp,private,REJ,0,0,0,0,0,0,0,0,0,0,0,0,0,0,0,0,0,2,1,0,0,1,1,0.5,1,0,255,1,0,0.19,0.16,0,0,0,0.17,1,anomaly
0,tcp,private,REJ,0,0,0,0,0,0,0,0,0,0,0,0,0,0,0,0,0,53,7,0,0,1,1,0.13,0.08,0,255,7,0.03,0.06,0,0,0,0,1,1,anomaly
0,tcp,private,REJ,0,0,0,0,0,0,0,0,0,0,0,0,0,0,0,0,0,413,1,0.06,0,0.93,1,0,1,0,255,1,0,1,0,0,0.09,0,0.91,1,anomaly
0,udp,private,SF,1,0,0,0,0,0,0,0,0,0,0,0,0,0,0,0,0,15,1,0,0,0,0,0.07,0.67,0,255,1,0,0.06,0.09,0,0,0,0.78,0,anomaly
0,tcp,iso_tsap,S0,0,0,0,0,0,0,0,0,0,0,0,0,0,0,0,0,0,277,17,1,1,0,0,0.06,0.05,0,255,17,0.07,0.07,0,0,1,1,0,0,anomaly
0,tcp,private,S0,0,0,0,0,0,0,0,0,0,0,0,0,0,0,0,0,0,291,17,1,1,0,0,0.06,0.05,0,255,20,0.08,0.07,0,0,1,1,0,0,anomaly
0,tcp,link,S0,0,0,0,0,0,0,0,0,0,0,0,0,0,0,0,0,0,255,7,1,1,0,0,0.03,0.05,0,255,14,0.05,0.08,0,0,1,1,0,0,anomaly
0,tcp,http,S0,0,0,0,0,0,0,0,0,0,0,0,0,0,0,0,0,0,293,13,1,1,0,0,0.04,0.06,0,255,11,0.04,0.07,0,0,1,1,0,0,anomaly
0,icmp,eco_i,SF,8,0,0,0,0,0,0,0,0,0,0,0,0,0,0,0,0,1,21,0,0,0,0,1,0,1,4,48,1,0,1,0.25,0,0,0,0,anomaly
0,tcp,supdup,S0,0,0,0,0,0,0,0,0,0,0,0,0,0,0,0,0,0,151,4,1,1,0,0,0.03,0.07,0,255,4,0.02,0.06,0,0,1,1,0,0,anomaly
0,tcp,private,SH,0,0,0,0,0,0,0,0,0,0,0,0,0,0,0,0,0,1,1,1,1,0,0,1,0,0,161,1,0.01,0.94,0.95,0,0.95,1,0,0,anomaly
0,tcp,efs,S0,0,0,0,0,0,0,0,0,0,0,0,0,0,0,0,0,0,102,19,1,1,0,0,0.19,0.06,0,255,18,0.07,0.06,0,0,1,1,0,0,anomaly
0,tcp,other,REJ,0,0,0,0,0,0,0,0,0,0,0,0,0,0,0,0,0,511,1,0.14,0,0.86,1,0,1,0,255,1,0,1,0,0,0.04,0,0.96,1,anomaly
0,icmp,eco_i,SF,8,0,0,0,0,0,0,0,0,0,0,0,0,0,0,0,0,1,50,0,0,0,0,1,0,1,1,3,1,0,1,0.67,0,0,0,0,anomaly
0,tcp,courier,S0,0,0,0,0,0,0,0,0,0,0,0,0,0,0,0,0,0,114,10,1,1,0,0,0.09,0.06,0,255,10,0.04,0.06,0,0,1,1,0,0,anomaly
0,tcp,ldap,S0,0,0,0,0,0,0,0,0,0,0,0,0,0,0,0,0,0,135,17,1,1,0,0,0.13,0.05,0,255,5,0.02,0.07,0,0,1,1,0,0,anomaly
0,tcp,http,S0,0,0,0,0,0,0,0,0,0,0,0,0,0,0,0,0,0,46,12,1,1,0,0,0.26,0.09,0,255,52,0.2,0.03,0.02,0,1,1,0,0,anomaly
0,tcp,other,REJ,0,0,0,0,0,0,0,0,0,0,0,0,0,0,0,0,0,435,1,0.08,0,0.91,1,0,1,0,255,1,0,1,0,0,0.06,0,0.94,1,anomaly
0,tcp,ftp_data,SF,0,2072,0,0,0,1,0,1,0,1,0,0,0,0,0,0,0,4,3,0,0,0,0,0.75,0.5,0,3,5,1,0,1,0.4,0,0,0,0,anomaly
0,tcp,gopher,S0,0,0,0,0,0,0,0,0,0,0,0,0,0,0,0,0,0,268,22,1,1,0,0,0.08,0.05,0,255,22,0.09,0.05,0,0,1,1,0,0,anomaly
0,tcp,uucp_path,S0,0,0,0,0,0,0,0,0,0,0,0,0,0,0,0,0,0,216,11,1,1,0,0,0.05,0.06,0,255,16,0.06,0.07,0,0,1,1,0,0,anomaly
0,icmp,eco_i,SF,8,0,0,0,0,0,0,0,0,0,0,0,0,0,0,0,0,1,7,0,0,0,0,1,0,1,1,59,1,0,1,0.51,0,0,0,0,anomaly
0,icmp,ecr_i,SF,1032,0,0,0,0,0,0,0,0,0,0,0,0,0,0,0,0,52,52,0,0,0,0,1,0,0,170,76,0.45,0.04,0.45,0,0.01,0,0.37,0,anomaly
0,tcp,private,S0,0,0,0,0,0,0,0,0,0,0,0,0,0,0,0,0,0,262,7,1,1,0,0,0.03,0.06,0,255,14,0.05,0.08,0,0,1,1,0,0,anomaly
0,tcp,sunrpc,S0,0,0,0,0,0,0,0,0,0,0,0,0,0,0,0,0,0,251,23,1,1,0,0,0.09,0.06,0,255,23,0.09,0.07,0,0,1,1,0,0,anomaly
0,tcp,ftp_data,S0,0,0,0,0,0,0,0,0,0,0,0,0,0,0,0,0,0,22,2,1,1,0,0,0.09,0.18,0,255,61,0.24,0.02,0.01,0,1,1,0,0,anomaly
0,tcp,private,S0,0,0,0,0,0,0,0,0,0,0,0,0,0,0,0,0,0,83,7,1,1,0,0,0.08,0.08,0,255,18,0.07,0.06,0,0,1,1,0,0,anomaly
0,tcp,uucp_path,S0,0,0,0,0,0,0,0,0,0,0,0,0,0,0,0,0,0,273,15,1,1,0,0,0.05,0.06,0,255,15,0.06,0.07,0,0,1,1,0,0,anomaly
0,tcp,private,REJ,0,0,0,0,0,0,0,0,0,0,0,0,0,0,0,0,0,1,1,0,0,1,1,1,0,0,64,2,0.02,1,0.02,1,0,0,0.92,1,anomaly
0,tcp,private,S0,0,0,0,0,0,0,0,0,0,0,0,0,0,0,0,0,0,166,7,1,1,0,0,0.04,0.07,0,255,7,0.03,0.06,0,0,1,1,0,0,anomaly
0,tcp,private,S0,0,0,0,0,0,0,0,0,0,0,0,0,0,0,0,0,0,113,13,1,1,0,0,0.12,0.06,0,60,12,0.2,0.1,0.02,0,1,1,0,0,anomaly
0,tcp,private,S0,0,0,0,0,0,0,0,0,0,0,0,0,0,0,0,0,0,126,19,1,1,0,0,0.15,0.07,0,255,19,0.07,0.08,0,0,1,1,0,0,anomaly
0,udp,private,SF,207,0,0,0,0,0,0,0,0,0,0,0,0,0,0,0,0,2,2,0,0,0,0,1,0,0,94,78,0.83,0.02,0.83,0,0,0,0,0,anomaly
0,tcp,netstat,S0,0,0,0,0,0,0,0,0,0,0,0,0,0,0,0,0,0,201,14,1,1,0,0,0.07,0.06,0,255,14,0.05,0.07,0,0,1,1,0,0,anomaly
0,tcp,private,RSTR,0,0,0,0,0,0,0,0,0,0,0,0,0,0,0,0,0,1,1,0,0,1,1,1,0,0,255,1,0,0.91,0.91,0,0,0,0.9,1,anomaly
0,udp,private,SF,28,0,0,3,0,0,0,0,0,0,0,0,0,0,0,0,0,40,40,0,0,0,0,1,0,0,112,40,0.36,0.04,0.36,0,0,0,0,0,anomaly
0,tcp,ftp_data,S0,0,0,0,0,0,0,0,0,0,0,0,0,0,0,0,0,0,4,3,1,1,0,0,0.75,0.5,0,255,60,0.24,0.04,0,0,1,1,0,0,anomaly
0,tcp,netbios_ns,S0,0,0,0,0,0,0,0,0,0,0,0,0,0,0,0,0,0,124,19,1,1,0,0,0.15,0.05,0,255,19,0.07,0.05,0,0,1,1,0,0,anomaly
0,tcp,supdup,S0,0,0,0,0,0,0,0,0,0,0,0,0,0,0,0,0,0,236,12,1,1,0,0,0.05,0.07,0,255,12,0.05,0.08,0,0,1,1,0,0,anomaly
0,tcp,finger,S0,0,0,0,0,0,0,0,0,0,0,0,0,0,0,0,0,0,22,11,1,1,0,0,0.5,0.09,0,182,54,0.28,0.02,0.01,0.04,1,0.94,0,0,anomaly
0,tcp,ftp_data,S0,0,0,0,0,0,0,0,0,0,0,0,0,0,0,0,0,0,280,17,1,1,0,0,0.06,0.06,0,255,4,0.02,0.07,0,0,1,1,0,0,anomaly
0,tcp,private,S0,0,0,0,0,0,0,0,0,0,0,0,0,0,0,0,0,0,117,22,1,1,0,0,0.19,0.05,0,255,22,0.09,0.06,0,0,1,1,0,0,anomaly
0,tcp,private,S0,0,0,0,0,0,0,0,0,0,0,0,0,0,0,0,0,0,98,2,1,1,0,0,0.02,0.08,0,255,2,0.01,0.07,0,0,1,1,0,0,anomaly
0,tcp,uucp,S0,0,0,0,0,0,0,0,0,0,0,0,0,0,0,0,0,0,100,19,1,1,0,0,0.19,0.06,0,255,19,0.07,0.06,0,0,1,1,0,0,anomaly
0,tcp,uucp,RSTO,0,0,0,0,0,0,0,0,0,0,0,0,0,0,0,0,0,107,5,0,0,1,1,0.05,0.07,0,255,5,0.02,0.07,0,0,0,0,1,1,anomaly
0,tcp,private,S0,0,0,0,0,0,0,0,0,0,0,0,0,0,0,0,0,0,253,5,1,1,0,0,0.02,0.06,0,255,20,0.08,0.07,0,0,1,1,0,0,anomaly
0,tcp,ctf,S0,0,0,0,0,0,0,0,0,0,0,0,0,0,0,0,0,0,126,20,1,1,0,0,0.16,0.06,0,255,18,0.07,0.06,0,0,1,1,0,0,anomaly
0,tcp,private,S0,0,0,0,0,0,0,0,0,0,0,0,0,0,0,0,0,0,102,5,1,1,0,0,0.05,0.07,0,209,5,0.02,0.07,0,0,1,1,0,0,anomaly
0,udp,private,SF,1,0,0,0,0,0,0,0,0,0,0,0,0,0,0,0,0,17,9,0,0,0,0,0.53,0.18,0,255,9,0.04,0.29,1,0,0,0,0,0,anomaly
0,tcp,http_443,S0,0,0,0,0,0,0,0,0,0,0,0,0,0,0,0,0,0,46,9,1,1,0,0,0.2,0.11,0,255,9,0.04,0.08,0,0,1,1,0,0,anomaly
0,tcp,auth,S0,0,0,0,0,0,0,0,0,0,0,0,0,0,0,0,0,0,203,3,1,1,0,0,0.01,0.06,0,255,3,0.01,0.07,0,0,1,1,0,0,anomaly
0,tcp,private,S0,0,0,0,0,0,0,0,0,0,0,0,0,0,0,0,0,0,47,4,1,1,0,0,0.09,0.13,0,255,11,0.04,0.09,0,0,1,1,0,0,anomaly
0,tcp,private,S0,0,0,0,0,0,0,0,0,0,0,0,0,0,0,0,0,0,179,13,1,1,0,0,0.07,0.06,0,255,13,0.05,0.07,0,0,1,1,0,0,anomaly
0,tcp,private,REJ,0,0,0,0,0,0,0,0,0,0,0,0,0,0,0,0,0,231,3,0,0,1,1,0.01,0.07,0,255,3,0.01,0.07,0,0,0,0,1,1,anomaly
0,tcp,hostnames,S0,0,0,0,0,0,0,0,0,0,0,0,0,0,0,0,0,0,292,5,1,1,0,0,0.02,0.06,0,255,5,0.02,0.07,0,0,1,1,0,0,anomaly
0,tcp,private,S0,0,0,0,0,0,0,0,0,0,0,0,0,0,0,0,0,0,250,11,1,1,0,0,0.04,0.06,0,255,9,0.04,0.07,0,0,1,1,0,0,anomaly
0,tcp,exec,RSTO,0,0,0,0,0,0,0,0,0,0,0,0,0,0,0,0,0,149,20,0,0,1,1,0.13,0.05,0,255,20,0.08,0.05,0,0,0,0,1,1,anomaly
0,tcp,telnet,S0,0,0,0,0,0,0,0,0,0,0,0,0,0,0,0,0,0,74,17,1,1,0,0,0.23,0.05,0,255,58,0.23,0.02,0.01,0,1,1,0,0,anomaly
0,icmp,ecr_i,SF,1032,0,0,0,0,0,0,0,0,0,0,0,0,0,0,0,0,180,180,0,0,0,0,1,0,0,255,180,0.71,0.01,0.71,0,0,0,0,0,anomaly
0,tcp,private,REJ,0,0,0,0,0,0,0,0,0,0,0,0,0,0,0,0,0,59,1,0.12,0,0.88,1,0.02,1,0,255,1,0,0.51,0,0,0.03,0,0.22,1,anomaly
0,tcp,http_443,S0,0,0,0,0,0,0,0,0,0,0,0,0,0,0,0,0,0,233,14,1,1,0,0,0.06,0.05,0,255,14,0.05,0.06,0,0,1,1,0,0,anomaly
0,tcp,http,REJ,0,0,0,0,0,0,0,0,0,0,0,0,0,0,0,0,0,258,6,0,0,1,1,0.02,0.07,0,255,6,0.02,0.07,0,0,0,0,1,1,anomaly
0,tcp,telnet,S0,0,0,0,0,0,0,0,0,0,0,0,0,0,0,0,0,0,22,13,1,1,0,0,0.59,0.09,0,255,53,0.21,0.04,0.01,0,1,1,0,0,anomaly
0,tcp,private,S0,0,0,0,0,0,0,0,0,0,0,0,0,0,0,0,0,0,25,11,1,1,0,0,0.44,0.2,0,255,11,0.04,0.09,0,0,1,1,0,0,anomaly
0,tcp,private,S0,0,0,0,0,0,0,0,0,0,0,0,0,0,0,0,0,0,133,8,1,1,0,0,0.06,0.06,0,255,13,0.05,0.06,0,0,1,1,0,0,anomaly
0,tcp,smtp,S0,0,0,0,0,0,0,0,0,0,0,0,0,0,0,0,0,0,9,9,1,1,0,0,1,0,0,111,131,0.44,0.02,0.01,0.02,0.98,0.37,0,0,anomaly
0,tcp,private,REJ,0,0,0,0,0,0,0,0,0,0,0,0,0,0,0,0,0,134,10,0,0,1,1,0.07,0.06,0,255,10,0.04,0.06,0,0,0,0,1,1,anomaly
0,tcp,courier,S0,0,0,0,0,0,0,0,0,0,0,0,0,0,0,0,0,0,128,1,1,1,0,0,0.01,0.06,0,255,1,0,0.06,0,0,1,1,0,0,anomaly
0,icmp,eco_i,SF,8,0,0,0,0,0,0,0,0,0,0,0,0,0,0,0,0,1,39,0,0,0,0,1,0,1,1,86,1,0,1,0.51,0,0,0,0,anomaly
0,tcp,private,S0,0,0,0,0,0,0,0,0,0,0,0,0,0,0,0,0,0,133,25,1,1,0,0,0.19,0.05,0,255,25,0.1,0.04,0,0,1,1,0,0,anomaly
0,tcp,time,RSTO,0,0,0,0,0,0,0,0,0,0,0,0,0,0,0,0,0,252,2,0,0,1,1,0.01,0.06,0,255,2,0.01,0.07,0,0,0,0,1,1,anomaly
0,udp,private,SF,207,0,0,0,0,0,0,0,0,0,0,0,0,0,0,0,0,2,2,0,0,0,0,1,0,0,106,90,0.85,0.02,0.85,0,0,0,0,0,anomaly
0,tcp,netbios_ns,S0,0,0,0,0,0,0,0,0,0,0,0,0,0,0,0,0,0,93,2,1,1,0,0,0.02,0.06,0,255,2,0.01,0.05,0,0,1,1,0,0,anomaly
0,tcp,finger,S0,0,0,0,0,0,0,0,0,0,0,0,0,0,0,0,0,0,40,10,1,1,0,0,0.25,0.1,0,255,58,0.23,0.04,0,0,1,1,0,0,anomaly
0,tcp,kshell,REJ,0,0,0,0,0,0,0,0,0,0,0,0,0,0,0,0,0,148,20,0,0,1,1,0.14,0.06,0,255,20,0.08,0.07,0,0,0,0,1,1,anomaly
0,tcp,bgp,S0,0,0,0,0,0,0,0,0,0,0,0,0,0,0,0,0,0,266,6,1,1,0,0,0.02,0.06,0,255,6,0.02,0.07,0,0,1,1,0,0,anomaly
0,tcp,private,REJ,0,0,0,0,0,0,0,0,0,0,0,0,0,0,0,0,0,227,6,0,0,1,1,0.03,0.07,0,255,6,0.02,0.07,0,0,0,0,1,1,anomaly
0,tcp,discard,S0,0,0,0,0,0,0,0,0,0,0,0,0,0,0,0,0,0,110,2,1,1,0,0,0.02,0.06,0,255,2,0.01,0.07,0,0,1,1,0,0,anomaly
0,tcp,private,S0,0,0,0,0,0,0,0,0,0,0,0,0,0,0,0,0,0,239,23,1,1,0,0,0.1,0.05,0,255,23,0.09,0.07,0,0,1,1,0,0,anomaly
0,tcp,efs,S0,0,0,0,0,0,0,0,0,0,0,0,0,0,0,0,0,0,10,9,1,1,0,0,0.9,0.2,0,255,9,0.04,0.07,0,0,1,1,0,0,anomaly
0,tcp,mtp,REJ,0,0,0,0,0,0,0,0,0,0,0,0,0,0,0,0,0,267,6,0,0,1,1,0.02,0.06,0,255,6,0.02,0.08,0,0,0,0,1,1,anomaly
0,tcp,private,S0,0,0,0,0,0,0,0,0,0,0,0,0,0,0,0,0,0,146,5,1,1,0,0,0.03,0.06,0,255,1,0,0.06,0,0,1,1,0,0,anomaly
0,icmp,eco_i,SF,18,0,0,0,0,0,0,0,0,0,0,0,0,0,0,0,0,1,1,0,0,0,0,1,0,0,1,152,1,0,1,1,0,0,0,0,anomaly
0,tcp,auth,REJ,0,0,0,0,0,0,0,0,0,0,0,0,0,0,0,0,0,273,13,0,0,1,1,0.05,0.06,0,255,13,0.05,0.07,0,0,0,0,1,1,anomaly
0,tcp,other,REJ,0,0,0,0,0,0,0,0,0,0,0,0,0,0,0,0,0,511,1,0.11,0,0.89,1,0,1,0,255,1,0,1,0,0,0.03,0,0.97,1,anomaly
0,tcp,private,S0,0,0,0,0,0,0,0,0,0,0,0,0,0,0,0,0,0,167,20,1,1,0,0,0.12,0.06,0,255,7,0.03,0.07,0,0,1,1,0,0,anomaly
0,tcp,private,REJ,0,0,0,0,0,0,0,0,0,0,0,0,0,0,0,0,0,132,18,0,0,1,1,0.14,0.07,0,157,18,0.11,0.07,0.01,0,0,0,1,1,anomaly
0,tcp,private,REJ,0,0,0,0,0,0,0,0,0,0,0,0,0,0,0,0,0,128,1,0.01,0,0.92,1,0.01,1,0,255,1,0,0.51,0,0,0,0,0.47,1,anomaly
0,tcp,private,S0,0,0,0,0,0,0,0,0,0,0,0,0,0,0,0,0,0,116,9,1,1,0,0,0.08,0.06,0,255,11,0.04,0.07,0,0,1,1,0,0,anomaly
0,tcp,private,S0,0,0,0,0,0,0,0,0,0,0,0,0,0,0,0,0,0,115,18,1,1,0,0,0.16,0.04,0,255,18,0.07,0.04,0,0,1,1,0,0,anomaly
0,tcp,private,S0,0,0,0,0,0,0,0,0,0,0,0,0,0,0,0,0,0,215,17,1,1,0,0,0.08,0.06,0,255,15,0.06,0.07,0,0,1,1,0,0,anomaly
0,tcp,netbios_ns,S0,0,0,0,0,0,0,0,0,0,0,0,0,0,0,0,0,0,236,3,1,1,0,0,0.01,0.07,0,255,3,0.01,0.07,0,0,1,1,0,0,anomaly
0,tcp,imap4,S0,0,0,0,0,0,0,0,0,0,0,0,0,0,0,0,0,0,209,21,1,1,0,0,0.1,0.06,0,255,21,0.08,0.05,0,0,1,1,0,0,anomaly
0,tcp,klogin,S0,0,0,0,0,0,0,0,0,0,0,0,0,0,0,0,0,0,149,19,1,1,0,0,0.13,0.05,0,255,19,0.07,0.06,0,0,1,1,0,0,anomaly
0,icmp,ecr_i,SF,520,0,0,0,0,0,0,0,0,0,0,0,0,0,0,0,0,58,58,0,0,0,0,1,0,0,255,255,1,0,1,0,0,0,0,0,anomaly
0,tcp,daytime,S0,0,0,0,0,0,0,0,0,0,0,0,0,0,0,0,0,0,213,17,1,1,0,0,0.08,0.06,0,255,9,0.04,0.08,0,0,1,1,0,0,anomaly
0,tcp,private,REJ,0,0,0,0,0,0,0,0,0,0,0,0,0,0,0,0,0,2,1,0,0,1,1,0.5,1,0,255,1,0,0.44,0.42,0,0,0,0.42,1,anomaly
0,tcp,time,S0,0,0,0,0,0,0,0,0,0,0,0,0,0,0,0,0,0,228,14,1,1,0,0,0.06,0.05,0,255,14,0.05,0.05,0,0,1,1,0,0,anomaly
1,tcp,private,RSTOS0,0,0,0,0,0,0,0,0,0,0,0,0,0,0,0,0,0,72,3,0.79,0.67,0.21,0.33,0.04,0.38,0,255,3,0.01,0.11,0.28,0,0.22,0.67,0.06,0.33,anomaly
0,tcp,private,S0,0,0,0,0,0,0,0,0,0,0,0,0,0,0,0,0,0,33,16,1,1,0,0,0.48,0.15,0,255,16,0.06,0.08,0,0,1,1,0,0,anomaly
0,tcp,http,SF,54540,8314,0,0,0,2,0,1,1,0,0,0,0,0,0,0,0,5,6,0,0,0,0.17,1,0,0.33,128,128,1,0,0.01,0,0,0,0.05,0.05,anomaly
0,tcp,private,S0,0,0,0,0,0,0,0,0,0,0,0,0,0,0,0,0,0,133,18,1,1,0,0,0.14,0.05,0,255,18,0.07,0.08,0,0,1,1,0,0,anomaly
0,tcp,private,S0,0,0,0,0,0,0,0,0,0,0,0,0,0,0,0,0,0,115,2,1,1,0,0,0.02,0.07,0,255,19,0.07,0.07,0,0,1,1,0,0,anomaly
0,tcp,private,S0,0,0,0,0,0,0,0,0,0,0,0,0,0,0,0,0,0,209,9,1,1,0,0,0.04,0.05,0,255,9,0.04,0.05,0,0,1,1,0,0,anomaly
0,tcp,supdup,S0,0,0,0,0,0,0,0,0,0,0,0,0,0,0,0,0,0,136,20,1,1,0,0,0.15,0.06,0,255,9,0.04,0.07,0,0,1,1,0,0,anomaly
0,icmp,ecr_i,SF,1032,0,0,0,0,0,0,0,0,0,0,0,0,0,0,0,0,511,511,0,0,0,0,1,0,0,255,30,0.12,0.11,0.12,0,0.1,0,0,0,anomaly
0,icmp,ecr_i,SF,1480,0,0,1,0,0,0,0,0,0,0,0,0,0,0,0,0,2,4,0,0,0,0,1,0,0.5,4,151,1,0,1,0.05,0,0,0,0,anomaly
0,tcp,private,REJ,0,0,0,0,0,0,0,0,0,0,0,0,0,0,0,0,0,84,7,0,0,1,1,0.08,0.07,0,255,7,0.03,0.07,0,0,0,0,1,1,anomaly
0,tcp,private,REJ,0,0,0,0,0,0,0,0,0,0,0,0,0,0,0,0,0,238,19,0,0,1,1,0.08,0.05,0,255,19,0.07,0.06,0,0,0,0,1,1,anomaly
0,tcp,private,S0,0,0,0,0,0,0,0,0,0,0,0,0,0,0,0,0,0,146,3,1,1,0,0,0.02,0.08,0,255,16,0.06,0.08,0,0,1,1,0,0,anomaly
1,tcp,ftp,SF,1238,2451,0,0,0,28,0,1,0,0,0,0,0,0,0,0,1,1,1,0,0,0,0,1,0,0,255,123,0.48,0.02,0,0,0,0,0.01,0,anomaly
0,tcp,private,S0,0,0,0,0,0,0,0,0,0,0,0,0,0,0,0,0,0,280,18,1,1,0,0,0.06,0.04,0,140,18,0.13,0.07,0.01,0,0.99,1,0,0,anomaly
0,tcp,private,S0,0,0,0,0,0,0,0,0,0,0,0,0,0,0,0,0,0,84,3,1,1,0,0,0.04,0.07,0,255,15,0.06,0.08,0,0,1,1,0,0,anomaly
0,tcp,http,SF,54540,8314,0,0,0,2,0,1,1,0,0,0,0,0,0,0,0,4,4,0,0,0,0,1,0,0,49,49,1,0,0.02,0,0,0,0.24,0.24,anomaly
0,tcp,ldap,REJ,0,0,0,0,0,0,0,0,0,0,0,0,0,0,0,0,0,147,18,0,0,1,1,0.12,0.05,0,255,18,0.07,0.06,0,0,0,0,1,1,anomaly
0,tcp,http,SF,54540,8314,0,0,0,2,0,1,1,0,0,0,0,0,0,0,0,2,2,0,0,0,0,1,0,0,88,88,1,0,0.01,0,0.01,0.01,0.01,0.01,anomaly
0,tcp,finger,S0,0,0,0,0,0,0,0,0,0,0,0,0,0,0,0,0,0,18,18,1,1,0,0,1,0,0,78,24,0.23,0.05,0.01,0.08,1,0.75,0,0,anomaly
0,icmp,eco_i,SF,8,0,0,0,0,0,0,0,0,0,0,0,0,0,0,0,0,1,51,0,0,0,0,1,0,1,2,72,1,0,1,0.5,0,0,0,0,anomaly
0,tcp,kshell,REJ,0,0,0,0,0,0,0,0,0,0,0,0,0,0,0,0,0,113,18,0,0,1,1,0.16,0.07,0,255,18,0.07,0.05,0,0,0,0,1,1,anomaly
0,tcp,whois,S0,0,0,0,0,0,0,0,0,0,0,0,0,0,0,0,0,0,203,3,1,1,0,0,0.01,0.06,0,255,18,0.07,0.07,0,0,1,1,0,0,anomaly
0,icmp,eco_i,SF,8,0,0,0,0,0,0,0,0,0,0,0,0,0,0,0,0,1,34,0,0,0,0,1,0,1,2,246,1,0,1,0.25,0,0,0,0,anomaly
0,tcp,time,S0,0,0,0,0,0,0,0,0,0,0,0,0,0,0,0,0,0,209,5,1,1,0,0,0.02,0.06,0,255,5,0.02,0.05,0,0,1,1,0,0,anomaly
0,tcp,ftp_data,S0,0,0,0,0,0,0,0,0,0,0,0,0,0,0,0,0,0,284,19,1,1,0,0,0.07,0.06,0,255,18,0.07,0.06,0,0,1,1,0,0,anomaly
0,tcp,smtp,S0,0,0,0,0,0,0,0,0,0,0,0,0,0,0,0,0,0,8,8,1,1,0,0,1,0,0,190,142,0.46,0.01,0.01,0.01,0.99,0.62,0,0,anomaly
0,tcp,iso_tsap,REJ,0,0,0,0,0,0,0,0,0,0,0,0,0,0,0,0,0,243,19,0,0,1,1,0.08,0.07,0,255,19,0.07,0.08,0,0,0,0,1,1,anomaly
0,tcp,private,S0,0,0,0,0,0,0,0,0,0,0,0,0,0,0,0,0,0,128,8,1,1,0,0,0.06,0.06,0,76,8,0.11,0.09,0.01,0,1,1,0,0,anomaly
0,tcp,uucp_path,S0,0,0,0,0,0,0,0,0,0,0,0,0,0,0,0,0,0,262,10,1,1,0,0,0.04,0.05,0,255,10,0.04,0.05,0,0,1,1,0,0,anomaly
0,tcp,private,S0,0,0,0,0,0,0,0,0,0,0,0,0,0,0,0,0,0,71,7,1,1,0,0,0.1,0.1,0,255,7,0.03,0.07,0,0,1,1,0,0,anomaly
0,tcp,private,S0,0,0,0,0,0,0,0,0,0,0,0,0,0,0,0,0,0,67,5,1,1,0,0,0.07,0.07,0,247,5,0.02,0.06,0,0,1,1,0,0,anomaly
0,icmp,ecr_i,SF,520,0,0,0,0,0,0,0,0,0,0,0,0,0,0,0,0,50,50,0,0,0,0,1,0,0,255,255,1,0,1,0,0,0,0,0,anomaly
0,tcp,auth,S0,0,0,0,0,0,0,0,0,0,0,0,0,0,0,0,0,0,229,14,1,1,0,0,0.06,0.06,0,255,14,0.05,0.07,0,0,1,1,0,0,anomaly
0,tcp,uucp,S0,0,0,0,0,0,0,0,0,0,0,0,0,0,0,0,0,0,143,20,1,1,0,0,0.14,0.06,0,255,2,0.01,0.06,0,0,1,1,0,0,anomaly
0,tcp,private,REJ,0,0,0,0,0,0,0,0,0,0,0,0,0,0,0,0,0,182,1,0.02,0,0.95,1,0.01,1,0,255,1,0,0.74,0,0,0.01,0,0.69,1,anomaly
0,tcp,netbios_dgm,S0,0,0,0,0,0,0,0,0,0,0,0,0,0,0,0,0,0,89,13,1,1,0,0,0.15,0.07,0,255,8,0.03,0.07,0,0,1,1,0,0,anomaly
0,tcp,private,S0,0,0,0,0,0,0,0,0,0,0,0,0,0,0,0,0,0,230,1,1,1,0,0,0,0.07,0,255,1,0,0.08,0,0,1,1,0,0,anomaly
0,tcp,private,RSTR,0,0,0,0,0,0,0,0,0,0,0,0,0,0,0,0,0,1,1,0,0,1,1,1,0,0,192,1,0.01,0.49,0.49,0,0,0,0.48,1,anomaly
26983,tcp,private,RSTR,1,0,0,0,0,0,0,0,0,0,0,0,0,0,0,0,0,2,2,0,0,1,1,1,0,0,255,2,0.01,0.74,1,0,0,0,1,1,anomaly
0,udp,private,SF,1,0,0,0,0,0,0,0,0,0,0,0,0,0,0,0,0,5,1,0,0,0,0,0.2,0.4,0,255,1,0,0.76,0.27,0,0.03,0,0.71,0,anomaly
0,tcp,kshell,S0,0,0,0,0,0,0,0,0,0,0,0,0,0,0,0,0,0,31,15,1,1,0,0,0.48,0.1,0,255,15,0.06,0.07,0,0,1,1,0,0,anomaly
0,tcp,nnsp,REJ,0,0,0,0,0,0,0,0,0,0,0,0,0,0,0,0,0,119,9,0,0,1,1,0.08,0.07,0,255,9,0.04,0.07,0,0,0,0,1,1,anomaly
0,tcp,private,S0,0,0,0,0,0,0,0,0,0,0,0,0,0,0,0,0,0,140,5,1,1,0,0,0.04,0.06,0,255,10,0.04,0.07,0,0,1,1,0,0,anomaly
0,tcp,private,S0,0,0,0,0,0,0,0,0,0,0,0,0,0,0,0,0,0,141,1,1,1,0,0,0.01,0.06,0,255,9,0.04,0.07,0,0,1,1,0,0,anomaly
0,tcp,mtp,S0,0,0,0,0,0,0,0,0,0,0,0,0,0,0,0,0,0,210,22,1,1,0,0,0.1,0.05,0,255,22,0.09,0.05,0,0,1,1,0,0,anomaly
0,tcp,private,SH,0,0,0,0,0,0,0,0,0,0,0,0,0,0,0,0,0,1,1,1,1,0,0,1,0,0,18,1,0.06,0.72,0.56,0,0.56,1,0,0,anomaly
0,tcp,ctf,S0,0,0,0,0,0,0,0,0,0,0,0,0,0,0,0,0,0,231,11,1,1,0,0,0.05,0.06,0,255,10,0.04,0.06,0,0,1,1,0,0,anomaly
0,tcp,private,REJ,0,0,0,0,0,0,0,0,0,0,0,0,0,0,0,0,0,260,1,0.03,0,0.94,1,0,1,0,255,1,0,0.97,0,0,0.04,0,0.92,1,anomaly
0,udp,private,SF,1,0,0,0,0,0,0,0,0,0,0,0,0,0,0,0,0,14,2,0,0,0,0,0.14,0.64,0,255,2,0.01,0.64,0.49,0,0,0,0.51,0,anomaly
0,tcp,private,S0,0,0,0,0,0,0,0,0,0,0,0,0,0,0,0,0,0,214,24,1,1,0,0,0.11,0.05,0,155,24,0.15,0.07,0.01,0,0.91,1,0.01,0,anomaly
0,tcp,sql_net,REJ,0,0,0,0,0,0,0,0,0,0,0,0,0,0,0,0,0,110,8,0,0,1,1,0.07,0.06,0,255,7,0.03,0.07,0,0,0,0,1,1,anomaly
0,tcp,private,REJ,0,0,0,0,0,0,0,0,0,0,0,0,0,0,0,0,0,141,8,0,0,1,1,0.06,0.06,0,255,8,0.03,0.08,0,0,0,0,1,1,anomaly
0,tcp,uucp_path,S0,0,0,0,0,0,0,0,0,0,0,0,0,0,0,0,0,0,51,12,1,1,0,0,0.24,0.1,0,255,12,0.05,0.08,0,0,1,1,0,0,anomaly
0,tcp,private,REJ,0,0,0,0,0,0,0,0,0,0,0,0,0,0,0,0,0,54,20,0,0,1,1,0.37,0.07,0,255,20,0.08,0.06,0,0,0,0,1,1,anomaly
0,tcp,other,REJ,0,0,0,0,0,0,0,0,0,0,0,0,0,0,0,0,0,511,1,0.15,0,0.85,1,0,1,0,255,1,0,1,0,0,0.1,0,0.9,1,anomaly
1,tcp,finger,SF,6,1405,0,0,0,0,0,0,0,0,0,0,0,0,0,0,0,8,2,0,0,0,0,0.25,0.62,0,152,4,0.03,0.06,0.01,0,0.01,0,0,0,anomaly
0,tcp,nnsp,S0,0,0,0,0,0,0,0,0,0,0,0,0,0,0,0,0,0,34,14,1,1,0,0,0.41,0.12,0,255,14,0.05,0.08,0,0,1,1,0,0,anomaly
0,tcp,private,S0,0,0,0,0,0,0,0,0,0,0,0,0,0,0,0,0,0,216,9,1,1,0,0,0.04,0.05,0,76,9,0.12,0.11,0.01,0,0.97,1,0,0,anomaly
0,udp,private,SF,1,0,0,0,0,0,0,0,0,0,0,0,0,0,0,0,0,5,1,0,0,0,0,0.2,0.4,0,255,1,0,0.76,0.27,0,0.03,0,0.71,0,anomaly
0,tcp,private,S0,0,0,0,0,0,0,0,0,0,0,0,0,0,0,0,0,0,261,18,1,1,0,0,0.07,0.06,0,255,5,0.02,0.09,0,0,1,1,0,0,anomaly
4,tcp,private,RSTO,6,18056,0,0,0,0,0,1,0,0,0,0,0,0,0,0,0,77,1,0,0,0.94,1,0.01,1,0,202,1,0,0.44,0,0,0,0,0.37,1,anomaly
0,tcp,private,S0,0,0,0,0,0,0,0,0,0,0,0,0,0,0,0,0,0,192,11,1,1,0,0,0.06,0.07,0,255,20,0.08,0.06,0,0,1,1,0,0,anomaly
0,tcp,finger,S0,0,0,0,0,0,0,0,0,0,0,0,0,0,0,0,0,0,29,9,1,1,0,0,0.31,0.07,0,71,13,0.13,0.06,0.06,0.15,0.97,0.69,0,0,anomaly
0,tcp,private,S0,0,0,0,0,0,0,0,0,0,0,0,0,0,0,0,0,0,299,18,1,1,0,0,0.06,0.05,0,255,16,0.06,0.06,0,0,1,1,0,0,anomaly
0,tcp,nntp,S0,0,0,0,0,0,0,0,0,0,0,0,0,0,0,0,0,0,202,2,1,1,0,0,0.01,0.06,0,255,15,0.06,0.07,0,0,1,1,0,0,anomaly
0,tcp,courier,S0,0,0,0,0,0,0,0,0,0,0,0,0,0,0,0,0,0,94,20,1,1,0,0,0.21,0.06,0,255,16,0.06,0.06,0,0,1,1,0,0,anomaly
0,tcp,time,S0,0,0,0,0,0,0,0,0,0,0,0,0,0,0,0,0,0,253,1,1,1,0,0,0,0.06,0,255,1,0,0.07,0,0,1,1,0,0,anomaly
0,tcp,ctf,REJ,0,0,0,0,0,0,0,0,0,0,0,0,0,0,0,0,0,275,9,0,0,1,1,0.03,0.06,0,255,9,0.04,0.07,0,0,0,0,1,1,anomaly
0,tcp,private,REJ,0,0,0,0,0,0,0,0,0,0,0,0,0,0,0,0,0,62,20,0,0,1,1,0.32,0.08,0,255,20,0.08,0.06,0,0,0,0,1,1,anomaly
0,tcp,bgp,S0,0,0,0,0,0,0,0,0,0,0,0,0,0,0,0,0,0,265,3,1,1,0,0,0.01,0.05,0,255,3,0.01,0.05,0,0,1,1,0,0,anomaly
0,tcp,private,REJ,0,0,0,0,0,0,0,0,0,0,0,0,0,0,0,0,0,356,1,0,0,1,1,0,0.52,0,255,1,0,0.52,1,0,0,0,1,1,anomaly
18418,tcp,other,RSTR,1,0,0,0,0,0,0,0,0,0,0,0,0,0,0,0,0,2,2,0,0,1,1,1,0,0,255,2,0.01,0.73,1,0,0,0,1,1,anomaly
0,tcp,ldap,REJ,0,0,0,0,0,0,0,0,0,0,0,0,0,0,0,0,0,111,3,0,0,1,1,0.03,0.08,0,235,3,0.01,0.07,0,0,0,0,1,1,anomaly
0,tcp,private,S0,0,0,0,0,0,0,0,0,0,0,0,0,0,0,0,0,0,120,6,1,1,0,0,0.05,0.07,0,255,15,0.06,0.07,0,0,1,1,0,0,anomaly
0,icmp,eco_i,SF,8,0,0,0,0,0,0,0,0,0,0,0,0,0,0,0,0,1,18,0,0,0,0,1,0,1,1,223,1,0,1,0.5,0,0,0,0,anomaly
0,tcp,ftp_data,REJ,0,0,0,0,0,0,0,0,0,0,0,0,0,0,0,0,0,459,5,0.07,0,0.9,1,0.01,0.99,0,255,4,0.02,0.99,0,0,0.08,0,0.91,1,anomaly
0,tcp,hostnames,REJ,0,0,0,0,0,0,0,0,0,0,0,0,0,0,0,0,0,264,14,0,0,1,1,0.05,0.06,0,255,14,0.05,0.07,0,0,0,0,1,1,anomaly
0,icmp,ecr_i,SF,1032,0,0,0,0,0,0,0,0,0,0,0,0,0,0,0,0,511,511,0,0,0,0,1,0,0,255,208,0.82,0.01,0.82,0,0,0,0,0,anomaly
0,udp,private,SF,28,0,0,3,0,0,0,0,0,0,0,0,0,0,0,0,0,182,82,0.55,0,0,0,0.45,0.04,0,255,82,0.32,0.68,0.32,0,0.09,0,0.59,0,anomaly
0,tcp,private,REJ,0,0,0,0,0,0,0,0,0,0,0,0,0,0,0,0,0,206,1,0.01,0,0.96,1,0,1,0,255,1,0,0.83,0,0,0.01,0,0.78,1,anomaly
0,tcp,private,S0,0,0,0,0,0,0,0,0,0,0,0,0,0,0,0,0,0,84,16,1,1,0,0,0.19,0.06,0,255,1,0,0.06,0,0,1,1,0,0,anomaly
0,udp,private,SF,1,0,0,0,0,0,0,0,0,0,0,0,0,0,0,0,0,8,7,0,0,0,0,0.88,0.25,0,255,7,0.03,0.23,1,0,0,0,0,0,anomaly
0,tcp,csnet_ns,REJ,0,0,0,0,0,0,0,0,0,0,0,0,0,0,0,0,0,242,1,0,0,1,1,0,0.07,0,255,1,0,0.08,0,0,0,0,1,1,anomaly
0,udp,private,SF,28,0,0,3,0,0,0,0,0,0,0,0,0,0,0,0,0,2,2,0,0,0,0,1,0,0,255,102,0.4,0.6,0.4,0,0.09,0,0.51,0,anomaly
0,tcp,other,REJ,0,0,0,0,0,0,0,0,0,0,0,0,0,0,0,0,0,509,1,0.17,0,0.83,1,0,1,0,255,1,0,1,0,0,0.16,0,0.84,1,anomaly
0,tcp,private,S0,0,0,0,0,0,0,0,0,0,0,0,0,0,0,0,0,0,100,11,1,1,0,0,0.11,0.06,0,255,20,0.08,0.07,0,0,1,1,0,0,anomaly
3,tcp,private,RSTR,0,0,0,0,0,0,0,0,0,0,0,0,0,0,0,0,0,335,2,0,0,1,1,0.01,0.52,0,255,2,0.01,0.52,1,0,0,0,1,1,anomaly
0,tcp,smtp,S0,0,0,0,0,0,0,0,0,0,0,0,0,0,0,0,0,0,12,12,1,1,0,0,1,0,0,74,136,0.43,0.03,0.01,0.01,0.97,0.24,0,0,anomaly
0,tcp,private,S0,0,0,0,0,0,0,0,0,0,0,0,0,0,0,0,0,0,122,14,1,1,0,0,0.11,0.06,0,255,14,0.05,0.06,0,0,1,1,0,0,anomaly
0,tcp,private,S0,0,0,0,0,0,0,0,0,0,0,0,0,0,0,0,0,0,167,14,1,1,0,0,0.08,0.07,0,255,14,0.05,0.08,0,0,1,1,0,0,anomaly
0,tcp,vmnet,S0,0,0,0,0,0,0,0,0,0,0,0,0,0,0,0,0,0,237,3,1,1,0,0,0.01,0.07,0,255,18,0.07,0.08,0,0,1,1,0,0,anomaly
0,tcp,ssh,REJ,0,0,0,0,0,0,0,0,0,0,0,0,0,0,0,0,0,120,10,0,0,1,1,0.08,0.08,0,255,10,0.04,0.08,0,0,0,0,1,1,anomaly
0,tcp,ftp_data,S0,0,0,0,0,0,0,0,0,0,0,0,0,0,0,0,0,0,76,16,1,1,0,0,0.21,0.05,0,255,36,0.14,0.06,0.01,0,1,1,0,0,anomaly
0,udp,private,SF,1,0,0,0,0,0,0,0,0,0,0,0,0,0,0,0,0,39,14,0,0,0,0,0.36,0.1,0,255,59,0.23,0.29,0.75,0,0.07,0,0.17,0,anomaly
0,icmp,eco_i,SF,8,0,0,0,0,0,0,0,0,0,0,0,0,0,0,0,0,1,4,0,0,0,0,1,0,1,1,125,1,0,1,0.26,0,0,0,0,anomaly
0,tcp,courier,S0,0,0,0,0,0,0,0,0,0,0,0,0,0,0,0,0,0,92,18,1,1,0,0,0.2,0.07,0,255,18,0.07,0.06,0,0,1,1,0,0,anomaly
0,tcp,exec,S0,0,0,0,0,0,0,0,0,0,0,0,0,0,0,0,0,0,150,20,1,1,0,0,0.13,0.06,0,255,20,0.08,0.07,0,0,1,1,0,0,anomaly
0,tcp,finger,S0,0,0,0,0,0,0,0,0,0,0,0,0,0,0,0,0,0,249,20,1,1,0,0,0.08,0.07,0,255,20,0.08,0.08,0,0,1,1,0,0,anomaly
0,tcp,private,S0,0,0,0,0,0,0,0,0,0,0,0,0,0,0,0,0,0,230,16,1,1,0,0,0.07,0.04,0,90,16,0.18,0.09,0.01,0,0.98,1,0,0,anomaly
0,tcp,private,REJ,0,0,0,0,0,0,0,0,0,0,0,0,0,0,0,0,0,1,1,0,0,1,1,1,0,0,37,2,0.03,1,0.03,1,0,0,0.86,1,anomaly
0,tcp,private,S0,0,0,0,0,0,0,0,0,0,0,0,0,0,0,0,0,0,112,17,1,1,0,0,0.15,0.05,0,255,12,0.05,0.06,0,0,1,1,0,0,anomaly
0,icmp,ecr_i,SF,1032,0,0,0,0,0,0,0,0,0,0,0,0,0,0,0,0,511,511,0,0,0,0,1,0,0,255,27,0.11,0.24,0.11,0,0,0,0,0,anomaly
0,icmp,ecr_i,SF,520,0,0,0,0,0,0,0,0,0,0,0,0,0,0,0,0,460,460,0,0,0,0,1,0,0,237,237,1,0,1,0,0,0,0,0,anomaly
0,tcp,private,RSTR,0,0,0,0,0,0,0,0,0,0,0,0,0,0,0,0,0,1,1,0,0,1,1,1,0,0,171,1,0.01,0.43,0.43,0,0,0,0.42,1,anomaly
0,tcp,other,REJ,0,0,0,0,0,0,0,0,0,0,0,0,0,0,0,0,0,347,1,0.09,0,0.9,1,0,1,0,255,1,0,1,0,0,0.09,0,0.9,1,anomaly
0,icmp,eco_i,SF,8,0,0,0,0,0,0,0,0,0,0,0,0,0,0,0,0,1,31,0,0,0,0,1,0,1,2,54,1,0,1,0.52,0,0,0,0,anomaly
0,tcp,private,S0,0,0,0,0,0,0,0,0,0,0,0,0,0,0,0,0,0,267,17,1,1,0,0,0.06,0.06,0,255,5,0.02,0.08,0,0,1,1,0,0,anomaly
0,tcp,private,S0,0,0,0,0,0,0,0,0,0,0,0,0,0,0,0,0,0,116,4,1,1,0,0,0.03,0.08,0,255,4,0.02,0.09,0,0,1,1,0,0,anomaly
0,tcp,uucp_path,S0,0,0,0,0,0,0,0,0,0,0,0,0,0,0,0,0,0,227,14,1,1,0,0,0.06,0.07,0,255,14,0.05,0.08,0,0,1,1,0,0,anomaly
0,tcp,uucp,S0,0,0,0,0,0,0,0,0,0,0,0,0,0,0,0,0,0,1,1,1,1,0,0,1,0,0,255,1,0,0.08,0,0,1,1,0,0,anomaly
0,tcp,private,REJ,0,0,0,0,0,0,0,0,0,0,0,0,0,0,0,0,0,124,5,0,0,1,1,0.04,0.06,0,255,4,0.02,0.07,0,0,0,0,1,1,anomaly
0,tcp,klogin,S0,0,0,0,0,0,0,0,0,0,0,0,0,0,0,0,0,0,144,19,1,1,0,0,0.13,0.05,0,255,19,0.07,0.05,0,0,1,1,0,0,anomaly
0,tcp,private,S0,0,0,0,0,0,0,0,0,0,0,0,0,0,0,0,0,0,33,6,1,1,0,0,0.18,0.12,0,255,6,0.02,0.07,0,0,1,1,0,0,anomaly
0,icmp,ecr_i,SF,1032,0,0,0,0,0,0,0,0,0,0,0,0,0,0,0,0,464,464,0,0,0,0,1,0,0,255,255,1,0,1,0,0,0,0,0,anomaly
0,tcp,http,S0,0,0,0,0,0,0,0,0,0,0,0,0,0,0,0,0,0,147,18,1,1,0,0,0.12,0.05,0,255,18,0.07,0.08,0,0,1,1,0,0,anomaly
0,tcp,http,S0,0,0,0,0,0,0,0,0,0,0,0,0,0,0,0,0,0,23,10,1,1,0,0,0.43,0.17,0,255,65,0.25,0.02,0,0,1,1,0,0,anomaly
0,tcp,bgp,S0,0,0,0,0,0,0,0,0,0,0,0,0,0,0,0,0,0,289,18,1,1,0,0,0.06,0.06,0,255,18,0.07,0.06,0,0,1,1,0,0,anomaly
0,tcp,private,REJ,0,0,0,0,0,0,0,0,0,0,0,0,0,0,0,0,0,245,6,0,0,1,1,0.02,0.07,0,255,6,0.02,0.08,0,0,0,0,1,1,anomaly
0,tcp,link,S0,0,0,0,0,0,0,0,0,0,0,0,0,0,0,0,0,0,255,20,1,1,0,0,0.08,0.06,0,255,20,0.08,0.07,0,0,1,1,0,0,anomaly
0,tcp,ftp_data,S0,0,0,0,0,0,0,0,0,0,0,0,0,0,0,0,0,0,258,17,1,1,0,0,0.07,0.05,0,255,5,0.02,0.07,0,0,1,1,0,0,anomaly
0,tcp,http,REJ,0,0,0,0,0,0,0,0,0,0,0,0,0,0,0,0,0,266,10,0,0,1,1,0.04,0.06,0,255,10,0.04,0.07,0,0,0,0,1,1,anomaly
0,tcp,private,S0,0,0,0,0,0,0,0,0,0,0,0,0,0,0,0,0,0,188,10,1,1,0,0,0.05,0.06,0,255,18,0.07,0.07,0,0,1,1,0,0,anomaly
0,udp,private,SF,1,0,0,0,0,0,0,0,0,0,0,0,0,0,0,0,0,4,4,0,0,0,0,1,0,0,255,4,0.02,0.21,1,0,0,0,0,0,anomaly
0,icmp,eco_i,SF,18,0,0,0,0,0,0,0,0,0,0,0,0,0,0,0,0,1,1,0,0,0,0,1,0,0,4,56,1,0,1,0.25,0,0,0,0,anomaly
0,icmp,eco_i,SF,8,0,0,0,0,0,0,0,0,0,0,0,0,0,0,0,0,1,14,0,0,0,0,1,0,1,1,3,1,0,1,0.67,0,0,0,0,anomaly
0,icmp,eco_i,SF,8,0,0,0,0,0,0,0,0,0,0,0,0,0,0,0,0,1,28,0,0,0,0,1,0,1,1,77,1,0,1,0.51,0,0,0,0,anomaly
0,tcp,ctf,S0,0,0,0,0,0,0,0,0,0,0,0,0,0,0,0,0,0,205,1,1,1,0,0,0,0.06,0,255,1,0,0.07,0,0,1,1,0,0,anomaly
0,tcp,remote_job,S0,0,0,0,0,0,0,0,0,0,0,0,0,0,0,0,0,0,215,4,1,1,0,0,0.02,0.06,0,255,17,0.07,0.07,0,0,1,1,0,0,anomaly
0,tcp,supdup,S0,0,0,0,0,0,0,0,0,0,0,0,0,0,0,0,0,0,260,14,1,1,0,0,0.05,0.05,0,255,14,0.05,0.05,0,0,1,1,0,0,anomaly
0,tcp,private,S0,0,0,0,0,0,0,0,0,0,0,0,0,0,0,0,0,0,146,5,1,1,0,0,0.03,0.06,0,227,1,0,0.08,0,0,1,1,0,0,anomaly
0,tcp,link,REJ,0,0,0,0,0,0,0,0,0,0,0,0,0,0,0,0,0,246,8,0,0,1,1,0.03,0.07,0,255,8,0.03,0.08,0,0,0,0,1,1,anomaly
0,tcp,private,S0,0,0,0,0,0,0,0,0,0,0,0,0,0,0,0,0,0,278,1,1,1,0,0,0,0.06,0,255,18,0.07,0.06,0,0,1,1,0,0,anomaly
0,tcp,private,S0,0,0,0,0,0,0,0,0,0,0,0,0,0,0,0,0,0,253,18,1,1,0,0,0.07,0.06,0,255,7,0.03,0.07,0,0,1,1,0,0,anomaly
0,tcp,private,S0,0,0,0,0,0,0,0,0,0,0,0,0,0,0,0,0,0,267,4,1,1,0,0,0.01,0.06,0,255,1,0,0.04,0,0,1,1,0,0,anomaly
0,tcp,private,S0,0,0,0,0,0,0,0,0,0,0,0,0,0,0,0,0,0,89,3,1,1,0,0,0.03,0.07,0,255,18,0.07,0.07,0,0,1,1,0,0,anomaly
0,tcp,private,S0,0,0,0,0,0,0,0,0,0,0,0,0,0,0,0,0,0,182,12,1,1,0,0,0.07,0.06,0,255,2,0.01,0.07,0,0,1,1,0,0,anomaly
0,tcp,name,REJ,0,0,0,0,0,0,0,0,0,0,0,0,0,0,0,0,0,266,17,0,0,1,1,0.06,0.06,0,255,17,0.07,0.08,0,0,0,0,1,1,anomaly
0,tcp,private,S0,0,0,0,0,0,0,0,0,0,0,0,0,0,0,0,0,0,27,6,1,1,0,0,0.22,0.22,0,255,6,0.02,0.08,0,0,1,1,0,0,anomaly
0,icmp,eco_i,SF,8,0,0,0,0,0,0,0,0,0,0,0,0,0,0,0,0,1,51,0,0,0,0,1,0,1,2,8,1,0,1,0.5,0,0,0,0,anomaly
0,icmp,ecr_i,SF,520,0,0,0,0,0,0,0,0,0,0,0,0,0,0,0,0,486,486,0,0,0,0,1,0,0,141,141,1,0,1,0,0,0,0,0,anomaly
0,tcp,ftp_data,S0,0,0,0,0,0,0,0,0,0,0,0,0,0,0,0,0,0,7,7,1,1,0,0,1,0,0,255,55,0.22,0.02,0,0,1,1,0,0,anomaly
0,tcp,private,S0,0,0,0,0,0,0,0,0,0,0,0,0,0,0,0,0,0,136,16,1,1,0,0,0.12,0.05,0,255,2,0.01,0.06,0,0,1,1,0,0,anomaly
0,tcp,private,S0,0,0,0,0,0,0,0,0,0,0,0,0,0,0,0,0,0,12,5,1,1,0,0,0.42,0.17,0,255,5,0.02,0.07,0,0,1,1,0,0,anomaly
0,tcp,http_443,S0,0,0,0,0,0,0,0,0,0,0,0,0,0,0,0,0,0,114,1,1,1,0,0,0.01,0.06,0,255,1,0,0.05,0,0,1,1,0,0,anomaly
0,tcp,klogin,S0,0,0,0,0,0,0,0,0,0,0,0,0,0,0,0,0,0,140,4,1,1,0,0,0.03,0.05,0,255,4,0.02,0.05,0,0,1,1,0,0,anomaly
0,tcp,echo,S0,0,0,0,0,0,0,0,0,0,0,0,0,0,0,0,0,0,271,6,1,1,0,0,0.02,0.06,0,255,13,0.05,0.07,0,0,1,1,0,0,anomaly
0,tcp,mtp,S0,0,0,0,0,0,0,0,0,0,0,0,0,0,0,0,0,0,270,5,1,1,0,0,0.02,0.06,0,255,16,0.06,0.07,0,0,1,1,0,0,anomaly
0,icmp,ecr_i,SF,1032,0,0,0,0,0,0,0,0,0,0,0,0,0,0,0,0,511,511,0,0,0,0,1,0,0,255,82,0.32,0.2,0.32,0,0,0,0,0,anomaly
0,udp,other,SF,1,0,0,0,0,0,0,0,0,0,0,0,0,0,0,0,0,5,2,0,0,0,0,0.4,0.4,0,255,2,0.01,0.23,1,0,0,0,0,0,anomaly
0,tcp,Z39_50,S0,0,0,0,0,0,0,0,0,0,0,0,0,0,0,0,0,0,129,18,1,1,0,0,0.14,0.05,0,255,18,0.07,0.05,0,0,1,1,0,0,anomaly
0,icmp,tim_i,SF,564,0,0,0,0,0,0,0,0,0,0,0,0,0,0,0,0,1,1,0,0,0,0,1,0,0,1,1,1,0,1,0,0,0,0,0,anomaly
0,tcp,private,REJ,0,0,0,0,0,0,0,0,0,0,0,0,0,0,0,0,0,94,1,0.07,0,0.93,1,0.01,1,0,255,1,0,0.64,0,0,0.03,0,0.35,1,anomaly
0,tcp,private,S0,0,0,0,0,0,0,0,0,0,0,0,0,0,0,0,0,0,193,9,1,1,0,0,0.05,0.06,0,255,9,0.04,0.06,0,0,1,1,0,0,anomaly
0,tcp,private,S0,0,0,0,0,0,0,0,0,0,0,0,0,0,0,0,0,0,285,5,1,1,0,0,0.02,0.06,0,255,2,0.01,0.09,0,0,1,1,0,0,anomaly
0,tcp,uucp,S0,0,0,0,0,0,0,0,0,0,0,0,0,0,0,0,0,0,134,4,1,1,0,0,0.03,0.06,0,255,4,0.02,0.07,0,0,1,1,0,0,anomaly
0,tcp,supdup,REJ,0,0,0,0,0,0,0,0,0,0,0,0,0,0,0,0,0,226,14,0,0,1,1,0.06,0.07,0,255,14,0.05,0.07,0,0,0,0,1,1,anomaly
0,icmp,ecr_i,SF,1032,0,0,0,0,0,0,0,0,0,0,0,0,0,0,0,0,233,233,0,0,0,0,1,0,0,255,233,0.91,0.01,0.91,0,0,0,0,0,anomaly
0,tcp,private,S0,0,0,0,0,0,0,0,0,0,0,0,0,0,0,0,0,0,263,15,1,1,0,0,0.06,0.06,0,255,7,0.03,0.08,0,0,1,1,0,0,anomaly
0,tcp,private,RSTO,0,0,0,0,0,0,0,0,0,0,0,0,0,0,0,0,0,131,5,0,0,1,1,0.04,0.06,0,255,2,0.01,0.07,0,0,0,0,1,1,anomaly
0,tcp,private,S0,0,0,0,0,0,0,0,0,0,0,0,0,0,0,0,0,0,281,19,1,1,0,0,0.07,0.06,0,255,15,0.06,0.07,0,0,1,1,0,0,anomaly
0,tcp,ftp_data,S0,0,0,0,0,0,0,0,0,0,0,0,0,0,0,0,0,0,46,11,1,1,0,0,0.24,0.09,0,255,65,0.25,0.02,0.02,0,1,1,0,0,anomaly
0,icmp,eco_i,SF,8,0,0,0,0,0,0,0,0,0,0,0,0,0,0,0,0,1,36,0,0,0,0,1,0,1,1,129,1,0,1,0.51,0,0,0,0,anomaly
0,icmp,ecr_i,SF,1032,0,0,0,0,0,0,0,0,0,0,0,0,0,0,0,0,511,511,0,0,0,0,1,0,0,255,227,0.89,0.01,0.89,0,0,0,0,0,anomaly
0,tcp,remote_job,REJ,0,0,0,0,0,0,0,0,0,0,0,0,0,0,0,0,0,1,1,0,0,1,1,1,0,0,255,1,0,1,1,0,0,0,1,1,anomaly
0,tcp,private,S0,0,0,0,0,0,0,0,0,0,0,0,0,0,0,0,0,0,27,16,1,1,0,0,0.59,0.07,0,255,16,0.06,0.07,0,0,1,1,0,0,anomaly
0,tcp,link,REJ,0,0,0,0,0,0,0,0,0,0,0,0,0,0,0,0,0,251,12,0,0,1,1,0.05,0.07,0,255,12,0.05,0.08,0,0,0,0,1,1,anomaly
0,udp,private,SF,1,0,0,0,0,0,0,0,0,0,0,0,0,0,0,0,0,45,20,0,0,0,0,0.44,0.09,0,255,65,0.25,0.27,0.78,0,0.05,0,0.17,0,anomaly
0,icmp,ecr_i,SF,1032,0,0,0,0,0,0,0,0,0,0,0,0,0,0,0,0,202,202,0,0,0,0,1,0,0,255,255,1,0,1,0,0,0,0,0,anomaly
0,udp,private,SF,28,0,0,3,0,0,0,0,0,0,0,0,0,0,0,0,0,17,17,0,0,0,0,1,0,0,255,17,0.07,0.02,0.07,0,0,0,0,0,anomaly
0,icmp,ecr_i,SF,1032,0,0,0,0,0,0,0,0,0,0,0,0,0,0,0,0,486,486,0,0,0,0,1,0,0,255,255,1,0,1,0,0,0,0,0,anomaly
0,icmp,ecr_i,SF,1032,0,0,0,0,0,0,0,0,0,0,0,0,0,0,0,0,511,511,0,0,0,0,1,0,0,255,186,0.73,0.01,0.73,0,0,0,0,0,anomaly
0,tcp,sql_net,S0,0,0,0,0,0,0,0,0,0,0,0,0,0,0,0,0,0,184,14,1,1,0,0,0.08,0.07,0,255,14,0.05,0.08,0,0,1,1,0,0,anomaly
0,icmp,eco_i,SF,8,0,0,0,0,0,0,0,0,0,0,0,0,0,0,0,0,1,9,0,0,0,0,1,0,1,2,138,1,0,1,0.25,0,0,0,0,anomaly
0,tcp,private,REJ,0,0,0,0,0,0,0,0,0,0,0,0,0,0,0,0,0,233,11,0,0,1,1,0.05,0.07,0,255,11,0.04,0.07,0,0,0,0,1,1,anomaly
0,icmp,eco_i,SF,8,0,0,0,0,0,0,0,0,0,0,0,0,0,0,0,0,1,23,0,0,0,0,1,0,1,2,78,1,0,1,0.26,0,0,0,0,anomaly
0,udp,private,SF,1,0,0,0,0,0,0,0,0,0,0,0,0,0,0,0,0,4,4,0,0,0,0,1,0,0,255,4,0.02,0.21,1,0,0,0,0,0,anomaly
0,icmp,eco_i,SF,18,0,0,0,0,0,0,0,0,0,0,0,0,0,0,0,0,1,1,0,0,0,0,1,0,0,3,239,1,0,1,0.25,0,0,0,0,anomaly
0,icmp,eco_i,SF,18,0,0,0,0,0,0,0,0,0,0,0,0,0,0,0,0,1,1,0,0,0,0,1,0,0,3,27,1,0,1,0.26,0,0,0,0,anomaly
0,tcp,private,S0,0,0,0,0,0,0,0,0,0,0,0,0,0,0,0,0,0,122,16,1,1,0,0,0.13,0.07,0,255,2,0.01,0.07,0,0,1,1,0,0,anomaly
0,tcp,vmnet,S0,0,0,0,0,0,0,0,0,0,0,0,0,0,0,0,0,0,208,21,1,1,0,0,0.1,0.05,0,255,21,0.08,0.05,0,0,1,1,0,0,anomaly
0,tcp,private,S0,0,0,0,0,0,0,0,0,0,0,0,0,0,0,0,0,0,197,25,1,1,0,0,0.13,0.05,0,255,25,0.1,0.05,0,0,1,1,0,0,anomaly
1,tcp,ftp,SF,1255,2451,0,0,0,28,0,1,0,0,0,0,0,0,0,0,1,1,1,0,0,0,0,1,0,0,255,133,0.52,0.02,0,0,0,0,0,0,anomaly
0,udp,private,SF,100,0,0,0,0,0,0,0,0,0,0,0,0,0,0,0,0,3,3,0,0,0,0,1,0,0,34,4,0.12,0.06,0.12,0,0,0,0,0,anomaly
0,tcp,http,SF,54540,8314,0,0,0,2,0,1,1,0,0,0,0,0,0,0,0,4,4,0,0,0,0,1,0,0,118,118,1,0,0.01,0,0,0,0.04,0.04,anomaly
0,tcp,private,RSTR,0,0,0,0,0,0,0,0,0,0,0,0,0,0,0,0,0,1,1,0,0,1,1,1,0,0,187,1,0.01,0.48,0.48,0,0,0,0.47,1,anomaly
0,tcp,private,S0,0,0,0,0,0,0,0,0,0,0,0,0,0,0,0,0,0,131,14,1,1,0,0,0.11,0.06,0,131,14,0.11,0.08,0.01,0,1,1,0,0,anomaly
0,tcp,private,S0,0,0,0,0,0,0,0,0,0,0,0,0,0,0,0,0,0,275,13,1,1,0,0,0.05,0.06,0,255,11,0.04,0.05,0,0,1,1,0,0,anomaly
0,tcp,private,S0,0,0,0,0,0,0,0,0,0,0,0,0,0,0,0,0,0,85,19,1,1,0,0,0.22,0.06,0,255,6,0.02,0.07,0,0,1,1,0,0,anomaly
0,tcp,http_443,S0,0,0,0,0,0,0,0,0,0,0,0,0,0,0,0,0,0,141,17,1,1,0,0,0.12,0.06,0,255,17,0.07,0.06,0,0,1,1,0,0,anomaly
0,tcp,private,S0,0,0,0,0,0,0,0,0,0,0,0,0,0,0,0,0,0,127,14,0.99,1,0,0,0.11,0.06,0,255,14,0.05,0.05,0,0,1,1,0,0,anomaly
0,tcp,courier,S0,0,0,0,0,0,0,0,0,0,0,0,0,0,0,0,0,0,102,2,1,1,0,0,0.02,0.07,0,255,2,0.01,0.09,0,0,1,1,0,0,anomaly
0,tcp,time,S0,0,0,0,0,0,0,0,0,0,0,0,0,0,0,0,0,0,205,1,1,1,0,0,0,0.07,0,255,1,0,0.08,0,0,1,1,0,0,anomaly
0,tcp,private,REJ,0,0,0,0,0,0,0,0,0,0,0,0,0,0,0,0,0,92,18,0,0,1,1,0.2,0.05,0,255,18,0.07,0.06,0,0,0,0,1,1,anomaly
0,tcp,private,REJ,0,0,0,0,0,0,0,0,0,0,0,0,0,0,0,0,0,2,1,0,0,1,1,0.5,1,0,255,1,0,0.32,0.25,0,0.27,0,0.26,1,anomaly
0,tcp,iso_tsap,S0,0,0,0,0,0,0,0,0,0,0,0,0,0,0,0,0,0,273,7,1,1,0,0,0.03,0.06,0,255,7,0.03,0.07,0,0,1,1,0,0,anomaly
0,icmp,eco_i,SF,8,0,0,0,0,0,0,0,0,0,0,0,0,0,0,0,0,1,38,0,0,0,0,1,0,1,1,60,1,0,1,0.52,0,0,0,0,anomaly
0,tcp,ftp_data,S0,0,0,0,0,0,0,0,0,0,0,0,0,0,0,0,0,0,7,1,1,1,0,0,0.14,0.43,0,249,61,0.24,0.02,0,0,0.99,1,0,0,anomaly
0,tcp,Z39_50,S0,0,0,0,0,0,0,0,0,0,0,0,0,0,0,0,0,0,276,4,1,1,0,0,0.01,0.06,0,255,19,0.07,0.06,0,0,1,1,0,0,anomaly
39910,tcp,private,RSTR,1,0,0,0,0,0,0,0,0,0,0,0,0,0,0,0,0,2,2,0,0,1,1,1,0,0,255,2,0.01,0.5,1,0,0,0,1,1,anomaly
0,icmp,eco_i,SF,18,0,0,0,0,0,0,0,0,0,0,0,0,0,0,0,0,1,1,0,0,0,0,1,0,0,1,234,1,0,1,1,0,0,0,0,anomaly
0,tcp,private,REJ,0,0,0,0,0,0,0,0,0,0,0,0,0,0,0,0,0,1,1,0,0,1,1,1,0,0,27,2,0.04,1,0.04,1,0,0,0.89,1,anomaly
0,tcp,systat,S0,0,0,0,0,0,0,0,0,0,0,0,0,0,0,0,0,0,194,7,1,1,0,0,0.04,0.08,0,255,7,0.03,0.07,0,0,1,1,0,0,anomaly
0,tcp,netstat,S0,0,0,0,0,0,0,0,0,0,0,0,0,0,0,0,0,0,256,2,1,1,0,0,0.01,0.07,0,255,2,0.01,0.07,0,0,1,1,0,0,anomaly
0,tcp,finger,S0,0,0,0,0,0,0,0,0,0,0,0,0,0,0,0,0,0,14,14,1,1,0,0,1,0,0,74,20,0.19,0.05,0.01,0.1,1,0.7,0,0,anomaly
39103,tcp,private,RSTR,1,0,0,0,0,0,0,0,0,0,0,0,0,0,0,0,0,2,2,0,0,1,1,1,0,0,255,2,0.01,0.51,1,0,0,0,1,1,anomaly
0,tcp,private,REJ,0,0,0,0,0,0,0,0,0,0,0,0,0,0,0,0,0,87,8,0,0,1,1,0.09,0.07,0,255,8,0.03,0.07,0,0,0,0,1,1,anomaly
0,tcp,private,S0,0,0,0,0,0,0,0,0,0,0,0,0,0,0,0,0,0,121,8,1,1,0,0,0.07,0.07,0,255,15,0.06,0.06,0,0,1,1,0,0,anomaly
0,tcp,echo,S0,0,0,0,0,0,0,0,0,0,0,0,0,0,0,0,0,0,170,11,1,1,0,0,0.06,0.06,0,255,11,0.04,0.06,0,0,1,1,0,0,anomaly
3,tcp,private,RSTR,0,0,0,0,0,0,0,0,0,0,0,0,0,0,0,0,0,323,2,0,0,1,1,0.01,0.52,0,255,2,0.01,0.52,1,0,0,0,1,1,anomaly
0,tcp,bgp,S0,0,0,0,0,0,0,0,0,0,0,0,0,0,0,0,0,0,124,2,1,1,0,0,0.02,0.07,0,255,17,0.07,0.07,0,0,1,1,0,0,anomaly
0,tcp,finger,S0,0,0,0,0,0,0,0,0,0,0,0,0,0,0,0,0,0,292,12,1,1,0,0,0.04,0.05,0,255,12,0.05,0.05,0,0,1,1,0,0,anomaly
0,tcp,private,REJ,0,0,0,0,0,0,0,0,0,0,0,0,0,0,0,0,0,124,1,0.01,0,0.94,1,0.01,1,0,249,1,0,0.53,0,0,0,0,0.48,1,anomaly
0,tcp,daytime,S0,0,0,0,0,0,0,0,0,0,0,0,0,0,0,0,0,0,181,21,1,1,0,0,0.12,0.06,0,255,21,0.08,0.05,0,0,1,1,0,0,anomaly
0,tcp,ftp_data,S0,0,0,0,0,0,0,0,0,0,0,0,0,0,0,0,0,0,236,8,1,1,0,0,0.03,0.06,0,255,8,0.03,0.07,0,0,1,1,0,0,anomaly
0,tcp,private,REJ,0,0,0,0,0,0,0,0,0,0,0,0,0,0,0,0,0,76,1,0.09,0,0.91,1,0.01,1,0,255,1,0,0.57,0,0,0.03,0,0.28,1,anomaly
0,tcp,time,S0,0,0,0,0,0,0,0,0,0,0,0,0,0,0,0,0,0,277,19,1,1,0,0,0.07,0.05,0,255,19,0.07,0.07,0,0,1,1,0,0,anomaly
0,tcp,private,RSTR,0,0,0,0,0,0,0,0,0,0,0,0,0,0,0,0,0,1,1,0,0,1,1,1,0,0,221,1,0,0.24,0.46,0,0,0,0.46,1,anomaly
0,tcp,imap4,S0,0,0,0,0,0,0,0,0,0,0,0,0,0,0,0,0,0,260,21,1,1,0,0,0.08,0.05,0,255,21,0.08,0.05,0,0,1,1,0,0,anomaly
0,tcp,netbios_ns,S0,0,0,0,0,0,0,0,0,0,0,0,0,0,0,0,0,0,300,7,1,1,0,0,0.02,0.06,0,255,6,0.02,0.07,0,0,1,1,0,0,anomaly
0,udp,private,SF,1,0,0,0,0,0,0,0,0,0,0,0,0,0,0,0,0,1,1,0,0,0,0,1,0,0,255,1,0,0.21,1,0,0,0,0,0,anomaly
0,tcp,gopher,S0,0,0,0,0,0,0,0,0,0,0,0,0,0,0,0,0,0,234,7,1,1,0,0,0.03,0.08,0,255,7,0.03,0.07,0,0,1,1,0,0,anomaly
0,tcp,time,S0,0,0,0,0,0,0,0,0,0,0,0,0,0,0,0,0,0,298,17,1,1,0,0,0.06,0.05,0,255,3,0.01,0.09,0,0,1,1,0,0,anomaly
0,tcp,uucp_path,S0,0,0,0,0,0,0,0,0,0,0,0,0,0,0,0,0,0,221,14,1,1,0,0,0.06,0.05,0,255,14,0.05,0.05,0,0,1,1,0,0,anomaly
0,udp,private,SF,1,0,0,0,0,0,0,0,0,0,0,0,0,0,0,0,0,11,11,0,0,0,0,1,0,0,79,11,0.14,0.06,0.18,0,0,0,0,0,anomaly
0,tcp,mtp,REJ,0,0,0,0,0,0,0,0,0,0,0,0,0,0,0,0,0,287,16,0,0,1,1,0.06,0.06,0,255,16,0.06,0.07,0,0,0,0,1,1,anomaly
0,tcp,bgp,S0,0,0,0,0,0,0,0,0,0,0,0,0,0,0,0,0,0,232,3,1,1,0,0,0.01,0.06,0,255,3,0.01,0.06,0,0,1,1,0,0,anomaly
0,udp,private,SF,28,0,0,3,0,0,0,0,0,0,0,0,0,0,0,0,0,69,69,0,0,0,0,1,0,0,255,169,0.66,0.34,0.66,0,0.09,0,0.25,0,anomaly
0,tcp,mtp,S0,0,0,0,0,0,0,0,0,0,0,0,0,0,0,0,0,0,221,1,1,1,0,0,0,0.06,0,255,1,0,0.06,0,0,1,1,0,0,anomaly
0,icmp,eco_i,SF,8,0,0,0,0,0,0,0,0,0,0,0,0,0,0,0,0,1,6,0,0,0,0,1,0,1,1,255,1,0,1,0.25,0,0,0,0,anomaly
0,tcp,auth,S0,0,0,0,0,0,0,0,0,0,0,0,0,0,0,0,0,0,245,2,1,1,0,0,0.01,0.05,0,255,2,0.01,0.05,0,0,1,1,0,0,anomaly
0,tcp,private,S0,0,0,0,0,0,0,0,0,0,0,0,0,0,0,0,0,0,6,6,1,1,0,0,1,0,0,255,6,0.02,0.08,0,0,1,1,0,0,anomaly
0,tcp,klogin,S0,0,0,0,0,0,0,0,0,0,0,0,0,0,0,0,0,0,148,18,1,1,0,0,0.12,0.05,0,255,17,0.07,0.07,0,0,1,1,0,0,anomaly
0,udp,private,SF,1,0,0,0,0,0,0,0,0,0,0,0,0,0,0,0,0,43,8,0,0,0,0,0.19,0.09,0,255,18,0.07,0.61,0.42,0,0.16,0,0.42,0,anomaly
0,tcp,nntp,S0,0,0,0,0,0,0,0,0,0,0,0,0,0,0,0,0,0,231,23,1,1,0,0,0.1,0.05,0,255,23,0.09,0.06,0,0,1,1,0,0,anomaly
0,tcp,ftp_data,S0,0,0,0,0,0,0,0,0,0,0,0,0,0,0,0,0,0,80,20,1,1,0,0,0.25,0.05,0,255,60,0.24,0.03,0,0,1,1,0,0,anomaly
0,tcp,whois,S0,0,0,0,0,0,0,0,0,0,0,0,0,0,0,0,0,0,267,19,1,1,0,0,0.07,0.05,0,255,19,0.07,0.05,0,0,1,1,0,0,anomaly
0,icmp,ecr_i,SF,520,0,0,0,0,0,0,0,0,0,0,0,0,0,0,0,0,434,434,0,0,0,0,1,0,0,30,30,1,0,1,0,0,0,0,0,anomaly
0,icmp,eco_i,SF,8,0,0,0,0,0,0,0,0,0,0,0,0,0,0,0,0,1,42,0,0,0,0,1,0,1,1,1,1,0,1,0,0,0,0,0,anomaly
0,tcp,efs,S0,0,0,0,0,0,0,0,0,0,0,0,0,0,0,0,0,0,148,19,1,1,0,0,0.13,0.06,0,255,19,0.07,0.07,0,0,1,1,0,0,anomaly
0,icmp,eco_i,SF,8,0,0,0,0,0,0,0,0,0,0,0,0,0,0,0,0,1,2,0,0,0,0,1,0,1,2,2,1,0,1,0,0,0,0,0,anomaly
0,tcp,bgp,S0,0,0,0,0,0,0,0,0,0,0,0,0,0,0,0,0,0,291,3,1,1,0,0,0.01,0.05,0,255,5,0.02,0.07,0,0,1,1,0,0,anomaly
0,tcp,vmnet,S0,0,0,0,0,0,0,0,0,0,0,0,0,0,0,0,0,0,274,18,1,1,0,0,0.07,0.05,0,255,18,0.07,0.05,0,0,1,1,0,0,anomaly
0,tcp,domain,S0,0,0,0,0,0,0,0,0,0,0,0,0,0,0,0,0,0,263,23,1,1,0,0,0.09,0.05,0,255,23,0.09,0.05,0,0,1,1,0,0,anomaly
0,tcp,ftp,S0,0,0,0,0,0,0,0,0,0,0,0,0,0,0,0,0,0,249,12,1,1,0,0,0.05,0.06,0,255,3,0.01,0.07,0,0,1,1,0,0,anomaly
0,tcp,private,S0,0,0,0,0,0,0,0,0,0,0,0,0,0,0,0,0,0,146,18,1,1,0,0,0.12,0.06,0,255,1,0,0.07,0,0,1,1,0,0,anomaly
0,tcp,whois,REJ,0,0,0,0,0,0,0,0,0,0,0,0,0,0,0,0,0,226,14,0,0,1,1,0.06,0.07,0,255,14,0.05,0.08,0,0,0,0,1,1,anomaly
0,tcp,http,SF,54540,8314,0,0,0,2,0,1,1,0,0,0,0,0,0,0,0,3,3,0,0,0,0,1,0,0,41,41,1,0,0.02,0,0.02,0.02,0.02,0.02,anomaly
0,icmp,eco_i,SF,8,0,0,0,0,0,0,0,0,0,0,0,0,0,0,0,0,1,20,0,0,0,0,1,0,1,1,25,1,0,1,0.28,0,0,0,0,anomaly
0,tcp,http_443,REJ,0,0,0,0,0,0,0,0,0,0,0,0,0,0,0,0,0,102,2,0,0,1,1,0.02,0.07,0,255,2,0.01,0.06,0,0,0,0,1,1,anomaly
0,tcp,Z39_50,S0,0,0,0,0,0,0,0,0,0,0,0,0,0,0,0,0,0,198,13,1,1,0,0,0.07,0.06,0,255,12,0.05,0.07,0,0,1,1,0,0,anomaly
0,tcp,netbios_ns,S0,0,0,0,0,0,0,0,0,0,0,0,0,0,0,0,0,0,264,20,1,1,0,0,0.08,0.06,0,255,18,0.07,0.07,0,0,1,1,0,0,anomaly
0,tcp,private,S0,0,0,0,0,0,0,0,0,0,0,0,0,0,0,0,0,0,124,20,1,1,0,0,0.16,0.06,0,255,3,0.01,0.06,0,0,1,1,0,0,anomaly
0,tcp,time,RSTO,0,0,0,0,0,0,0,0,0,0,0,0,0,0,0,0,0,122,7,0,0,1,1,0.06,0.07,0,255,7,0.03,0.07,0,0,0,0,1,1,anomaly
0,tcp,bgp,S0,0,0,0,0,0,0,0,0,0,0,0,0,0,0,0,0,0,256,9,1,1,0,0,0.04,0.05,0,255,9,0.04,0.05,0,0,1,1,0,0,anomaly
0,icmp,eco_i,SF,8,0,0,0,0,0,0,0,0,0,0,0,0,0,0,0,0,1,51,0,0,0,0,1,0,1,3,183,1,0,1,0.25,0,0,0,0,anomaly
0,tcp,ftp,S0,0,0,0,0,0,0,0,0,0,0,0,0,0,0,0,0,0,287,19,1,1,0,0,0.07,0.06,0,255,19,0.07,0.06,0,0,1,1,0,0,anomaly
0,tcp,finger,S0,0,0,0,0,0,0,0,0,0,0,0,0,0,0,0,0,0,30,8,0.93,1,0.07,0,0.27,0.13,0,255,8,0.03,0.06,0.01,0,1,1,0,0,anomaly
0,tcp,private,S0,0,0,0,0,0,0,0,0,0,0,0,0,0,0,0,0,0,101,20,1,1,0,0,0.2,0.06,0,121,20,0.17,0.12,0.01,0,1,1,0,0,anomaly
0,tcp,private,REJ,0,0,0,0,0,0,0,0,0,0,0,0,0,0,0,0,0,2,1,0,0,1,1,0.5,1,0,255,1,0,0.38,0.32,0,0.2,0,0.33,1,anomaly
0,tcp,private,S0,0,0,0,0,0,0,0,0,0,0,0,0,0,0,0,0,0,183,6,1,1,0,0,0.03,0.07,0,255,6,0.02,0.07,0,0,1,1,0,0,anomaly
0,icmp,eco_i,SF,8,0,0,0,0,0,0,0,0,0,0,0,0,0,0,0,0,1,26,0,0,0,0,1,0,1,2,35,1,0,1,0.51,0,0,0,0,anomaly
0,tcp,echo,RSTO,0,0,0,0,0,0,0,0,0,0,0,0,0,0,0,0,0,197,5,0,0,1,1,0.03,0.07,0,255,5,0.02,0.07,0,0,0,0,1,1,anomaly
0,tcp,private,REJ,0,0,0,0,0,0,0,0,0,0,0,0,0,0,0,0,0,115,9,0,0,1,1,0.08,0.06,0,255,9,0.04,0.07,0,0,0,0,1,1,anomaly
0,tcp,ftp_data,S0,0,0,0,0,0,0,0,0,0,0,0,0,0,0,0,0,0,278,19,1,1,0,0,0.07,0.06,0,255,19,0.07,0.07,0,0,1,1,0,0,anomaly
0,udp,other,SF,1,0,0,0,0,0,0,0,0,0,0,0,0,0,0,0,0,24,2,0,0,0,0,0.08,0.25,0,255,2,0.01,0.22,0.65,0,0,0,0.29,0,anomaly
0,tcp,mtp,REJ,0,0,0,0,0,0,0,0,0,0,0,0,0,0,0,0,0,267,6,0,0,1,1,0.02,0.06,0,255,6,0.02,0.08,0,0,0,0,1,1,anomaly
0,tcp,login,S0,0,0,0,0,0,0,0,0,0,0,0,0,0,0,0,0,0,117,17,1,1,0,0,0.15,0.07,0,255,10,0.04,0.06,0,0,1,1,0,0,anomaly
0,tcp,supdup,S0,0,0,0,0,0,0,0,0,0,0,0,0,0,0,0,0,0,260,15,1,1,0,0,0.06,0.05,0,255,15,0.06,0.05,0,0,1,1,0,0,anomaly
0,tcp,private,S0,0,0,0,0,0,0,0,0,0,0,0,0,0,0,0,0,0,155,20,1,1,0,0,0.13,0.06,0,255,20,0.08,0.07,0,0,1,1,0,0,anomaly
0,tcp,telnet,S0,0,0,0,0,0,0,0,0,0,0,0,0,0,0,0,0,0,13,13,1,1,0,0,1,0,0,135,75,0.56,0.01,0.01,0,0.99,0.97,0,0,anomaly
0,tcp,uucp,S0,0,0,0,0,0,0,0,0,0,0,0,0,0,0,0,0,0,137,7,1,1,0,0,0.05,0.06,0,255,7,0.03,0.07,0,0,1,1,0,0,anomaly
0,tcp,courier,S0,0,0,0,0,0,0,0,0,0,0,0,0,0,0,0,0,0,137,25,1,1,0,0,0.18,0.05,0,255,25,0.1,0.05,0,0,1,1,0,0,anomaly
21123,tcp,private,RSTR,1,0,0,0,0,0,0,0,0,0,0,0,0,0,0,0,0,2,2,0,0,1,1,1,0,0,255,2,0.01,0.64,1,0,0,0,1,1,anomaly
0,tcp,courier,S0,0,0,0,0,0,0,0,0,0,0,0,0,0,0,0,0,0,111,9,1,1,0,0,0.08,0.06,0,255,9,0.04,0.05,0,0,1,1,0,0,anomaly
0,tcp,private,REJ,0,0,0,0,0,0,0,0,0,0,0,0,0,0,0,0,0,130,1,0.01,0,0.92,1,0.01,1,0,255,1,0,0.52,0,0,0,0,0.47,1,anomaly
0,udp,private,SF,1,0,0,0,0,0,0,0,0,0,0,0,0,0,0,0,0,17,2,0,0,0,0,0.12,0.18,0,255,2,0.01,0.49,0.56,0,0.03,0,0.41,0,anomaly
0,icmp,eco_i,SF,8,0,0,0,0,0,0,0,0,0,0,0,0,0,0,0,0,1,23,0,0,0,0,1,0,1,2,80,1,0,1,0.5,0,0,0,0,anomaly
0,icmp,eco_i,SF,8,0,0,0,0,0,0,0,0,0,0,0,0,0,0,0,0,1,33,0,0,0,0,1,0,1,1,181,1,0,1,0.25,0,0,0,0,anomaly
0,tcp,kshell,S0,0,0,0,0,0,0,0,0,0,0,0,0,0,0,0,0,0,31,15,1,1,0,0,0.48,0.1,0,255,15,0.06,0.07,0,0,1,1,0,0,anomaly
0,tcp,private,S0,0,0,0,0,0,0,0,0,0,0,0,0,0,0,0,0,0,192,24,1,1,0,0,0.12,0.05,0,255,24,0.09,0.05,0,0,1,1,0,0,anomaly
0,tcp,private,S0,0,0,0,0,0,0,0,0,0,0,0,0,0,0,0,0,0,227,25,1,1,0,0,0.11,0.06,0,255,25,0.1,0.06,0,0,1,1,0,0,anomaly
0,tcp,private,REJ,0,0,0,0,0,0,0,0,0,0,0,0,0,0,0,0,0,100,10,0,0,1,1,0.1,0.07,0,255,10,0.04,0.07,0,0,0,0,1,1,anomaly
13488,tcp,other,RSTR,1,0,0,0,0,0,0,0,0,0,0,0,0,0,0,0,0,2,2,0,0,1,1,1,0,0,255,2,0.01,0.68,1,0,0,0,1,1,anomaly
0,tcp,http,REJ,0,0,0,0,0,0,0,0,0,0,0,0,0,0,0,0,0,220,9,0,0,1,1,0.04,0.07,0,255,9,0.04,0.09,0,0,0,0,1,1,anomaly
0,udp,private,SF,1,74,0,0,0,0,0,0,0,0,0,0,0,0,0,0,0,29,15,0,0,0,0,0.52,0.1,0,255,15,0.06,0.75,0.27,0,0.16,0,0.57,0,anomaly
0,tcp,private,S0,0,0,0,0,0,0,0,0,0,0,0,0,0,0,0,0,0,240,9,1,1,0,0,0.04,0.07,0,255,9,0.04,0.07,0,0,1,1,0,0,anomaly
0,icmp,eco_i,SF,8,0,0,0,0,0,0,0,0,0,0,0,0,0,0,0,0,1,49,0,0,0,0,1,0,1,2,25,1,0,1,0.52,0,0,0,0,anomaly
0,icmp,eco_i,SF,8,0,0,0,0,0,0,0,0,0,0,0,0,0,0,0,0,1,36,0,0,0,0,1,0,1,1,129,1,0,1,0.51,0,0,0,0,anomaly
0,icmp,eco_i,SF,8,0,0,0,0,0,0,0,0,0,0,0,0,0,0,0,0,1,9,0,0,0,0,1,0,1,2,13,1,0,1,0.54,0,0,0,0,anomaly
0,icmp,ecr_i,SF,1032,0,0,0,0,0,0,0,0,0,0,0,0,0,0,0,0,158,158,0,0,0,0,1,0,0,255,255,1,0,1,0,0,0,0,0,anomaly
0,tcp,efs,S0,0,0,0,0,0,0,0,0,0,0,0,0,0,0,0,0,0,140,6,1,1,0,0,0.04,0.05,0,255,6,0.02,0.05,0,0,1,1,0,0,anomaly
0,tcp,private,RSTR,0,0,0,0,0,0,0,0,0,0,0,0,0,0,0,0,0,1,1,0,0,1,1,1,0,0,199,1,0.01,0.18,0.16,0,0,0,0.17,1,anomaly
0,tcp,time,S0,0,0,0,0,0,0,0,0,0,0,0,0,0,0,0,0,0,227,15,1,1,0,0,0.07,0.05,0,255,15,0.06,0.06,0,0,1,1,0,0,anomaly
0,icmp,eco_i,SF,8,0,0,0,0,0,0,0,0,0,0,0,0,0,0,0,0,1,49,0,0,0,0,1,0,1,1,135,1,0,1,0.5,0,0,0,0,anomaly
0,tcp,uucp,S0,0,0,0,0,0,0,0,0,0,0,0,0,0,0,0,0,0,126,2,1,1,0,0,0.02,0.06,0,255,7,0.03,0.06,0,0,1,1,0,0,anomaly
0,tcp,uucp,S0,0,0,0,0,0,0,0,0,0,0,0,0,0,0,0,0,0,116,16,1,1,0,0,0.14,0.06,0,255,18,0.07,0.05,0,0,1,1,0,0,anomaly
0,tcp,private,S0,0,0,0,0,0,0,0,0,0,0,0,0,0,0,0,0,0,112,9,1,1,0,0,0.08,0.06,0,255,9,0.04,0.08,0,0,1,1,0,0,anomaly
0,icmp,eco_i,SF,8,0,0,0,0,0,0,0,0,0,0,0,0,0,0,0,0,1,45,0,0,0,0,1,0,1,1,75,1,0,1,0.51,0,0,0,0,anomaly
0,icmp,ecr_i,SF,1032,0,0,0,0,0,0,0,0,0,0,0,0,0,0,0,0,511,511,0,0,0,0,1,0,0,255,28,0.11,0.05,0.11,0,0.31,0,0.02,0,anomaly
0,tcp,private,RSTR,0,0,0,0,0,0,0,0,0,0,0,0,0,0,0,0,0,1,1,0,0,1,1,1,0,0,255,1,0,1,1,0,0,0,1,1,anomaly
0,tcp,other,REJ,0,0,0,0,0,0,0,0,0,0,0,0,0,0,0,0,0,511,1,0.07,0,0.93,1,0,1,0,255,1,0,1,0,0,0.01,0,0.99,1,anomaly
0,tcp,uucp,S0,0,0,0,0,0,0,0,0,0,0,0,0,0,0,0,0,0,149,17,1,1,0,0,0.11,0.05,0,255,1,0,0.07,0,0,1,1,0,0,anomaly
0,tcp,systat,S0,0,0,0,0,0,0,0,0,0,0,0,0,0,0,0,0,0,270,9,1,1,0,0,0.03,0.06,0,255,20,0.08,0.07,0,0,1,1,0,0,anomaly
0,icmp,eco_i,SF,18,0,0,0,0,0,0,0,0,0,0,0,0,0,0,0,0,1,1,0,0,0,0,1,0,0,3,51,1,0,1,0.25,0,0,0,0,anomaly
0,tcp,private,REJ,0,0,0,0,0,0,0,0,0,0,0,0,0,0,0,0,0,2,1,0,0,1,1,0.5,1,0,255,1,0,0.77,0.75,0,0,0,0.75,1,anomaly
0,tcp,private,S0,0,0,0,0,0,0,0,0,0,0,0,0,0,0,0,0,0,145,12,1,1,0,0,0.08,0.06,0,255,3,0.01,0.06,0,0,1,1,0,0,anomaly
0,icmp,ecr_i,SF,1480,0,0,1,0,0,0,0,0,0,0,0,0,0,0,0,0,5,5,0,0,0,0,1,0,0,255,5,0.02,0.02,0.02,0,0,0,0,0,anomaly
0,tcp,mtp,S0,0,0,0,0,0,0,0,0,0,0,0,0,0,0,0,0,0,271,6,1,1,0,0,0.02,0.06,0,255,6,0.02,0.09,0,0,1,1,0,0,anomaly
0,udp,private,SF,1,0,0,0,0,0,0,0,0,0,0,0,0,0,0,0,0,52,25,0,0,0,0,0.48,0.08,0,255,91,0.36,0.06,1,0,0,0,0,0,anomaly
0,tcp,efs,S0,0,0,0,0,0,0,0,0,0,0,0,0,0,0,0,0,0,126,1,1,1,0,0,0.01,0.06,0,255,20,0.08,0.07,0,0,1,1,0,0,anomaly
0,tcp,imap4,S0,0,0,0,0,0,0,0,0,0,0,0,0,0,0,0,0,0,205,19,1,1,0,0,0.09,0.06,0,255,19,0.07,0.05,0,0,1,1,0,0,anomaly
38776,tcp,bgp,RSTR,1,0,0,0,0,0,0,0,0,0,0,0,0,0,0,0,0,2,2,0,0,1,1,1,0,0,255,2,0.01,0.51,1,0,0,0,1,1,anomaly
0,tcp,netstat,S0,0,0,0,0,0,0,0,0,0,0,0,0,0,0,0,0,0,10,3,1,1,0,0,0.3,0.4,0,255,12,0.05,0.09,0,0,1,1,0,0,anomaly
0,tcp,nntp,S0,0,0,0,0,0,0,0,0,0,0,0,0,0,0,0,0,0,288,25,1,1,0,0,0.09,0.05,0,255,25,0.1,0.05,0,0,1,1,0,0,anomaly
0,tcp,ftp,S0,0,0,0,0,0,0,0,0,0,0,0,0,0,0,0,0,0,49,5,1,1,0,0,0.1,0.12,0,255,5,0.02,0.09,0,0,1,1,0,0,anomaly
0,tcp,private,S0,0,0,0,0,0,0,0,0,0,0,0,0,0,0,0,0,0,113,7,1,1,0,0,0.06,0.07,0,112,7,0.06,0.09,0.01,0,1,1,0,0,anomaly
0,tcp,whois,S0,0,0,0,0,0,0,0,0,0,0,0,0,0,0,0,0,0,203,1,1,1,0,0,0,0.06,0,255,2,0.01,0.09,0,0,1,1,0,0,anomaly
0,tcp,private,S0,0,0,0,0,0,0,0,0,0,0,0,0,0,0,0,0,0,148,19,1,1,0,0,0.13,0.06,0,255,1,0,0.07,0,0,1,1,0,0,anomaly
0,tcp,private,S0,0,0,0,0,0,0,0,0,0,0,0,0,0,0,0,0,0,258,14,1,1,0,0,0.05,0.07,0,255,28,0.11,0.07,0,0,1,1,0,0,anomaly
0,icmp,ecr_i,SF,1032,0,0,0,0,0,0,0,0,0,0,0,0,0,0,0,0,511,511,0,0,0,0,1,0,0,111,17,0.15,0.06,0.15,0,0.02,0,0.57,0,anomaly
0,tcp,netbios_ns,REJ,0,0,0,0,0,0,0,0,0,0,0,0,0,0,0,0,0,184,17,0,0,1,1,0.09,0.07,0,255,17,0.07,0.07,0,0,0,0,1,1,anomaly
0,tcp,private,REJ,0,0,0,0,0,0,0,0,0,0,0,0,0,0,0,0,0,2,1,0,0,1,1,0.5,1,0,255,1,0,0.49,0.47,0,0,0,0.47,1,anomaly
0,tcp,vmnet,S0,0,0,0,0,0,0,0,0,0,0,0,0,0,0,0,0,0,110,18,1,1,0,0,0.16,0.06,0,255,17,0.07,0.07,0,0,1,1,0,0,anomaly
0,icmp,ecr_i,SF,1032,0,0,0,0,0,0,0,0,0,0,0,0,0,0,0,0,511,511,0,0,0,0,1,0,0,152,7,0.05,0.02,0.05,0,0,0,0,0,anomaly
0,tcp,courier,S0,0,0,0,0,0,0,0,0,0,0,0,0,0,0,0,0,0,118,11,1,1,0,0,0.09,0.06,0,255,11,0.04,0.07,0,0,1,1,0,0,anomaly
0,tcp,uucp,S0,0,0,0,0,0,0,0,0,0,0,0,0,0,0,0,0,0,108,8,1,1,0,0,0.07,0.06,0,255,8,0.03,0.05,0,0,1,1,0,0,anomaly
0,tcp,telnet,S0,0,0,0,0,0,0,0,0,0,0,0,0,0,0,0,0,0,10,9,0.9,1,0,0,0.9,0.2,0,9,10,1,0,0.11,0.2,1,0.9,0,0,anomaly
0,tcp,other,REJ,0,0,0,0,0,0,0,0,0,0,0,0,0,0,0,0,0,511,1,0.07,0,0.92,1,0,0.96,0,255,1,0,0.91,0,0,0.05,0,0.95,1,anomaly
0,icmp,ecr_i,SF,1032,0,0,0,0,0,0,0,0,0,0,0,0,0,0,0,0,511,511,0,0,0,0,1,0,0,255,64,0.25,0.04,0.25,0,0.17,0,0.02,0,anomaly
0,tcp,private,REJ,0,0,0,0,0,0,0,0,0,0,0,0,0,0,0,0,0,1,1,0,0,1,1,1,0,0,5,2,0.2,1,0.2,1,0,0,0.8,1,anomaly
0,tcp,time,S0,0,0,0,0,0,0,0,0,0,0,0,0,0,0,0,0,0,248,1,1,1,0,0,0,0.05,0,255,1,0,0.05,0,0,1,1,0,0,anomaly
0,tcp,private,S0,0,0,0,0,0,0,0,0,0,0,0,0,0,0,0,0,0,76,10,1,1,0,0,0.13,0.08,0,255,9,0.04,0.07,0,0,1,1,0,0,anomaly
0,tcp,daytime,S0,0,0,0,0,0,0,0,0,0,0,0,0,0,0,0,0,0,226,17,1,1,0,0,0.08,0.04,0,255,17,0.07,0.05,0,0,1,1,0,0,anomaly
0,tcp,Z39_50,S0,0,0,0,0,0,0,0,0,0,0,0,0,0,0,0,0,0,233,19,1,1,0,0,0.08,0.05,0,255,19,0.07,0.06,0,0,1,1,0,0,anomaly
0,tcp,uucp_path,S0,0,0,0,0,0,0,0,0,0,0,0,0,0,0,0,0,0,272,8,1,1,0,0,0.03,0.05,0,255,8,0.03,0.05,0,0,1,1,0,0,anomaly
0,tcp,pop_2,REJ,0,0,0,0,0,0,0,0,0,0,0,0,0,0,0,0,0,278,18,0,0,1,1,0.06,0.06,0,255,18,0.07,0.07,0,0,0,0,1,1,anomaly
0,tcp,courier,S0,0,0,0,0,0,0,0,0,0,0,0,0,0,0,0,0,0,101,4,1,1,0,0,0.04,0.06,0,255,11,0.04,0.05,0,0,1,1,0,0,anomaly
0,tcp,private,S0,0,0,0,0,0,0,0,0,0,0,0,0,0,0,0,0,0,231,2,1,1,0,0,0.01,0.06,0,255,1,0,0.08,0,0,1,1,0,0,anomaly
0,tcp,private,REJ,0,0,0,0,0,0,0,0,0,0,0,0,0,0,0,0,0,2,1,0.5,0,0.5,1,0.5,1,0,255,1,0,1,1,0,0.05,0,0.95,1,anomaly
0,tcp,Z39_50,S0,0,0,0,0,0,0,0,0,0,0,0,0,0,0,0,0,0,257,7,1,1,0,0,0.03,0.06,0,255,14,0.05,0.07,0,0,1,1,0,0,anomaly
0,tcp,private,S0,0,0,0,0,0,0,0,0,0,0,0,0,0,0,0,0,0,59,13,1,1,0,0,0.22,0.1,0,255,16,0.06,0.08,0,0,1,1,0,0,anomaly
0,tcp,finger,S0,0,0,0,0,0,0,0,0,0,0,0,0,0,0,0,0,0,33,8,1,1,0,0,0.24,0.12,0,255,63,0.25,0.02,0.01,0,1,1,0,0,anomaly
0,tcp,whois,S0,0,0,0,0,0,0,0,0,0,0,0,0,0,0,0,0,0,283,19,1,1,0,0,0.07,0.05,0,255,19,0.07,0.05,0,0,1,1,0,0,anomaly
0,icmp,eco_i,SF,18,0,0,0,0,0,0,0,0,0,0,0,0,0,0,0,0,1,1,0,0,0,0,1,0,0,3,139,1,0,1,0.25,0,0,0,0,anomaly
0,icmp,ecr_i,SF,520,0,0,0,0,0,0,0,0,0,0,0,0,0,0,0,0,439,439,0,0,0,0,1,0,0,232,232,1,0,1,0,0,0,0,0,anomaly
0,icmp,ecr_i,SF,1032,0,0,0,0,0,0,0,0,0,0,0,0,0,0,0,0,118,118,0,0,0,0,1,0,0,255,118,0.46,0.02,0.46,0,0,0,0,0,anomaly
0,tcp,other,REJ,0,0,0,0,0,0,0,0,0,0,0,0,0,0,0,0,0,509,1,0.22,0,0.77,1,0,1,0,255,1,0,1,0,0,0.26,0,0.74,1,anomaly
0,tcp,finger,S0,0,0,0,0,0,0,0,0,0,0,0,0,0,0,0,0,0,283,10,1,1,0,0,0.04,0.06,0,255,9,0.04,0.07,0,0,1,1,0,0,anomaly
0,tcp,private,S0,0,0,0,0,0,0,0,0,0,0,0,0,0,0,0,0,0,190,4,1,1,0,0,0.02,0.07,0,255,4,0.02,0.07,0,0,1,1,0,0,anomaly
0,tcp,auth,S0,0,0,0,0,0,0,0,0,0,0,0,0,0,0,0,0,0,236,6,1,1,0,0,0.03,0.07,0,255,6,0.02,0.07,0,0,1,1,0,0,anomaly
1,tcp,private,RSTR,0,0,0,0,0,0,0,0,0,0,0,0,0,0,0,0,0,323,2,0,0,1,1,0.01,0.5,0,255,2,0.01,0.51,1,0,0,0,1,1,anomaly
0,tcp,http_443,S0,0,0,0,0,0,0,0,0,0,0,0,0,0,0,0,0,0,201,15,1,1,0,0,0.07,0.05,0,255,15,0.06,0.05,0,0,1,1,0,0,anomaly
0,icmp,ecr_i,SF,520,0,0,0,0,0,0,0,0,0,0,0,0,0,0,0,0,28,28,0,0,0,0,1,0,0,255,255,1,0,1,0,0,0,0,0,anomaly
0,tcp,echo,S0,0,0,0,0,0,0,0,0,0,0,0,0,0,0,0,0,0,213,4,1,1,0,0,0.02,0.06,0,255,17,0.07,0.06,0,0,1,1,0,0,anomaly
0,tcp,link,S0,0,0,0,0,0,0,0,0,0,0,0,0,0,0,0,0,0,146,5,1,1,0,0,0.03,0.05,0,255,5,0.02,0.05,0,0,1,1,0,0,anomaly
0,udp,private,SF,1,0,0,0,0,0,0,0,0,0,0,0,0,0,0,0,0,24,1,0,0,0,0,0.04,0.25,0,255,1,0,0.66,0.44,0,0,0,0.56,0,anomaly
0,icmp,eco_i,SF,8,0,0,0,0,0,0,0,0,0,0,0,0,0,0,0,0,1,6,0,0,0,0,1,0,1,2,150,1,0,1,0.5,0,0,0,0,anomaly
0,tcp,telnet,S0,0,0,0,0,0,0,0,0,0,0,0,0,0,0,0,0,0,7,7,1,1,0,0,1,0,0,49,29,0.59,0.04,0.02,0,0.96,0.93,0,0,anomaly
0,tcp,time,S0,0,0,0,0,0,0,0,0,0,0,0,0,0,0,0,0,0,226,4,1,1,0,0,0.02,0.06,0,255,13,0.05,0.06,0,0,1,1,0,0,anomaly
0,tcp,private,S0,0,0,0,0,0,0,0,0,0,0,0,0,0,0,0,0,0,149,18,1,1,0,0,0.12,0.05,0,66,2,0.03,0.15,0.02,0,1,1,0,0,anomaly
0,tcp,http,SF,54540,8314,0,0,0,2,0,1,1,0,0,0,0,0,0,0,0,4,4,0,0,0,0,1,0,0,80,80,1,0,0.01,0,0,0,0.04,0.04,anomaly
16553,tcp,other,RSTR,1,0,0,0,0,0,0,0,0,0,0,0,0,0,0,0,0,2,2,0,0,1,1,1,0,0,255,2,0.01,0.63,1,0,0,0,1,1,anomaly
0,tcp,time,S0,0,0,0,0,0,0,0,0,0,0,0,0,0,0,0,0,0,263,12,1,1,0,0,0.05,0.06,0,255,12,0.05,0.07,0,0,1,1,0,0,anomaly
0,tcp,hostnames,S0,0,0,0,0,0,0,0,0,0,0,0,0,0,0,0,0,0,264,20,1,1,0,0,0.08,0.06,0,255,20,0.08,0.06,0,0,1,1,0,0,anomaly
0,udp,private,SF,28,0,0,3,0,0,0,0,0,0,0,0,0,0,0,0,0,58,58,0,0,0,0,1,0,0,255,25,0.1,0.01,0.1,0,0,0,0,0,anomaly
0,tcp,name,S0,0,0,0,0,0,0,0,0,0,0,0,0,0,0,0,0,0,116,13,1,1,0,0,0.11,0.05,0,255,13,0.05,0.06,0,0,1,1,0,0,anomaly
0,tcp,ldap,S0,0,0,0,0,0,0,0,0,0,0,0,0,0,0,0,0,0,107,17,1,1,0,0,0.16,0.06,0,255,7,0.03,0.06,0,0,1,1,0,0,anomaly
0,tcp,telnet,S0,0,0,0,0,0,0,0,0,0,0,0,0,0,0,0,0,0,70,15,1,1,0,0,0.21,0.06,0,255,57,0.22,0.02,0.01,0,1,1,0,0,anomaly
0,icmp,ecr_i,SF,520,0,0,0,0,0,0,0,0,0,0,0,0,0,0,0,0,286,286,0,0,0,0,1,0,0,255,255,1,0,1,0,0,0,0,0,anomaly
0,tcp,http,S0,0,0,0,0,0,0,0,0,0,0,0,0,0,0,0,0,0,40,12,1,1,0,0,0.3,0.1,0,255,2,0.01,0.06,0,0,1,1,0,0,anomaly
0,tcp,courier,S0,0,0,0,0,0,0,0,0,0,0,0,0,0,0,0,0,0,147,25,1,1,0,0,0.17,0.05,0,255,25,0.1,0.05,0,0,1,1,0,0,anomaly
0,tcp,private,S0,0,0,0,0,0,0,0,0,0,0,0,0,0,0,0,0,0,130,5,1,1,0,0,0.04,0.06,0,255,16,0.06,0.07,0,0,1,1,0,0,anomaly
0,tcp,csnet_ns,S0,0,0,0,0,0,0,0,0,0,0,0,0,0,0,0,0,0,250,7,1,1,0,0,0.03,0.06,0,255,7,0.03,0.07,0,0,1,1,0,0,anomaly
0,tcp,uucp,S0,0,0,0,0,0,0,0,0,0,0,0,0,0,0,0,0,0,138,9,1,1,0,0,0.07,0.07,0,255,9,0.04,0.07,0,0,1,1,0,0,anomaly
0,tcp,daytime,S0,0,0,0,0,0,0,0,0,0,0,0,0,0,0,0,0,0,243,20,1,1,0,0,0.08,0.06,0,255,20,0.08,0.06,0,0,1,1,0,0,anomaly
0,tcp,nnsp,S0,0,0,0,0,0,0,0,0,0,0,0,0,0,0,0,0,0,131,20,1,1,0,0,0.15,0.06,0,255,18,0.07,0.06,0,0,1,1,0,0,anomaly
0,tcp,iso_tsap,S0,0,0,0,0,0,0,0,0,0,0,0,0,0,0,0,0,0,184,1,1,1,0,0,0.01,0.07,0,255,1,0,0.07,0,0,1,1,0,0,anomaly
0,tcp,ftp,S0,0,0,0,0,0,0,0,0,0,0,0,0,0,0,0,0,0,264,19,1,1,0,0,0.07,0.06,0,255,19,0.07,0.06,0,0,1,1,0,0,anomaly
0,tcp,auth,REJ,0,0,0,0,0,0,0,0,0,0,0,0,0,0,0,0,0,269,20,0,0,1,1,0.07,0.06,0,255,20,0.08,0.07,0,0,0,0,1,1,anomaly
0,tcp,private,S0,0,0,0,0,0,0,0,0,0,0,0,0,0,0,0,0,0,101,2,1,1,0,0,0.02,0.06,0,255,12,0.05,0.07,0,0,1,1,0,0,anomaly
0,tcp,private,REJ,0,0,0,0,0,0,0,0,0,0,0,0,0,0,0,0,0,105,12,0,0,1,1,0.11,0.08,0,255,1,0,0.08,0,0,0,0,1,1,anomaly
0,tcp,exec,S0,0,0,0,0,0,0,0,0,0,0,0,0,0,0,0,0,0,144,8,1,1,0,0,0.06,0.06,0,255,8,0.03,0.05,0,0,1,1,0,0,anomaly
0,tcp,gopher,S0,0,0,0,0,0,0,0,0,0,0,0,0,0,0,0,0,0,186,10,1,1,0,0,0.05,0.06,0,255,10,0.04,0.05,0,0,1,1,0,0,anomaly
0,tcp,ldap,S0,0,0,0,0,0,0,0,0,0,0,0,0,0,0,0,0,0,265,22,1,1,0,0,0.08,0.05,0,255,22,0.09,0.05,0,0,1,1,0,0,anomaly
0,tcp,finger,S0,0,0,0,0,0,0,0,0,0,0,0,0,0,0,0,0,0,18,18,1,1,0,0,1,0,0,78,24,0.23,0.05,0.01,0.08,1,0.75,0,0,anomaly
0,icmp,eco_i,SF,8,0,0,0,0,0,0,0,0,0,0,0,0,0,0,0,0,1,1,0,0,0,0,1,0,0,5,3,0.6,0.6,0.6,0,0,0,0,0,anomaly
0,tcp,private,S0,0,0,0,0,0,0,0,0,0,0,0,0,0,0,0,0,0,191,3,1,1,0,0,0.02,0.07,0,255,2,0.01,0.08,0,0,1,1,0,0,anomaly
0,icmp,eco_i,SF,8,0,0,0,0,0,0,0,0,0,0,0,0,0,0,0,0,1,28,0,0,0,0,1,0,1,1,213,1,0,1,0.25,0,0,0,0,anomaly
0,icmp,eco_i,SF,8,0,0,0,0,0,0,0,0,0,0,0,0,0,0,0,0,1,8,0,0,0,0,1,0,1,3,203,1,0,1,0.25,0,0,0,0,anomaly
0,tcp,private,S0,0,0,0,0,0,0,0,0,0,0,0,0,0,0,0,0,0,143,19,1,1,0,0,0.13,0.06,0,255,4,0.02,0.08,0,0,1,1,0,0,anomaly
0,udp,private,SF,207,0,0,0,0,0,0,0,0,0,0,0,0,0,0,0,0,2,2,0,0,0,0,1,0,0,160,136,0.85,0.01,0.85,0,0,0,0,0,anomaly
0,tcp,private,S0,0,0,0,0,0,0,0,0,0,0,0,0,0,0,0,0,0,18,17,1,1,0,0,0.94,0.11,0,255,17,0.07,0.07,0,0,1,1,0,0,anomaly
0,tcp,private,REJ,0,0,0,0,0,0,0,0,0,0,0,0,0,0,0,0,0,93,4,0,0,1,1,0.04,0.09,0,255,4,0.02,0.07,0,0,0,0,1,1,anomaly
0,tcp,ftp_data,S0,0,0,0,0,0,0,0,0,0,0,0,0,0,0,0,0,0,218,21,1,1,0,0,0.1,0.06,0,255,21,0.08,0.06,0,0,1,1,0,0,anomaly
0,icmp,ecr_i,SF,520,0,0,0,0,0,0,0,0,0,0,0,0,0,0,0,0,178,178,0,0,0,0,1,0,0,255,255,1,0,1,0,0,0,0,0,anomaly
0,tcp,private,S0,0,0,0,0,0,0,0,0,0,0,0,0,0,0,0,0,0,89,20,1,1,0,0,0.22,0.06,0,255,1,0,0.08,0,0,1,1,0,0,anomaly
0,tcp,gopher,REJ,0,0,0,0,0,0,0,0,0,0,0,0,0,0,0,0,0,270,17,0,0,1,1,0.06,0.07,0,255,17,0.07,0.07,0,0,0,0,1,1,anomaly
0,tcp,smtp,S0,0,0,0,0,0,0,0,0,0,0,0,0,0,0,0,0,0,1,1,1,1,0,0,1,0,0,63,136,0.33,0.03,0.02,0.01,0.97,0.15,0,0,anomaly
0,tcp,private,S0,0,0,0,0,0,0,0,0,0,0,0,0,0,0,0,0,0,257,14,1,1,0,0,0.05,0.07,0,255,14,0.05,0.07,0,0,1,1,0,0,anomaly
0,udp,private,SF,1,0,0,0,0,0,0,0,0,0,0,0,0,0,0,0,0,34,22,0,0,0,0,0.65,0.09,0,255,22,0.09,0.17,1,0,0,0,0,0,anomaly
0,tcp,smtp,S0,0,0,0,0,0,0,0,0,0,0,0,0,0,0,0,0,0,1,3,1,0.33,0,0,1,0,1,23,135,0.04,0.09,0.04,0.01,0.91,0.01,0,0,anomaly
0,tcp,private,S0,0,0,0,0,0,0,0,0,0,0,0,0,0,0,0,0,0,233,19,1,1,0,0,0.08,0.06,0,255,19,0.07,0.05,0,0,1,1,0,0,anomaly
0,udp,private,SF,207,0,0,0,0,0,0,0,0,0,0,0,0,0,0,0,0,2,2,0,0,0,0,1,0,0,198,166,0.84,0.01,0.84,0,0,0,0,0,anomaly
0,tcp,imap4,REJ,0,0,0,0,0,0,0,0,0,0,0,0,0,0,0,0,0,128,9,0,0,1,1,0.07,0.06,0,255,9,0.04,0.08,0,0,0,0,1,1,anomaly
0,tcp,finger,RSTO,0,0,0,0,0,0,0,0,0,0,0,0,0,0,0,0,0,241,6,0,0,1,1,0.02,0.07,0,255,6,0.02,0.07,0,0,0,0,1,1,anomaly
0,tcp,private,S0,0,0,0,0,0,0,0,0,0,0,0,0,0,0,0,0,0,190,14,1,1,0,0,0.07,0.06,0,255,17,0.07,0.07,0,0,1,1,0,0,anomaly
0,icmp,ecr_i,SF,1032,0,0,0,0,0,0,0,0,0,0,0,0,0,0,0,0,22,22,0,0,0,0,1,0,0,255,22,0.09,0.02,0.09,0,0,0,0,0,anomaly
5043,tcp,ftp_data,SF,5131424,0,0,0,0,4,0,1,0,0,0,0,0,0,0,0,0,1,7,0,0.14,0,0,1,0,0.29,7,42,1,0,1,0.14,0,0.02,0,0,anomaly
0,tcp,ftp,S0,0,0,0,0,0,0,0,0,0,0,0,0,0,0,0,0,0,237,11,1,1,0,0,0.05,0.06,0,255,11,0.04,0.07,0,0,1,1,0,0,anomaly
0,tcp,private,S0,0,0,0,0,0,0,0,0,0,0,0,0,0,0,0,0,0,210,5,1,1,0,0,0.02,0.05,0,168,5,0.03,0.07,0.01,0,0.99,1,0,0,anomaly
0,tcp,courier,S0,0,0,0,0,0,0,0,0,0,0,0,0,0,0,0,0,0,137,25,1,1,0,0,0.18,0.05,0,255,25,0.1,0.05,0,0,1,1,0,0,anomaly
0,tcp,private,S0,0,0,0,0,0,0,0,0,0,0,0,0,0,0,0,0,0,120,6,1,1,0,0,0.05,0.07,0,255,15,0.06,0.07,0,0,1,1,0,0,anomaly
0,tcp,uucp_path,S0,0,0,0,0,0,0,0,0,0,0,0,0,0,0,0,0,0,291,12,1,1,0,0,0.04,0.06,0,255,9,0.04,0.05,0,0,1,1,0,0,anomaly
0,tcp,other,REJ,0,0,0,0,0,0,0,0,0,0,0,0,0,0,0,0,0,389,1,0.09,0,0.9,1,0,1,0,255,1,0,1,0,0,0.11,0,0.89,1,anomaly
0,icmp,eco_i,SF,8,0,0,0,0,0,0,0,0,0,0,0,0,0,0,0,0,1,45,0,0,0,0,1,0,1,2,74,1,0,1,0.5,0,0,0,0,anomaly
0,tcp,efs,S0,0,0,0,0,0,0,0,0,0,0,0,0,0,0,0,0,0,140,6,1,1,0,0,0.04,0.05,0,255,6,0.02,0.05,0,0,1,1,0,0,anomaly
0,tcp,http,S0,0,0,0,0,0,0,0,0,0,0,0,0,0,0,0,0,0,31,11,1,1,0,0,0.35,0.13,0,255,65,0.25,0.02,0.01,0,1,1,0,0,anomaly
0,tcp,private,REJ,0,0,0,0,0,0,0,0,0,0,0,0,0,0,0,0,0,259,1,0.08,0,0.87,1,0,1,0,255,1,0,1,0,0,0.08,0,0.87,1,anomaly
0,tcp,private,S0,0,0,0,0,0,0,0,0,0,0,0,0,0,0,0,0,0,160,2,0.83,1,0,0,0.01,0.06,0,255,17,0.07,0.06,0,0,1,1,0,0,anomaly
0,tcp,supdup,S0,0,0,0,0,0,0,0,0,0,0,0,0,0,0,0,0,0,268,18,1,1,0,0,0.07,0.05,0,255,18,0.07,0.05,0,0,1,1,0,0,anomaly
0,tcp,telnet,S0,0,0,0,0,0,0,0,0,0,0,0,0,0,0,0,0,0,70,15,1,1,0,0,0.21,0.06,0,255,57,0.22,0.02,0.01,0,1,1,0,0,anomaly
0,tcp,klogin,S0,0,0,0,0,0,0,0,0,0,0,0,0,0,0,0,0,0,97,11,1,1,0,0,0.11,0.07,0,255,11,0.04,0.06,0,0,1,1,0,0,anomaly
0,tcp,private,S0,0,0,0,0,0,0,0,0,0,0,0,0,0,0,0,0,0,75,6,1,1,0,0,0.08,0.07,0,255,15,0.06,0.06,0,0,1,1,0,0,anomaly
0,tcp,private,REJ,0,0,0,0,0,0,0,0,0,0,0,0,0,0,0,0,0,108,1,0.01,0,0.92,1,0.01,1,0,255,1,0,0.44,0,0,0,0,0.4,1,anomaly
0,tcp,private,S0,0,0,0,0,0,0,0,0,0,0,0,0,0,0,0,0,0,282,6,1,1,0,0,0.02,0.06,0,255,7,0.03,0.06,0,0,1,1,0,0,anomaly
0,tcp,kshell,S0,0,0,0,0,0,0,0,0,0,0,0,0,0,0,0,0,0,122,17,1,1,0,0,0.14,0.06,0,255,17,0.07,0.07,0,0,1,1,0,0,anomaly
0,tcp,ftp_data,S0,0,0,0,0,0,0,0,0,0,0,0,0,0,0,0,0,0,240,6,1,1,0,0,0.03,0.07,0,255,6,0.02,0.07,0,0,1,1,0,0,anomaly
0,tcp,netbios_ssn,S0,0,0,0,0,0,0,0,0,0,0,0,0,0,0,0,0,0,245,5,1,1,0,0,0.02,0.07,0,255,16,0.06,0.07,0,0,1,1,0,0,anomaly
0,icmp,ecr_i,SF,520,0,0,0,0,0,0,0,0,0,0,0,0,0,0,0,0,482,482,0,0,0,0,1,0,0,109,109,1,0,1,0,0,0,0,0,anomaly
0,tcp,private,S0,0,0,0,0,0,0,0,0,0,0,0,0,0,0,0,0,0,256,12,1,1,0,0,0.05,0.06,0,255,10,0.04,0.07,0,0,1,1,0,0,anomaly
0,icmp,ecr_i,SF,1032,0,0,0,0,0,0,0,0,0,0,0,0,0,0,0,0,511,511,0,0,0,0,1,0,0,223,78,0.35,0.01,0.35,0,0,0,0,0,anomaly
0,tcp,courier,S0,0,0,0,0,0,0,0,0,0,0,0,0,0,0,0,0,0,126,8,1,1,0,0,0.06,0.06,0,255,1,0,0.07,0,0,1,1,0,0,anomaly
0,udp,private,SF,28,0,0,3,0,0,0,0,0,0,0,0,0,0,0,0,0,165,65,0.61,0,0,0,0.39,0.04,0,255,65,0.25,0.75,0.25,0,0.09,0,0.66,0,anomaly
0,udp,private,SF,1,0,0,0,0,0,0,0,0,0,0,0,0,0,0,0,0,30,14,0,0,0,0,0.47,0.1,0,255,14,0.05,0.61,0.44,0,0.05,0,0.51,0,anomaly
0,tcp,private,S0,0,0,0,0,0,0,0,0,0,0,0,0,0,0,0,0,0,78,1,1,1,0,0,0.01,0.08,0,255,14,0.05,0.07,0,0,1,1,0,0,anomaly
0,tcp,ftp_data,S0,0,0,0,0,0,0,0,0,0,0,0,0,0,0,0,0,0,279,11,1,1,0,0,0.04,0.06,0,255,11,0.04,0.09,0,0,1,1,0,0,anomaly
0,tcp,ftp_data,SF,334,0,0,0,0,0,0,1,0,0,0,0,0,0,0,0,0,2,2,0,0,0,0,1,0,0,4,4,1,0,1,0,0,0,0,0,anomaly
0,tcp,finger,RSTO,0,0,0,0,0,0,0,0,0,0,0,0,0,0,0,0,0,284,12,0,0,1,1,0.04,0.06,0,255,12,0.05,0.07,0,0,0,0,1,1,anomaly
0,tcp,telnet,S0,0,0,0,0,0,0,0,0,0,0,0,0,0,0,0,0,0,22,13,1,1,0,0,0.59,0.09,0,255,53,0.21,0.04,0.01,0,1,1,0,0,anomaly
0,tcp,private,S0,0,0,0,0,0,0,0,0,0,0,0,0,0,0,0,0,0,218,3,1,1,0,0,0.01,0.06,0,255,3,0.01,0.08,0,0,1,1,0,0,anomaly
0,tcp,netbios_ns,S0,0,0,0,0,0,0,0,0,0,0,0,0,0,0,0,0,0,106,15,1,1,0,0,0.14,0.06,0,255,15,0.06,0.05,0,0,1,1,0,0,anomaly
0,tcp,klogin,S0,0,0,0,0,0,0,0,0,0,0,0,0,0,0,0,0,0,145,20,1,1,0,0,0.14,0.05,0,255,20,0.08,0.05,0,0,1,1,0,0,anomaly
0,tcp,private,S0,0,0,0,0,0,0,0,0,0,0,0,0,0,0,0,0,0,190,4,1,1,0,0,0.02,0.07,0,255,4,0.02,0.07,0,0,1,1,0,0,anomaly
0,icmp,eco_i,SF,8,0,0,0,0,0,0,0,0,0,0,0,0,0,0,0,0,1,26,0,0,0,0,1,0,1,1,153,1,0,1,0.5,0,0,0,0,anomaly
0,tcp,private,S0,0,0,0,0,0,0,0,0,0,0,0,0,0,0,0,0,0,116,4,1,1,0,0,0.03,0.08,0,255,4,0.02,0.09,0,0,1,1,0,0,anomaly
0,tcp,private,SH,0,0,0,0,0,0,0,0,0,0,0,0,0,0,0,0,0,1,1,1,1,0,0,1,0,0,210,1,0,0.95,0.96,0,0.96,1,0,0,anomaly
0,tcp,bgp,S0,0,0,0,0,0,0,0,0,0,0,0,0,0,0,0,0,0,271,14,1,1,0,0,0.05,0.07,0,255,14,0.05,0.08,0,0,1,1,0,0,anomaly
0,tcp,private,S0,0,0,0,0,0,0,0,0,0,0,0,0,0,0,0,0,0,211,19,1,1,0,0,0.09,0.06,0,255,19,0.07,0.07,0,0,1,1,0,0,anomaly
0,udp,private,SF,1,0,0,0,0,0,0,0,0,0,0,0,0,0,0,0,0,17,6,0,0,0,0,0.35,0.41,0,255,6,0.02,0.22,1,0,0,0,0,0,anomaly
0,tcp,ftp_data,REJ,0,0,0,0,0,0,0,0,0,0,0,0,0,0,0,0,0,216,1,0,0,1,1,0,0.07,0,255,1,0,0.09,0,0,0,0,1,1,anomaly
0,tcp,private,S0,0,0,0,0,0,0,0,0,0,0,0,0,0,0,0,0,0,103,17,1,1,0,0,0.17,0.07,0,255,16,0.06,0.07,0,0,1,1,0,0,anomaly
0,tcp,printer,S0,0,0,0,0,0,0,0,0,0,0,0,0,0,0,0,0,0,119,7,1,1,0,0,0.06,0.07,0,255,7,0.03,0.06,0,0,1,1,0,0,anomaly
0,tcp,private,S0,0,0,0,0,0,0,0,0,0,0,0,0,0,0,0,0,0,103,4,1,1,0,0,0.04,0.06,0,255,20,0.08,0.07,0,0,1,1,0,0,anomaly
0,tcp,http,SF,54540,8314,0,0,0,2,0,1,1,0,0,0,0,0,0,0,0,2,2,0,0,0,0,1,0,0,36,36,1,0,0.03,0,0,0,0.31,0.31,anomaly
0,tcp,http,S0,0,0,0,0,0,0,0,0,0,0,0,0,0,0,0,0,0,150,20,1,1,0,0,0.13,0.06,0,255,14,0.05,0.07,0,0,1,1,0,0,anomaly
0,tcp,private,RSTR,0,0,0,0,0,0,0,0,0,0,0,0,0,0,0,0,0,1,1,0,0,1,1,1,0,0,255,1,0,0.82,1,0,0,0,1,1,anomaly
0,tcp,private,S0,0,0,0,0,0,0,0,0,0,0,0,0,0,0,0,0,0,266,2,1,1,0,0,0.01,0.06,0,255,19,0.07,0.08,0,0,1,1,0,0,anomaly
0,tcp,http_443,S0,0,0,0,0,0,0,0,0,0,0,0,0,0,0,0,0,0,116,1,1,1,0,0,0.01,0.08,0,255,1,0,0.06,0,0,1,1,0,0,anomaly
0,tcp,csnet_ns,S0,0,0,0,0,0,0,0,0,0,0,0,0,0,0,0,0,0,115,8,1,1,0,0,0.07,0.08,0,255,8,0.03,0.08,0,0,1,1,0,0,anomaly
0,tcp,whois,S0,0,0,0,0,0,0,0,0,0,0,0,0,0,0,0,0,0,278,25,1,1,0,0,0.09,0.05,0,255,25,0.1,0.05,0,0,1,1,0,0,anomaly
0,tcp,ctf,REJ,0,0,0,0,0,0,0,0,0,0,0,0,0,0,0,0,0,267,10,0,0,1,1,0.04,0.06,0,255,10,0.04,0.07,0,0,0,0,1,1,anomaly
0,tcp,uucp_path,S0,0,0,0,0,0,0,0,0,0,0,0,0,0,0,0,0,0,252,2,1,1,0,0,0.01,0.06,0,255,15,0.06,0.07,0,0,1,1,0,0,anomaly
1,tcp,ftp,SF,1276,2451,0,0,0,28,0,1,0,0,0,0,0,0,0,0,1,1,1,0,0,0,0,1,0,0,255,132,0.52,0.02,0,0,0,0,0,0,anomaly
0,tcp,iso_tsap,S0,0,0,0,0,0,0,0,0,0,0,0,0,0,0,0,0,0,256,11,1,1,0,0,0.04,0.06,0,255,11,0.04,0.07,0,0,1,1,0,0,anomaly
0,tcp,supdup,S0,0,0,0,0,0,0,0,0,0,0,0,0,0,0,0,0,0,150,6,1,1,0,0,0.04,0.07,0,255,6,0.02,0.06,0,0,1,1,0,0,anomaly
0,tcp,ftp,S0,0,0,0,0,0,0,0,0,0,0,0,0,0,0,0,0,0,257,6,1,1,0,0,0.02,0.06,0,255,6,0.02,0.07,0,0,1,1,0,0,anomaly
0,tcp,link,S0,0,0,0,0,0,0,0,0,0,0,0,0,0,0,0,0,0,241,13,1,1,0,0,0.05,0.06,0,255,13,0.05,0.07,0,0,1,1,0,0,anomaly
0,tcp,discard,S0,0,0,0,0,0,0,0,0,0,0,0,0,0,0,0,0,0,273,18,1,1,0,0,0.07,0.06,0,255,18,0.07,0.08,0.01,0,1,1,0,0,anomaly
0,tcp,Z39_50,REJ,0,0,0,0,0,0,0,0,0,0,0,0,0,0,0,0,0,104,4,0,0,1,1,0.04,0.07,0,255,4,0.02,0.07,0,0,0,0,1,1,anomaly
11,tcp,private,SF,6,0,0,0,0,0,0,1,0,0,0,0,0,0,0,0,0,511,1,0.09,0,0.9,0,0,1,0,255,1,0,1,0,0,0.14,0,0.85,0,anomaly
0,tcp,private,S0,0,0,0,0,0,0,0,0,0,0,0,0,0,0,0,0,0,263,6,1,1,0,0,0.02,0.06,0,255,14,0.05,0.07,0,0,1,1,0,0,anomaly
0,tcp,vmnet,S0,0,0,0,0,0,0,0,0,0,0,0,0,0,0,0,0,0,208,21,1,1,0,0,0.1,0.05,0,255,21,0.08,0.05,0,0,1,1,0,0,anomaly
0,tcp,private,S0,0,0,0,0,0,0,0,0,0,0,0,0,0,0,0,0,0,299,12,1,1,0,0,0.04,0.05,0,255,1,0,0.07,0,0,1,1,0,0,anomaly
39667,tcp,private,RSTR,1,0,0,0,0,0,0,0,0,0,0,0,0,0,0,0,0,2,2,0,0,1,1,1,0,0,255,2,0.01,0.5,1,0,0,0,1,1,anomaly
0,icmp,ecr_i,SF,520,0,0,0,0,0,0,0,0,0,0,0,0,0,0,0,0,449,449,0,0,0,0,1,0,0,6,6,1,0,1,0,0,0,0,0,anomaly
0,tcp,http,S0,0,0,0,0,0,0,0,0,0,0,0,0,0,0,0,0,0,288,25,1,1,0,0,0.09,0.05,0,255,25,0.1,0.05,0,0,1,1,0,0,anomaly
0,tcp,iso_tsap,S0,0,0,0,0,0,0,0,0,0,0,0,0,0,0,0,0,0,259,18,1,1,0,0,0.07,0.06,0,255,18,0.07,0.07,0,0,1,1,0,0,anomaly
0,tcp,other,REJ,0,0,0,0,0,0,0,0,0,0,0,0,0,0,0,0,0,510,1,0.12,0,0.88,1,0,1,0,255,1,0,1,0,0,0.19,0,0.81,1,anomaly
0,icmp,eco_i,SF,8,0,0,0,0,0,0,0,0,0,0,0,0,0,0,0,0,1,34,0,0,0,0,1,0,1,2,246,1,0,1,0.25,0,0,0,0,anomaly
0,tcp,systat,S0,0,0,0,0,0,0,0,0,0,0,0,0,0,0,0,0,0,105,2,1,1,0,0,0.02,0.07,0,255,16,0.06,0.06,0,0,1,1,0,0,anomaly
0,tcp,iso_tsap,S0,0,0,0,0,0,0,0,0,0,0,0,0,0,0,0,0,0,232,3,1,1,0,0,0.01,0.06,0,255,3,0.01,0.07,0,0,1,1,0,0,anomaly
0,tcp,telnet,S0,0,0,0,0,0,0,0,0,0,0,0,0,0,0,0,0,0,29,2,1,1,0,0,0.07,0.14,0,255,62,0.24,0.02,0.01,0,1,1,0,0,anomaly
0,tcp,private,S0,0,0,0,0,0,0,0,0,0,0,0,0,0,0,0,0,0,265,11,1,1,0,0,0.04,0.06,0,255,9,0.04,0.08,0,0,1,1,0,0,anomaly
0,tcp,iso_tsap,S0,0,0,0,0,0,0,0,0,0,0,0,0,0,0,0,0,0,227,11,1,1,0,0,0.05,0.06,0,255,11,0.04,0.06,0,0,1,1,0,0,anomaly
39507,tcp,private,RSTR,1,0,0,0,0,0,0,0,0,0,0,0,0,0,0,0,0,2,2,0,0,1,1,1,0,0,255,2,0.01,0.5,1,0,0,0,1,1,anomaly
0,tcp,private,RSTR,0,0,0,0,0,0,0,0,0,0,0,0,0,0,0,0,0,1,1,0,0,1,1,1,0,0,255,1,0,0.61,0.61,0,0,0,0.61,1,anomaly
0,tcp,private,S0,0,0,0,0,0,0,0,0,0,0,0,0,0,0,0,0,0,98,24,1,1,0,0,0.24,0.04,0,255,24,0.09,0.05,0,0,1,1,0,0,anomaly
0,icmp,eco_i,SF,8,0,0,0,0,0,0,0,0,0,0,0,0,0,0,0,0,1,51,0,0,0,0,1,0,1,1,129,1,0,1,0.51,0,0,0,0,anomaly
0,tcp,other,REJ,0,0,0,0,0,0,0,0,0,0,0,0,0,0,0,0,0,363,1,0.06,0,0.91,1,0,1,0,255,1,0,1,0,0,0.08,0,0.9,1,anomaly
0,tcp,systat,S0,0,0,0,0,0,0,0,0,0,0,0,0,0,0,0,0,0,255,24,1,1,0,0,0.09,0.05,0,255,24,0.09,0.05,0,0,1,1,0,0,anomaly
0,tcp,ssh,S0,0,0,0,0,0,0,0,0,0,0,0,0,0,0,0,0,0,208,12,1,1,0,0,0.06,0.06,0,255,12,0.05,0.07,0,0,1,1,0,0,anomaly
0,tcp,private,REJ,0,0,0,0,0,0,0,0,0,0,0,0,0,0,0,0,0,101,2,0,0,1,1,0.02,0.07,0,2,2,1,0,0.5,0,0,0,1,1,anomaly
0,tcp,netstat,S0,0,0,0,0,0,0,0,0,0,0,0,0,0,0,0,0,0,197,14,1,1,0,0,0.07,0.08,0,255,14,0.05,0.08,0,0,1,1,0,0,anomaly
0,tcp,ctf,REJ,0,0,0,0,0,0,0,0,0,0,0,0,0,0,0,0,0,280,12,0,0,1,1,0.04,0.06,0,255,12,0.05,0.07,0,0,0,0,1,1,anomaly
0,tcp,private,S0,0,0,0,0,0,0,0,0,0,0,0,0,0,0,0,0,0,172,4,1,1,0,0,0.02,0.07,0,255,15,0.06,0.07,0,0,1,1,0,0,anomaly
0,icmp,eco_i,SF,18,0,0,0,0,0,0,0,0,0,0,0,0,0,0,0,0,1,1,0,0,0,0,1,0,0,2,198,1,0,1,0.25,0,0,0,0,anomaly
0,tcp,supdup,REJ,0,0,0,0,0,0,0,0,0,0,0,0,0,0,0,0,0,101,1,0,0,1,1,0.01,0.07,0,255,1,0,0.08,0,0,0,0,1,1,anomaly
0,tcp,private,RSTR,0,0,0,0,0,0,0,0,0,0,0,0,0,0,0,0,0,1,1,0,0,1,1,1,0,0,255,1,0,0.24,0.23,0,0,0,0.23,1,anomaly
0,icmp,eco_i,SF,18,0,0,0,0,0,0,0,0,0,0,0,0,0,0,0,0,1,1,0,0,0,0,1,0,0,1,123,1,0,1,1,0,0,0,0,anomaly
0,tcp,whois,S0,0,0,0,0,0,0,0,0,0,0,0,0,0,0,0,0,0,125,5,1,1,0,0,0.04,0.06,0,255,5,0.02,0.06,0,0,1,1,0,0,anomaly
0,tcp,csnet_ns,REJ,0,0,0,0,0,0,0,0,0,0,0,0,0,0,0,0,0,200,5,0,0,1,1,0.03,0.07,0,255,5,0.02,0.07,0,0,0,0,1,1,anomaly
0,tcp,telnet,S0,0,0,0,0,0,0,0,0,0,0,0,0,0,0,0,0,0,258,15,1,1,0,0,0.06,0.07,0,255,15,0.06,0.07,0,0,1,1,0,0,anomaly
0,tcp,pop_3,S0,0,0,0,0,0,0,0,0,0,0,0,0,0,0,0,0,0,220,4,1,1,0,0,0.02,0.06,0,255,16,0.06,0.07,0,0,1,1,0,0,anomaly
0,tcp,private,S0,0,0,0,0,0,0,0,0,0,0,0,0,0,0,0,0,0,78,18,1,1,0,0,0.23,0.05,0,255,3,0.01,0.08,0,0,1,1,0,0,anomaly
0,tcp,http,SF,54540,8314,0,0,0,2,0,1,1,0,0,0,0,0,0,0,0,4,4,0,0,0.5,0.5,1,0,0,255,255,1,0,0,0,0,0,0.04,0.04,anomaly
0,tcp,private,S0,0,0,0,0,0,0,0,0,0,0,0,0,0,0,0,0,0,95,4,1,1,0,0,0.04,0.06,0,255,20,0.08,0.06,0,0,1,1,0,0,anomaly
0,tcp,http,S0,0,0,0,0,0,0,0,0,0,0,0,0,0,0,0,0,0,65,18,1,1,0,0,0.28,0.06,0,255,58,0.23,0.03,0.02,0,1,1,0,0,anomaly
0,tcp,bgp,S0,0,0,0,0,0,0,0,0,0,0,0,0,0,0,0,0,0,132,24,1,1,0,0,0.18,0.05,0,255,24,0.09,0.05,0,0,1,1,0,0,anomaly
0,tcp,finger,S0,0,0,0,0,0,0,0,0,0,0,0,0,0,0,0,0,0,116,1,1,1,0,0,0.01,0.08,0,255,1,0,0.07,0,0,1,1,0,0,anomaly
0,tcp,private,S0,0,0,0,0,0,0,0,0,0,0,0,0,0,0,0,0,0,189,20,1,1,0,0,0.11,0.06,0,255,7,0.03,0.06,0,0,1,1,0,0,anomaly
0,tcp,daytime,S0,0,0,0,0,0,0,0,0,0,0,0,0,0,0,0,0,0,273,17,1,1,0,0,0.06,0.06,0,255,17,0.07,0.06,0,0,1,1,0,0,anomaly
0,icmp,ecr_i,SF,1032,0,0,0,0,0,0,0,0,0,0,0,0,0,0,0,0,318,318,0,0,0,0,1,0,0,221,76,0.34,0.01,0.34,0,0,0,0,0,anomaly
0,tcp,finger,RSTO,0,0,0,0,0,0,0,0,0,0,0,0,0,0,0,0,0,245,8,0,0,1,1,0.03,0.07,0,255,8,0.03,0.07,0,0,0,0,1,1,anomaly
0,tcp,private,S0,0,0,0,0,0,0,0,0,0,0,0,0,0,0,0,0,0,143,13,1,1,0,0,0.09,0.06,0,255,1,0,0.08,0,0,1,1,0,0,anomaly
0,tcp,private,S0,0,0,0,0,0,0,0,0,0,0,0,0,0,0,0,0,0,194,16,1,1,0,0,0.08,0.06,0,255,16,0.06,0.08,0,0,1,1,0,0,anomaly
0,tcp,private,S0,0,0,0,0,0,0,0,0,0,0,0,0,0,0,0,0,0,122,20,1,1,0,0,0.16,0.06,0,255,1,0,0.07,0,0,1,1,0,0,anomaly
0,tcp,private,S0,0,0,0,0,0,0,0,0,0,0,0,0,0,0,0,0,0,86,3,1,1,0,0,0.03,0.08,0,255,3,0.01,0.08,0,0,1,1,0,0,anomaly
0,tcp,uucp,S0,0,0,0,0,0,0,0,0,0,0,0,0,0,0,0,0,0,103,2,1,1,0,0,0.02,0.06,0,255,2,0.01,0.05,0,0,1,1,0,0,anomaly
0,tcp,Z39_50,S0,0,0,0,0,0,0,0,0,0,0,0,0,0,0,0,0,0,270,15,1,1,0,0,0.06,0.05,0,255,15,0.06,0.05,0,0,1,1,0,0,anomaly
0,tcp,systat,REJ,0,0,0,0,0,0,0,0,0,0,0,0,0,0,0,0,0,260,2,0,0,1,1,0.01,0.06,0,255,2,0.01,0.07,0,0,0,0,1,1,anomaly
0,tcp,private,S0,0,0,0,0,0,0,0,0,0,0,0,0,0,0,0,0,0,289,17,1,1,0,0,0.06,0.06,0,255,15,0.06,0.08,0,0,1,1,0,0,anomaly
0,icmp,eco_i,SF,8,0,0,0,0,0,0,0,0,0,0,0,0,0,0,0,0,1,40,0,0,0,0,1,0,1,2,86,1,0,1,0.5,0,0,0,0,anomaly
0,tcp,kshell,S0,0,0,0,0,0,0,0,0,0,0,0,0,0,0,0,0,0,131,19,1,1,0,0,0.15,0.05,0,255,19,0.07,0.05,0,0,1,1,0,0,anomaly
0,tcp,private,S0,0,0,0,0,0,0,0,0,0,0,0,0,0,0,0,0,0,144,11,1,1,0,0,0.08,0.06,0,255,3,0.01,0.06,0,0,1,1,0,0,anomaly
0,tcp,finger,S0,0,0,0,0,0,0,0,0,0,0,0,0,0,0,0,0,0,43,11,1,1,0,0,0.26,0.09,0,255,22,0.09,0.06,0,0,1,1,0,0,anomaly
0,tcp,Z39_50,S0,0,0,0,0,0,0,0,0,0,0,0,0,0,0,0,0,0,159,16,1,1,0,0,0.1,0.08,0,255,16,0.06,0.07,0,0,1,1,0,0,anomaly
0,icmp,eco_i,SF,8,0,0,0,0,0,0,0,0,0,0,0,0,0,0,0,0,1,18,0,0,0,0,1,0,1,2,96,1,0,1,0.51,0,0,0,0,anomaly
0,tcp,telnet,RSTO,0,0,0,0,0,0,0,0,0,0,0,0,0,0,0,0,0,245,19,0,0,1,1,0.08,0.07,0,255,19,0.07,0.07,0,0,0,0,1,1,anomaly
0,tcp,private,S0,0,0,0,0,0,0,0,0,0,0,0,0,0,0,0,0,0,153,10,1,1,0,0,0.07,0.07,0,255,10,0.04,0.05,0,0,1,1,0,0,anomaly
0,tcp,supdup,S0,0,0,0,0,0,0,0,0,0,0,0,0,0,0,0,0,0,170,22,1,1,0,0,0.13,0.06,0,255,22,0.09,0.06,0,0,1,1,0,0,anomaly
0,tcp,private,S0,0,0,0,0,0,0,0,0,0,0,0,0,0,0,0,0,0,253,18,1,1,0,0,0.07,0.06,0,255,7,0.03,0.07,0,0,1,1,0,0,anomaly
0,icmp,ecr_i,SF,1032,0,0,0,0,0,0,0,0,0,0,0,0,0,0,0,0,511,511,0,0,0,0,1,0,0,255,137,0.54,0.02,0.54,0,0.01,0,0.02,0,anomaly
0,tcp,private,S0,0,0,0,0,0,0,0,0,0,0,0,0,0,0,0,0,0,126,20,1,1,0,0,0.16,0.06,0,255,20,0.08,0.06,0,0,1,1,0,0,anomaly
0,tcp,csnet_ns,S0,0,0,0,0,0,0,0,0,0,0,0,0,0,0,0,0,0,264,7,1,1,0,0,0.03,0.06,0,255,14,0.05,0.07,0,0,1,1,0,0,anomaly
0,icmp,eco_i,SF,8,0,0,0,0,0,0,0,0,0,0,0,0,0,0,0,0,1,50,0,0,0,0,1,0,1,4,24,1,0,1,0.25,0,0,0,0,anomaly
0,icmp,eco_i,SF,18,0,0,0,0,0,0,0,0,0,0,0,0,0,0,0,0,2,1,0,0,0,0,0.5,1,0,3,27,1,0,1,0.26,0,0,0,0,anomaly
0,tcp,nntp,S0,0,0,0,0,0,0,0,0,0,0,0,0,0,0,0,0,0,281,24,1,1,0,0,0.09,0.05,0,255,24,0.09,0.05,0,0,1,1,0,0,anomaly
0,tcp,daytime,S0,0,0,0,0,0,0,0,0,0,0,0,0,0,0,0,0,0,258,5,1,1,0,0,0.02,0.07,0,255,6,0.02,0.08,0,0,1,1,0,0,anomaly
0,tcp,ftp_data,S0,0,0,0,0,0,0,0,0,0,0,0,0,0,0,0,0,0,233,3,1,1,0,0,0.01,0.07,0,255,3,0.01,0.07,0,0,1,1,0,0,anomaly
0,tcp,domain,S0,0,0,0,0,0,0,0,0,0,0,0,0,0,0,0,0,0,235,19,1,1,0,0,0.08,0.07,0,255,20,0.08,0.08,0,0,1,1,0,0,anomaly
0,tcp,whois,REJ,0,0,0,0,0,0,0,0,0,0,0,0,0,0,0,0,0,277,10,0,0,1,1,0.04,0.06,0,255,10,0.04,0.06,0,0,0,0,1,1,anomaly
0,tcp,private,REJ,0,0,0,0,0,0,0,0,0,0,0,0,0,0,0,0,0,151,6,0,0,1,1,0.04,0.08,0,255,6,0.02,0.07,0,0,0,0,1,1,anomaly
0,icmp,ecr_i,SF,1032,0,0,0,0,0,0,0,0,0,0,0,0,0,0,0,0,511,511,0,0,0,0,1,0,0,255,120,0.47,0.01,0.47,0,0,0,0,0,anomaly
0,tcp,private,S0,0,0,0,0,0,0,0,0,0,0,0,0,0,0,0,0,0,214,8,1,1,0,0,0.04,0.06,0,255,8,0.03,0.09,0,0,1,1,0,0,anomaly
0,tcp,http,S0,0,0,0,0,0,0,0,0,0,0,0,0,0,0,0,0,0,7,5,1,0.8,0,0.2,0.57,0.29,0.4,167,44,0.26,0.02,0.01,0,1,1,0,0,anomaly
0,tcp,private,S0,0,0,0,0,0,0,0,0,0,0,0,0,0,0,0,0,0,147,5,1,1,0,0,0.03,0.06,0,255,4,0.02,0.06,0,0,1,1,0,0,anomaly
0,tcp,nntp,S0,0,0,0,0,0,0,0,0,0,0,0,0,0,0,0,0,0,231,23,1,1,0,0,0.1,0.05,0,255,23,0.09,0.06,0,0,1,1,0,0,anomaly
0,icmp,eco_i,SF,18,0,0,0,0,0,0,0,0,0,0,0,0,0,0,0,0,1,1,0,0,0,0,1,0,0,3,247,1,0,1,0.25,0,0,0,0,anomaly
0,tcp,courier,S0,0,0,0,0,0,0,0,0,0,0,0,0,0,0,0,0,0,142,12,1,1,0,0,0.08,0.06,0,255,5,0.02,0.07,0,0,1,1,0,0,anomaly
0,tcp,netstat,S0,0,0,0,0,0,0,0,0,0,0,0,0,0,0,0,0,0,227,15,1,1,0,0,0.07,0.07,0,255,4,0.02,0.09,0,0,1,1,0,0,anomaly
0,tcp,efs,S0,0,0,0,0,0,0,0,0,0,0,0,0,0,0,0,0,0,142,5,1,1,0,0,0.04,0.06,0,255,5,0.02,0.06,0,0,1,1,0,0,anomaly
0,tcp,ftp_data,S0,0,0,0,0,0,0,0,0,0,0,0,0,0,0,0,0,0,276,8,1,1,0,0,0.03,0.06,0,255,8,0.03,0.06,0,0,1,1,0,0,anomaly
0,icmp,eco_i,SF,8,0,0,0,0,0,0,0,0,0,0,0,0,0,0,0,0,1,38,0,0,0,0,1,0,1,2,62,1,0,1,0.5,0,0,0,0,anomaly
0,tcp,bgp,S0,0,0,0,0,0,0,0,0,0,0,0,0,0,0,0,0,0,269,14,1,1,0,0,0.05,0.06,0,255,14,0.05,0.08,0,0,1,1,0,0,anomaly
0,tcp,ssh,S0,0,0,0,0,0,0,0,0,0,0,0,0,0,0,0,0,0,235,16,1,1,0,0,0.07,0.07,0,255,16,0.06,0.08,0,0,1,1,0,0,anomaly
0,tcp,ssh,S0,0,0,0,0,0,0,0,0,0,0,0,0,0,0,0,0,0,289,3,1,1,0,0,0.01,0.05,0,255,3,0.01,0.05,0,0,1,1,0,0,anomaly
0,tcp,printer,S0,0,0,0,0,0,0,0,0,0,0,0,0,0,0,0,0,0,114,12,1,1,0,0,0.11,0.07,0,255,12,0.05,0.07,0,0,1,1,0,0,anomaly
0,tcp,private,S0,0,0,0,0,0,0,0,0,0,0,0,0,0,0,0,0,0,129,7,1,1,0,0,0.05,0.06,0,255,14,0.05,0.07,0,0,1,1,0,0,anomaly
0,tcp,netbios_ns,REJ,0,0,0,0,0,0,0,0,0,0,0,0,0,0,0,0,0,241,12,0,0,1,1,0.05,0.07,0,255,12,0.05,0.07,0,0,0,0,1,1,anomaly
0,tcp,Z39_50,REJ,0,0,0,0,0,0,0,0,0,0,0,0,0,0,0,0,0,113,8,0,0,1,1,0.07,0.06,0,255,8,0.03,0.07,0,0,0,0,1,1,anomaly
0,icmp,eco_i,SF,18,0,0,0,0,0,0,0,0,0,0,0,0,0,0,0,0,1,2,0,0,0,0,1,0,1,1,149,1,0,1,1,0,0,0,0,anomaly
0,tcp,http_443,S0,0,0,0,0,0,0,0,0,0,0,0,0,0,0,0,0,0,43,11,1,1,0,0,0.26,0.14,0,255,11,0.04,0.09,0,0,1,1,0,0,anomaly
0,tcp,private,S0,0,0,0,0,0,0,0,0,0,0,0,0,0,0,0,0,0,144,19,1,1,0,0,0.13,0.06,0,255,16,0.06,0.08,0,0,1,1,0,0,anomaly
0,tcp,private,S0,0,0,0,0,0,0,0,0,0,0,0,0,0,0,0,0,0,72,23,1,1,0,0,0.32,0.06,0,255,23,0.09,0.05,0,0,1,1,0,0,anomaly
0,tcp,bgp,S0,0,0,0,0,0,0,0,0,0,0,0,0,0,0,0,0,0,290,20,1,1,0,0,0.07,0.06,0,255,20,0.08,0.07,0,0,1,1,0,0,anomaly
0,tcp,private,S0,0,0,0,0,0,0,0,0,0,0,0,0,0,0,0,0,0,109,5,1,1,0,0,0.05,0.07,0,255,11,0.04,0.08,0,0,1,1,0,0,anomaly
0,tcp,http,SF,54540,8314,0,0,0,2,0,1,1,0,0,0,0,0,0,0,0,2,3,0,0,0,0.33,1,0,0.67,105,105,1,0,0.01,0,0,0,0.01,0.01,anomaly
0,tcp,ftp_data,REJ,0,0,0,0,0,0,0,0,0,0,0,0,0,0,0,0,0,463,9,0.07,0,0.9,1,0.02,0.98,0,255,8,0.03,0.97,0,0,0.08,0,0.91,1,anomaly
0,tcp,other,REJ,0,0,0,0,0,0,0,0,0,0,0,0,0,0,0,0,0,509,1,0.05,0,0.95,1,0,1,0,255,1,0,1,0,0,0.05,0,0.95,1,anomaly
0,tcp,telnet,S0,0,0,0,0,0,0,0,0,0,0,0,0,0,0,0,0,0,15,15,1,1,0,0,1,0,0,17,17,1,0,0.06,0,0.88,0.88,0,0,anomaly
0,tcp,http,SF,54540,8314,0,0,0,2,0,1,1,0,0,0,0,0,0,0,0,3,3,0,0,0,0,1,0,0,41,41,1,0,0.02,0,0.02,0.02,0.02,0.02,anomaly
0,tcp,pop_2,REJ,0,0,0,0,0,0,0,0,0,0,0,0,0,0,0,0,0,254,20,0,0,1,1,0.08,0.06,0,255,20,0.08,0.06,0,0,0,0,1,1,anomaly
0,tcp,private,S0,0,0,0,0,0,0,0,0,0,0,0,0,0,0,0,0,0,168,6,1,1,0,0,0.04,0.07,0,255,18,0.07,0.08,0,0,1,1,0,0,anomaly
37728,tcp,private,RSTR,1,0,0,0,0,0,0,0,0,0,0,0,0,0,0,0,0,2,2,0,0,1,1,1,0,0,255,2,0.01,0.5,1,0,0,0,1,1,anomaly
0,tcp,csnet_ns,S0,0,0,0,0,0,0,0,0,0,0,0,0,0,0,0,0,0,40,12,1,1,0,0,0.3,0.12,0,255,13,0.05,0.07,0,0,1,1,0,0,anomaly
0,tcp,private,S0,0,0,0,0,0,0,0,0,0,0,0,0,0,0,0,0,0,275,18,1,1,0,0,0.07,0.06,0,255,15,0.06,0.07,0,0,1,1,0,0,anomaly
0,tcp,private,S0,0,0,0,0,0,0,0,0,0,0,0,0,0,0,0,0,0,282,17,1,1,0,0,0.06,0.06,0,255,20,0.08,0.06,0,0,1,1,0,0,anomaly
0,tcp,private,S0,0,0,0,0,0,0,0,0,0,0,0,0,0,0,0,0,0,155,18,1,1,0,0,0.12,0.07,0,255,18,0.07,0.07,0,0,1,1,0,0,anomaly
0,tcp,finger,S0,0,0,0,0,0,0,0,0,0,0,0,0,0,0,0,0,0,52,14,1,1,0,0,0.27,0.08,0,132,39,0.26,0.03,0.01,0.05,1,0.87,0,0,anomaly
0,icmp,eco_i,SF,8,0,0,0,0,0,0,0,0,0,0,0,0,0,0,0,0,1,21,0,0,0,0,1,0,1,2,42,1,0,1,0.26,0,0,0,0,anomaly
0,tcp,systat,S0,0,0,0,0,0,0,0,0,0,0,0,0,0,0,0,0,0,118,4,1,1,0,0,0.03,0.07,0,255,4,0.02,0.07,0,0,1,1,0,0,anomaly
0,icmp,eco_i,SF,8,0,0,0,0,0,0,0,0,0,0,0,0,0,0,0,0,1,36,0,0,0,0,1,0,1,1,129,1,0,1,0.51,0,0,0,0,anomaly
0,udp,private,SF,1,0,0,0,0,0,0,0,0,0,0,0,0,0,0,0,0,29,29,0,0,0,0,1,0,0,97,29,0.3,0.05,0.33,0,0,0,0,0,anomaly
0,tcp,private,REJ,0,0,0,0,0,0,0,0,0,0,0,0,0,0,0,0,0,2,1,0,0,1,1,0.5,1,0,254,1,0,0.13,0.1,0,0,0,0.11,1,anomaly
0,tcp,imap4,S0,0,0,0,0,0,0,0,0,0,0,0,0,0,0,0,0,0,280,11,1,1,0,0,0.04,0.06,0,255,11,0.04,0.06,0,0,1,1,0,0,anomaly
0,tcp,private,S0,0,0,0,0,0,0,0,0,0,0,0,0,0,0,0,0,0,121,7,1,1,0,0,0.06,0.06,0,255,3,0.01,0.06,0,0,1,1,0,0,anomaly
0,tcp,discard,S0,0,0,0,0,0,0,0,0,0,0,0,0,0,0,0,0,0,265,7,1,1,0,0,0.03,0.05,0,255,7,0.03,0.05,0,0,1,1,0,0,anomaly
0,icmp,eco_i,SF,8,0,0,0,0,0,0,0,0,0,0,0,0,0,0,0,0,1,27,0,0,0,0,1,0,1,1,41,1,0,1,0.51,0,0,0,0,anomaly
0,tcp,mtp,S0,0,0,0,0,0,0,0,0,0,0,0,0,0,0,0,0,0,270,1,1,1,0,0,0,0.05,0,255,1,0,0.05,0,0,1,1,0,0,anomaly
0,udp,private,SF,28,0,0,3,0,0,0,0,0,0,0,0,0,0,0,0,0,46,45,0,0,0.02,0,0.98,0.04,0,255,45,0.18,0.02,0.18,0,0,0,0.62,0,anomaly
0,tcp,private,REJ,0,0,0,0,0,0,0,0,0,0,0,0,0,0,0,0,0,101,2,0,0,1,1,0.02,0.07,0,176,2,0.01,0.07,0.01,0,0,0,1,1,anomaly
0,tcp,ftp_data,REJ,0,0,0,0,0,0,0,0,0,0,0,0,0,0,0,0,0,1,1,0,0,1,1,1,0,0,1,63,1,0,1,0.05,0,0,1,0.03,anomaly
0,tcp,private,S0,0,0,0,0,0,0,0,0,0,0,0,0,0,0,0,0,0,194,16,1,1,0,0,0.08,0.06,0,255,16,0.06,0.08,0,0,1,1,0,0,anomaly
0,tcp,ftp,S0,0,0,0,0,0,0,0,0,0,0,0,0,0,0,0,0,0,250,13,1,1,0,0,0.05,0.06,0,255,1,0,0.07,0,0,1,1,0,0,anomaly
0,tcp,csnet_ns,REJ,0,0,0,0,0,0,0,0,0,0,0,0,0,0,0,0,0,149,19,0,0,1,1,0.13,0.05,0,255,14,0.05,0.07,0,0,0,0,1,1,anomaly
0,tcp,whois,S0,0,0,0,0,0,0,0,0,0,0,0,0,0,0,0,0,0,146,6,1,1,0,0,0.04,0.05,0,255,3,0.01,0.07,0,0,1,1,0,0,anomaly
0,tcp,mtp,REJ,0,0,0,0,0,0,0,0,0,0,0,0,0,0,0,0,0,287,16,0,0,1,1,0.06,0.06,0,255,16,0.06,0.07,0,0,0,0,1,1,anomaly
0,udp,private,SF,28,0,0,3,0,0,0,0,0,0,0,0,0,0,0,0,0,94,94,0,0,0,0,1,0,0,166,94,0.57,0.02,0.57,0,0,0,0,0,anomaly
0,tcp,auth,S0,0,0,0,0,0,0,0,0,0,0,0,0,0,0,0,0,0,284,23,1,1,0,0,0.08,0.04,0,255,23,0.09,0.05,0,0,1,1,0,0,anomaly
0,tcp,private,REJ,0,0,0,0,0,0,0,0,0,0,0,0,0,0,0,0,0,119,2,0,0,1,1,0.02,0.08,0,255,2,0.01,0.09,0,0,0,0,1,1,anomaly
0,tcp,whois,S0,0,0,0,0,0,0,0,0,0,0,0,0,0,0,0,0,0,201,1,1,1,0,0,0,0.06,0,255,1,0,0.08,0,0,1,1,0,0,anomaly
0,tcp,private,S0,0,0,0,0,0,0,0,0,0,0,0,0,0,0,0,0,0,202,24,1,1,0,0,0.12,0.05,0,255,24,0.09,0.06,0,0,1,1,0,0,anomaly
0,tcp,private,S0,0,0,0,0,0,0,0,0,0,0,0,0,0,0,0,0,0,114,25,1,1,0,0,0.22,0.06,0,255,25,0.1,0.05,0,0,1,1,0,0,anomaly
0,tcp,courier,S0,0,0,0,0,0,0,0,0,0,0,0,0,0,0,0,0,0,138,16,1,1,0,0,0.12,0.06,0,255,5,0.02,0.07,0,0,1,1,0,0,anomaly
0,tcp,systat,S0,0,0,0,0,0,0,0,0,0,0,0,0,0,0,0,0,0,226,13,1,1,0,0,0.06,0.06,0,255,13,0.05,0.07,0,0,1,1,0,0,anomaly
0,tcp,private,S0,0,0,0,0,0,0,0,0,0,0,0,0,0,0,0,0,0,210,2,1,1,0,0,0.01,0.07,0,255,16,0.06,0.06,0,0,1,1,0,0,anomaly
0,tcp,uucp,S0,0,0,0,0,0,0,0,0,0,0,0,0,0,0,0,0,0,100,19,1,1,0,0,0.19,0.06,0,255,19,0.07,0.06,0,0,1,1,0,0,anomaly
0,tcp,private,S0,0,0,0,0,0,0,0,0,0,0,0,0,0,0,0,0,0,298,10,1,1,0,0,0.03,0.05,0,255,10,0.04,0.07,0,0,1,1,0,0,anomaly
0,tcp,hostnames,REJ,0,0,0,0,0,0,0,0,0,0,0,0,0,0,0,0,0,146,8,0,0,1,1,0.05,0.08,0,255,8,0.03,0.07,0,0,0,0,1,1,anomaly
0,tcp,private,REJ,0,0,0,0,0,0,0,0,0,0,0,0,0,0,0,0,0,239,14,0,0,1,1,0.06,0.07,0,255,14,0.05,0.08,0,0,0,0,1,1,anomaly
0,tcp,ldap,S0,0,0,0,0,0,0,0,0,0,0,0,0,0,0,0,0,0,139,10,1,1,0,0,0.07,0.06,0,255,10,0.04,0.06,0,0,1,1,0,0,anomaly
0,tcp,ldap,S0,0,0,0,0,0,0,0,0,0,0,0,0,0,0,0,0,0,131,19,1,1,0,0,0.15,0.06,0,255,19,0.07,0.07,0,0,1,1,0,0,anomaly
0,tcp,supdup,S0,0,0,0,0,0,0,0,0,0,0,0,0,0,0,0,0,0,229,13,1,1,0,0,0.06,0.06,0,255,2,0.01,0.06,0,0,1,1,0,0,anomaly
0,icmp,eco_i,SF,8,0,0,0,0,0,0,0,0,0,0,0,0,0,0,0,0,1,8,0,0,0,0,1,0,1,2,44,1,0,1,0.5,0,0,0,0,anomaly
0,udp,private,SF,1,0,0,0,0,0,0,0,0,0,0,0,0,0,0,0,0,9,9,0,0,0,0,1,0,0,255,9,0.04,0.21,1,0,0,0,0,0,anomaly
0,tcp,ldap,S0,0,0,0,0,0,0,0,0,0,0,0,0,0,0,0,0,0,2,1,1,1,0,0,0.5,1,0,255,9,0.04,0.09,0,0,1,1,0,0,anomaly
0,tcp,other,REJ,0,0,0,0,0,0,0,0,0,0,0,0,0,0,0,0,0,509,1,0.23,0,0.76,1,0,1,0,255,1,0,1,0,0,0.18,0,0.79,1,anomaly
0,tcp,private,REJ,0,0,0,0,0,0,0,0,0,0,0,0,0,0,0,0,0,320,1,0,0,1,1,0,0.51,0,255,1,0,0.51,1,0,0,0,1,1,anomaly
0,tcp,nntp,RSTO,0,0,0,0,0,0,0,0,0,0,0,0,0,0,0,0,0,195,10,0,0,1,1,0.05,0.07,0,255,10,0.04,0.07,0,0,0,0,1,1,anomaly
0,tcp,systat,S0,0,0,0,0,0,0,0,0,0,0,0,0,0,0,0,0,0,210,23,1,1,0,0,0.11,0.06,0,255,23,0.09,0.07,0,0,1,1,0,0,anomaly
0,tcp,private,S0,0,0,0,0,0,0,0,0,0,0,0,0,0,0,0,0,0,209,10,1,1,0,0,0.05,0.06,0,255,17,0.07,0.07,0,0,1,1,0,0,anomaly
0,tcp,daytime,S0,0,0,0,0,0,0,0,0,0,0,0,0,0,0,0,0,0,257,8,1,1,0,0,0.03,0.07,0,255,8,0.03,0.07,0,0,1,1,0,0,anomaly
0,udp,private,SF,1,0,0,0,0,0,0,0,0,0,0,0,0,0,0,0,0,3,3,0,0,0,0,1,0,0,255,74,0.29,0.13,0.92,0,0,0,0.08,0,anomaly
0,tcp,private,S0,0,0,0,0,0,0,0,0,0,0,0,0,0,0,0,0,0,46,11,1,1,0,0,0.24,0.09,0,255,21,0.08,0.08,0,0,1,1,0,0,anomaly
0,tcp,mtp,S0,0,0,0,0,0,0,0,0,0,0,0,0,0,0,0,0,0,221,16,1,1,0,0,0.07,0.06,0,255,17,0.07,0.08,0,0,1,1,0,0,anomaly
0,icmp,eco_i,SF,8,0,0,0,0,0,0,0,0,0,0,0,0,0,0,0,0,1,12,0,0,0,0,1,0,1,1,53,1,0,1,0.51,0,0,0,0,anomaly
0,tcp,private,S0,0,0,0,0,0,0,0,0,0,0,0,0,0,0,0,0,0,218,5,1,1,0,0,0.02,0.06,0,255,6,0.02,0.05,0,0,1,1,0,0,anomaly
0,tcp,uucp,RSTO,0,0,0,0,0,0,0,0,0,0,0,0,0,0,0,0,0,88,17,0,0,1,1,0.19,0.07,0,255,17,0.07,0.06,0,0,0,0,1,1,anomaly
0,tcp,private,S0,0,0,0,0,0,0,0,0,0,0,0,0,0,0,0,0,0,244,14,1,1,0,0,0.06,0.06,0,255,6,0.02,0.07,0,0,1,1,0,0,anomaly
0,icmp,ecr_i,SF,1032,0,0,0,0,0,0,0,0,0,0,0,0,0,0,0,0,511,511,0,0,0,0,1,0,0,255,37,0.15,0.08,0.15,0,0.07,0,0,0,anomaly
0,udp,private,SF,28,0,0,1,0,0,0,0,0,0,0,0,0,0,0,0,0,1,1,0,0,0,0,1,0,0,255,1,0,0.01,0,0,0,0,0,0,anomaly
0,tcp,telnet,RSTO,126,179,0,0,0,1,1,0,0,0,0,0,0,0,0,0,0,2,2,0,0,1,1,1,0,0,16,16,1,0,0.06,0,0.06,0.06,0.94,0.94,anomaly
0,tcp,exec,S0,0,0,0,0,0,0,0,0,0,0,0,0,0,0,0,0,0,132,20,1,1,0,0,0.15,0.05,0,255,1,0,0.06,0,0,1,1,0,0,anomaly
0,tcp,private,S0,0,0,0,0,0,0,0,0,0,0,0,0,0,0,0,0,0,98,24,1,1,0,0,0.24,0.04,0,255,24,0.09,0.05,0,0,1,1,0,0,anomaly
0,tcp,private,S0,0,0,0,0,0,0,0,0,0,0,0,0,0,0,0,0,0,231,2,1,1,0,0,0.01,0.06,0,255,1,0,0.08,0,0,1,1,0,0,anomaly
0,icmp,eco_i,SF,18,0,0,0,0,0,0,0,0,0,0,0,0,0,0,0,0,1,1,0,0,0,0,1,0,0,1,172,1,0,1,1,0,0,0,0,anomaly
0,icmp,eco_i,SF,8,0,0,0,0,0,0,0,0,0,0,0,0,0,0,0,0,1,40,0,0,0,0,1,0,1,3,75,1,0,1,0.25,0,0,0,0,anomaly
0,icmp,ecr_i,SF,1032,0,0,0,0,0,0,0,0,0,0,0,0,0,0,0,0,464,464,0,0,0,0,1,0,0,255,255,1,0,1,0,0,0,0,0,anomaly
0,tcp,ctf,REJ,0,0,0,0,0,0,0,0,0,0,0,0,0,0,0,0,0,260,7,0,0,1,1,0.03,0.07,0,255,7,0.03,0.07,0,0,0,0,1,1,anomaly
0,tcp,systat,S0,0,0,0,0,0,0,0,0,0,0,0,0,0,0,0,0,0,263,3,1,1,0,0,0.01,0.06,0,255,3,0.01,0.06,0,0,1,1,0,0,anomaly
0,tcp,ftp_data,S0,0,0,0,0,0,0,0,0,0,0,0,0,0,0,0,0,0,51,12,1,1,0,0,0.24,0.08,0,255,64,0.25,0.02,0,0,1,1,0,0,anomaly
0,tcp,private,S0,0,0,0,0,0,0,0,0,0,0,0,0,0,0,0,0,0,140,18,1,1,0,0,0.13,0.06,0,255,16,0.06,0.07,0,0,1,1,0,0,anomaly
0,icmp,eco_i,SF,8,0,0,0,0,0,0,0,0,0,0,0,0,0,0,0,0,1,17,0,0,0,0,1,0,1,1,133,1,0,1,0.5,0,0,0,0,anomaly
0,tcp,telnet,S0,0,0,0,0,0,0,0,0,0,0,0,0,0,0,0,0,0,18,18,1,1,0,0,1,0,0,100,60,0.6,0.02,0.01,0,0.98,0.97,0,0,anomaly
0,tcp,auth,S0,0,0,0,0,0,0,0,0,0,0,0,0,0,0,0,0,0,235,3,1,1,0,0,0.01,0.06,0,255,9,0.04,0.07,0,0,1,1,0,0,anomaly
0,icmp,eco_i,SF,8,0,0,0,0,0,0,0,0,0,0,0,0,0,0,0,0,1,31,0,0,0,0,1,0,1,1,39,1,0,1,0.51,0,0,0,0,anomaly
0,tcp,uucp,S0,0,0,0,0,0,0,0,0,0,0,0,0,0,0,0,0,0,117,12,1,1,0,0,0.1,0.06,0,255,12,0.05,0.06,0,0,1,1,0,0,anomaly
0,tcp,bgp,S0,0,0,0,0,0,0,0,0,0,0,0,0,0,0,0,0,0,294,17,1,1,0,0,0.06,0.06,0,255,1,0,0.06,0,0,1,1,0,0,anomaly
0,tcp,courier,S0,0,0,0,0,0,0,0,0,0,0,0,0,0,0,0,0,0,128,6,1,1,0,0,0.05,0.06,0,255,15,0.06,0.07,0,0,1,1,0,0,anomaly
0,tcp,private,S0,0,0,0,0,0,0,0,0,0,0,0,0,0,0,0,0,0,294,14,1,1,0,0,0.05,0.05,0,255,9,0.04,0.07,0,0,1,1,0,0,anomaly
0,icmp,ecr_i,SF,1032,0,0,0,0,0,0,0,0,0,0,0,0,0,0,0,0,511,511,0,0,0,0,1,0,0,255,38,0.15,0.07,0.15,0,0.07,0,0,0,anomaly
0,tcp,vmnet,S0,0,0,0,0,0,0,0,0,0,0,0,0,0,0,0,0,0,244,10,1,1,0,0,0.04,0.07,0,255,19,0.07,0.07,0,0,1,1,0,0,anomaly
0,icmp,eco_i,SF,8,0,0,0,0,0,0,0,0,0,0,0,0,0,0,0,0,1,9,0,0,0,0,1,0,1,1,58,1,0,1,0.52,0,0,0,0,anomaly
0,tcp,private,S0,0,0,0,0,0,0,0,0,0,0,0,0,0,0,0,0,0,172,14,1,1,0,0,0.08,0.06,0,255,5,0.02,0.07,0,0,1,1,0,0,anomaly
0,tcp,domain,S0,0,0,0,0,0,0,0,0,0,0,0,0,0,0,0,0,0,110,20,1,1,0,0,0.18,0.05,0,255,6,0.02,0.07,0,0,1,1,0,0,anomaly
0,tcp,ftp,RSTO,0,0,0,0,0,0,0,0,0,0,0,0,0,0,0,0,0,283,20,0,0,1,1,0.07,0.06,0,255,20,0.08,0.07,0,0,0,0,1,1,anomaly
0,tcp,private,SH,0,0,0,0,0,0,0,0,0,0,0,0,0,0,0,0,0,1,1,1,1,0,0,1,0,0,161,1,0.01,0.94,0.95,0,0.95,1,0,0,anomaly
0,icmp,eco_i,SF,8,0,0,0,0,0,0,0,0,0,0,0,0,0,0,0,0,1,25,0,0,0,0,1,0,1,2,33,1,0,1,0.52,0,0,0,0,anomaly
0,udp,private,SF,28,0,0,3,0,0,0,0,0,0,0,0,0,0,0,0,0,94,94,0,0,0,0,1,0,0,255,94,0.37,0.04,0.37,0,0.02,0,0,0,anomaly
0,tcp,other,REJ,0,0,0,0,0,0,0,0,0,0,0,0,0,0,0,0,0,509,1,0.08,0,0.92,1,0,1,0,255,1,0,1,0,0,0.07,0,0.93,1,anomaly
0,tcp,daytime,S0,0,0,0,0,0,0,0,0,0,0,0,0,0,0,0,0,0,276,16,1,1,0,0,0.06,0.05,0,255,16,0.06,0.05,0,0,1,1,0,0,anomaly
0,tcp,private,S0,0,0,0,0,0,0,0,0,0,0,0,0,0,0,0,0,0,228,15,1,1,0,0,0.07,0.06,0,255,13,0.05,0.08,0,0,1,1,0,0,anomaly
0,tcp,nnsp,S0,0,0,0,0,0,0,0,0,0,0,0,0,0,0,0,0,0,85,16,1,1,0,0,0.19,0.07,0,255,16,0.06,0.07,0,0,1,1,0,0,anomaly
0,tcp,smtp,S0,0,0,0,0,0,0,0,0,0,0,0,0,0,0,0,0,0,9,9,1,1,0,0,1,0,0,111,131,0.44,0.02,0.01,0.02,0.98,0.37,0,0,anomaly
0,tcp,klogin,S0,0,0,0,0,0,0,0,0,0,0,0,0,0,0,0,0,0,12,7,1,1,0,0,0.58,0.17,0,255,12,0.05,0.07,0,0,1,1,0,0,anomaly
0,tcp,private,REJ,0,0,0,0,0,0,0,0,0,0,0,0,0,0,0,0,0,240,19,0,0,1,1,0.08,0.06,0,255,19,0.07,0.06,0,0,0,0,1,1,anomaly
0,icmp,eco_i,SF,8,0,0,0,0,0,0,0,0,0,0,0,0,0,0,0,0,1,7,0,0,0,0,1,0,1,3,207,1,0,1,0.25,0,0,0,0,anomaly
0,tcp,private,S0,0,0,0,0,0,0,0,0,0,0,0,0,0,0,0,0,0,123,2,1,1,0,0,0.02,0.08,0,255,2,0.01,0.08,0,0,1,1,0,0,anomaly
0,tcp,uucp_path,REJ,0,0,0,0,0,0,0,0,0,0,0,0,0,0,0,0,0,130,5,0,0,1,1,0.04,0.08,0,255,5,0.02,0.07,0,0,0,0,1,1,anomaly
0,tcp,private,REJ,0,0,0,0,0,0,0,0,0,0,0,0,0,0,0,0,0,267,16,0,0,1,1,0.06,0.06,0,255,26,0.1,0.07,0,0,0,0,1,1,anomaly
0,tcp,Z39_50,S0,0,0,0,0,0,0,0,0,0,0,0,0,0,0,0,0,0,179,2,1,1,0,0,0.01,0.06,0,255,5,0.02,0.07,0,0,1,1,0,0,anomaly
0,tcp,http,SF,54540,8314,0,0,0,2,0,1,1,0,0,0,0,0,0,0,0,2,2,0,0,0,0,1,0,0,180,180,1,0,0.01,0,0,0,0.01,0.01,anomaly
0,tcp,vmnet,S0,0,0,0,0,0,0,0,0,0,0,0,0,0,0,0,0,0,281,2,1,1,0,0,0.01,0.06,0,255,3,0.01,0.07,0,0,1,1,0,0,anomaly
0,tcp,private,REJ,0,0,0,0,0,0,0,0,0,0,0,0,0,0,0,0,0,135,5,0,0,1,1,0.04,0.07,0,60,5,0.08,0.1,0.02,0,0,0,1,1,anomaly
0,tcp,private,REJ,0,0,0,0,0,0,0,0,0,0,0,0,0,0,0,0,0,208,1,0.09,0,0.9,1,0,1,0,255,1,0,0.91,0,0,0.07,0,0.75,1,anomaly
0,tcp,private,REJ,0,0,0,0,0,0,0,0,0,0,0,0,0,0,0,0,0,128,19,0,0,1,1,0.15,0.07,0,53,19,0.36,0.11,0.02,0,0,0,1,1,anomaly
0,tcp,private,S0,0,0,0,0,0,0,0,0,0,0,0,0,0,0,0,0,0,163,9,1,1,0,0,0.06,0.09,0,255,9,0.04,0.1,0,0,1,1,0,0,anomaly
0,tcp,http,S0,0,0,0,0,0,0,0,0,0,0,0,0,0,0,0,0,0,4,1,1,1,0,0,0.25,0.5,0,255,61,0.24,0.02,0,0,1,1,0,0,anomaly
0,tcp,private,S0,0,0,0,0,0,0,0,0,0,0,0,0,0,0,0,0,0,126,4,1,1,0,0,0.03,0.06,0,255,1,0,0.07,0,0,1,1,0,0,anomaly
0,tcp,csnet_ns,S0,0,0,0,0,0,0,0,0,0,0,0,0,0,0,0,0,0,268,6,1,1,0,0,0.02,0.05,0,255,6,0.02,0.05,0,0,1,1,0,0,anomaly
0,tcp,ldap,S0,0,0,0,0,0,0,0,0,0,0,0,0,0,0,0,0,0,135,17,1,1,0,0,0.13,0.05,0,255,5,0.02,0.07,0,0,1,1,0,0,anomaly
0,tcp,login,RSTO,0,0,0,0,0,0,0,0,0,0,0,0,0,0,0,0,0,148,20,0,0,1,1,0.14,0.05,0,255,20,0.08,0.07,0,0,0,0,1,1,anomaly
0,tcp,private,S0,0,0,0,0,0,0,0,0,0,0,0,0,0,0,0,0,0,130,18,1,1,0,0,0.14,0.07,0,255,20,0.08,0.06,0,0,1,1,0,0,anomaly
0,icmp,eco_i,SF,8,0,0,0,0,0,0,0,0,0,0,0,0,0,0,0,0,1,36,0,0,0,0,1,0,1,2,250,1,0,1,0.5,0,0,0,0,anomaly
0,tcp,uucp_path,S0,0,0,0,0,0,0,0,0,0,0,0,0,0,0,0,0,0,222,18,1,1,0,0,0.08,0.06,0,255,18,0.07,0.07,0,0,1,1,0,0,anomaly
0,tcp,vmnet,S0,0,0,0,0,0,0,0,0,0,0,0,0,0,0,0,0,0,256,11,1,1,0,0,0.04,0.06,0,255,11,0.04,0.07,0,0,1,1,0,0,anomaly
0,icmp,ecr_i,SF,520,0,0,0,0,0,0,0,0,0,0,0,0,0,0,0,0,120,120,0,0,0,0,1,0,0,255,255,1,0,1,0,0,0,0,0,anomaly
0,icmp,eco_i,SF,8,0,0,0,0,0,0,0,0,0,0,0,0,0,0,0,0,1,20,0,0,0,0,1,0,1,1,25,1,0,1,0.28,0,0,0,0,anomaly
0,tcp,ftp_data,S0,0,0,0,0,0,0,0,0,0,0,0,0,0,0,0,0,0,6,1,1,1,0,0,0.17,0.5,0,255,61,0.24,0.02,0,0,1,1,0,0,anomaly
0,tcp,http,S0,0,0,0,0,0,0,0,0,0,0,0,0,0,0,0,0,0,39,13,1,1,0,0,0.33,0.1,0,255,63,0.25,0.02,0,0,1,1,0,0,anomaly
0,tcp,ftp,SF,1224,2451,0,0,0,28,0,1,0,0,0,0,0,0,0,0,1,1,1,0,0,0,0,1,0,0,222,50,0.23,0.02,0,0,0,0,0.01,0,anomaly
0,tcp,domain,S0,0,0,0,0,0,0,0,0,0,0,0,0,0,0,0,0,0,282,4,1,1,0,0,0.01,0.06,0,255,1,0,0.07,0,0,1,1,0,0,anomaly
0,tcp,csnet_ns,S0,0,0,0,0,0,0,0,0,0,0,0,0,0,0,0,0,0,241,6,1,1,0,0,0.02,0.07,0,255,6,0.02,0.08,0,0,1,1,0,0,anomaly
0,tcp,mtp,S0,0,0,0,0,0,0,0,0,0,0,0,0,0,0,0,0,0,210,22,1,1,0,0,0.1,0.05,0,255,22,0.09,0.05,0,0,1,1,0,0,anomaly
0,icmp,eco_i,SF,8,0,0,0,0,0,0,0,0,0,0,0,0,0,0,0,0,1,37,0,0,0,0,1,0,1,2,40,1,0,1,0.52,0,0,0,0,anomaly
9015,tcp,other,RSTR,1,0,0,0,0,0,0,0,0,0,0,0,0,0,0,0,0,2,2,0,0,1,1,1,0,0,255,2,0.01,0.74,1,0,0,0,1,1,anomaly
0,udp,private,SF,28,0,0,3,0,0,0,0,0,0,0,0,0,0,0,0,0,96,94,0.01,0,0.01,0,0.98,0.03,0,255,94,0.37,0.02,0.37,0,0,0,0.47,0,anomaly
0,tcp,private,REJ,0,0,0,0,0,0,0,0,0,0,0,0,0,0,0,0,0,234,19,0,0,1,1,0.08,0.06,0,255,19,0.07,0.08,0,0,0,0,1,1,anomaly
0,icmp,eco_i,SF,8,0,0,0,0,0,0,0,0,0,0,0,0,0,0,0,0,1,17,0,0,0,0,1,0,1,1,81,1,0,1,0.26,0,0,0,0,anomaly
0,icmp,eco_i,SF,8,0,0,0,0,0,0,0,0,0,0,0,0,0,0,0,0,1,45,0,0,0,0,1,0,1,1,75,1,0,1,0.51,0,0,0,0,anomaly
0,tcp,gopher,S0,0,0,0,0,0,0,0,0,0,0,0,0,0,0,0,0,0,104,18,1,1,0,0,0.17,0.06,0,255,4,0.02,0.08,0,0,1,1,0,0,anomaly
0,tcp,uucp,S0,0,0,0,0,0,0,0,0,0,0,0,0,0,0,0,0,0,117,12,1,1,0,0,0.1,0.06,0,255,12,0.05,0.06,0,0,1,1,0,0,anomaly
0,tcp,Z39_50,REJ,0,0,0,0,0,0,0,0,0,0,0,0,0,0,0,0,0,145,18,0,0,1,1,0.12,0.06,0,255,8,0.03,0.06,0,0,0,0,1,1,anomaly
0,tcp,private,S0,0,0,0,0,0,0,0,0,0,0,0,0,0,0,0,0,0,77,17,1,1,0,0,0.22,0.06,0,255,17,0.07,0.06,0,0,1,1,0,0,anomaly
0,tcp,private,S0,0,0,0,0,0,0,0,0,0,0,0,0,0,0,0,0,0,110,10,1,1,0,0,0.09,0.05,0,255,33,0.13,0.06,0,0,1,1,0,0,anomaly
0,tcp,private,S0,0,0,0,0,0,0,0,0,0,0,0,0,0,0,0,0,0,142,15,1,1,0,0,0.11,0.06,0,255,8,0.03,0.06,0,0,1,1,0,0,anomaly
0,tcp,bgp,S0,0,0,0,0,0,0,0,0,0,0,0,0,0,0,0,0,0,225,20,1,1,0,0,0.09,0.06,0,255,1,0,0.09,0,0,1,1,0,0,anomaly
0,tcp,sql_net,S0,0,0,0,0,0,0,0,0,0,0,0,0,0,0,0,0,0,184,14,1,1,0,0,0.08,0.07,0,255,14,0.05,0.08,0,0,1,1,0,0,anomaly
0,tcp,private,S0,0,0,0,0,0,0,0,0,0,0,0,0,0,0,0,0,0,263,9,1,1,0,0,0.03,0.06,0,255,9,0.04,0.05,0,0,1,1,0,0,anomaly
0,tcp,uucp_path,S0,0,0,0,0,0,0,0,0,0,0,0,0,0,0,0,0,0,262,8,1,1,0,0,0.03,0.06,0,255,8,0.03,0.07,0,0,1,1,0,0,anomaly
0,tcp,echo,RSTO,0,0,0,0,0,0,0,0,0,0,0,0,0,0,0,0,0,197,5,0,0,1,1,0.03,0.07,0,255,5,0.02,0.07,0,0,0,0,1,1,anomaly
0,tcp,private,S0,0,0,0,0,0,0,0,0,0,0,0,0,0,0,0,0,0,114,5,1,1,0,0,0.04,0.07,0,255,5,0.02,0.05,0,0,1,1,0,0,anomaly
0,tcp,telnet,RSTO,126,179,0,0,0,1,1,0,0,0,0,0,0,0,0,0,0,1,1,0,0,1,1,1,0,0,28,28,1,0,0.04,0,0.07,0.07,0.93,0.93,anomaly
0,tcp,ldap,REJ,0,0,0,0,0,0,0,0,0,0,0,0,0,0,0,0,0,285,14,0,0,1,1,0.05,0.06,0,255,14,0.05,0.07,0,0,0,0,1,1,anomaly
0,tcp,private,REJ,0,0,0,0,0,0,0,0,0,0,0,0,0,0,0,0,0,1,1,0,0,1,1,1,0,0,255,1,0,0.34,0,0,0,0,0.1,1,anomaly
0,tcp,ftp_data,S0,0,0,0,0,0,0,0,0,0,0,0,0,0,0,0,0,0,47,4,1,1,0,0,0.09,0.09,0,255,64,0.25,0.02,0.02,0,1,1,0,0,anomaly
0,tcp,Z39_50,S0,0,0,0,0,0,0,0,0,0,0,0,0,0,0,0,0,0,226,6,1,1,0,0,0.03,0.07,0,255,6,0.02,0.08,0,0,1,1,0,0,anomaly
0,icmp,ecr_i,SF,1032,0,0,0,0,0,0,0,0,0,0,0,0,0,0,0,0,453,453,0,0,0,0,1,0,0,255,255,1,0,1,0,0,0,0,0,anomaly
0,tcp,private,REJ,0,0,0,0,0,0,0,0,0,0,0,0,0,0,0,0,0,38,1,0.16,0,0.84,1,0.03,1,0,255,1,0,0.47,0,0,0.02,0,0.14,1,anomaly
0,icmp,eco_i,SF,8,0,0,0,0,0,0,0,0,0,0,0,0,0,0,0,0,1,52,0,0,0,0,1,0,1,1,75,1,0,1,0.51,0,0,0,0,anomaly
0,tcp,name,REJ,0,0,0,0,0,0,0,0,0,0,0,0,0,0,0,0,0,202,2,0,0,1,1,0.01,0.06,0,255,19,0.07,0.07,0,0,0,0,1,1,anomaly
0,tcp,other,REJ,0,0,0,0,0,0,0,0,0,0,0,0,0,0,0,0,0,440,1,0.08,0,0.92,1,0,1,0,255,1,0,1,0,0,0.06,0,0.94,1,anomaly
0,tcp,http,S0,0,0,0,0,0,0,0,0,0,0,0,0,0,0,0,0,0,200,2,1,1,0,0,0.01,0.06,0,255,18,0.07,0.07,0,0,1,1,0,0,anomaly
0,tcp,netbios_ssn,S0,0,0,0,0,0,0,0,0,0,0,0,0,0,0,0,0,0,20,8,1,1,0,0,0.4,0.3,0,255,8,0.03,0.09,0,0,1,1,0,0,anomaly
0,tcp,private,REJ,0,0,0,0,0,0,0,0,0,0,0,0,0,0,0,0,0,201,1,0.09,0,0.9,1,0,1,0,255,1,0,0.9,0,0,0.07,0,0.72,1,anomaly
0,tcp,bgp,S0,0,0,0,0,0,0,0,0,0,0,0,0,0,0,0,0,0,120,5,1,1,0,0,0.04,0.08,0,255,5,0.02,0.07,0,0,1,1,0,0,anomaly
0,tcp,supdup,S0,0,0,0,0,0,0,0,0,0,0,0,0,0,0,0,0,0,200,18,1,1,0,0,0.09,0.07,0,255,18,0.07,0.07,0,0,1,1,0,0,anomaly
0,icmp,eco_i,SF,8,0,0,0,0,0,0,0,0,0,0,0,0,0,0,0,0,1,25,0,0,0,0,1,0,1,2,82,1,0,1,0.5,0,0,0,0,anomaly
0,tcp,private,S0,0,0,0,0,0,0,0,0,0,0,0,0,0,0,0,0,0,233,4,1,1,0,0,0.02,0.06,0,255,19,0.07,0.08,0,0,1,1,0,0,anomaly
0,icmp,ecr_i,SF,520,0,0,0,0,0,0,0,0,0,0,0,0,0,0,0,0,484,484,0,0,0,0,1,0,0,85,85,1,0,1,0,0,0,0,0,anomaly
0,tcp,gopher,REJ,0,0,0,0,0,0,0,0,0,0,0,0,0,0,0,0,0,1,1,0,0,1,1,1,0,0,51,2,0.02,1,0.02,1,0,0,0.96,0.5,anomaly
0,tcp,exec,S0,0,0,0,0,0,0,0,0,0,0,0,0,0,0,0,0,0,121,19,1,1,0,0,0.16,0.06,0,255,19,0.07,0.07,0,0,1,1,0,0,anomaly
0,tcp,ctf,S0,0,0,0,0,0,0,0,0,0,0,0,0,0,0,0,0,0,271,7,1,1,0,0,0.03,0.05,0,255,7,0.03,0.05,0,0,1,1,0,0,anomaly
0,tcp,efs,S0,0,0,0,0,0,0,0,0,0,0,0,0,0,0,0,0,0,140,19,1,1,0,0,0.14,0.05,0,255,19,0.07,0.05,0,0,1,1,0,0,anomaly
0,tcp,klogin,S0,0,0,0,0,0,0,0,0,0,0,0,0,0,0,0,0,0,137,16,1,1,0,0,0.12,0.06,0,255,16,0.06,0.06,0,0,1,1,0,0,anomaly
0,tcp,private,REJ,0,0,0,0,0,0,0,0,0,0,0,0,0,0,0,0,0,235,19,0,0,1,1,0.08,0.06,0,255,19,0.07,0.06,0,0,0,0,1,1,anomaly
0,icmp,eco_i,SF,8,0,0,0,0,0,0,0,0,0,0,0,0,0,0,0,0,1,5,0,0,0,0,1,0,1,1,117,1,0,1,0.5,0,0,0,0,anomaly
40053,tcp,private,RSTR,1,0,0,0,0,0,0,0,0,0,0,0,0,0,0,0,0,2,2,0,0,1,1,1,0,0,255,2,0.01,0.48,0.96,0,0,0,0.96,1,anomaly
0,tcp,http,S0,0,0,0,0,0,0,0,0,0,0,0,0,0,0,0,0,0,19,8,1,1,0,0,0.42,0.21,0,255,67,0.26,0.02,0.01,0,1,1,0,0,anomaly
0,tcp,telnet,S0,0,0,0,0,0,0,0,0,0,0,0,0,0,0,0,0,0,15,2,1,1,0,0,0.13,0.33,0,255,12,0.05,0.08,0,0,1,1,0,0,anomaly
0,tcp,telnet,S0,0,0,0,0,0,0,0,0,0,0,0,0,0,0,0,0,0,59,8,1,1,0,0,0.14,0.07,0,255,64,0.25,0.02,0.02,0,1,1,0,0,anomaly
39507,tcp,private,RSTR,1,0,0,0,0,0,0,0,0,0,0,0,0,0,0,0,0,2,2,0,0,1,1,1,0,0,255,2,0.01,0.5,1,0,0,0,1,1,anomaly
0,icmp,eco_i,SF,8,0,0,0,0,0,0,0,0,0,0,0,0,0,0,0,0,1,2,0,0,0,0,1,0,1,1,62,1,0,1,0.52,0,0,0,0,anomaly
0,tcp,csnet_ns,S0,0,0,0,0,0,0,0,0,0,0,0,0,0,0,0,0,0,199,6,1,1,0,0,0.03,0.08,0,255,6,0.02,0.08,0,0,1,1,0,0,anomaly
0,tcp,whois,S0,0,0,0,0,0,0,0,0,0,0,0,0,0,0,0,0,0,171,1,1,1,0,0,0.01,0.06,0,255,3,0.01,0.06,0,0,1,1,0,0,anomaly
0,tcp,ldap,S0,0,0,0,0,0,0,0,0,0,0,0,0,0,0,0,0,0,147,19,1,1,0,0,0.13,0.05,0,255,19,0.07,0.06,0,0,1,1,0,0,anomaly
0,tcp,ldap,S0,0,0,0,0,0,0,0,0,0,0,0,0,0,0,0,0,0,195,10,1,1,0,0,0.05,0.05,0,255,10,0.04,0.05,0,0,1,1,0,0,anomaly
0,tcp,private,S0,0,0,0,0,0,0,0,0,0,0,0,0,0,0,0,0,0,271,16,1,1,0,0,0.06,0.06,0,255,15,0.06,0.07,0,0,1,1,0,0,anomaly
0,tcp,printer,RSTO,0,0,0,0,0,0,0,0,0,0,0,0,0,0,0,0,0,111,5,0,0,1,1,0.05,0.06,0,255,5,0.02,0.08,0,0,0,0,1,1,anomaly
0,tcp,private,S0,0,0,0,0,0,0,0,0,0,0,0,0,0,0,0,0,0,278,22,1,1,0,0,0.08,0.05,0,255,22,0.09,0.06,0,0,1,1,0,0,anomaly
0,tcp,hostnames,S0,0,0,0,0,0,0,0,0,0,0,0,0,0,0,0,0,0,298,19,1,1,0,0,0.06,0.06,0,255,1,0,0.07,0,0,1,1,0,0,anomaly
0,tcp,ctf,S0,0,0,0,0,0,0,0,0,0,0,0,0,0,0,0,0,0,256,4,1,1,0,0,0.02,0.07,0,255,4,0.02,0.07,0,0,1,1,0,0,anomaly
0,tcp,private,S0,0,0,0,0,0,0,0,0,0,0,0,0,0,0,0,0,0,232,13,1,1,0,0,0.06,0.07,0,255,13,0.05,0.06,0,0,1,1,0,0,anomaly
0,tcp,name,REJ,0,0,0,0,0,0,0,0,0,0,0,0,0,0,0,0,0,248,17,0,0,1,1,0.07,0.06,0,255,17,0.07,0.07,0,0,0,0,1,1,anomaly
0,tcp,discard,S0,0,0,0,0,0,0,0,0,0,0,0,0,0,0,0,0,0,270,3,1,1,0,0,0.01,0.06,0,255,3,0.01,0.07,0,0,1,1,0,0,anomaly
0,tcp,http,S0,0,0,0,0,0,0,0,0,0,0,0,0,0,0,0,0,0,68,19,0.97,1,0.03,0,0.28,0.09,0,255,35,0.14,0.04,0.01,0,1,1,0,0,anomaly
0,tcp,discard,S0,0,0,0,0,0,0,0,0,0,0,0,0,0,0,0,0,0,242,5,1,1,0,0,0.02,0.07,0,255,5,0.02,0.08,0,0,1,1,0,0,anomaly
0,icmp,ecr_i,SF,520,0,0,0,0,0,0,0,0,0,0,0,0,0,0,0,0,139,139,0,0,0,0,1,0,0,255,255,1,0,1,0,0,0,0,0,anomaly
0,tcp,private,REJ,0,0,0,0,0,0,0,0,0,0,0,0,0,0,0,0,0,1,1,0,0,1,1,1,0,0,35,2,0.03,1,0.03,1,0,0,0.89,1,anomaly
0,tcp,telnet,S0,0,0,0,0,0,0,0,0,0,0,0,0,0,0,0,0,0,267,19,1,1,0,0,0.07,0.06,0,255,4,0.02,0.07,0,0,1,1,0,0,anomaly
0,tcp,supdup,S0,0,0,0,0,0,0,0,0,0,0,0,0,0,0,0,0,0,204,20,1,1,0,0,0.1,0.07,0,255,20,0.08,0.07,0,0,1,1,0,0,anomaly
0,tcp,uucp,RSTO,0,0,0,0,0,0,0,0,0,0,0,0,0,0,0,0,0,118,13,0,0,1,1,0.11,0.08,0,255,13,0.05,0.07,0,0,0,0,1,1,anomaly
0,tcp,private,S0,0,0,0,0,0,0,0,0,0,0,0,0,0,0,0,0,0,244,1,1,1,0,0,0,0.06,0,255,7,0.03,0.09,0,0,1,1,0,0,anomaly
0,tcp,other,REJ,0,0,0,0,0,0,0,0,0,0,0,0,0,0,0,0,0,510,1,0.19,0,0.81,1,0,1,0,255,1,0,1,0,0,0.15,0,0.85,1,anomaly
0,icmp,eco_i,SF,8,0,0,0,0,0,0,0,0,0,0,0,0,0,0,0,0,1,46,0,0,0,0,1,0,1,2,154,1,0,1,0.25,0,0,0,0,anomaly
0,tcp,private,S0,0,0,0,0,0,0,0,0,0,0,0,0,0,0,0,0,0,110,5,1,1,0,0,0.05,0.07,0,255,5,0.02,0.09,0,0,1,1,0,0,anomaly
0,tcp,uucp_path,REJ,0,0,0,0,0,0,0,0,0,0,0,0,0,0,0,0,0,250,8,0,0,1,1,0.03,0.06,0,255,8,0.03,0.07,0,0,0,0,1,1,anomaly
0,tcp,private,S0,0,0,0,0,0,0,0,0,0,0,0,0,0,0,0,0,0,226,18,1,1,0,0,0.08,0.06,0,255,18,0.07,0.07,0,0,1,1,0,0,anomaly
0,tcp,auth,S0,0,0,0,0,0,0,0,0,0,0,0,0,0,0,0,0,0,239,5,1,1,0,0,0.02,0.05,0,255,5,0.02,0.05,0,0,1,1,0,0,anomaly
5,tcp,private,RSTR,0,0,0,0,0,0,0,0,0,0,0,0,0,0,0,0,0,1,1,0,0,1,1,1,0,0,137,1,0.01,0.29,0.28,0,0,0,0.28,1,anomaly
0,tcp,vmnet,S0,0,0,0,0,0,0,0,0,0,0,0,0,0,0,0,0,0,274,16,1,1,0,0,0.06,0.05,0,255,5,0.02,0.07,0,0,1,1,0,0,anomaly
1,tcp,echo,RSTOS0,0,0,0,0,0,0,0,0,0,0,0,0,0,0,0,0,0,230,2,0.63,0.5,0.37,0.5,0.01,0.42,0,255,2,0.01,0.38,0.9,0,0.57,0.5,0.33,0.5,anomaly
0,icmp,eco_i,SF,8,0,0,0,0,0,0,0,0,0,0,0,0,0,0,0,0,1,45,0,0,0,0,1,0,1,2,74,1,0,1,0.5,0,0,0,0,anomaly
479,tcp,other,RSTR,1,0,0,0,0,0,0,0,0,0,0,0,0,0,0,0,0,2,2,0,0,1,1,1,0,0,255,2,0.01,0.73,1,0,0,0,1,1,anomaly
0,tcp,private,S0,0,0,0,0,0,0,0,0,0,0,0,0,0,0,0,0,0,285,5,1,1,0,0,0.02,0.06,0,255,8,0.03,0.07,0,0,1,1,0,0,anomaly
0,tcp,private,S0,0,0,0,0,0,0,0,0,0,0,0,0,0,0,0,0,0,112,14,1,1,0,0,0.12,0.05,0,255,14,0.05,0.07,0,0,1,1,0,0,anomaly
0,tcp,private,S0,0,0,0,0,0,0,0,0,0,0,0,0,0,0,0,0,0,108,24,1,1,0,0,0.22,0.06,0,255,6,0.02,0.06,0,0,1,1,0,0,anomaly
0,tcp,ftp,S0,0,0,0,0,0,0,0,0,0,0,0,0,0,0,0,0,0,265,4,1,1,0,0,0.02,0.06,0,255,17,0.07,0.07,0,0,1,1,0,0,anomaly
0,icmp,ecr_i,SF,1032,0,0,0,0,0,0,0,0,0,0,0,0,0,0,0,0,511,511,0,0,0,0,1,0,0,255,73,0.29,0.2,0.29,0,0,0,0,0,anomaly
0,tcp,courier,S0,0,0,0,0,0,0,0,0,0,0,0,0,0,0,0,0,0,126,10,1,1,0,0,0.08,0.06,0,255,10,0.04,0.05,0,0,1,1,0,0,anomaly
0,tcp,kshell,S0,0,0,0,0,0,0,0,0,0,0,0,0,0,0,0,0,0,109,7,1,1,0,0,0.06,0.06,0,255,20,0.08,0.05,0,0,1,1,0,0,anomaly
0,tcp,netbios_dgm,S0,0,0,0,0,0,0,0,0,0,0,0,0,0,0,0,0,0,266,15,1,1,0,0,0.06,0.06,0,255,15,0.06,0.06,0,0,1,1,0,0,anomaly
0,tcp,private,REJ,0,0,0,0,0,0,0,0,0,0,0,0,0,0,0,0,0,121,20,0,0,1,1,0.17,0.07,0,255,20,0.08,0.06,0,0,0,0,1,1,anomaly
0,tcp,http,RSTR,54060,7300,0,0,0,1,0,1,0,0,0,0,0,0,0,0,0,4,4,0,0,0.25,0.25,1,0,0,19,19,1,0,0.05,0,0,0,0.11,0.11,anomaly
0,tcp,private,S0,0,0,0,0,0,0,0,0,0,0,0,0,0,0,0,0,0,251,20,1,1,0,0,0.08,0.05,0,255,20,0.08,0.07,0,0,1,1,0,0,anomaly
0,tcp,other,REJ,0,0,0,0,0,0,0,0,0,0,0,0,0,0,0,0,0,511,1,0.13,0,0.87,1,0,1,0,255,1,0,1,0,0,0.14,0,0.86,1,anomaly
12,tcp,http,SF,54540,8314,0,0,0,2,0,1,1,0,0,0,0,0,0,0,0,4,4,0,0,0.25,0.25,1,0,0,19,19,1,0,0.05,0,0,0,0.42,0.42,anomaly
0,tcp,netbios_ssn,S0,0,0,0,0,0,0,0,0,0,0,0,0,0,0,0,0,0,222,20,1,1,0,0,0.09,0.06,0,255,18,0.07,0.07,0,0,1,1,0,0,anomaly
4,tcp,ftp_data,SF,832,0,0,0,0,0,0,1,0,0,0,0,0,0,0,0,0,1,1,0,0,0,0,1,0,0,3,15,1,0,1,0.27,0,0,0,0,anomaly
0,tcp,private,S0,0,0,0,0,0,0,0,0,0,0,0,0,0,0,0,0,0,301,20,1,1,0,0,0.07,0.06,0,255,19,0.07,0.05,0,0,1,1,0,0,anomaly
0,tcp,netstat,S0,0,0,0,0,0,0,0,0,0,0,0,0,0,0,0,0,0,126,3,1,1,0,0,0.02,0.06,0,255,3,0.01,0.05,0,0,1,1,0,0,anomaly
0,tcp,private,REJ,0,0,0,0,0,0,0,0,0,0,0,0,0,0,0,0,0,140,1,0.01,0,0.95,1,0.01,1,0,255,1,0,0.58,0,0,0,0,0.53,1,anomaly
0,tcp,private,REJ,0,0,0,0,0,0,0,0,0,0,0,0,0,0,0,0,0,184,6,0,0,1,1,0.03,0.07,0,255,6,0.02,0.08,0,0,0,0,1,1,anomaly
0,tcp,ftp,S0,0,0,0,0,0,0,0,0,0,0,0,0,0,0,0,0,0,283,24,1,1,0,0,0.08,0.05,0,255,24,0.09,0.05,0,0,1,1,0,0,anomaly
4701,tcp,other,RSTR,1,0,0,0,0,0,0,0,0,0,0,0,0,0,0,0,0,2,2,0,0,1,1,1,0,0,255,2,0.01,0.74,1,0,0,0,1,1,anomaly
0,tcp,private,S0,0,0,0,0,0,0,0,0,0,0,0,0,0,0,0,0,0,258,17,1,1,0,0,0.07,0.06,0,255,6,0.02,0.09,0,0,1,1,0,0,anomaly
0,tcp,mtp,S0,0,0,0,0,0,0,0,0,0,0,0,0,0,0,0,0,0,250,20,1,1,0,0,0.08,0.06,0,255,20,0.08,0.07,0,0,1,1,0,0,anomaly
0,tcp,csnet_ns,S0,0,0,0,0,0,0,0,0,0,0,0,0,0,0,0,0,0,250,7,1,1,0,0,0.03,0.06,0,255,7,0.03,0.07,0,0,1,1,0,0,anomaly
0,tcp,finger,S0,0,0,0,0,0,0,0,0,0,0,0,0,0,0,0,0,0,35,9,1,1,0,0,0.26,0.11,0,255,24,0.09,0.06,0.01,0,1,1,0,0,anomaly
0,tcp,other,REJ,0,0,0,0,0,0,0,0,0,0,0,0,0,0,0,0,0,511,1,0.12,0,0.86,1,0,1,0,255,1,0,1,0,0,0.13,0,0.87,1,anomaly
0,tcp,http,S0,0,0,0,0,0,0,0,0,0,0,0,0,0,0,0,0,0,9,10,1,0.9,0,0.1,1,0,0.2,9,9,1,0,0.11,0,1,1,0,0,anomaly
0,tcp,bgp,S0,0,0,0,0,0,0,0,0,0,0,0,0,0,0,0,0,0,252,2,1,1,0,0,0.01,0.07,0,255,2,0.01,0.07,0,0,1,1,0,0,anomaly
2,tcp,ftp,SF,1263,2451,0,0,0,28,0,1,0,0,0,0,0,0,0,0,1,1,1,0,0,0,0,1,0,0,252,80,0.32,0.02,0,0,0,0,0.01,0,anomaly
0,tcp,http,REJ,0,0,0,0,0,0,0,0,0,0,0,0,0,0,0,0,0,1,1,0,0,1,1,1,0,0,61,2,0.02,1,0.02,1,0,0,0.95,1,anomaly
0,tcp,csnet_ns,S0,0,0,0,0,0,0,0,0,0,0,0,0,0,0,0,0,0,199,5,1,1,0,0,0.03,0.06,0,255,5,0.02,0.06,0,0,1,1,0,0,anomaly
0,tcp,ldap,REJ,0,0,0,0,0,0,0,0,0,0,0,0,0,0,0,0,0,149,19,0,0,1,1,0.13,0.06,0,255,19,0.07,0.07,0,0,0,0,1,1,anomaly
0,tcp,nntp,S0,0,0,0,0,0,0,0,0,0,0,0,0,0,0,0,0,0,196,12,1,1,0,0,0.06,0.07,0,255,12,0.05,0.08,0,0,1,1,0,0,anomaly
0,tcp,private,S0,0,0,0,0,0,0,0,0,0,0,0,0,0,0,0,0,0,115,10,1,1,0,0,0.09,0.07,0,255,4,0.02,0.07,0,0,1,1,0,0,anomaly
0,tcp,whois,S0,0,0,0,0,0,0,0,0,0,0,0,0,0,0,0,0,0,262,21,1,1,0,0,0.08,0.05,0,255,21,0.08,0.05,0,0,1,1,0,0,anomaly
0,tcp,private,REJ,0,0,0,0,0,0,0,0,0,0,0,0,0,0,0,0,0,313,1,0,0,1,1,0,0.52,0,255,1,0,0.52,1,0,0,0,1,1,anomaly
0,tcp,private,S0,0,0,0,0,0,0,0,0,0,0,0,0,0,0,0,0,0,77,20,1,1,0,0,0.26,0.06,0,255,1,0,0.09,0,0,1,1,0,0,anomaly
0,tcp,private,S0,0,0,0,0,0,0,0,0,0,0,0,0,0,0,0,0,0,246,1,1,1,0,0,0,0.06,0,255,5,0.02,0.08,0,0,1,1,0,0,anomaly
0,tcp,other,REJ,0,0,0,0,0,0,0,0,0,0,0,0,0,0,0,0,0,511,1,0.15,0,0.85,1,0,1,0,255,1,0,1,0,0,0,0,1,1,anomaly
0,icmp,eco_i,SF,8,0,0,0,0,0,0,0,0,0,0,0,0,0,0,0,0,1,43,0,0,0,0,1,0,1,1,109,1,0,1,0.51,0,0,0,0,anomaly
0,tcp,klogin,S0,0,0,0,0,0,0,0,0,0,0,0,0,0,0,0,0,0,121,9,1,1,0,0,0.07,0.05,0,255,9,0.04,0.05,0,0,1,1,0,0,anomaly
0,tcp,domain,S0,0,0,0,0,0,0,0,0,0,0,0,0,0,0,0,0,0,245,5,1,1,0,0,0.02,0.05,0,255,5,0.02,0.05,0,0,1,1,0,0,anomaly
0,tcp,sunrpc,S0,0,0,0,0,0,0,0,0,0,0,0,0,0,0,0,0,0,133,4,1,1,0,0,0.03,0.06,0,255,4,0.02,0.06,0,0,1,1,0,0,anomaly
0,tcp,private,S0,0,0,0,0,0,0,0,0,0,0,0,0,0,0,0,0,0,266,8,1,1,0,0,0.03,0.06,0,255,13,0.05,0.07,0,0,1,1,0,0,anomaly
0,tcp,private,REJ,0,0,0,0,0,0,0,0,0,0,0,0,0,0,0,0,0,1,1,0,0,1,1,1,0,0,64,2,0.02,1,0.02,1,0,0,0.95,1,anomaly
0,tcp,exec,S0,0,0,0,0,0,0,0,0,0,0,0,0,0,0,0,0,0,118,23,1,1,0,0,0.19,0.04,0,255,23,0.09,0.04,0,0,1,1,0,0,anomaly
0,tcp,private,S0,0,0,0,0,0,0,0,0,0,0,0,0,0,0,0,0,0,277,7,1,1,0,0,0.03,0.05,0,255,7,0.03,0.07,0,0,1,1,0,0,anomaly
0,tcp,ftp_data,SF,334,0,0,0,0,0,0,1,0,0,0,0,0,0,0,0,0,1,1,0,0,0,0,1,0,0,8,33,1,0,1,0.15,0,0,0,0,anomaly
0,icmp,eco_i,SF,8,0,0,0,0,0,0,0,0,0,0,0,0,0,0,0,0,1,10,0,0,0,0,1,0,1,2,255,1,0,1,0.5,0,0,0,0,anomaly
0,tcp,login,S0,0,0,0,0,0,0,0,0,0,0,0,0,0,0,0,0,0,95,20,1,1,0,0,0.21,0.05,0,255,20,0.08,0.07,0,0,1,1,0,0,anomaly
0,tcp,nntp,S0,0,0,0,0,0,0,0,0,0,0,0,0,0,0,0,0,0,204,4,1,1,0,0,0.02,0.06,0,255,14,0.05,0.07,0,0,1,1,0,0,anomaly
0,icmp,eco_i,SF,8,0,0,0,0,0,0,0,0,0,0,0,0,0,0,0,0,1,45,0,0,0,0,1,0,1,1,99,1,0,1,0.51,0,0,0,0,anomaly
0,tcp,auth,S0,0,0,0,0,0,0,0,0,0,0,0,0,0,0,0,0,0,275,9,1,1,0,0,0.03,0.06,0,255,9,0.04,0.08,0,0,1,1,0,0,anomaly
0,tcp,private,REJ,0,0,0,0,0,0,0,0,0,0,0,0,0,0,0,0,0,197,8,0,0,1,1,0.04,0.07,0,255,8,0.03,0.07,0,0,0,0,1,1,anomaly
0,tcp,finger,S0,0,0,0,0,0,0,0,0,0,0,0,0,0,0,0,0,0,21,6,1,1,0,0,0.29,0.19,0,255,41,0.16,0.04,0,0,1,1,0,0,anomaly
0,tcp,private,S0,0,0,0,0,0,0,0,0,0,0,0,0,0,0,0,0,0,146,17,1,1,0,0,0.12,0.06,0,255,7,0.03,0.08,0,0,1,1,0,0,anomaly
0,tcp,discard,RSTO,0,0,0,0,0,0,0,0,0,0,0,0,0,0,0,0,0,270,19,0,0,1,1,0.07,0.06,0,255,19,0.07,0.07,0,0,0,0,1,1,anomaly
0,tcp,private,S0,0,0,0,0,0,0,0,0,0,0,0,0,0,0,0,0,0,140,6,1,1,0,0,0.04,0.07,0,255,6,0.02,0.07,0,0,1,1,0,0,anomaly
0,icmp,ecr_i,SF,1480,0,0,1,0,0,0,0,0,0,0,0,0,0,0,0,0,14,14,0,0,0,0,1,0,0,255,14,0.05,0.02,0.05,0,0,0,0,0,anomaly
0,tcp,private,S0,0,0,0,0,0,0,0,0,0,0,0,0,0,0,0,0,0,277,14,1,1,0,0,0.05,0.05,0,255,14,0.05,0.08,0,0,1,1,0,0,anomaly
0,tcp,private,S0,0,0,0,0,0,0,0,0,0,0,0,0,0,0,0,0,0,69,12,1,1,0,0,0.17,0.07,0,255,12,0.05,0.07,0,0,1,1,0,0,anomaly
0,tcp,netbios_ssn,S0,0,0,0,0,0,0,0,0,0,0,0,0,0,0,0,0,0,269,14,1,1,0,0,0.05,0.05,0,255,14,0.05,0.05,0,0,1,1,0,0,anomaly
0,tcp,time,RSTR,0,0,0,0,0,0,0,0,0,0,0,0,0,0,0,0,0,1,1,0,0,1,1,1,0,0,255,1,0,0.16,0.15,0,0,0,0.15,1,anomaly
0,tcp,sunrpc,S0,0,0,0,0,0,0,0,0,0,0,0,0,0,0,0,0,0,247,21,1,1,0,0,0.09,0.05,0,255,21,0.08,0.06,0,0,1,1,0,0,anomaly
0,tcp,ctf,S0,0,0,0,0,0,0,0,0,0,0,0,0,0,0,0,0,0,247,19,1,1,0,0,0.08,0.06,0,255,2,0.01,0.07,0,0,1,1,0,0,anomaly
0,tcp,finger,S0,0,0,0,0,0,0,0,0,0,0,0,0,0,0,0,0,0,14,7,1,1,0,0,0.5,0.14,0,174,50,0.27,0.02,0.01,0.04,1,0.94,0,0,anomaly
0,icmp,ecr_i,SF,1032,0,0,0,0,0,0,0,0,0,0,0,0,0,0,0,0,511,511,0,0,0,0,1,0,0,255,113,0.44,0.02,0.44,0,0.01,0,0.02,0,anomaly
0,tcp,private,S0,0,0,0,0,0,0,0,0,0,0,0,0,0,0,0,0,0,113,3,1,1,0,0,0.03,0.06,0,255,11,0.04,0.06,0,0,1,1,0,0,anomaly
0,icmp,eco_i,SF,8,0,0,0,0,0,0,0,0,0,0,0,0,0,0,0,0,1,22,0,0,0,0,1,0,1,2,129,1,0,1,0.5,0,0,0,0,anomaly
0,tcp,private,S0,0,0,0,0,0,0,0,0,0,0,0,0,0,0,0,0,0,55,11,1,1,0,0,0.2,0.07,0,255,11,0.04,0.05,0,0,1,1,0,0,anomaly
0,tcp,private,S0,0,0,0,0,0,0,0,0,0,0,0,0,0,0,0,0,0,218,13,1,1,0,0,0.06,0.07,0,255,14,0.05,0.07,0,0,1,1,0,0,anomaly
0,udp,private,SF,28,0,0,3,0,0,0,0,0,0,0,0,0,0,0,0,0,86,86,0,0,0,0,1,0,0,255,86,0.34,0.01,0.34,0,0,0,0,0,anomaly
0,tcp,time,S0,0,0,0,0,0,0,0,0,0,0,0,0,0,0,0,0,0,227,14,1,1,0,0,0.06,0.06,0,255,7,0.03,0.06,0,0,1,1,0,0,anomaly
0,tcp,hostnames,S0,0,0,0,0,0,0,0,0,0,0,0,0,0,0,0,0,0,250,17,1,1,0,0,0.07,0.05,0,255,17,0.07,0.05,0,0,1,1,0,0,anomaly
20,tcp,private,RSTR,0,0,0,0,0,0,0,0,0,0,0,0,0,0,0,0,0,1,1,0,0,1,1,1,0,0,221,1,0,0.26,0.24,0,0,0,0.25,1,anomaly
0,udp,private,SF,28,0,0,3,0,0,0,0,0,0,0,0,0,0,0,0,0,41,41,0,0,0,0,1,0,0,244,41,0.17,0.05,0.17,0,0.02,0,0,0,anomaly
0,tcp,sql_net,S0,0,0,0,0,0,0,0,0,0,0,0,0,0,0,0,0,0,110,7,1,1,0,0,0.06,0.06,0,255,7,0.03,0.05,0,0,1,1,0,0,anomaly
0,tcp,http,S0,0,0,0,0,0,0,0,0,0,0,0,0,0,0,0,0,0,73,18,1,1,0,0,0.25,0.05,0,255,58,0.23,0.02,0.02,0,1,1,0,0,anomaly
0,tcp,private,S0,0,0,0,0,0,0,0,0,0,0,0,0,0,0,0,0,0,200,20,1,1,0,0,0.1,0.06,0,255,1,0,0.07,0,0,1,1,0,0,anomaly
0,tcp,whois,S0,0,0,0,0,0,0,0,0,0,0,0,0,0,0,0,0,0,150,10,1,1,0,0,0.07,0.05,0,255,7,0.03,0.07,0,0,1,1,0,0,anomaly
0,tcp,link,REJ,0,0,0,0,0,0,0,0,0,0,0,0,0,0,0,0,0,220,11,0,0,1,1,0.05,0.06,0,255,11,0.04,0.08,0,0,0,0,1,1,anomaly
0,tcp,finger,S0,0,0,0,0,0,0,0,0,0,0,0,0,0,0,0,0,0,18,5,1,1,0,0,0.28,0.22,0,255,65,0.25,0.02,0,0,1,1,0,0,anomaly
0,tcp,printer,S0,0,0,0,0,0,0,0,0,0,0,0,0,0,0,0,0,0,104,9,1,1,0,0,0.09,0.05,0,255,9,0.04,0.05,0,0,1,1,0,0,anomaly
0,tcp,private,RSTR,0,0,0,0,0,0,0,0,0,0,0,0,0,0,0,0,0,1,1,0,0,1,1,1,0,0,255,1,0,0.94,0.94,0,0,0,0.93,1,anomaly
0,tcp,courier,S0,0,0,0,0,0,0,0,0,0,0,0,0,0,0,0,0,0,106,10,1,1,0,0,0.09,0.06,0,255,10,0.04,0.06,0,0,1,1,0,0,anomaly
0,tcp,gopher,S0,0,0,0,0,0,0,0,0,0,0,0,0,0,0,0,0,0,230,3,1,1,0,0,0.01,0.06,0,255,3,0.01,0.06,0,0,1,1,0,0,anomaly
0,tcp,uucp_path,S0,0,0,0,0,0,0,0,0,0,0,0,0,0,0,0,0,0,114,15,1,1,0,0,0.13,0.05,0,255,3,0.01,0.07,0,0,1,1,0,0,anomaly
0,tcp,private,S0,0,0,0,0,0,0,0,0,0,0,0,0,0,0,0,0,0,191,3,1,1,0,0,0.02,0.07,0,255,2,0.01,0.08,0,0,1,1,0,0,anomaly
0,tcp,private,S0,0,0,0,0,0,0,0,0,0,0,0,0,0,0,0,0,0,179,4,1,1,0,0,0.02,0.06,0,255,18,0.07,0.07,0,0,1,1,0,0,anomaly
3,tcp,private,REJ,0,0,0,0,0,0,0,0,0,0,0,0,0,0,0,0,0,235,1,0.04,0,0.94,1,0,1,0,255,1,0,0.94,0,0,0.04,0,0.87,1,anomaly
0,tcp,private,S0,0,0,0,0,0,0,0,0,0,0,0,0,0,0,0,0,0,46,3,1,1,0,0,0.07,0.13,0,255,16,0.06,0.08,0,0,1,1,0,0,anomaly
0,tcp,private,RSTR,0,0,0,0,0,0,0,0,0,0,0,0,0,0,0,0,0,1,1,0,0,1,1,1,0,0,196,1,0.01,0.5,0.5,0,0,0,0.49,1,anomaly
6,tcp,smtp,SF,0,82,0,0,0,0,0,1,0,0,0,0,0,0,0,0,0,1,1,0,0,0,0,1,0,0,6,79,0.17,1,0.17,0.04,0,0.01,0.67,0.03,anomaly
0,tcp,sunrpc,S0,0,0,0,0,0,0,0,0,0,0,0,0,0,0,0,0,0,266,4,1,1,0,0,0.02,0.07,0,255,4,0.02,0.07,0,0,1,1,0,0,anomaly
0,tcp,supdup,S0,0,0,0,0,0,0,0,0,0,0,0,0,0,0,0,0,0,204,14,1,1,0,0,0.07,0.06,0,255,13,0.05,0.07,0,0,1,1,0,0,anomaly
0,tcp,private,S0,0,0,0,0,0,0,0,0,0,0,0,0,0,0,0,0,0,252,8,1,1,0,0,0.03,0.06,0,255,4,0.02,0.08,0,0,1,1,0,0,anomaly
0,tcp,private,S0,0,0,0,0,0,0,0,0,0,0,0,0,0,0,0,0,0,102,6,1,1,0,0,0.06,0.06,0,255,15,0.06,0.06,0,0,1,1,0,0,anomaly
0,tcp,domain,S0,0,0,0,0,0,0,0,0,0,0,0,0,0,0,0,0,0,236,19,1,1,0,0,0.08,0.07,0,255,19,0.07,0.07,0,0,1,1,0,0,anomaly
0,tcp,supdup,S0,0,0,0,0,0,0,0,0,0,0,0,0,0,0,0,0,0,245,20,1,1,0,0,0.08,0.07,0,255,20,0.08,0.07,0,0,1,1,0,0,anomaly
0,tcp,link,S0,0,0,0,0,0,0,0,0,0,0,0,0,0,0,0,0,0,300,8,1,1,0,0,0.03,0.06,0,255,4,0.02,0.08,0,0,1,1,0,0,anomaly
0,tcp,telnet,RSTO,126,179,0,0,0,1,1,0,0,0,0,0,0,0,0,0,0,2,2,0,0,1,1,1,0,0,16,16,1,0,0.06,0,0.06,0.06,0.94,0.94,anomaly
0,tcp,supdup,REJ,0,0,0,0,0,0,0,0,0,0,0,0,0,0,0,0,0,261,16,0,0,1,1,0.06,0.07,0,255,16,0.06,0.07,0,0,0,0,1,1,anomaly
0,tcp,private,RSTO,0,0,0,0,0,0,0,0,0,0,0,0,0,0,0,0,0,123,14,0,0,1,1,0.11,0.07,0,255,14,0.05,0.07,0,0,0,0,1,1,anomaly
0,tcp,bgp,S0,0,0,0,0,0,0,0,0,0,0,0,0,0,0,0,0,0,219,17,1,1,0,0,0.08,0.06,0,255,4,0.02,0.09,0,0,1,1,0,0,anomaly
0,tcp,echo,RSTO,0,0,0,0,0,0,0,0,0,0,0,0,0,0,0,0,0,197,1,0,0,1,1,0.01,0.06,0,255,1,0,0.06,0,0,0,0,1,1,anomaly
0,tcp,private,S0,0,0,0,0,0,0,0,0,0,0,0,0,0,0,0,0,0,41,1,1,1,0,0,0.02,0.12,0,255,1,0,0.08,0,0,1,1,0,0,anomaly
0,tcp,http,S0,0,0,0,0,0,0,0,0,0,0,0,0,0,0,0,0,0,42,14,1,1,0,0,0.33,0.1,0,255,64,0.25,0.02,0,0,1,1,0,0,anomaly
0,tcp,private,SH,0,0,0,0,0,0,0,0,0,0,0,0,0,0,0,0,0,1,1,1,1,0,0,1,0,0,207,1,0,0.95,0.96,0,0.96,1,0,0,anomaly
0,tcp,iso_tsap,S0,0,0,0,0,0,0,0,0,0,0,0,0,0,0,0,0,0,259,8,1,1,0,0,0.03,0.06,0,255,8,0.03,0.07,0,0,1,1,0,0,anomaly
0,tcp,private,S0,0,0,0,0,0,0,0,0,0,0,0,0,0,0,0,0,0,158,6,1,1,0,0,0.04,0.06,0,255,16,0.06,0.07,0,0,1,1,0,0,anomaly
0,udp,private,SF,1,0,0,0,0,0,0,0,0,0,0,0,0,0,0,0,0,36,3,0,0,0,0,0.08,0.11,0,255,3,0.01,0.24,0.96,0,0,0,0.04,0,anomaly
0,tcp,ctf,S0,0,0,0,0,0,0,0,0,0,0,0,0,0,0,0,0,0,123,14,1,1,0,0,0.11,0.06,0,255,13,0.05,0.07,0,0,1,1,0,0,anomaly
0,icmp,ecr_i,SF,1032,0,0,0,0,0,0,0,0,0,0,0,0,0,0,0,0,234,234,0,0,0,0,1,0,0,255,234,0.92,0.01,0.92,0,0,0,0,0,anomaly
0,tcp,ftp_data,S0,0,0,0,0,0,0,0,0,0,0,0,0,0,0,0,0,0,139,3,1,1,0,0,0.02,0.06,0,255,3,0.01,0.06,0,0,1,1,0,0,anomaly
0,tcp,iso_tsap,S0,0,0,0,0,0,0,0,0,0,0,0,0,0,0,0,0,0,232,16,1,1,0,0,0.07,0.06,0,255,16,0.06,0.07,0,0,1,1,0,0,anomaly
0,udp,private,SF,1,0,0,0,0,0,0,0,0,0,0,0,0,0,0,0,0,2,2,0,0,0,0,1,0,0,255,2,0.01,0.21,1,0,0,0,0,0,anomaly
0,tcp,http,SF,54540,8314,0,0,0,2,0,1,1,0,0,0,0,0,0,0,0,1,2,0,0,0,0.5,1,0,1,255,255,1,0,0,0,0,0,0.04,0.04,anomaly
0,tcp,netbios_dgm,RSTR,0,0,0,0,0,0,0,0,0,0,0,0,0,0,0,0,0,1,1,0,0,1,1,1,0,0,255,1,0,0.5,1,0,0,0,1,1,anomaly
0,tcp,finger,S0,0,0,0,0,0,0,0,0,0,0,0,0,0,0,0,0,0,26,13,1,1,0,0,0.5,0.08,0,255,59,0.23,0.04,0,0,1,1,0,0,anomaly
0,tcp,private,S0,0,0,0,0,0,0,0,0,0,0,0,0,0,0,0,0,0,272,10,1,1,0,0,0.04,0.06,0,255,2,0.01,0.08,0,0,1,1,0,0,anomaly
0,icmp,eco_i,SF,8,0,0,0,0,0,0,0,0,0,0,0,0,0,0,0,0,1,33,0,0,0,0,1,0,1,4,136,1,0,1,0.25,0,0,0,0,anomaly
0,tcp,iso_tsap,S0,0,0,0,0,0,0,0,0,0,0,0,0,0,0,0,0,0,243,19,1,1,0,0,0.08,0.07,0,255,19,0.07,0.07,0,0,1,1,0,0,anomaly
0,tcp,netstat,S0,0,0,0,0,0,0,0,0,0,0,0,0,0,0,0,0,0,211,14,1,1,0,0,0.07,0.06,0,255,13,0.05,0.07,0,0,1,1,0,0,anomaly
0,tcp,ftp_data,S0,0,0,0,0,0,0,0,0,0,0,0,0,0,0,0,0,0,246,5,1,1,0,0,0.02,0.06,0,255,2,0.01,0.09,0,0,1,1,0,0,anomaly
0,tcp,http,SF,54540,8314,0,0,0,2,0,1,1,0,0,0,0,0,0,0,0,5,5,0,0,0.6,0.6,1,0,0,255,255,1,0,0,0,0,0,0.04,0.04,anomaly
0,icmp,ecr_i,SF,1032,0,0,0,0,0,0,0,0,0,0,0,0,0,0,0,0,511,511,0,0,0,0,1,0,0,255,53,0.21,0.04,0.21,0,0.21,0,0.02,0,anomaly
0,tcp,private,S0,0,0,0,0,0,0,0,0,0,0,0,0,0,0,0,0,0,46,1,1,1,0,0,0.02,0.13,0,255,13,0.05,0.09,0,0,1,1,0,0,anomaly
0,tcp,imap4,SH,0,0,0,0,0,0,0,0,0,0,0,0,0,0,0,0,0,2,123,1,0.76,0,0.04,1,0,0.37,8,8,1,0,0.75,0,0.62,0.62,0,0,anomaly
0,tcp,nnsp,S0,0,0,0,0,0,0,0,0,0,0,0,0,0,0,0,0,0,127,9,1,1,0,0,0.07,0.06,0,255,6,0.02,0.08,0,0,1,1,0,0,anomaly
0,tcp,domain,S0,0,0,0,0,0,0,0,0,0,0,0,0,0,0,0,0,0,273,3,1,1,0,0,0.01,0.06,0,255,4,0.02,0.06,0,0,1,1,0,0,anomaly
0,tcp,telnet,S0,0,0,0,0,0,0,0,0,0,0,0,0,0,0,0,0,0,18,18,1,1,0,0,1,0,0,100,60,0.6,0.02,0.01,0,0.98,0.97,0,0,anomaly
0,tcp,private,S0,0,0,0,0,0,0,0,0,0,0,0,0,0,0,0,0,0,117,5,1,1,0,0,0.04,0.06,0,255,19,0.07,0.06,0,0,1,1,0,0,anomaly
0,icmp,eco_i,SF,18,0,0,0,0,0,0,0,0,0,0,0,0,0,0,0,0,1,1,0,0,0,0,1,0,0,1,206,1,0,1,1,0,0,0,0,anomaly
0,tcp,private,S0,0,0,0,0,0,0,0,0,0,0,0,0,0,0,0,0,0,282,16,1,1,0,0,0.06,0.06,0,255,15,0.06,0.08,0,0,1,1,0,0,anomaly
0,tcp,sunrpc,S0,0,0,0,0,0,0,0,0,0,0,0,0,0,0,0,0,0,237,5,1,1,0,0,0.02,0.07,0,255,16,0.06,0.08,0,0,1,1,0,0,anomaly
0,tcp,courier,S0,0,0,0,0,0,0,0,0,0,0,0,0,0,0,0,0,0,101,8,1,1,0,0,0.08,0.05,0,255,8,0.03,0.05,0,0,1,1,0,0,anomaly
0,tcp,ctf,REJ,0,0,0,0,0,0,0,0,0,0,0,0,0,0,0,0,0,224,13,0,0,1,1,0.06,0.07,0,255,13,0.05,0.07,0,0,0,0,1,1,anomaly
0,tcp,domain,S0,0,0,0,0,0,0,0,0,0,0,0,0,0,0,0,0,0,213,15,1,1,0,0,0.07,0.06,0,255,15,0.06,0.05,0,0,1,1,0,0,anomaly
0,tcp,ctf,REJ,0,0,0,0,0,0,0,0,0,0,0,0,0,0,0,0,0,238,19,0,0,1,1,0.08,0.07,0,255,19,0.07,0.07,0,0,0,0,1,1,anomaly
0,tcp,ftp_data,S0,0,0,0,0,0,0,0,0,0,0,0,0,0,0,0,0,0,37,10,1,1,0,0,0.27,0.11,0,255,27,0.11,0.06,0.02,0,1,1,0,0,anomaly
0,tcp,private,S0,0,0,0,0,0,0,0,0,0,0,0,0,0,0,0,0,0,105,5,1,1,0,0,0.05,0.07,0,255,27,0.11,0.05,0,0,1,1,0,0,anomaly
0,tcp,private,S0,0,0,0,0,0,0,0,0,0,0,0,0,0,0,0,0,0,188,1,1,1,0,0,0.01,0.06,0,255,20,0.08,0.07,0,0,1,1,0,0,anomaly
0,tcp,ftp_data,REJ,0,0,0,0,0,0,0,0,0,0,0,0,0,0,0,0,0,210,5,0,0,1,1,0.02,0.07,0,255,5,0.02,0.07,0,0,0,0,1,1,anomaly
0,tcp,private,S0,0,0,0,0,0,0,0,0,0,0,0,0,0,0,0,0,0,23,4,1,1,0,0,0.17,0.13,0,255,17,0.07,0.07,0,0,1,1,0,0,anomaly
0,tcp,daytime,S0,0,0,0,0,0,0,0,0,0,0,0,0,0,0,0,0,0,102,13,1,1,0,0,0.13,0.06,0,255,2,0.01,0.07,0,0,1,1,0,0,anomaly
0,tcp,uucp,RSTO,0,0,0,0,0,0,0,0,0,0,0,0,0,0,0,0,0,116,3,0,0,1,1,0.03,0.07,0,255,3,0.01,0.08,0,0,0,0,1,1,anomaly
0,tcp,private,S0,0,0,0,0,0,0,0,0,0,0,0,0,0,0,0,0,0,133,4,1,1,0,0,0.03,0.07,0,255,5,0.02,0.06,0,0,1,1,0,0,anomaly
0,icmp,eco_i,SF,8,0,0,0,0,0,0,0,0,0,0,0,0,0,0,0,0,1,37,0,0,0,0,1,0,1,2,98,1,0,1,0.5,0,0,0,0,anomaly
0,tcp,private,REJ,0,0,0,0,0,0,0,0,0,0,0,0,0,0,0,0,0,408,1,0.09,0,0.91,1,0,1,0,255,1,0,1,0,0,0.11,0,0.89,1,anomaly
0,tcp,private,S0,0,0,0,0,0,0,0,0,0,0,0,0,0,0,0,0,0,88,19,1,1,0,0,0.22,0.06,0,255,2,0.01,0.07,0,0,1,1,0,0,anomaly
0,icmp,eco_i,SF,8,0,0,0,0,0,0,0,0,0,0,0,0,0,0,0,0,1,11,0,0,0,0,1,0,1,1,25,1,0,1,0.52,0,0,0,0,anomaly
0,tcp,private,S0,0,0,0,0,0,0,0,0,0,0,0,0,0,0,0,0,0,246,5,1,1,0,0,0.02,0.05,0,255,5,0.02,0.05,0,0,1,1,0,0,anomaly
0,tcp,netbios_dgm,S0,0,0,0,0,0,0,0,0,0,0,0,0,0,0,0,0,0,102,14,1,1,0,0,0.14,0.05,0,255,14,0.05,0.05,0,0,1,1,0,0,anomaly
0,icmp,ecr_i,SF,1032,0,0,0,0,0,0,0,0,0,0,0,0,0,0,0,0,511,511,0,0,0,0,1,0,0,255,28,0.11,0.24,0.11,0,0,0,0,0,anomaly
0,udp,private,SF,1,0,0,0,0,0,0,0,0,0,0,0,0,0,0,0,0,22,2,0,0,0,0,0.09,0.36,0,255,2,0.01,0.25,1,0,0,0,0,0,anomaly
0,icmp,eco_i,SF,8,0,0,0,0,0,0,0,0,0,0,0,0,0,0,0,0,1,40,0,0,0,0,1,0,1,1,101,1,0,1,0.5,0,0,0,0,anomaly
0,tcp,telnet,S0,0,0,0,0,0,0,0,0,0,0,0,0,0,0,0,0,0,32,7,1,1,0,0,0.22,0.12,0,255,64,0.25,0.02,0.01,0,1,1,0,0,anomaly
0,icmp,ecr_i,SF,1032,0,0,0,0,0,0,0,0,0,0,0,0,0,0,0,0,511,511,0,0,0,0,1,0,0,255,37,0.15,0.08,0.15,0,0.07,0,0,0,anomaly
0,tcp,private,S0,0,0,0,0,0,0,0,0,0,0,0,0,0,0,0,0,0,102,16,1,1,0,0,0.16,0.06,0,255,26,0.1,0.05,0,0,1,1,0,0,anomaly
0,tcp,iso_tsap,S0,0,0,0,0,0,0,0,0,0,0,0,0,0,0,0,0,0,288,11,1,1,0,0,0.04,0.06,0,255,9,0.04,0.07,0,0,1,1,0,0,anomaly
0,tcp,ftp_data,SF,334,0,0,0,0,0,0,1,0,0,0,0,0,0,0,0,0,2,2,0,0,0,0,1,0,0,4,22,1,0,1,0.18,0,0,0,0,anomaly
0,icmp,eco_i,SF,8,0,0,0,0,0,0,0,0,0,0,0,0,0,0,0,0,1,32,0,0,0,0,1,0,1,2,206,1,0,1,0.5,0,0,0,0,anomaly
0,tcp,whois,S0,0,0,0,0,0,0,0,0,0,0,0,0,0,0,0,0,0,251,20,1,1,0,0,0.08,0.06,0,255,20,0.08,0.07,0,0,1,1,0,0,anomaly
0,tcp,private,S0,0,0,0,0,0,0,0,0,0,0,0,0,0,0,0,0,0,211,6,1,1,0,0,0.03,0.05,0,15,6,0.4,0.2,0.07,0,0.87,1,0,0,anomaly
0,tcp,mtp,REJ,0,0,0,0,0,0,0,0,0,0,0,0,0,0,0,0,0,226,2,0,0,1,1,0.01,0.07,0,255,2,0.01,0.07,0,0,0,0,1,1,anomaly
0,tcp,iso_tsap,S0,0,0,0,0,0,0,0,0,0,0,0,0,0,0,0,0,0,207,2,1,1,0,0,0.01,0.07,0,255,14,0.05,0.09,0,0,1,1,0,0,anomaly
0,tcp,private,S0,0,0,0,0,0,0,0,0,0,0,0,0,0,0,0,0,0,62,1,1,1,0,0,0.02,0.08,0,255,15,0.06,0.08,0,0,1,1,0,0,anomaly
0,icmp,ecr_i,SF,520,0,0,0,0,0,0,0,0,0,0,0,0,0,0,0,0,179,179,0,0,0,0,1,0,0,255,255,1,0,1,0,0,0,0,0,anomaly
0,tcp,http_8001,S0,0,0,0,0,0,0,0,0,0,0,0,0,0,0,0,0,0,510,1,0.13,1,0.87,0,0,1,0,255,1,0,1,0,0,0.13,1,0.87,0,anomaly
0,tcp,Z39_50,S0,0,0,0,0,0,0,0,0,0,0,0,0,0,0,0,0,0,248,11,1,1,0,0,0.04,0.06,0,255,11,0.04,0.07,0,0,1,1,0,0,anomaly
0,tcp,supdup,S0,0,0,0,0,0,0,0,0,0,0,0,0,0,0,0,0,0,281,24,1,1,0,0,0.09,0.05,0,255,24,0.09,0.05,0,0,1,1,0,0,anomaly
0,tcp,uucp_path,S0,0,0,0,0,0,0,0,0,0,0,0,0,0,0,0,0,0,143,6,1,1,0,0,0.04,0.07,0,255,20,0.08,0.07,0,0,1,1,0,0,anomaly
0,icmp,eco_i,SF,8,0,0,0,0,0,0,0,0,0,0,0,0,0,0,0,0,1,18,0,0,0,0,1,0,1,1,139,1,0,1,0.5,0,0,0,0,anomaly
0,tcp,auth,S0,0,0,0,0,0,0,0,0,0,0,0,0,0,0,0,0,0,239,23,1,1,0,0,0.1,0.05,0,255,23,0.09,0.05,0,0,1,1,0,0,anomaly
0,icmp,eco_i,SF,8,0,0,0,0,0,0,0,0,0,0,0,0,0,0,0,0,1,12,0,0,0,0,1,0,1,4,80,1,0,1,0.25,0,0,0,0,anomaly
0,tcp,telnet,S0,0,0,0,0,0,0,0,0,0,0,0,0,0,0,0,0,0,38,8,1,1,0,0,0.21,0.11,0,120,31,0.25,0.03,0.03,0.06,0.98,0.9,0,0,anomaly
0,tcp,hostnames,S0,0,0,0,0,0,0,0,0,0,0,0,0,0,0,0,0,0,204,12,1,1,0,0,0.06,0.07,0,255,12,0.05,0.08,0,0,1,1,0,0,anomaly
0,tcp,ctf,S0,0,0,0,0,0,0,0,0,0,0,0,0,0,0,0,0,0,269,10,1,1,0,0,0.04,0.06,0,255,10,0.04,0.07,0,0,1,1,0,0,anomaly
0,tcp,private,S0,0,0,0,0,0,0,0,0,0,0,0,0,0,0,0,0,0,113,3,1,1,0,0,0.03,0.06,0,255,11,0.04,0.06,0,0,1,1,0,0,anomaly
0,tcp,ftp_data,SF,334,0,0,0,0,0,0,1,0,0,0,0,0,0,0,0,0,2,2,0,0,0,0,1,0,0,2,28,1,0,1,0.14,0,0,0,0,anomaly
0,icmp,ecr_i,SF,1032,0,0,0,0,0,0,0,0,0,0,0,0,0,0,0,0,54,54,0,0,0,0,1,0,0,172,78,0.45,0.04,0.45,0,0.01,0,0.37,0,anomaly
0,tcp,daytime,S0,0,0,0,0,0,0,0,0,0,0,0,0,0,0,0,0,0,122,9,1,1,0,0,0.07,0.07,0,255,7,0.03,0.07,0,0,1,1,0,0,anomaly
0,icmp,eco_i,SF,8,0,0,0,0,0,0,0,0,0,0,0,0,0,0,0,0,1,31,0,0,0,0,1,0,1,2,129,1,0,1,0.5,0,0,0,0,anomaly
0,tcp,link,REJ,0,0,0,0,0,0,0,0,0,0,0,0,0,0,0,0,0,213,8,0,0,1,1,0.04,0.07,0,255,8,0.03,0.08,0,0,0,0,1,1,anomaly
0,tcp,private,S0,0,0,0,0,0,0,0,0,0,0,0,0,0,0,0,0,0,184,7,1,1,0,0,0.04,0.08,0,255,16,0.06,0.06,0,0,1,1,0,0,anomaly
0,tcp,ldap,S0,0,0,0,0,0,0,0,0,0,0,0,0,0,0,0,0,0,102,15,1,1,0,0,0.15,0.06,0,255,17,0.07,0.07,0,0,1,1,0,0,anomaly
0,tcp,private,S0,0,0,0,0,0,0,0,0,0,0,0,0,0,0,0,0,0,138,19,1,1,0,0,0.14,0.06,0,255,19,0.07,0.08,0,0,1,1,0,0,anomaly
0,tcp,smtp,RSTO,0,0,0,0,0,0,0,0,0,0,0,0,0,0,0,0,0,205,3,0,0,1,1,0.01,0.07,0,255,3,0.01,0.09,0,0,0,0,1,1,anomaly
0,icmp,eco_i,SF,18,0,0,0,0,0,0,0,0,0,0,0,0,0,0,0,0,1,1,0,0,0,0,1,0,0,3,43,1,0,1,0.26,0,0,0,0,anomaly
0,tcp,private,S0,0,0,0,0,0,0,0,0,0,0,0,0,0,0,0,0,0,272,7,1,1,0,0,0.03,0.06,0,255,7,0.03,0.09,0,0,1,1,0,0,anomaly
0,tcp,private,REJ,0,0,0,0,0,0,0,0,0,0,0,0,0,0,0,0,0,176,1,0.02,0,0.95,1,0.01,1,0,255,1,0,0.72,0,0,0.01,0,0.67,1,anomaly
0,icmp,ecr_i,SF,1032,0,0,0,0,0,0,0,0,0,0,0,0,0,0,0,0,83,83,0,0,0,0,1,0,0,255,255,1,0,1,0,0,0,0,0,anomaly
0,udp,private,SF,207,0,0,0,0,0,0,0,0,0,0,0,0,0,0,0,0,2,2,0,0,0,0,1,0,0,74,66,0.89,0.03,0.89,0,0,0,0,0,anomaly
0,tcp,private,S0,0,0,0,0,0,0,0,0,0,0,0,0,0,0,0,0,0,278,18,1,1,0,0,0.06,0.06,0,255,4,0.02,0.09,0,0,1,1,0,0,anomaly
0,tcp,vmnet,S0,0,0,0,0,0,0,0,0,0,0,0,0,0,0,0,0,0,278,18,1,1,0,0,0.06,0.05,0,255,3,0.01,0.07,0,0,1,1,0,0,anomaly
0,tcp,ssh,S0,0,0,0,0,0,0,0,0,0,0,0,0,0,0,0,0,0,133,18,1,1,0,0,0.14,0.06,0,255,25,0.1,0.07,0,0,1,1,0,0,anomaly
0,tcp,private,S0,0,0,0,0,0,0,0,0,0,0,0,0,0,0,0,0,0,111,19,1,1,0,0,0.17,0.08,0,255,19,0.07,0.07,0,0,1,1,0,0,anomaly
0,tcp,kshell,S0,0,0,0,0,0,0,0,0,0,0,0,0,0,0,0,0,0,148,24,1,1,0,0,0.16,0.05,0,255,24,0.09,0.05,0,0,1,1,0,0,anomaly
0,tcp,private,S0,0,0,0,0,0,0,0,0,0,0,0,0,0,0,0,0,0,287,7,1,1,0,0,0.02,0.06,0,255,14,0.05,0.08,0,0,1,1,0,0,anomaly
0,tcp,private,S0,0,0,0,0,0,0,0,0,0,0,0,0,0,0,0,0,0,162,11,1,1,0,0,0.07,0.07,0,255,3,0.01,0.07,0,0,1,1,0,0,anomaly
0,icmp,eco_i,SF,8,0,0,0,0,0,0,0,0,0,0,0,0,0,0,0,0,1,48,0,0,0,0,1,0,1,1,159,1,0,1,0.5,0,0,0,0,anomaly
0,tcp,ftp_data,SF,334,0,0,0,0,0,0,1,0,0,0,0,0,0,0,0,0,2,2,0,0,0,0,0.5,1,1,6,24,0.83,0.33,1,0.12,0,0,0,0,anomaly
0,tcp,http,S0,0,0,0,0,0,0,0,0,0,0,0,0,0,0,0,0,0,48,16,1,1,0,0,0.33,0.08,0,255,62,0.24,0.02,0,0,1,1,0,0,anomaly
0,tcp,private,S0,0,0,0,0,0,0,0,0,0,0,0,0,0,0,0,0,0,285,18,1,1,0,0,0.06,0.05,0,255,15,0.06,0.07,0,0,1,1,0,0,anomaly
0,tcp,http,SF,54540,8314,0,0,0,2,0,1,1,0,0,0,0,0,0,0,0,5,5,0,0,0,0,1,0,0,246,246,1,0,0,0,0,0,0.05,0.05,anomaly
0,tcp,private,S0,0,0,0,0,0,0,0,0,0,0,0,0,0,0,0,0,0,278,22,1,1,0,0,0.08,0.05,0,255,22,0.09,0.06,0,0,1,1,0,0,anomaly
0,tcp,iso_tsap,S0,0,0,0,0,0,0,0,0,0,0,0,0,0,0,0,0,0,280,3,1,1,0,0,0.01,0.06,0,255,17,0.07,0.06,0,0,1,1,0,0,anomaly
0,udp,private,SF,28,0,0,3,0,0,0,0,0,0,0,0,0,0,0,0,0,104,4,0.96,0,0,0,0.04,0.07,0,255,4,0.02,0.99,0.02,0,0.09,0,0.9,0,anomaly
0,tcp,kshell,S0,0,0,0,0,0,0,0,0,0,0,0,0,0,0,0,0,0,150,20,1,1,0,0,0.13,0.06,0,255,20,0.08,0.06,0,0,1,1,0,0,anomaly
0,tcp,csnet_ns,S0,0,0,0,0,0,0,0,0,0,0,0,0,0,0,0,0,0,119,5,0.99,1,0,0,0.04,0.09,0,255,5,0.02,0.07,0,0,1,1,0,0,anomaly
0,tcp,private,S0,0,0,0,0,0,0,0,0,0,0,0,0,0,0,0,0,0,162,8,1,1,0,0,0.05,0.06,0,255,8,0.03,0.07,0,0,1,1,0,0,anomaly
0,tcp,private,S0,0,0,0,0,0,0,0,0,0,0,0,0,0,0,0,0,0,200,9,1,1,0,0,0.05,0.07,0,255,9,0.04,0.06,0,0,1,1,0,0,anomaly
0,icmp,eco_i,SF,8,0,0,0,0,0,0,0,0,0,0,0,0,0,0,0,0,1,50,0,0,0,0,1,0,1,2,246,1,0,1,0.5,0,0,0,0,anomaly
0,icmp,eco_i,SF,8,0,0,0,0,0,0,0,0,0,0,0,0,0,0,0,0,1,40,0,0,0,0,1,0,1,2,70,1,0,1,0.5,0,0,0,0,anomaly
0,tcp,ftp_data,S0,0,0,0,0,0,0,0,0,0,0,0,0,0,0,0,0,0,20,20,1,1,0,0,1,0,0,255,64,0.25,0.02,0,0,1,1,0,0,anomaly
0,tcp,ldap,S0,0,0,0,0,0,0,0,0,0,0,0,0,0,0,0,0,0,100,13,1,1,0,0,0.13,0.06,0,255,19,0.07,0.07,0,0,1,1,0,0,anomaly
0,tcp,private,S0,0,0,0,0,0,0,0,0,0,0,0,0,0,0,0,0,0,228,20,1,1,0,0,0.09,0.05,0,255,20,0.08,0.06,0,0,1,1,0,0,anomaly
0,tcp,domain,S0,0,0,0,0,0,0,0,0,0,0,0,0,0,0,0,0,0,236,19,1,1,0,0,0.08,0.07,0,255,19,0.07,0.07,0,0,1,1,0,0,anomaly
0,tcp,finger,RSTO,0,0,0,0,0,0,0,0,0,0,0,0,0,0,0,0,0,245,8,0,0,1,1,0.03,0.07,0,255,8,0.03,0.07,0,0,0,0,1,1,anomaly
0,tcp,imap4,S0,0,0,0,0,0,0,0,0,0,0,0,0,0,0,0,0,0,264,8,1,1,0,0,0.03,0.05,0,255,8,0.03,0.05,0,0,1,1,0,0,anomaly
0,tcp,uucp,S0,0,0,0,0,0,0,0,0,0,0,0,0,0,0,0,0,0,109,9,1,1,0,0,0.08,0.06,0,255,9,0.04,0.05,0,0,1,1,0,0,anomaly
0,tcp,private,REJ,0,0,0,0,0,0,0,0,0,0,0,0,0,0,0,0,0,186,13,0,0,1,1,0.07,0.07,0,255,13,0.05,0.08,0,0,0,0,1,1,anomaly
0,tcp,ftp_data,S0,0,0,0,0,0,0,0,0,0,0,0,0,0,0,0,0,0,242,1,1,1,0,0,0,0.06,0,255,3,0.01,0.07,0,0,1,1,0,0,anomaly
0,icmp,eco_i,SF,8,0,0,0,0,0,0,0,0,0,0,0,0,0,0,0,0,1,30,0,0,0,0,1,0,1,1,225,1,0,1,0.5,0,0,0,0,anomaly
0,icmp,eco_i,SF,8,0,0,0,0,0,0,0,0,0,0,0,0,0,0,0,0,1,1,0,0,0,0,1,0,0,2,14,1,0,1,0.57,0,0,0,0,anomaly
0,tcp,private,S0,0,0,0,0,0,0,0,0,0,0,0,0,0,0,0,0,0,207,18,1,1,0,0,0.09,0.06,0,255,16,0.06,0.06,0,0,1,1,0,0,anomaly
0,tcp,smtp,S0,0,0,0,0,0,0,0,0,0,0,0,0,0,0,0,0,0,1,3,1,0.33,0,0,1,0,1,23,135,0.04,0.09,0.04,0.01,0.91,0.01,0,0,anomaly
0,tcp,private,S0,0,0,0,0,0,0,0,0,0,0,0,0,0,0,0,0,0,59,13,1,1,0,0,0.22,0.1,0,255,16,0.06,0.08,0,0,1,1,0,0,anomaly
0,tcp,other,REJ,0,0,0,0,0,0,0,0,0,0,0,0,0,0,0,0,0,511,1,0.14,0,0.86,1,0,1,0,255,1,0,1,0,0,0.12,0,0.88,1,anomaly
0,tcp,exec,S0,0,0,0,0,0,0,0,0,0,0,0,0,0,0,0,0,0,150,20,1,1,0,0,0.13,0.06,0,255,20,0.08,0.07,0,0,1,1,0,0,anomaly
0,tcp,uucp_path,S0,0,0,0,0,0,0,0,0,0,0,0,0,0,0,0,0,0,125,20,1,1,0,0,0.16,0.06,0,255,20,0.08,0.07,0,0,1,1,0,0,anomaly
0,tcp,discard,S0,0,0,0,0,0,0,0,0,0,0,0,0,0,0,0,0,0,274,12,1,1,0,0,0.04,0.05,0,255,12,0.05,0.05,0,0,1,1,0,0,anomaly
0,tcp,private,S0,0,0,0,0,0,0,0,0,0,0,0,0,0,0,0,0,0,226,15,1,1,0,0,0.07,0.06,0,255,6,0.02,0.08,0,0,1,1,0,0,anomaly
0,tcp,netbios_ssn,S0,0,0,0,0,0,0,0,0,0,0,0,0,0,0,0,0,0,13,4,1,1,0,0,0.31,0.46,0,255,4,0.02,0.09,0,0,1,1,0,0,anomaly
0,tcp,whois,S0,0,0,0,0,0,0,0,0,0,0,0,0,0,0,0,0,0,235,3,1,1,0,0,0.01,0.07,0,255,3,0.01,0.08,0,0,1,1,0,0,anomaly
0,tcp,telnet,S0,0,0,0,0,0,0,0,0,0,0,0,0,0,0,0,0,0,9,3,1,1,0,0,0.33,0.33,0,255,63,0.25,0.02,0.01,0,1,1,0,0,anomaly
0,tcp,ssh,S0,0,0,0,0,0,0,0,0,0,0,0,0,0,0,0,0,0,289,3,1,1,0,0,0.01,0.05,0,255,3,0.01,0.05,0,0,1,1,0,0,anomaly
0,tcp,http,S0,0,0,0,0,0,0,0,0,0,0,0,0,0,0,0,0,0,107,20,1,1,0,0,0.19,0.07,0,255,14,0.05,0.07,0,0,1,1,0,0,anomaly
0,tcp,kshell,S0,0,0,0,0,0,0,0,0,0,0,0,0,0,0,0,0,0,125,24,1,1,0,0,0.19,0.05,0,255,24,0.09,0.05,0,0,1,1,0,0,anomaly
0,tcp,private,REJ,0,0,0,0,0,0,0,0,0,0,0,0,0,0,0,0,0,54,20,0,0,1,1,0.37,0.07,0,255,20,0.08,0.06,0,0,0,0,1,1,anomaly
0,udp,other,SF,1,0,0,0,0,0,0,0,0,0,0,0,0,0,0,0,0,159,9,0,0,0,0,0.06,0.04,0,255,9,0.04,0.05,1,0,0,0,0,0,anomaly
0,tcp,private,REJ,0,0,0,0,0,0,0,0,0,0,0,0,0,0,0,0,0,1,1,0,0,1,1,1,0,0,27,1,0.04,1,0.04,0,0,0,0.96,1,anomaly
0,tcp,ldap,S0,0,0,0,0,0,0,0,0,0,0,0,0,0,0,0,0,0,63,7,1,1,0,0,0.11,0.1,0,255,15,0.06,0.08,0,0,1,1,0,0,anomaly
0,tcp,netbios_ssn,S0,0,0,0,0,0,0,0,0,0,0,0,0,0,0,0,0,0,300,20,1,1,0,0,0.07,0.06,0,255,20,0.08,0.07,0,0,1,1,0,0,anomaly
0,tcp,netbios_ns,S0,0,0,0,0,0,0,0,0,0,0,0,0,0,0,0,0,0,251,5,1,1,0,0,0.02,0.07,0,255,5,0.02,0.07,0,0,1,1,0,0,anomaly
0,tcp,netbios_ssn,S0,0,0,0,0,0,0,0,0,0,0,0,0,0,0,0,0,0,222,20,1,1,0,0,0.09,0.06,0,255,18,0.07,0.07,0,0,1,1,0,0,anomaly
0,icmp,ecr_i,SF,1032,0,0,0,0,0,0,0,0,0,0,0,0,0,0,0,0,511,511,0,0,0,0,1,0,0,255,194,0.76,0.02,0.76,0,0,0,0.02,0,anomaly
0,icmp,ecr_i,SF,520,0,0,0,0,0,0,0,0,0,0,0,0,0,0,0,0,468,468,0,0,0,0,1,0,0,17,17,1,0,1,0,0,0,0,0,anomaly
0,tcp,csnet_ns,S0,0,0,0,0,0,0,0,0,0,0,0,0,0,0,0,0,0,285,7,1,1,0,0,0.02,0.06,0,255,5,0.02,0.07,0,0,1,1,0,0,anomaly
0,icmp,ecr_i,SF,1032,0,0,0,0,0,0,0,0,0,0,0,0,0,0,0,0,53,53,0,0,0,0,1,0,0,171,77,0.45,0.04,0.45,0,0.01,0,0.37,0,anomaly
0,tcp,other,REJ,0,0,0,0,0,0,0,0,0,0,0,0,0,0,0,0,0,510,1,0.14,0,0.86,1,0,1,0,255,1,0,1,0.01,0,0.13,0,0.87,1,anomaly
5048,tcp,ftp_data,SF,5135678,0,0,0,0,4,0,1,0,0,0,0,0,0,0,0,0,1,1,0,0,0,0,1,0,0,9,39,1,0,1,0.13,0,0,0,0,anomaly
0,tcp,private,S0,0,0,0,0,0,0,0,0,0,0,0,0,0,0,0,0,0,190,14,1,1,0,0,0.07,0.06,0,255,17,0.07,0.07,0,0,1,1,0,0,anomaly
0,tcp,telnet,S0,0,0,0,0,0,0,0,0,0,0,0,0,0,0,0,0,0,202,2,1,1,0,0,0.01,0.07,0,255,20,0.08,0.07,0,0,1,1,0,0,anomaly
0,tcp,http,SF,54540,8314,0,0,0,2,0,1,1,0,0,0,0,0,0,0,0,1,2,0,0,0,0.5,1,0,1,181,181,1,0,0.01,0,0,0,0.01,0.01,anomaly
0,tcp,domain,S0,0,0,0,0,0,0,0,0,0,0,0,0,0,0,0,0,0,267,4,1,1,0,0,0.01,0.06,0,255,4,0.02,0.07,0,0,1,1,0,0,anomaly
0,tcp,ftp_data,S0,0,0,0,0,0,0,0,0,0,0,0,0,0,0,0,0,0,258,17,1,1,0,0,0.07,0.05,0,255,5,0.02,0.07,0,0,1,1,0,0,anomaly
0,tcp,csnet_ns,S0,0,0,0,0,0,0,0,0,0,0,0,0,0,0,0,0,0,116,7,1,1,0,0,0.06,0.06,0,255,2,0.01,0.08,0,0,1,1,0,0,anomaly
0,tcp,private,S0,0,0,0,0,0,0,0,0,0,0,0,0,0,0,0,0,0,227,1,1,1,0,0,0,0.07,0,255,1,0,0.08,0,0,1,1,0,0,anomaly
0,tcp,imap4,S0,0,0,0,0,0,0,0,0,0,0,0,0,0,0,0,0,0,157,15,1,1,0,0,0.1,0.07,0,255,15,0.06,0.07,0,0,1,1,0,0,anomaly
0,tcp,systat,REJ,0,0,0,0,0,0,0,0,0,0,0,0,0,0,0,0,0,132,6,0,0,1,1,0.05,0.07,0,255,4,0.02,0.06,0,0,0,0,1,1,anomaly
0,tcp,mtp,REJ,0,0,0,0,0,0,0,0,0,0,0,0,0,0,0,0,0,238,2,0,0,1,1,0.01,0.07,0,255,2,0.01,0.08,0,0,0,0,1,1,anomaly
0,tcp,sunrpc,S0,0,0,0,0,0,0,0,0,0,0,0,0,0,0,0,0,0,130,14,1,1,0,0,0.11,0.06,0,255,10,0.04,0.07,0,0,1,1,0,0,anomaly
0,tcp,private,S0,0,0,0,0,0,0,0,0,0,0,0,0,0,0,0,0,0,221,20,1,1,0,0,0.09,0.05,0,255,20,0.08,0.07,0,0,1,1,0,0,anomaly
0,tcp,private,S0,0,0,0,0,0,0,0,0,0,0,0,0,0,0,0,0,0,79,19,1,1,0,0,0.24,0.05,0,255,1,0,0.08,0,0,1,1,0,0,anomaly
0,tcp,http,S0,0,0,0,0,0,0,0,0,0,0,0,0,0,0,0,0,0,2,2,1,1,0,0,1,0,0,255,2,0.01,0.07,0,0,1,1,0,0,anomaly
0,icmp,ecr_i,SF,1032,0,0,0,0,0,0,0,0,0,0,0,0,0,0,0,0,93,93,0,0,0,0,1,0,0,255,93,0.36,0.02,0.36,0,0,0,0,0,anomaly
0,udp,private,SF,1,0,0,0,0,0,0,0,0,0,0,0,0,0,0,0,0,19,4,0,0,0,0,0.21,0.16,0,255,4,0.02,0.91,0.1,0,0.16,0,0.75,0,anomaly
0,tcp,private,S0,0,0,0,0,0,0,0,0,0,0,0,0,0,0,0,0,0,104,3,1,1,0,0,0.03,0.08,0,255,15,0.06,0.06,0,0,1,1,0,0,anomaly
0,tcp,private,REJ,0,0,0,0,0,0,0,0,0,0,0,0,0,0,0,0,0,209,1,0.09,0,0.9,1,0,1,0,255,1,0,0.91,0,0,0.07,0,0.75,1,anomaly
0,tcp,private,S0,0,0,0,0,0,0,0,0,0,0,0,0,0,0,0,0,0,196,16,1,1,0,0,0.08,0.07,0,255,16,0.06,0.08,0,0,1,1,0,0,anomaly
0,tcp,http_443,S0,0,0,0,0,0,0,0,0,0,0,0,0,0,0,0,0,0,275,23,1,1,0,0,0.08,0.05,0,255,23,0.09,0.07,0,0,1,1,0,0,anomaly
0,tcp,ctf,S0,0,0,0,0,0,0,0,0,0,0,0,0,0,0,0,0,0,223,19,1,1,0,0,0.09,0.06,0,255,19,0.07,0.06,0,0,1,1,0,0,anomaly
0,tcp,http,SF,54540,8314,0,0,0,2,0,1,1,0,0,0,0,0,0,0,0,5,5,0,0,0,0,1,0,0,26,26,1,0,0.04,0,0,0,0.08,0.08,anomaly
0,tcp,private,S0,0,0,0,0,0,0,0,0,0,0,0,0,0,0,0,0,0,57,21,1,1,0,0,0.37,0.07,0,255,21,0.08,0.06,0,0,1,1,0,0,anomaly
0,tcp,private,REJ,0,0,0,0,0,0,0,0,0,0,0,0,0,0,0,0,0,141,14,0,0,1,1,0.1,0.06,0,255,10,0.04,0.06,0,0,0,0,1,1,anomaly
0,tcp,ssh,S0,0,0,0,0,0,0,0,0,0,0,0,0,0,0,0,0,0,208,12,1,1,0,0,0.06,0.06,0,255,12,0.05,0.07,0,0,1,1,0,0,anomaly
0,tcp,private,REJ,0,0,0,0,0,0,0,0,0,0,0,0,0,0,0,0,0,122,14,0,0,1,1,0.11,0.07,0,255,14,0.05,0.06,0,0,0,0,1,1,anomaly
0,tcp,private,S0,0,0,0,0,0,0,0,0,0,0,0,0,0,0,0,0,0,229,25,1,1,0,0,0.11,0.05,0,255,25,0.1,0.05,0,0,1,1,0,0,anomaly
0,tcp,private,S0,0,0,0,0,0,0,0,0,0,0,0,0,0,0,0,0,0,30,4,1,1,0,0,0.13,0.17,0,255,8,0.03,0.08,0,0,1,1,0,0,anomaly
0,tcp,private,REJ,0,0,0,0,0,0,0,0,0,0,0,0,0,0,0,0,0,1,1,0,0,1,1,1,0,0,49,1,0.02,1,0.02,0,0,0,0.92,1,anomaly
0,tcp,efs,REJ,0,0,0,0,0,0,0,0,0,0,0,0,0,0,0,0,0,80,12,0,0,1,1,0.15,0.06,0,255,12,0.05,0.06,0,0,0,0,1,1,anomaly
0,tcp,uucp,S0,0,0,0,0,0,0,0,0,0,0,0,0,0,0,0,0,0,134,12,1,1,0,0,0.09,0.06,0,255,9,0.04,0.07,0,0,1,1,0,0,anomaly
0,icmp,eco_i,SF,8,0,0,0,0,0,0,0,0,0,0,0,0,0,0,0,0,1,45,0,0,0,0,1,0,1,1,75,1,0,1,0.51,0,0,0,0,anomaly
0,tcp,bgp,S0,0,0,0,0,0,0,0,0,0,0,0,0,0,0,0,0,0,228,13,1,1,0,0,0.06,0.06,0,255,15,0.06,0.08,0,0,1,1,0,0,anomaly
0,tcp,private,REJ,0,0,0,0,0,0,0,0,0,0,0,0,0,0,0,0,0,49,19,0,0,1,1,0.39,0.1,0,255,19,0.07,0.06,0,0,0,0,1,1,anomaly
0,tcp,hostnames,S0,0,0,0,0,0,0,0,0,0,0,0,0,0,0,0,0,0,261,3,1,1,0,0,0.01,0.06,0,255,3,0.01,0.07,0,0,1,1,0,0,anomaly
0,tcp,private,REJ,0,0,0,0,0,0,0,0,0,0,0,0,0,0,0,0,0,134,11,0,0,1,1,0.08,0.06,0,255,8,0.03,0.07,0,0,0,0,1,1,anomaly
0,tcp,ftp_data,SF,334,0,0,0,0,0,0,1,0,0,0,0,0,0,0,0,0,1,1,0,0,0,0,1,0,0,11,11,1,0,1,0,0,0,0,0,anomaly
0,tcp,private,S0,0,0,0,0,0,0,0,0,0,0,0,0,0,0,0,0,0,122,19,0.99,1,0,0,0.16,0.07,0,255,19,0.07,0.06,0,0,1,1,0,0,anomaly
0,tcp,kshell,S0,0,0,0,0,0,0,0,0,0,0,0,0,0,0,0,0,0,112,9,1,1,0,0,0.08,0.06,0,255,9,0.04,0.05,0,0,1,1,0,0,anomaly
0,tcp,name,S0,0,0,0,0,0,0,0,0,0,0,0,0,0,0,0,0,0,245,3,1,1,0,0,0.01,0.06,0,255,3,0.01,0.06,0,0,1,1,0,0,anomaly
0,tcp,echo,S0,0,0,0,0,0,0,0,0,0,0,0,0,0,0,0,0,0,206,17,1,1,0,0,0.08,0.07,0,255,17,0.07,0.07,0,0,1,1,0,0,anomaly
0,udp,private,SF,28,0,0,3,0,0,0,0,0,0,0,0,0,0,0,0,0,13,13,0,0,0,0,1,0,0,255,13,0.05,0.01,0.05,0,0,0,0,0,anomaly
0,tcp,private,S0,0,0,0,0,0,0,0,0,0,0,0,0,0,0,0,0,0,122,16,1,1,0,0,0.13,0.05,0,255,16,0.06,0.06,0,0,1,1,0,0,anomaly
0,tcp,netbios_dgm,REJ,0,0,0,0,0,0,0,0,0,0,0,0,0,0,0,0,0,235,4,0,0,1,1,0.02,0.07,0,255,4,0.02,0.07,0,0,0,0,1,1,anomaly
0,icmp,eco_i,SF,8,0,0,0,0,0,0,0,0,0,0,0,0,0,0,0,0,1,45,0,0,0,0,1,0,1,1,79,1,0,1,0.51,0,0,0,0,anomaly
0,tcp,private,REJ,0,0,0,0,0,0,0,0,0,0,0,0,0,0,0,0,0,238,1,0.11,0,0.89,1,0,1,0,255,1,0,0.97,0,0,0.1,0,0.84,1,anomaly
0,tcp,telnet,S0,0,0,0,0,0,0,0,0,0,0,0,0,0,0,0,0,0,66,20,1,1,0,0,0.3,0.06,0,255,73,0.29,0.02,0,0,1,1,0,0,anomaly
0,tcp,http,S0,0,0,0,0,0,0,0,0,0,0,0,0,0,0,0,0,0,10,7,1,1,0,0,0.7,0.2,0,255,61,0.24,0.04,0,0,1,1,0,0,anomaly
0,icmp,eco_i,SF,8,0,0,0,0,0,0,0,0,0,0,0,0,0,0,0,0,1,41,0,0,0,0,1,0,1,1,255,1,0,1,0.25,0,0,0,0,anomaly
0,tcp,klogin,S0,0,0,0,0,0,0,0,0,0,0,0,0,0,0,0,0,0,148,3,1,1,0,0,0.02,0.05,0,255,3,0.01,0.05,0,0,1,1,0,0,anomaly
0,tcp,auth,REJ,0,0,0,0,0,0,0,0,0,0,0,0,0,0,0,0,0,231,7,0,0,1,1,0.03,0.06,0,255,7,0.03,0.07,0,0,0,0,1,1,anomaly
0,tcp,iso_tsap,REJ,0,0,0,0,0,0,0,0,0,0,0,0,0,0,0,0,0,243,19,0,0,1,1,0.08,0.07,0,255,19,0.07,0.08,0,0,0,0,1,1,anomaly
0,tcp,smtp,S0,0,0,0,0,0,0,0,0,0,0,0,0,0,0,0,0,0,204,1,1,1,0,0,0,0.07,0,255,1,0,0.07,0,0,1,1,0,0,anomaly
0,tcp,login,RSTO,0,0,0,0,0,0,0,0,0,0,0,0,0,0,0,0,0,139,10,0,0,1,1,0.07,0.06,0,255,10,0.04,0.06,0,0,0,0,1,1,anomaly
0,tcp,bgp,S0,0,0,0,0,0,0,0,0,0,0,0,0,0,0,0,0,0,249,17,1,1,0,0,0.07,0.06,0,255,5,0.02,0.06,0,0,1,1,0,0,anomaly
0,tcp,ctf,REJ,0,0,0,0,0,0,0,0,0,0,0,0,0,0,0,0,0,144,20,0,0,1,1,0.14,0.06,0,255,20,0.08,0.07,0,0,0,0,1,1,anomaly
0,tcp,private,S0,0,0,0,0,0,0,0,0,0,0,0,0,0,0,0,0,0,113,20,1,1,0,0,0.18,0.05,0,255,17,0.07,0.06,0,0,1,1,0,0,anomaly
0,tcp,netbios_ssn,S0,0,0,0,0,0,0,0,0,0,0,0,0,0,0,0,0,0,20,8,1,1,0,0,0.4,0.3,0,255,8,0.03,0.09,0,0,1,1,0,0,anomaly
0,tcp,private,S0,0,0,0,0,0,0,0,0,0,0,0,0,0,0,0,0,0,99,2,0.99,1,0,0,0.02,0.09,0,255,2,0.01,0.06,0,0,1,1,0,0,anomaly
0,tcp,hostnames,S0,0,0,0,0,0,0,0,0,0,0,0,0,0,0,0,0,0,260,18,1,1,0,0,0.07,0.06,0,255,18,0.07,0.06,0,0,1,1,0,0,anomaly
0,icmp,ecr_i,SF,520,0,0,0,0,0,0,0,0,0,0,0,0,0,0,0,0,439,439,0,0,0,0,1,0,0,184,184,1,0,1,0,0,0,0,0,anomaly
0,tcp,bgp,S0,0,0,0,0,0,0,0,0,0,0,0,0,0,0,0,0,0,234,16,1,1,0,0,0.07,0.06,0,255,12,0.05,0.08,0,0,1,1,0,0,anomaly
0,tcp,whois,S0,0,0,0,0,0,0,0,0,0,0,0,0,0,0,0,0,0,149,9,1,1,0,0,0.06,0.05,0,255,6,0.02,0.07,0,0,1,1,0,0,anomaly
39910,tcp,private,RSTR,1,0,0,0,0,0,0,0,0,0,0,0,0,0,0,0,0,2,2,0,0,1,1,1,0,0,255,2,0.01,0.5,1,0,0,0,1,1,anomaly
0,tcp,vmnet,S0,0,0,0,0,0,0,0,0,0,0,0,0,0,0,0,0,0,269,9,1,1,0,0,0.03,0.07,0,255,9,0.04,0.08,0,0,1,1,0,0,anomaly
0,tcp,http_443,S0,0,0,0,0,0,0,0,0,0,0,0,0,0,0,0,0,0,149,19,1,1,0,0,0.13,0.06,0,255,7,0.03,0.07,0,0,1,1,0,0,anomaly
0,tcp,private,RSTR,0,0,0,0,0,0,0,0,0,0,0,0,0,0,0,0,0,1,1,0,0,1,1,1,0,0,245,1,0,0.33,0.31,0,0,0,0.32,1,anomaly
0,udp,private,SF,1,0,0,0,0,0,0,0,0,0,0,0,0,0,0,0,0,47,20,0,0,0,0,0.43,0.09,0,255,86,0.34,0.06,1,0,0,0,0,0,anomaly
0,tcp,other,REJ,0,0,0,0,0,0,0,0,0,0,0,0,0,0,0,0,0,509,1,0.21,0,0.78,1,0,1,0,255,1,0,1,0,0,0.2,0,0.79,1,anomaly
0,tcp,vmnet,S0,0,0,0,0,0,0,0,0,0,0,0,0,0,0,0,0,0,238,17,1,1,0,0,0.07,0.05,0,255,17,0.07,0.06,0,0,1,1,0,0,anomaly
0,tcp,private,S0,0,0,0,0,0,0,0,0,0,0,0,0,0,0,0,0,0,113,4,1,1,0,0,0.04,0.06,0,115,4,0.03,0.07,0.01,0,1,1,0,0,anomaly
0,icmp,eco_i,SF,8,0,0,0,0,0,0,0,0,0,0,0,0,0,0,0,0,1,33,0,0,0,0,1,0,1,1,75,1,0,1,0.51,0,0,0,0,anomaly
0,icmp,eco_i,SF,18,0,0,0,0,0,0,0,0,0,0,0,0,0,0,0,0,1,1,0,0,0,0,1,0,0,1,213,1,0,1,0.25,0,0,0,0,anomaly
0,tcp,http_443,REJ,0,0,0,0,0,0,0,0,0,0,0,0,0,0,0,0,0,104,2,0,0,1,1,0.02,0.09,0,255,2,0.01,0.07,0,0,0,0,1,1,anomaly
0,tcp,efs,S0,0,0,0,0,0,0,0,0,0,0,0,0,0,0,0,0,0,86,1,1,1,0,0,0.01,0.07,0,255,1,0,0.06,0,0,1,1,0,0,anomaly
0,tcp,time,S0,0,0,0,0,0,0,0,0,0,0,0,0,0,0,0,0,0,289,4,1,1,0,0,0.01,0.06,0,255,4,0.02,0.06,0,0,1,1,0,0,anomaly
0,icmp,eco_i,SF,8,0,0,0,0,0,0,0,0,0,0,0,0,0,0,0,0,1,2,0,0,0,0,1,0,1,1,62,1,0,1,0.52,0,0,0,0,anomaly
0,tcp,private,S0,0,0,0,0,0,0,0,0,0,0,0,0,0,0,0,0,0,172,1,1,1,0,0,0.01,0.07,0,255,20,0.08,0.07,0,0,1,1,0,0,anomaly
0,tcp,private,S0,0,0,0,0,0,0,0,0,0,0,0,0,0,0,0,0,0,122,16,1,1,0,0,0.13,0.05,0,255,16,0.06,0.06,0,0,1,1,0,0,anomaly
0,tcp,ftp,SF,1224,2451,0,0,0,28,0,1,0,0,0,0,0,0,0,0,1,1,1,0,0,0,0,1,0,0,222,50,0.23,0.02,0,0,0,0,0.01,0,anomaly
0,icmp,eco_i,SF,18,0,0,0,0,0,0,0,0,0,0,0,0,0,0,0,0,1,2,0,0,0,0,1,0,1,3,207,1,0,1,0.25,0,0,0,0,anomaly
0,tcp,private,S0,0,0,0,0,0,0,0,0,0,0,0,0,0,0,0,0,0,468,1,0.06,1,0.93,0,0,1,0,255,1,0,1,0,0,0.1,1,0.9,0,anomaly
0,tcp,private,S0,0,0,0,0,0,0,0,0,0,0,0,0,0,0,0,0,0,258,5,1,1,0,0,0.02,0.07,0,255,4,0.02,0.07,0,0,1,1,0,0,anomaly
0,tcp,ftp,S0,0,0,0,0,0,0,0,0,0,0,0,0,0,0,0,0,0,205,14,1,1,0,0,0.07,0.06,0,255,13,0.05,0.06,0,0,1,1,0,0,anomaly
0,tcp,private,S0,0,0,0,0,0,0,0,0,0,0,0,0,0,0,0,0,0,260,7,1,1,0,0,0.03,0.06,0,255,8,0.03,0.08,0,0,1,1,0,0,anomaly
0,tcp,finger,RSTO,0,0,0,0,0,0,0,0,0,0,0,0,0,0,0,0,0,253,12,0,0,1,1,0.05,0.06,0,255,12,0.05,0.07,0,0,0,0,1,1,anomaly
0,tcp,http,SF,54540,8314,0,0,0,2,0,1,1,0,0,0,0,0,0,0,0,5,6,0,0,0,0.17,1,0,0.33,126,126,1,0,0.01,0,0,0,0.05,0.05,anomaly
0,tcp,systat,S0,0,0,0,0,0,0,0,0,0,0,0,0,0,0,0,0,0,287,11,1,1,0,0,0.04,0.06,0,255,19,0.07,0.07,0,0,1,1,0,0,anomaly
0,tcp,Z39_50,S0,0,0,0,0,0,0,0,0,0,0,0,0,0,0,0,0,0,237,17,1,1,0,0,0.07,0.07,0,255,17,0.07,0.07,0,0,1,1,0,0,anomaly
0,tcp,private,S0,0,0,0,0,0,0,0,0,0,0,0,0,0,0,0,0,0,229,14,1,1,0,0,0.06,0.07,0,255,1,0,0.08,0,0,1,1,0,0,anomaly
0,tcp,uucp,S0,0,0,0,0,0,0,0,0,0,0,0,0,0,0,0,0,0,133,9,1,1,0,0,0.07,0.05,0,255,9,0.04,0.05,0,0,1,1,0,0,anomaly
0,icmp,eco_i,SF,8,0,0,0,0,0,0,0,0,0,0,0,0,0,0,0,0,1,34,0,0,0,0,1,0,1,2,94,1,0,1,0.5,0,0,0,0,anomaly
0,tcp,courier,S0,0,0,0,0,0,0,0,0,0,0,0,0,0,0,0,0,0,126,7,1,1,0,0,0.06,0.06,0,255,7,0.03,0.07,0,0,1,1,0,0,anomaly
0,icmp,eco_i,SF,18,0,0,0,0,0,0,0,0,0,0,0,0,0,0,0,0,1,1,0,0,0,0,1,0,0,1,77,1,0,1,1,0,0,0,0,anomaly
0,tcp,auth,S0,0,0,0,0,0,0,0,0,0,0,0,0,0,0,0,0,0,266,4,1,1,0,0,0.02,0.06,0,255,4,0.02,0.06,0,0,1,1,0,0,anomaly
0,tcp,courier,S0,0,0,0,0,0,0,0,0,0,0,0,0,0,0,0,0,0,111,3,1,1,0,0,0.03,0.07,0,255,3,0.01,0.07,0,0,1,1,0,0,anomaly
0,tcp,private,S0,0,0,0,0,0,0,0,0,0,0,0,0,0,0,0,0,0,127,19,1,1,0,0,0.15,0.05,0,255,19,0.07,0.05,0,0,1,1,0,0,anomaly
0,icmp,ecr_i,SF,1032,0,0,0,0,0,0,0,0,0,0,0,0,0,0,0,0,511,511,0,0,0,0,1,0,0,150,5,0.03,0.02,0.03,0,0,0,0,0,anomaly
0,tcp,echo,S0,0,0,0,0,0,0,0,0,0,0,0,0,0,0,0,0,0,276,9,1,1,0,0,0.03,0.06,0,255,9,0.04,0.08,0,0,1,1,0,0,anomaly
0,icmp,ecr_i,SF,520,0,0,0,0,0,0,0,0,0,0,0,0,0,0,0,0,478,478,0,0,0,0,1,0,0,131,131,1,0,1,0,0,0,0,0,anomaly
0,tcp,private,S0,0,0,0,0,0,0,0,0,0,0,0,0,0,0,0,0,0,199,3,1,1,0,0,0.02,0.06,0,255,13,0.05,0.07,0,0,1,1,0,0,anomaly
0,tcp,login,S0,0,0,0,0,0,0,0,0,0,0,0,0,0,0,0,0,0,134,5,1,1,0,0,0.04,0.06,0,255,5,0.02,0.06,0,0,1,1,0,0,anomaly
0,tcp,private,S0,0,0,0,0,0,0,0,0,0,0,0,0,0,0,0,0,0,102,18,1,1,0,0,0.18,0.06,0,255,8,0.03,0.06,0,0,1,1,0,0,anomaly
0,tcp,http,S0,0,0,0,0,0,0,0,0,0,0,0,0,0,0,0,0,0,31,10,1,1,0,0,0.32,0.1,0,255,62,0.24,0.02,0,0,1,1,0,0,anomaly
0,tcp,private,S0,0,0,0,0,0,0,0,0,0,0,0,0,0,0,0,0,0,93,10,1,1,0,0,0.11,0.06,0,255,11,0.04,0.07,0,0,1,1,0,0,anomaly
0,icmp,ecr_i,SF,1032,0,0,0,0,0,0,0,0,0,0,0,0,0,0,0,0,245,245,0,0,0,0,1,0,0,255,245,0.96,0.01,0.96,0,0,0,0,0,anomaly
0,tcp,private,REJ,0,0,0,0,0,0,0,0,0,0,0,0,0,0,0,0,0,99,18,0,0,1,1,0.18,0.06,0,255,18,0.07,0.07,0,0,0,0,1,1,anomaly
0,tcp,finger,S0,0,0,0,0,0,0,0,0,0,0,0,0,0,0,0,0,0,191,10,1,1,0,0,0.05,0.07,0,255,10,0.04,0.08,0,0,1,1,0,0,anomaly
0,tcp,echo,S0,0,0,0,0,0,0,0,0,0,0,0,0,0,0,0,0,0,187,2,1,1,0,0,0.01,0.06,0,255,2,0.01,0.07,0,0,1,1,0,0,anomaly
0,tcp,klogin,REJ,0,0,0,0,0,0,0,0,0,0,0,0,0,0,0,0,0,112,19,0,0,1,1,0.17,0.07,0,255,19,0.07,0.06,0,0,0,0,1,1,anomaly
2,tcp,private,RSTR,0,0,0,0,0,0,0,0,0,0,0,0,0,0,0,0,0,1,1,0,0,1,1,1,0,0,255,1,0,0.67,1,0,0,0,1,1,anomaly
0,tcp,http,SF,54540,8314,0,0,0,2,0,1,1,0,0,0,0,0,0,0,0,6,6,0,0,0.17,0.17,1,0,0,12,12,1,0,0.08,0,0,0,0.08,0.08,anomaly
0,udp,private,SF,28,0,0,3,0,0,0,0,0,0,0,0,0,0,0,0,0,165,65,0.61,0,0,0,0.39,0.04,0,255,65,0.25,0.75,0.25,0,0.09,0,0.66,0,anomaly
0,tcp,private,S0,0,0,0,0,0,0,0,0,0,0,0,0,0,0,0,0,0,256,13,1,1,0,0,0.05,0.05,0,255,9,0.04,0.08,0,0,1,1,0,0,anomaly
0,tcp,private,S0,0,0,0,0,0,0,0,0,0,0,0,0,0,0,0,0,0,102,7,1,1,0,0,0.07,0.06,0,255,15,0.06,0.06,0,0,1,1,0,0,anomaly
0,tcp,whois,REJ,0,0,0,0,0,0,0,0,0,0,0,0,0,0,0,0,0,1,1,0,0,1,1,1,0,0,24,1,0.04,1,0.04,0,0,0,0.96,1,anomaly
0,tcp,private,S0,0,0,0,0,0,0,0,0,0,0,0,0,0,0,0,0,0,121,10,1,1,0,0,0.08,0.05,0,255,10,0.04,0.05,0,0,1,1,0,0,anomaly
0,icmp,ecr_i,SF,520,0,0,0,0,0,0,0,0,0,0,0,0,0,0,0,0,457,457,0,0,0,0,1,0,0,153,153,1,0,1,0,0,0,0,0,anomaly
0,tcp,netstat,S0,0,0,0,0,0,0,0,0,0,0,0,0,0,0,0,0,0,245,19,1,1,0,0,0.08,0.06,0,255,19,0.07,0.07,0,0,1,1,0,0,anomaly
0,tcp,whois,S0,0,0,0,0,0,0,0,0,0,0,0,0,0,0,0,0,0,204,2,1,1,0,0,0.01,0.07,0,255,2,0.01,0.04,0,0,1,1,0,0,anomaly
0,tcp,iso_tsap,S0,0,0,0,0,0,0,0,0,0,0,0,0,0,0,0,0,0,252,25,1,1,0,0,0.1,0.05,0,255,25,0.1,0.06,0,0,1,1,0,0,anomaly
0,tcp,private,S0,0,0,0,0,0,0,0,0,0,0,0,0,0,0,0,0,0,274,19,1,1,0,0,0.07,0.07,0,255,19,0.07,0.06,0,0,1,1,0,0,anomaly
0,tcp,private,S0,0,0,0,0,0,0,0,0,0,0,0,0,0,0,0,0,0,190,1,1,1,0,0,0.01,0.06,0,255,10,0.04,0.09,0,0,1,1,0,0,anomaly
0,icmp,eco_i,SF,8,0,0,0,0,0,0,0,0,0,0,0,0,0,0,0,0,1,14,0,0,0,0,1,0,1,2,9,1,0,1,0.56,0,0,0,0,anomaly
0,icmp,eco_i,SF,18,0,0,0,0,0,0,0,0,0,0,0,0,0,0,0,0,1,1,0,0,0,0,1,0,0,2,30,1,0,1,0.27,0,0,0,0,anomaly
0,tcp,telnet,RSTO,126,179,0,0,0,1,1,0,0,0,0,0,0,0,0,0,0,2,2,0,0,1,1,1,0,0,19,19,1,0,0.05,0,0.05,0.05,0.95,0.95,anomaly
0,tcp,mtp,S0,0,0,0,0,0,0,0,0,0,0,0,0,0,0,0,0,0,252,2,1,1,0,0,0.01,0.07,0,255,2,0.01,0.08,0,0,1,1,0,0,anomaly
0,icmp,eco_i,SF,8,0,0,0,0,0,0,0,0,0,0,0,0,0,0,0,0,1,6,0,0,0,0,1,0,1,2,150,1,0,1,0.5,0,0,0,0,anomaly
2,tcp,private,RSTR,0,0,0,0,0,0,0,0,0,0,0,0,0,0,0,0,0,389,2,0,0,1,1,0.01,0.52,0,255,2,0.01,0.52,1,0,0,0,1,1,anomaly
0,tcp,uucp_path,S0,0,0,0,0,0,0,0,0,0,0,0,0,0,0,0,0,0,212,14,1,1,0,0,0.07,0.06,0,255,16,0.06,0.07,0,0,1,1,0,0,anomaly
0,icmp,eco_i,SF,8,0,0,0,0,0,0,0,0,0,0,0,0,0,0,0,0,1,21,0,0,0,0,1,0,1,2,42,1,0,1,0.26,0,0,0,0,anomaly
0,tcp,telnet,S0,0,0,0,0,0,0,0,0,0,0,0,0,0,0,0,0,0,26,4,1,1,0,0,0.15,0.15,0,255,4,0.02,0.08,0,0,1,1,0,0,anomaly
3,tcp,ftp,SF,1233,2449,0,0,0,28,0,1,0,0,0,0,0,0,0,0,1,1,1,0,0,0,0,1,0,0,255,29,0.11,0.02,0,0,0.11,0,0,0,anomaly
0,tcp,private,S0,0,0,0,0,0,0,0,0,0,0,0,0,0,0,0,0,0,136,16,1,1,0,0,0.12,0.05,0,255,2,0.01,0.06,0,0,1,1,0,0,anomaly
0,icmp,ecr_i,SF,1032,0,0,0,0,0,0,0,0,0,0,0,0,0,0,0,0,22,22,0,0,0,0,1,0,0,255,22,0.09,0.02,0.09,0,0,0,0,0,anomaly
0,tcp,uucp_path,S0,0,0,0,0,0,0,0,0,0,0,0,0,0,0,0,0,0,213,13,1,1,0,0,0.06,0.07,0,255,13,0.05,0.07,0,0,1,1,0,0,anomaly
0,tcp,http,SF,54540,8314,0,0,0,2,0,1,1,0,0,0,0,0,0,0,0,6,6,0,0,0,0,1,0,0,255,255,1,0,0,0,0,0,0.05,0.05,anomaly
0,tcp,private,REJ,0,0,0,0,0,0,0,0,0,0,0,0,0,0,0,0,0,103,8,0,0,1,1,0.08,0.07,0,255,6,0.02,0.08,0,0,0,0,1,1,anomaly
0,tcp,private,S0,0,0,0,0,0,0,0,0,0,0,0,0,0,0,0,0,0,149,6,1,1,0,0,0.04,0.06,0,255,4,0.02,0.07,0,0,1,1,0,0,anomaly
0,tcp,telnet,S0,0,0,0,0,0,0,0,0,0,0,0,0,0,0,0,0,0,211,24,1,1,0,0,0.11,0.05,0,255,24,0.09,0.06,0,0,1,1,0,0,anomaly
0,icmp,eco_i,SF,8,0,0,0,0,0,0,0,0,0,0,0,0,0,0,0,0,1,28,0,0,0,0,1,0,1,2,112,1,0,1,0.5,0,0,0,0,anomaly
0,tcp,private,S0,0,0,0,0,0,0,0,0,0,0,0,0,0,0,0,0,0,102,6,1,1,0,0,0.06,0.06,0,255,15,0.06,0.06,0,0,1,1,0,0,anomaly
0,tcp,time,S0,0,0,0,0,0,0,0,0,0,0,0,0,0,0,0,0,0,277,19,1,1,0,0,0.07,0.05,0,255,19,0.07,0.07,0,0,1,1,0,0,anomaly
0,tcp,private,S0,0,0,0,0,0,0,0,0,0,0,0,0,0,0,0,0,0,281,15,1,1,0,0,0.05,0.06,0,255,18,0.07,0.07,0,0,1,1,0,0,anomaly
0,tcp,smtp,S0,0,0,0,0,0,0,0,0,0,0,0,0,0,0,0,0,0,12,12,1,1,0,0,1,0,0,74,136,0.43,0.03,0.01,0.01,0.97,0.24,0,0,anomaly
0,tcp,vmnet,S0,0,0,0,0,0,0,0,0,0,0,0,0,0,0,0,0,0,284,8,1,1,0,0,0.03,0.05,0,255,8,0.03,0.05,0,0,1,1,0,0,anomaly
0,tcp,exec,S0,0,0,0,0,0,0,0,0,0,0,0,0,0,0,0,0,0,146,25,1,1,0,0,0.17,0.05,0,255,25,0.1,0.05,0,0,1,1,0,0,anomaly
0,tcp,private,S0,0,0,0,0,0,0,0,0,0,0,0,0,0,0,0,0,0,122,18,1,1,0,0,0.15,0.06,0,255,20,0.08,0.07,0,0,1,1,0,0,anomaly
0,icmp,ecr_i,SF,1032,0,0,0,0,0,0,0,0,0,0,0,0,0,0,0,0,277,277,0,0,0,0,1,0,0,255,255,1,0,1,0,0,0,0,0,anomaly
0,tcp,private,S0,0,0,0,0,0,0,0,0,0,0,0,0,0,0,0,0,0,139,3,1,1,0,0,0.02,0.06,0,255,11,0.04,0.07,0,0,1,1,0,0,anomaly
0,tcp,supdup,S0,0,0,0,0,0,0,0,0,0,0,0,0,0,0,0,0,0,265,19,1,1,0,0,0.07,0.06,0,255,19,0.07,0.07,0,0,1,1,0,0,anomaly
0,tcp,private,S0,0,0,0,0,0,0,0,0,0,0,0,0,0,0,0,0,0,242,19,1,1,0,0,0.08,0.07,0,255,19,0.07,0.08,0,0,1,1,0,0,anomaly
0,udp,private,SF,1,0,0,0,0,0,0,0,0,0,0,0,0,0,0,0,0,120,110,0,0,0,0,0.92,0.02,0,255,180,0.71,0.04,1,0,0,0,0,0,anomaly
0,tcp,hostnames,S0,0,0,0,0,0,0,0,0,0,0,0,0,0,0,0,0,0,14,2,1,1,0,0,0.14,0.29,0,255,3,0.01,0.09,0,0,1,1,0,0,anomaly
0,tcp,ftp_data,SF,334,0,0,0,0,0,0,1,0,0,0,0,0,0,0,0,0,2,2,0,0,0,0,1,0,0,6,20,1,0,1,0.15,0,0,0,0,anomaly
40403,tcp,private,RSTR,1,0,0,0,0,0,0,0,0,0,0,0,0,0,0,0,0,2,2,0,0,1,1,1,0,0,255,2,0.01,0.42,0.84,0,0,0,0.84,1,anomaly
1,tcp,ftp,SF,1190,2447,0,0,0,28,0,1,0,0,0,0,0,0,0,0,1,1,1,0,0,0,0,1,0,0,255,133,0.52,0.02,0,0,0,0,0,0,anomaly
0,tcp,ctf,S0,0,0,0,0,0,0,0,0,0,0,0,0,0,0,0,0,0,266,9,1,1,0,0,0.03,0.06,0,255,9,0.04,0.07,0,0,1,1,0,0,anomaly
0,tcp,imap4,S0,0,0,0,0,0,0,0,0,0,0,0,0,0,0,0,0,0,283,13,1,1,0,0,0.05,0.06,0,255,13,0.05,0.06,0,0,1,1,0,0,anomaly
0,tcp,private,S0,0,0,0,0,0,0,0,0,0,0,0,0,0,0,0,0,0,213,4,1,1,0,0,0.02,0.07,0,255,14,0.05,0.07,0,0,1,1,0,0,anomaly
0,tcp,whois,S0,0,0,0,0,0,0,0,0,0,0,0,0,0,0,0,0,0,143,10,1,1,0,0,0.07,0.08,0,255,10,0.04,0.07,0,0,1,1,0,0,anomaly
0,tcp,private,REJ,0,0,0,0,0,0,0,0,0,0,0,0,0,0,0,0,0,257,7,0,0,1,1,0.03,0.06,0,255,7,0.03,0.06,0,0,0,0,1,1,anomaly
0,tcp,imap4,S0,0,0,0,0,0,0,0,0,0,0,0,0,0,0,0,0,0,265,12,1,1,0,0,0.05,0.06,0,255,15,0.06,0.07,0,0,1,1,0,0,anomaly
0,tcp,private,S0,0,0,0,0,0,0,0,0,0,0,0,0,0,0,0,0,0,255,16,1,1,0,0,0.06,0.07,0,255,15,0.06,0.08,0,0,1,1,0,0,anomaly
0,tcp,private,S0,0,0,0,0,0,0,0,0,0,0,0,0,0,0,0,0,0,260,9,1,1,0,0,0.03,0.07,0,255,7,0.03,0.07,0,0,1,1,0,0,anomaly
0,udp,private,SF,28,0,0,3,0,0,0,0,0,0,0,0,0,0,0,0,0,66,66,0,0,0,0,1,0,0,255,166,0.65,0.35,0.65,0,0.09,0,0.26,0,anomaly
0,tcp,private,REJ,0,0,0,0,0,0,0,0,0,0,0,0,0,0,0,0,0,1,1,0,0,1,1,1,0,0,64,2,0.02,1,0.02,1,0,0,0.95,1,anomaly
0,tcp,Z39_50,S0,0,0,0,0,0,0,0,0,0,0,0,0,0,0,0,0,0,118,13,1,1,0,0,0.11,0.07,0,255,13,0.05,0.07,0,0,1,1,0,0,anomaly
0,tcp,private,S0,0,0,0,0,0,0,0,0,0,0,0,0,0,0,0,0,0,137,17,1,1,0,0,0.12,0.05,0,255,7,0.03,0.07,0,0,1,1,0,0,anomaly
0,tcp,Z39_50,S0,0,0,0,0,0,0,0,0,0,0,0,0,0,0,0,0,0,182,8,1,1,0,0,0.04,0.08,0,255,4,0.02,0.07,0,0,1,1,0,0,anomaly
